sense_id,word_id,word,definition,current_pol,current_speech_pane,proposed_part_of_speech,proposed_domain,proposed_axis_values,proposed_example,confidence,conflict_reason,owner_user_id,owner_user_name,human_part_of_speech,human_domain,human_axis_values,human_example,human_note
2013,12007,باب,سۆرانی: باوک,مرۆڤ,ناو | ئاوەڵناو,,کولتووری › مرۆڤ,ڕەگەز=نێر,,LOW,word carries several parts of speech (ناو / هاوەڵناو); a sense may only have one,ebadd113-3f1e-45e8-8dab-cfe024e7156d,barzihiwa,,,,,
2014,12007,باب,کرمانجی: باڤ,مرۆڤ,ناو | ئاوەڵناو,,کولتووری › مرۆڤ,ڕەگەز=نێر,,LOW,word carries several parts of speech (ناو / هاوەڵناو); a sense may only have one,ebadd113-3f1e-45e8-8dab-cfe024e7156d,barzihiwa,,,,,
2015,12007,باب,شیاو، ڕەوا: ئەم کارە بابی تۆ نییە.,مرۆڤ,ناو | ئاوەڵناو,,کولتووری › مرۆڤ,ڕەگەز=نێر,,LOW,word carries several parts of speech (ناو / هاوەڵناو); a sense may only have one,ebadd113-3f1e-45e8-8dab-cfe024e7156d,barzihiwa,,,,,
2016,12007,باب,باو، دابونەریت: ڕیش تاشین قەدیم باو نەبوو.,مرۆڤ,ناو | ئاوەڵناو,,کولتووری › مرۆڤ,ڕەگەز=نێر,,LOW,word carries several parts of speech (ناو / هاوەڵناو); a sense may only have one,ebadd113-3f1e-45e8-8dab-cfe024e7156d,barzihiwa,,,,,
2017,12007,باب,فارسی: پدر,مرۆڤ,ناو | ئاوەڵناو,,کولتووری › مرۆڤ,ڕەگەز=نێر,,LOW,word carries several parts of speech (ناو / هاوەڵناو); a sense may only have one,ebadd113-3f1e-45e8-8dab-cfe024e7156d,barzihiwa,,,,,
2018,12008,ئایدار,قاوەچی و چایەچی دیوەخانی گەورەماڵان,کەس,ناو,ناو,ناو › کەس,ڕەگەز=نێر,,HIGH,,f65f7d2f-996a-4df7-a10e-c6e846940032,ahmadaziz,,,,,
2022,12009,ئابدارباشی,سەرۆکی چاپەز و قاوەچی دیوەخان,کەس,ناو,ناو,ناو › کەس,ڕەگەز=نێر,,HIGH,,f65f7d2f-996a-4df7-a10e-c6e846940032,ahmadaziz,,,,,
2025,12010,ئابدارخانە,ژوری چالێنان وقاوەسازکردن بۆ دیوەخان,شوێن,ناو,ناو,ناو › شوێن,ڕەگەز=بێلایەن,,HIGH,,f65f7d2f-996a-4df7-a10e-c6e846940032,ahmadaziz,,,,,
2026,12010,ئابدارخانە,باروبنەی تایبەتی پیاوی گەورە لەسەفەردا,شوێن,ناو,ناو,ناو › شوێن,ڕەگەز=بێلایەن,,HIGH,,f65f7d2f-996a-4df7-a10e-c6e846940032,ahmadaziz,,,,,
2027,12011,ئابدۆزەک,شرینقە، دەرزی کە دەرمانی پێ دە لەش دەکەن,کەرەستە,ناو,ناو,کولتووری › کەرەستە,ڕەگەز=بێلایەن,,HIGH,,f65f7d2f-996a-4df7-a10e-c6e846940032,ahmadaziz,,,,,
6662,12012,ئابدەست,ئاودەس، سەرپێشاو,شوێن,ناو,ناو,ناو › شوێن,ڕەگەز=بێلایەن,,HIGH,,79dd71fd-aaa5-4f5a-9211-101eeda2d0b8,ahmadaziz,,,,,
2030,12013,ئابدەستخانە,ئاودەست، دەستاو، سەراو، سەرپێشاو,شوێن,ناو,ناو,ناو › شوێن,,,HIGH,,f65f7d2f-996a-4df7-a10e-c6e846940032,ahmadaziz,,,,,
2031,12014,ئابرا,بە برای گەورە دەڵێن,کەس,ناو,ناو,ناو › کەس,,,HIGH,,f65f7d2f-996a-4df7-a10e-c6e846940032,ahmadaziz,,,,,
2033,12015,ئابرو,ئابڕو، شەرم، ناموس,سیفەت,ئاوەڵناو,هاوەڵناو,,ڕەگەز=بێلایەن,,LOW,"پۆل «سیفەت» is really the part of speech «هاوەڵناو» — routed nowhere, needs a decision",f65f7d2f-996a-4df7-a10e-c6e846940032,ahmadaziz,,,,,
2034,12017,ئابڕوبەرە,ھۆی ئابڕوچون، ئاور و بەر,سیفەت,ناو,ناو,,ڕەگەز=بێلایەن,,LOW,"پۆل «سیفەت» is really the part of speech «هاوەڵناو» — routed nowhere, needs a decision ; پۆل says «هاوەڵناو», جۆری وشە says «ناو» — they disagree",f65f7d2f-996a-4df7-a10e-c6e846940032,ahmadaziz,,,,,
3019,13009,ئابروتکان,رسوایی، ناوزڕان، ڕوسیابوون,سیفەت,ئاوەڵناو,هاوەڵناو,,ڕەگەز=بێلایەن,,LOW,"پۆل «سیفەت» is really the part of speech «هاوەڵناو» — routed nowhere, needs a decision",f65f7d2f-996a-4df7-a10e-c6e846940032,ahmadaziz,,,,,
3020,13010,ئابروتکاو,روسیا، سوک و چروک,سیفەت,ئاوەڵناو,هاوەڵناو,,ڕەگەز=بێلایەن,,LOW,"پۆل «سیفەت» is really the part of speech «هاوەڵناو» — routed nowhere, needs a decision",f65f7d2f-996a-4df7-a10e-c6e846940032,ahmadaziz,,,,,
3022,13011,ئابڕوچوون,سوک بوون لەبەرچاون، ناوزڕان,سیفەت,ئاوەڵناو,هاوەڵناو,,ڕەگەز=بێلایەن,,LOW,"پۆل «سیفەت» is really the part of speech «هاوەڵناو» — routed nowhere, needs a decision",f65f7d2f-996a-4df7-a10e-c6e846940032,ahmadaziz,,,,,
3024,13012,ئابڵوقە,دەورەدان، چواردەوەرە گرتن،,ئەنجامدانی کارێک,کار,کار,,,,LOW,"پۆل «ئەنجامدانی کارێک» is really the part of speech «کار» — routed nowhere, needs a decision",f65f7d2f-996a-4df7-a10e-c6e846940032,ahmadaziz,,,,,
3026,13013,ئابوتاب,جوان و ڕێکوپێک,سیفەت,ئاوەڵناو,هاوەڵناو,,ڕەگەز=بێلایەن,,LOW,"پۆل «سیفەت» is really the part of speech «هاوەڵناو» — routed nowhere, needs a decision",f65f7d2f-996a-4df7-a10e-c6e846940032,ahmadaziz,,,,,
3028,13014,ئابور,ڕێز، شەررم، ناموس، ئابڕو، سازدان، پێکھێنان,سیفەت,ناو | ئاوەڵناو,,,ڕەگەز=بێلایەن,,LOW,"word carries several parts of speech (ناو / هاوەڵناو); a sense may only have one ; پۆل «سیفەت» is really the part of speech «هاوەڵناو» — routed nowhere, needs a decision",f65f7d2f-996a-4df7-a10e-c6e846940032,ahmadaziz,,,,,
3030,13015,ئابوری,مایەی گوزەران و بژیو،,سیفەت,ناو,ناو,,ڕەگەز=بێلایەن,,LOW,"پۆل «سیفەت» is really the part of speech «هاوەڵناو» — routed nowhere, needs a decision ; پۆل says «هاوەڵناو», جۆری وشە says «ناو» — they disagree",f65f7d2f-996a-4df7-a10e-c6e846940032,ahmadaziz,,,,,
3032,13016,ئابونە,پارەی ڕۆژنامە یا گۆڤارێک لەپێشدا دان و لەسەریەک وەرگرتنی,ئەنجامدانی کارێک,ناو,ناو,,ڕەگەز=بێلایەن,,LOW,"پۆل «ئەنجامدانی کارێک» is really the part of speech «کار» — routed nowhere, needs a decision ; پۆل says «کار», جۆری وشە says «ناو» — they disagree",f65f7d2f-996a-4df7-a10e-c6e846940032,ahmadaziz,,,,,
3034,13017,ئابۆنە,پیاوی زلحۆرت,کەس,ناو,ناو,ناو › کەس,ڕەگەز=نێر,,HIGH,,f65f7d2f-996a-4df7-a10e-c6e846940032,ahmadaziz,,,,,
3035,13018,ئاپ,مام، برای باوک,کەس,ناو,ناو,ناو › کەس,ڕەگەز=نێر,,HIGH,,f65f7d2f-996a-4df7-a10e-c6e846940032,ahmadaziz,,,,,
3037,13019,ئاپۆ,بۆ بانگکردنی مام دەڵێن، دەشڵێن پیرۆت ئاپۆی منە,کەس,ناو,ناو,ناو › کەس,ڕەگەز=نێر,,HIGH,,f65f7d2f-996a-4df7-a10e-c6e846940032,ahmadaziz,,,,,
3039,13020,ئاپۆر,بەڵا، بسەرھاتی خراپ، تەگەرە,سیفەت,ئاوەڵکار,هاوەڵکار,,,,LOW,"پۆل «سیفەت» is really the part of speech «هاوەڵناو» — routed nowhere, needs a decision ; پۆل says «هاوەڵناو», جۆری وشە says «هاوەڵکار» — they disagree",f65f7d2f-996a-4df7-a10e-c6e846940032,ahmadaziz,,,,,
3905,13021,ئاپۆڕا,کۆمای خەڵک پێکەوە,کەس,ناو | ئاوەڵکار,,ناو › کەس,ڕەگەز=دوولایەن,,LOW,word carries several parts of speech (ناو / هاوەڵکار); a sense may only have one,f65f7d2f-996a-4df7-a10e-c6e846940032,ahmadaziz,,,,,
3042,13022,ئات,ھێمایە بۆ کۆمەڵ و کۆ(حەشەمات، ئاغاوات، دێھات,کەس,ناو,ناو,ناو › کەس,ڕەگەز=دوولایەن,,HIGH,,f65f7d2f-996a-4df7-a10e-c6e846940032,ahmadaziz,,,,,
3043,13023,ئاتاج,چاو لە کۆمەک، ھەژار، نەدار، موحتاج,سیفەت,ئاوەڵناو,هاوەڵناو,,,,LOW,"پۆل «سیفەت» is really the part of speech «هاوەڵناو» — routed nowhere, needs a decision",f65f7d2f-996a-4df7-a10e-c6e846940032,ahmadaziz,,,,,
3044,13023,ئاتاج,محتاج، فارسی,سیفەت,ئاوەڵناو,هاوەڵناو,,,,LOW,"پۆل «سیفەت» is really the part of speech «هاوەڵناو» — routed nowhere, needs a decision",f65f7d2f-996a-4df7-a10e-c6e846940032,ahmadaziz,,,,,
3056,13024,ئاتاجی,کەمایەسی,سیفەت,ئاوەڵناو,هاوەڵناو,,,,LOW,"پۆل «سیفەت» is really the part of speech «هاوەڵناو» — routed nowhere, needs a decision",f65f7d2f-996a-4df7-a10e-c6e846940032,ahmadaziz,,,,,
3047,13025,ئاتون,ئاگردانی حەمام,شوێن,ناو,ناو,ناو › شوێن,ڕەگەز=بێلایەن,,HIGH,,f65f7d2f-996a-4df7-a10e-c6e846940032,ahmadaziz,,,,,
3049,13026,ئاتەر,ئاگر، ئاور، ئایەر,کەرەستە | وزە,ناو,ناو,کولتووری › کەرەستە,ڕەگەز=بێلایەن,,HIGH,پۆل «وزە» has no home among the deck's ten (see unmapped.csv),f65f7d2f-996a-4df7-a10e-c6e846940032,ahmadaziz,,,,,
3051,13027,ئاتەران,ڕاوە، قسەپەڕاندن,سیفەت,ئاوەڵناو,هاوەڵناو,,,,LOW,"پۆل «سیفەت» is really the part of speech «هاوەڵناو» — routed nowhere, needs a decision",f65f7d2f-996a-4df7-a10e-c6e846940032,ahmadaziz,,,,,
3053,13028,ئاتەشبازی,تەقەکردن،فیشکەشێتە ھەڵدان لە جەژن و خۆشی دا,ئەنجامدانی کارێک,کار,کار,,,,LOW,"پۆل «ئەنجامدانی کارێک» is really the part of speech «کار» — routed nowhere, needs a decision",f65f7d2f-996a-4df7-a10e-c6e846940032,ahmadaziz,,,,,
3054,13029,ئاتەشپارە,بە منداڵی ھاروھاج دەڵێن,کەس,ناو,ناو,ناو › کەس,ڕەگەز=دوولایەن,,HIGH,,f65f7d2f-996a-4df7-a10e-c6e846940032,ahmadaziz,,,,,
3058,13030,ئاتەشخانە,تونخانەی حەمام، قوڵگەی ژێر تیانە کە ئاگری تێدا دەکەنەوە,شوێن,ناو,ناو,ناو › شوێن,,,HIGH,,f65f7d2f-996a-4df7-a10e-c6e846940032,ahmadaziz,,,,,
3059,13030,ئاتەشخانە,کوردی سۆرانی,شوێن,ناو,ناو,ناو › شوێن,,,HIGH,,f65f7d2f-996a-4df7-a10e-c6e846940032,ahmadaziz,,,,,
3061,13031,ئاتەشکەدە,ئاگردانی پیرۆزی گاوران، کوانوی ئاگرپەرستان,شوێن,ناو,ناو,ناو › شوێن,ڕەگەز=بێلایەن,,HIGH,,f65f7d2f-996a-4df7-a10e-c6e846940032,ahmadaziz,,,,,
3063,13032,ئاتەشگا,ناوی کێوێکە لە کوردستان,شوێن,ناو,ناو,ناو › شوێن,ڕەگەز=بێلایەن,,HIGH,,f65f7d2f-996a-4df7-a10e-c6e846940032,ahmadaziz,,,,,
3065,13033,ئاتەشی,پیاوی زۆر توند تەبیات، ڕەنگی گوڵی سوور تاریک,مرۆڤ,ناو,ناو,کولتووری › مرۆڤ,ڕەگەز=نێر,,HIGH,,f65f7d2f-996a-4df7-a10e-c6e846940032,ahmadaziz,,,,,
3067,13034,ئاتەگ,داوێنی کەوای شۆڕ، شاقەل، بنار و دامێنی چیا,شوێن,ئاوەڵکار,هاوەڵکار,ناو › شوێن,,,HIGH,,f65f7d2f-996a-4df7-a10e-c6e846940032,ahmadaziz,,,,,
3069,13035,ئاتی,زێڕ، ئاڵتون، تەلا,کەرەستە,ناو,ناو,کولتووری › کەرەستە,ڕەگەز=بێلایەن,,HIGH,,f65f7d2f-996a-4df7-a10e-c6e846940032,ahmadaziz,,,,,
3071,13036,ئاجار,ڕەگ و بنی گیا، پنجارە,ڕووەك,ناو,ناو,ڕووەکناسی › ڕووەك,ڕەگەز=بێلایەن,,HIGH,,f65f7d2f-996a-4df7-a10e-c6e846940032,ahmadaziz,,,,,
3073,13037,ئاچگی,دەست ڕژد، خەسیس، چەکوش، دەشت قوچاو,سیفەت,ئاوەڵناو,هاوەڵناو,,,,LOW,"پۆل «سیفەت» is really the part of speech «هاوەڵناو» — routed nowhere, needs a decision",f65f7d2f-996a-4df7-a10e-c6e846940032,ahmadaziz,,,,,
3075,13038,تابار,لایەک لە باریکی دوتایی,کەرەستە,ناو,ناو,کولتووری › کەرەستە,,,HIGH,,96560cf4-030d-4268-baea-87bb57cdf631,somaali,,,,,
3076,13039,تابان,بەدرەوشین,سیفەت,ناو | ئاوەڵناو,,,,,LOW,"word carries several parts of speech (ناو / هاوەڵناو); a sense may only have one ; پۆل «سیفەت» is really the part of speech «هاوەڵناو» — routed nowhere, needs a decision",96560cf4-030d-4268-baea-87bb57cdf631,somaali,,,,,
3077,13039,تابان,هەڵاتوی مانگ,سیفەت,ناو | ئاوەڵناو,,,,,LOW,"word carries several parts of speech (ناو / هاوەڵناو); a sense may only have one ; پۆل «سیفەت» is really the part of speech «هاوەڵناو» — routed nowhere, needs a decision",96560cf4-030d-4268-baea-87bb57cdf631,somaali,,,,,
3078,13039,تابان,تاسەرو، تا سەربان,سیفەت,ناو | ئاوەڵناو,,,,,LOW,"word carries several parts of speech (ناو / هاوەڵناو); a sense may only have one ; پۆل «سیفەت» is really the part of speech «هاوەڵناو» — routed nowhere, needs a decision",96560cf4-030d-4268-baea-87bb57cdf631,somaali,,,,,
3082,13041,تابڵۆ,نووسراو یان بە قەڵەم کێشراوێک بۆ هەڵواسین,کەرەستە,ناو,ناو,کولتووری › کەرەستە,,,HIGH,,96560cf4-030d-4268-baea-87bb57cdf631,somaali,,,,,
3083,13042,تابوت,دار بەستی مردوو گوێزانەوە,کەرەستە,ناو,ناو,کولتووری › کەرەستە,,,HIGH,,96560cf4-030d-4268-baea-87bb57cdf631,somaali,,,,,
3084,13043,تابور,دەستەیەکی هەزار کەسی لەشکر، فەوج، هەنگ,کەس,ناو,ناو,ناو › کەس,,,HIGH,,96560cf4-030d-4268-baea-87bb57cdf631,somaali,,,,,
3085,13044,تابون,دارو دەستە,کەس,ناو,ناو,ناو › کەس,,,HIGH,,96560cf4-030d-4268-baea-87bb57cdf631,somaali,,,,,
3086,13044,تابون,دەست و پێوەند,کەس,ناو,ناو,ناو › کەس,,,HIGH,,96560cf4-030d-4268-baea-87bb57cdf631,somaali,,,,,
3087,13044,تابون,داهاتنەوە,کەس,ناو,ناو,ناو › کەس,,,HIGH,,96560cf4-030d-4268-baea-87bb57cdf631,somaali,,,,,
3090,13045,تابەرە,سواپ، بەردی تەنک کە منداڵ لەسەر ڕووبار گاڵتەی پێدەکەن,کەرەستە,ناو,ناو,کولتووری › کەرەستە,,,HIGH,,96560cf4-030d-4268-baea-87bb57cdf631,somaali,,,,,
3091,13046,تابەن,شیرازە چن، بن چندراو,ئەنجامدانی کارێک,ناو | ئاوەڵناو,,,,,LOW,"word carries several parts of speech (ناو / هاوەڵناو); a sense may only have one ; پۆل «ئەنجامدانی کارێک» is really the part of speech «کار» — routed nowhere, needs a decision",96560cf4-030d-4268-baea-87bb57cdf631,somaali,,,,,
3092,13047,تابەنی,شیرازە چنی، بن چنین،,ئەنجامدانی کارێک,ناو | چاوگ,,,,,LOW,"word carries several parts of speech (ناو / چاوگ); a sense may only have one ; پۆل «ئەنجامدانی کارێک» is really the part of speech «کار» — routed nowhere, needs a decision",96560cf4-030d-4268-baea-87bb57cdf631,somaali,,,,,
3093,13048,تابین,لەشکرچی بێ دەرەجە,کەس,ناو,ناو,ناو › کەس,,,HIGH,,96560cf4-030d-4268-baea-87bb57cdf631,somaali,,,,,
3094,13049,تاپاز,زابەلاح، زلحورت، ئەستور,سیفەت,ئاوەڵناو,هاوەڵناو,,,,LOW,"پۆل «سیفەت» is really the part of speech «هاوەڵناو» — routed nowhere, needs a decision",96560cf4-030d-4268-baea-87bb57cdf631,somaali,,,,,
3095,13050,تاپاڵ,هەڕەشە، گوڕەشە، گەف,,ناو,ناو,,,,HIGH,,96560cf4-030d-4268-baea-87bb57cdf631,somaali,,,,,
3096,13051,تاپڕ,تفەنگی ڕاو,کەرەستە,ناو,ناو,کولتووری › کەرەستە,,,HIGH,,96560cf4-030d-4268-baea-87bb57cdf631,somaali,,,,,
3097,13052,تاپۆ,تارمایی، ڕەشایی لە دوورەوە,شوێن,ناو,ناو,ناو › شوێن,,,HIGH,,96560cf4-030d-4268-baea-87bb57cdf631,somaali,,,,,
3098,13052,تاپۆ,موچە و مەزرای خەڵاتی بێ باج،,شوێن,ناو,ناو,ناو › شوێن,,,HIGH,,96560cf4-030d-4268-baea-87bb57cdf631,somaali,,,,,
3099,13052,تاپۆ,قەباڵەی موڵکایەتی,شوێن,ناو,ناو,ناو › شوێن,,,HIGH,,96560cf4-030d-4268-baea-87bb57cdf631,somaali,,,,,
3100,13052,تاپۆ,کارگێڕی قەباڵەی موڵک نووسین,شوێن,ناو,ناو,ناو › شوێن,,,HIGH,,96560cf4-030d-4268-baea-87bb57cdf631,somaali,,,,,
3104,13053,تاپو,گەندوی گەورە بۆ دەغڵ,شوێن,ناو,ناو,ناو › شوێن,,,HIGH,,96560cf4-030d-4268-baea-87bb57cdf631,somaali,,,,,
3105,13054,تاپەڵە,گرانەتا,نەخۆشی,ناو,ناو,زانستیی پزیشکی › نەخۆشی,,,HIGH,,96560cf4-030d-4268-baea-87bb57cdf631,somaali,,,,,
3106,13055,تاپی,خەندەک، ڕەهەند,شوێن,ناو,ناو,ناو › شوێن,,,HIGH,,96560cf4-030d-4268-baea-87bb57cdf631,somaali,,,,,
3107,13055,تاپی,سەنگەر,شوێن,ناو,ناو,ناو › شوێن,,,HIGH,,96560cf4-030d-4268-baea-87bb57cdf631,somaali,,,,,
3108,13055,تاپی,گۆڕێچە,شوێن,ناو,ناو,ناو › شوێن,,,HIGH,,96560cf4-030d-4268-baea-87bb57cdf631,somaali,,,,,
3111,13056,تات,عارەب، عەرەو,کەرەستە,ناو,ناو,کولتووری › کەرەستە,,,HIGH,,96560cf4-030d-4268-baea-87bb57cdf631,somaali,,,,,
3112,13056,تات,ژنێ کە ئێسک بەری منداڵدانی گرتووە,کەرەستە,ناو,ناو,کولتووری › کەرەستە,,,HIGH,,96560cf4-030d-4268-baea-87bb57cdf631,somaali,,,,,
3113,13056,تات,شاخی هەڵيمووت و یەک پارچە بەرد,کەرەستە,ناو,ناو,کولتووری › کەرەستە,,,HIGH,,96560cf4-030d-4268-baea-87bb57cdf631,somaali,,,,,
3114,13056,تات,بەردی لووس و پان و درێژ بۆ نوێژ یان مردوو لەسەر شتن,کەرەستە,ناو,ناو,کولتووری › کەرەستە,,,HIGH,,96560cf4-030d-4268-baea-87bb57cdf631,somaali,,,,,
3115,13056,تات,نمەد کولاڤ,کەرەستە,ناو,ناو,کولتووری › کەرەستە,,,HIGH,,96560cf4-030d-4268-baea-87bb57cdf631,somaali,,,,,
3116,13056,تات,تەخت و راستایی,کەرەستە,ناو,ناو,کولتووری › کەرەستە,,,HIGH,,96560cf4-030d-4268-baea-87bb57cdf631,somaali,,,,,
3117,13056,تات,باوک,کەرەستە,ناو,ناو,کولتووری › کەرەستە,,,HIGH,,96560cf4-030d-4268-baea-87bb57cdf631,somaali,,,,,
3124,13057,تاتریک,سواپ، تابەرە,کەرەستە,ناو,ناو,کولتووری › کەرەستە,,,HIGH,,96560cf4-030d-4268-baea-87bb57cdf631,somaali,,,,,
3125,13058,تاتک,دادە، خوشکی گەورە، خوها مەزن,کەس,ناو,ناو,ناو › کەس,,,HIGH,,96560cf4-030d-4268-baea-87bb57cdf631,somaali,,,,,
3126,13059,تاتکی,فەرەنجی، قاپوت,کەرەستە,ناو,ناو,کولتووری › کەرەستە,,,HIGH,,96560cf4-030d-4268-baea-87bb57cdf631,somaali,,,,,
3127,13060,تاتکێ,بڵندکردن و جوڵانەوە,ئەنجامدانی کارێک,ناو,ناو,,,,LOW,"پۆل «ئەنجامدانی کارێک» is really the part of speech «کار» — routed nowhere, needs a decision ; پۆل says «کار», جۆری وشە says «ناو» — they disagree",96560cf4-030d-4268-baea-87bb57cdf631,somaali,,,,,
3128,13061,تاتۆ,باوک,کەس,ناو,ناو,ناو › کەس,,,HIGH,,96560cf4-030d-4268-baea-87bb57cdf631,somaali,,,,,
3129,13061,تاتۆ,باڤ، بابؤ,کەس,ناو,ناو,ناو › کەس,,,HIGH,,96560cf4-030d-4268-baea-87bb57cdf631,somaali,,,,,
3130,13062,تاتە,تاتک,کەس,ناو,ناو,ناو › کەس,,,HIGH,,96560cf4-030d-4268-baea-87bb57cdf631,somaali,,,,,
3131,13062,تاتە,پیرە نۆکەر,کەس,ناو,ناو,ناو › کەس,,,HIGH,,96560cf4-030d-4268-baea-87bb57cdf631,somaali,,,,,
3132,13062,تاتە,مام. مامۆ,کەس,ناو,ناو,ناو › کەس,,,HIGH,,96560cf4-030d-4268-baea-87bb57cdf631,somaali,,,,,
3133,13062,تاتە,مێردی تایەن,کەس,ناو,ناو,ناو › کەس,,,HIGH,,96560cf4-030d-4268-baea-87bb57cdf631,somaali,,,,,
3137,13063,تاتە بەرد,تەختە بەرد، کەڤری لوس و پان بۆ نوێژ لەسەرکردن.,کەرەستە,ناو,ناو,کولتووری › کەرەستە,,,HIGH,,96560cf4-030d-4268-baea-87bb57cdf631,somaali,,,,,
3138,13064,تاتەزا,ئامۆزا، فر زەندیمام، بچوکی ئاپۆ,کەس | مرۆڤ,ناو,ناو,ناو › کەس | کولتووری › مرۆڤ,,,HIGH,,96560cf4-030d-4268-baea-87bb57cdf631,somaali,,,,,
3139,13065,تاتوشوار,تاتەشۆر، تەختە بەردی جێگەی مردوو لەسەر شتن,کەرەستە,ناو,ناو,کولتووری › کەرەستە,,,HIGH,,96560cf4-030d-4268-baea-87bb57cdf631,somaali,,,,,
3140,13066,تاتەشۆر,تاتە شوار,کەرەستە,ناو,ناو,کولتووری › کەرەستە,,,HIGH,,96560cf4-030d-4268-baea-87bb57cdf631,somaali,,,,,
3141,13067,تاتی,مێردی تایەن,کەس,ناو | هیتر,ناو,ناو › کەس,,,HIGH,,96560cf4-030d-4268-baea-87bb57cdf631,somaali,,,,,
3142,13067,تاتی,لباد: نمەد، تەحت,کەس,ناو | هیتر,ناو,ناو › کەس,,,HIGH,,96560cf4-030d-4268-baea-87bb57cdf631,somaali,,,,,
3143,13067,تاتی,سەرو ژێری پیتی نوسراو,کەس,ناو | هیتر,ناو,ناو › کەس,,,HIGH,,96560cf4-030d-4268-baea-87bb57cdf631,somaali,,,,,
3147,13068,تاتێڵ,دڵ پەشێوی، دڵخورتی، نیگەرانی,نەخۆشی,ناو,ناو,زانستیی پزیشکی › نەخۆشی,,,HIGH,,96560cf4-030d-4268-baea-87bb57cdf631,somaali,,,,,
3148,13069,تاج,تەقیلەی سەر بە قوچکە,کەرەستە,ناو,ناو,کولتووری › کەرەستە,,,HIGH,,96560cf4-030d-4268-baea-87bb57cdf631,somaali,,,,,
3149,13069,تاج,کڵاوی پاشایان,کەرەستە,ناو,ناو,کولتووری › کەرەستە,,,HIGH,,96560cf4-030d-4268-baea-87bb57cdf631,somaali,,,,,
3151,13070,تاج خروس,گوڵێکە سور لە پۆپە کەڵەشێر دەکا,ڕووەك,,,ڕووەکناسی › ڕووەك,,,LOW,word has no جۆری وشە at all,96560cf4-030d-4268-baea-87bb57cdf631,somaali,,,,,
3152,13071,تاجر,سەوداگەر، بازرگان، مامەڵەچی,کەس | مرۆڤ,ناو,ناو,ناو › کەس | کولتووری › مرۆڤ,,,HIGH,,96560cf4-030d-4268-baea-87bb57cdf631,somaali,,,,,
3153,13072,تاجی,تاژی، سەگی ڕاو، تانجی,گیانلەبەر,ناو,ناو,,,,HIGH,پۆل «گیانلەبەر» has no home among the deck's ten (see unmapped.csv),96560cf4-030d-4268-baea-87bb57cdf631,somaali,,,,,
3154,13073,تاجی لۆکە,ئەسپی حەئمەد ڕاوکەرە، تازیلۆکە،حوشتر خوا، بالوک،,گیانلەبەر,ناو,ناو,,,,HIGH,پۆل «گیانلەبەر» has no home among the deck's ten (see unmapped.csv),96560cf4-030d-4268-baea-87bb57cdf631,somaali,,,,,
3155,13074,تاچە,جەواڵی بچووک,کەرەستە,ناو,ناو,کولتووری › کەرەستە,,,HIGH,,96560cf4-030d-4268-baea-87bb57cdf631,somaali,,,,,
3156,13075,تاحین,تاعین، هەلوای دۆشاو و کونجی,خواردن,ناو,ناو,کولتووری › خواردن,,,HIGH,,96560cf4-030d-4268-baea-87bb57cdf631,somaali,,,,,
3174,13076,تاخ,گەڕەک، مەحەللە,شوێن,ناو,ناو,ناو › شوێن,,,HIGH,,96560cf4-030d-4268-baea-87bb57cdf631,somaali,,,,,
3175,13076,تاخ,تەرەف,شوێن,ناو,ناو,ناو › شوێن,,,HIGH,,96560cf4-030d-4268-baea-87bb57cdf631,somaali,,,,,
3161,13077,تاخم,دەست لە پۆشاک، دەست لە پیاڵەو,کەرەستە,ناو,ناو,کولتووری › کەرەستە,,,HIGH,,96560cf4-030d-4268-baea-87bb57cdf631,somaali,,,,,
3162,13078,تاخورک,عەرەبەی بێ چەرخ کە بەسەر بەفرا دەیکێشن،,کەرەستە,ناو,ناو,کولتووری › کەرەستە,,,HIGH,,96560cf4-030d-4268-baea-87bb57cdf631,somaali,,,,,
3163,13079,تاخە,باقە بەستراوێ لە گیا,ڕووەك,ناو,ناو,ڕووەکناسی › ڕووەك,,,HIGH,,96560cf4-030d-4268-baea-87bb57cdf631,somaali,,,,,
3164,13080,تاخەبەند,باقەبێن، باغەبەن,کەرەستە,ناو,ناو,کولتووری › کەرەستە,,,HIGH,,96560cf4-030d-4268-baea-87bb57cdf631,somaali,,,,,
3165,13081,تاخیر,وەدواخستن، درەنگ کردن،,,ناو | ئاوەڵناو,,,,,LOW,word carries several parts of speech (ناو / هاوەڵناو); a sense may only have one,96560cf4-030d-4268-baea-87bb57cdf631,somaali,,,,,
3166,13082,تادار,نۆ بەتێ دار، کەسێ تای لێ تێ,کەس,ناو,ناو,ناو › کەس,,,HIGH,,96560cf4-030d-4268-baea-87bb57cdf631,somaali,,,,,
3167,13083,تادانە,تانە، لەکەی بان چاو,نەخۆشی,ناو,ناو,زانستیی پزیشکی › نەخۆشی,,,HIGH,,96560cf4-030d-4268-baea-87bb57cdf631,somaali,,,,,
3168,13084,تارا,سەرپۆشی سوری بووک,کەرەستە,ناو,ناو,کولتووری › کەرەستە,,,HIGH,,96560cf4-030d-4268-baea-87bb57cdf631,somaali,,,,,
3169,13084,تارا,رۆیشت بەبێ گەڕانەوە,کەرەستە,ناو,ناو,کولتووری › کەرەستە,,,HIGH,,96560cf4-030d-4268-baea-87bb57cdf631,somaali,,,,,
3171,13085,تاران,ڕۆیشتنی بێ گەڕانەوە,ئەنجامدانی کارێک,ناو,ناو,,,,LOW,"پۆل «ئەنجامدانی کارێک» is really the part of speech «کار» — routed nowhere, needs a decision ; پۆل says «کار», جۆری وشە says «ناو» — they disagree",96560cf4-030d-4268-baea-87bb57cdf631,somaali,,,,,
3172,13086,تاراندن,رەواندنی یەکجاری، تەرەکردن,ئەنجامدانی کارێک,ناو,ناو,,,,LOW,"پۆل «ئەنجامدانی کارێک» is really the part of speech «کار» — routed nowhere, needs a decision ; پۆل says «کار», جۆری وشە says «ناو» — they disagree",96560cf4-030d-4268-baea-87bb57cdf631,somaali,,,,,
3173,13087,تارانن,تاراندن,ئەنجامدانی کارێک,ناو,ناو,,,,LOW,"پۆل «ئەنجامدانی کارێک» is really the part of speech «کار» — routed nowhere, needs a decision ; پۆل says «کار», جۆری وشە says «ناو» — they disagree",96560cf4-030d-4268-baea-87bb57cdf631,somaali,,,,,
3177,13088,تارانی,دو قرانی زێوی سکەی ئێران.,کەرەستە,ناو,ناو,کولتووری › کەرەستە,,,HIGH,,96560cf4-030d-4268-baea-87bb57cdf631,somaali,,,,,
3178,13089,تاراو,ڕۆیشتووی بێ گەڕانەوە,سیفەت,ناو,ناو,,,,LOW,"پۆل «سیفەت» is really the part of speech «هاوەڵناو» — routed nowhere, needs a decision ; پۆل says «هاوەڵناو», جۆری وشە says «ناو» — they disagree",96560cf4-030d-4268-baea-87bb57cdf631,somaali,,,,,
3179,13090,تارچی,دابەش کەر،,کەس | مرۆڤ,ناو | ئاوەڵناو,,ناو › کەس | کولتووری › مرۆڤ,,,LOW,word carries several parts of speech (ناو / هاوەڵناو); a sense may only have one,96560cf4-030d-4268-baea-87bb57cdf631,somaali,,,,,
3180,13090,تارچی,تارژەن، تاری مۆسیقالێدەر، تارژەن,کەس | مرۆڤ,ناو | ئاوەڵناو,,ناو › کەس | کولتووری › مرۆڤ,,,LOW,word carries several parts of speech (ناو / هاوەڵناو); a sense may only have one,96560cf4-030d-4268-baea-87bb57cdf631,somaali,,,,,
3182,13091,تارسە,تاسە، ئارەزوو، موشتاقی,,ناو | کار | ئاوەڵناو,,,,,LOW,word carries several parts of speech (ناو / کار / هاوەڵناو); a sense may only have one,96560cf4-030d-4268-baea-87bb57cdf631,somaali,,,,,
3183,13092,تارکردن,تارکردن,ئەنجامدانی کارێک,ناو,ناو,,,,LOW,"پۆل «ئەنجامدانی کارێک» is really the part of speech «کار» — routed nowhere, needs a decision ; پۆل says «کار», جۆری وشە says «ناو» — they disagree",96560cf4-030d-4268-baea-87bb57cdf631,somaali,,,,,
3184,13092,تارکردن,رەواندن و دەرکردنی یەکجاری لە جێ ئاوارەکردن,ئەنجامدانی کارێک,ناو,ناو,,,,LOW,"پۆل «ئەنجامدانی کارێک» is really the part of speech «کار» — routed nowhere, needs a decision ; پۆل says «کار», جۆری وشە says «ناو» — they disagree",96560cf4-030d-4268-baea-87bb57cdf631,somaali,,,,,
3185,13093,تارگان,نەوعێ گەنمی خراپ,ڕووەك,ناو,ناو,ڕووەکناسی › ڕووەك,,,HIGH,,96560cf4-030d-4268-baea-87bb57cdf631,somaali,,,,,
3186,13094,تارو مار,هەڵلا داد، تێک و پێک، لەناوچو,,ناو,ناو,,,,HIGH,,96560cf4-030d-4268-baea-87bb57cdf631,somaali,,,,,
3187,13095,تارەت,ئاو بەقنگەوەدان دوای ژیان,ئەنجامدانی کارێک,ناو,ناو,,,,LOW,"پۆل «ئەنجامدانی کارێک» is really the part of speech «کار» — routed nowhere, needs a decision ; پۆل says «کار», جۆری وشە says «ناو» — they disagree",96560cf4-030d-4268-baea-87bb57cdf631,somaali,,,,,
3188,13096,تاری,تاریک، ڕەشی,,ئاوەڵناو,هاوەڵناو,,,,HIGH,,96560cf4-030d-4268-baea-87bb57cdf631,somaali,,,,,
3189,13097,تاریاگ,تاراو,,ناو,ناو,,,,HIGH,,96560cf4-030d-4268-baea-87bb57cdf631,somaali,,,,,
3190,13098,ئاجوج,دەگەڵ یاجوج دەگوترێ، ناوی ھۆزێکی چیرۆکیە,کەس,ناو,ناو,ناو › کەس,ڕەگەز=بێلایەن,,HIGH,,f65f7d2f-996a-4df7-a10e-c6e846940032,ahmadaziz,,,,,
3192,13099,باام,بادام، باوی، چوالە,خواردن,ناو,ناو,کولتووری › خواردن,,,HIGH,,ebadd113-3f1e-45e8-8dab-cfe024e7156d,barzihiwa,,,,,
3193,13099,باام,بەهیڤ,خواردن,ناو,ناو,کولتووری › خواردن,,,HIGH,,ebadd113-3f1e-45e8-8dab-cfe024e7156d,barzihiwa,,,,,
3195,13100,ئاجور,کەرپوچ، خشتی لم و ڕەڵمی سورەوەکراو,کەرەستە,ناو,ناو,کولتووری › کەرەستە,ڕەگەز=بێلایەن,,HIGH,,f65f7d2f-996a-4df7-a10e-c6e846940032,ahmadaziz,,,,,
3197,13102,ئاجیل,چەرەز، بادام و نۆک و تۆ کولەکەی شەوچەرە,خواردن,ناو,ناو,کولتووری › خواردن,ڕەگەز=بێلایەن,,HIGH,,f65f7d2f-996a-4df7-a10e-c6e846940032,ahmadaziz,,,,,
3205,13103,ئاچخ,ڕەنگی کاڵ، بەرانبەر بە ڕەنگیتاریک و تۆخ,ڕەنگ,ئاوەڵناو,هاوەڵناو,,,,HIGH,پۆل «ڕەنگ» has no home among the deck's ten (see unmapped.csv),f65f7d2f-996a-4df7-a10e-c6e846940032,ahmadaziz,,,,,
3200,13104,باب,باوک,مرۆڤ | سیفەت,ناو | ئاوەڵناو,,کولتووری › مرۆڤ,ڕەگەز=نێر,,LOW,"word carries several parts of speech (ناو / هاوەڵناو); a sense may only have one ; پۆل «سیفەت» is really the part of speech «هاوەڵناو» — routed nowhere, needs a decision",ebadd113-3f1e-45e8-8dab-cfe024e7156d,barzihiwa,,,,,
3201,13104,باب,شیاو، ڕەوا (ئەم کارە بابی تۆ نییە),مرۆڤ | سیفەت,ناو | ئاوەڵناو,,کولتووری › مرۆڤ,ڕەگەز=نێر,,LOW,"word carries several parts of speech (ناو / هاوەڵناو); a sense may only have one ; پۆل «سیفەت» is really the part of speech «هاوەڵناو» — routed nowhere, needs a decision",ebadd113-3f1e-45e8-8dab-cfe024e7156d,barzihiwa,,,,,
3202,13104,باب,باو، داب (ڕیش تاشین قەدیم باب نەبوو),مرۆڤ | سیفەت,ناو | ئاوەڵناو,,کولتووری › مرۆڤ,ڕەگەز=نێر,,LOW,"word carries several parts of speech (ناو / هاوەڵناو); a sense may only have one ; پۆل «سیفەت» is really the part of speech «هاوەڵناو» — routed nowhere, needs a decision",ebadd113-3f1e-45e8-8dab-cfe024e7156d,barzihiwa,,,,,
3203,13104,باب,باڤ,مرۆڤ | سیفەت,ناو | ئاوەڵناو,,کولتووری › مرۆڤ,ڕەگەز=نێر,,LOW,"word carries several parts of speech (ناو / هاوەڵناو); a sense may only have one ; پۆل «سیفەت» is really the part of speech «هاوەڵناو» — routed nowhere, needs a decision",ebadd113-3f1e-45e8-8dab-cfe024e7156d,barzihiwa,,,,,
3204,13105,بابا,بەڵێ بەڵێ,مرۆڤ,ناو,ناو,کولتووری › مرۆڤ,,,HIGH,,ebadd113-3f1e-45e8-8dab-cfe024e7156d,barzihiwa,,,,,
3207,13106,ئاچوخ,ئاواڵە، بەرانبەری داخراو,سیفەت,ئاوەڵکار,هاوەڵکار,,,,LOW,"پۆل «سیفەت» is really the part of speech «هاوەڵناو» — routed nowhere, needs a decision ; پۆل says «هاوەڵناو», جۆری وشە says «هاوەڵکار» — they disagree",f65f7d2f-996a-4df7-a10e-c6e846940032,ahmadaziz,,,,,
3208,13107,ئاچەر,کلیل، ھاچەر,کەرەستە,ناو,ناو,کولتووری › کەرەستە,ڕەگەز=بێلایەن,,HIGH,,f65f7d2f-996a-4df7-a10e-c6e846940032,ahmadaziz,,,,,
3210,13108,ئاخ,ھاوار لەبەر ئازار، خۆزیا، خاک و خۆڵ,سیفەت,ئاوەڵناو,هاوەڵناو,,,,LOW,"پۆل «سیفەت» is really the part of speech «هاوەڵناو» — routed nowhere, needs a decision",f65f7d2f-996a-4df7-a10e-c6e846940032,ahmadaziz,,,,,
3211,13109,ئاخا,ئاغا,کەس,ناو,ناو,ناو › کەس,ڕەگەز=دوولایەن,,HIGH,,f65f7d2f-996a-4df7-a10e-c6e846940032,ahmadaziz,,,,,
3212,13110,ئاخافتن,قسەکردن، پەیڤین، گوتن، وتو وێژ,سیفەت,ناو,ناو,,ڕەگەز=بێلایەن,,LOW,"پۆل «سیفەت» is really the part of speech «هاوەڵناو» — routed nowhere, needs a decision ; پۆل says «هاوەڵناو», جۆری وشە says «ناو» — they disagree",f65f7d2f-996a-4df7-a10e-c6e846940032,ahmadaziz,,,,,
3214,13111,ئاخایۆک,بەکەسێک دەڵێن کە خۆی بە گەورە دەزانێت لە گەورەی نازانێ,کەس | سیفەت,ناو,ناو,ناو › کەس,ڕەگەز=دوولایەن,,LOW,"پۆل «سیفەت» is really the part of speech «هاوەڵناو» — routed nowhere, needs a decision ; پۆل says «هاوەڵناو», جۆری وشە says «ناو» — they disagree",f65f7d2f-996a-4df7-a10e-c6e846940032,ahmadaziz,,,,,
3216,13112,تار,ئامێرێکی مۆسیقایە,کەرەستە,ناو,ناو,کولتووری › کەرەستە,,,HIGH,,96560cf4-030d-4268-baea-87bb57cdf631,somaali,,,,,
3217,13112,تار,تاریک,کەرەستە,ناو,ناو,کولتووری › کەرەستە,,,HIGH,,96560cf4-030d-4268-baea-87bb57cdf631,somaali,,,,,
3218,13112,تار,ڕاهێڵی تەون,کەرەستە,ناو,ناو,کولتووری › کەرەستە,,,HIGH,,96560cf4-030d-4268-baea-87bb57cdf631,somaali,,,,,
3219,13112,تار,تاڵەمو,کەرەستە,ناو,ناو,کولتووری › کەرەستە,,,HIGH,,96560cf4-030d-4268-baea-87bb57cdf631,somaali,,,,,
3220,13112,تار,هەڵوەداو دوورکەوتە,کەرەستە,ناو,ناو,کولتووری › کەرەستە,,,HIGH,,96560cf4-030d-4268-baea-87bb57cdf631,somaali,,,,,
3221,13112,تار,کەللە دەفە,کەرەستە,ناو,ناو,کولتووری › کەرەستە,,,HIGH,,96560cf4-030d-4268-baea-87bb57cdf631,somaali,,,,,
3222,13112,تار,ڕەنگی بێ بریقەو مات,کەرەستە,ناو,ناو,کولتووری › کەرەستە,,,HIGH,,96560cf4-030d-4268-baea-87bb57cdf631,somaali,,,,,
3223,13112,تار,دوو ڕۆژی ئاخری زستان و سێ ڕؤژی سەرەتای بەهار,کەرەستە,ناو,ناو,کولتووری › کەرەستە,,,HIGH,,96560cf4-030d-4268-baea-87bb57cdf631,somaali,,,,,
3231,13113,تارم,خۆیانی گێرەکراوی بەربا نەدراو,شوێن | کەرەستە,ناو,ناو,ناو › شوێن | کولتووری › کەرەستە,,,HIGH,,96560cf4-030d-4268-baea-87bb57cdf631,somaali,,,,,
3232,13113,تارم,هەیوان، بەربێڵایی,شوێن | کەرەستە,ناو,ناو,ناو › شوێن | کولتووری › کەرەستە,,,HIGH,,96560cf4-030d-4268-baea-87bb57cdf631,somaali,,,,,
3233,13113,تارم,دەستە، تاقم,شوێن | کەرەستە,ناو,ناو,ناو › شوێن | کولتووری › کەرەستە,,,HIGH,,96560cf4-030d-4268-baea-87bb57cdf631,somaali,,,,,
3234,13113,تارم,چادر و دیوەخانی چادر,شوێن | کەرەستە,ناو,ناو,ناو › شوێن | کولتووری › کەرەستە,,,HIGH,,96560cf4-030d-4268-baea-87bb57cdf631,somaali,,,,,
3238,13114,تارمایی,ڕەشایی بەر دیمەن، ڕەشایی لە دوورەوە,,ئاوەڵناو,هاوەڵناو,,,,HIGH,,96560cf4-030d-4268-baea-87bb57cdf631,somaali,,,,,
3239,13115,تارمە,هەیوانی سەر دانەپۆشراو,شوێن | کەرەستە,ناو,ناو,ناو › شوێن | کولتووری › کەرەستە,,,HIGH,,96560cf4-030d-4268-baea-87bb57cdf631,somaali,,,,,
3240,13115,تارمە,محەجەرەی بەر هەیوان,شوێن | کەرەستە,ناو,ناو,ناو › شوێن | کولتووری › کەرەستە,,,HIGH,,96560cf4-030d-4268-baea-87bb57cdf631,somaali,,,,,
3242,13116,تاریتی,ڕەشایی شەو، تاریکی,سیفەت,ئاوەڵناو,هاوەڵناو,,,,LOW,"پۆل «سیفەت» is really the part of speech «هاوەڵناو» — routed nowhere, needs a decision",96560cf4-030d-4268-baea-87bb57cdf631,somaali,,,,,
3243,13117,تاریخ,مێژوو، دێریک، دەرگوزەشتی ڕووداوان،,کات,ناو,ناو,,,,HIGH,پۆل «کات» has no home among the deck's ten (see unmapped.csv),96560cf4-030d-4268-baea-87bb57cdf631,somaali,,,,,
3244,13118,تاریف,پەسن، محت,سیفەت,ئاوەڵناو,هاوەڵناو,,,,LOW,"پۆل «سیفەت» is really the part of speech «هاوەڵناو» — routed nowhere, needs a decision",96560cf4-030d-4268-baea-87bb57cdf631,somaali,,,,,
3245,13118,تاریف,باس کردن و گێڕانەوە بە قسە,سیفەت,ئاوەڵناو,هاوەڵناو,,,,LOW,"پۆل «سیفەت» is really the part of speech «هاوەڵناو» — routed nowhere, needs a decision",96560cf4-030d-4268-baea-87bb57cdf631,somaali,,,,,
3247,13119,تاریق,تاریخ,کات,ناو,ناو,,,,HIGH,پۆل «کات» has no home among the deck's ten (see unmapped.csv),96560cf4-030d-4268-baea-87bb57cdf631,somaali,,,,,
3248,13120,تاریک,تاری، جێگەی پێوار لە خۆر، ڕەشایی هەوا,سیفەت,ئاوەڵناو,هاوەڵناو,,,,LOW,"پۆل «سیفەت» is really the part of speech «هاوەڵناو» — routed nowhere, needs a decision",96560cf4-030d-4268-baea-87bb57cdf631,somaali,,,,,
3249,13121,تاریکان,سەرەتای شەو، کاتی شێوان، ئێوارێ زۆر درەنگ,کات,ناو,ناو,,,,HIGH,پۆل «کات» has no home among the deck's ten (see unmapped.csv),96560cf4-030d-4268-baea-87bb57cdf631,somaali,,,,,
3250,13122,تاریکایی,ڕەشایی شەو، پاش بەرپێواربوونی خۆر,سیفەت,ئاوەڵناو,هاوەڵناو,,,,LOW,"پۆل «سیفەت» is really the part of speech «هاوەڵناو» — routed nowhere, needs a decision",96560cf4-030d-4268-baea-87bb57cdf631,somaali,,,,,
3251,13123,تاریک بوون,ڕەش هەڵگەڕانی دونیا دوای خۆر ئاوا بوون,,ناو,ناو,,,,HIGH,,96560cf4-030d-4268-baea-87bb57cdf631,somaali,,,,,
3252,13124,تاریک داهاتن,هاتنی تاریکی پاش نوێژی شێوانی درەنگ,,ناو,ناو,,,,HIGH,,96560cf4-030d-4268-baea-87bb57cdf631,somaali,,,,,
3253,13125,تاریک کردن,تاریک داهاتن,کات,ناو,ناو,,,,HIGH,پۆل «کات» has no home among the deck's ten (see unmapped.csv),96560cf4-030d-4268-baea-87bb57cdf631,somaali,,,,,
3254,13126,تاریک و تنۆک,زۆر تاریک، تاریکی خەست و توند,سیفەت,ناو | ئاوەڵناو,,,,,LOW,"word carries several parts of speech (ناو / هاوەڵناو); a sense may only have one ; پۆل «سیفەت» is really the part of speech «هاوەڵناو» — routed nowhere, needs a decision",96560cf4-030d-4268-baea-87bb57cdf631,somaali,,,,,
3255,13127,تاریک و ڕۆن,بەرەبەیان،بولێڵە، عەوولی سپێدە,کات,ناو,ناو,,,,HIGH,پۆل «کات» has no home among the deck's ten (see unmapped.csv),96560cf4-030d-4268-baea-87bb57cdf631,somaali,,,,,
3256,13128,تاریک و ڕۆنە,تاریک و ڕون,کات,ناو,ناو,,,,HIGH,پۆل «کات» has no home among the deck's ten (see unmapped.csv),96560cf4-030d-4268-baea-87bb57cdf631,somaali,,,,,
3257,13129,تاریک و ڕونی,تاریک و ڕون,سیفەت | کات,ناو | ئاوەڵناو,,,,,LOW,"word carries several parts of speech (ناو / هاوەڵناو); a sense may only have one ; پۆل «سیفەت» is really the part of speech «هاوەڵناو» — routed nowhere, needs a decision ; پۆل «کات» has no home among the deck's ten (see unmapped.csv)",96560cf4-030d-4268-baea-87bb57cdf631,somaali,,,,,
3258,13131,تاریک و نۆتەک,تاریکایی خەست و توند، زۆر تاریک,ڕەنگ,ناو,ناو,,,,HIGH,پۆل «ڕەنگ» has no home among the deck's ten (see unmapped.csv),96560cf4-030d-4268-baea-87bb57cdf631,somaali,,,,,
3259,13132,تاریکە,تڕەش و تاری,کات,ناو,ناو,,,,HIGH,پۆل «کات» has no home among the deck's ten (see unmapped.csv),96560cf4-030d-4268-baea-87bb57cdf631,somaali,,,,,
3260,13133,تاریکە شەو,شەو بێ تیشکی مانگ،بەرانبەری مانگەشەو,سیفەت | کات,ناو | ئاوەڵناو,,,,,LOW,"word carries several parts of speech (ناو / هاوەڵناو); a sense may only have one ; پۆل «سیفەت» is really the part of speech «هاوەڵناو» — routed nowhere, needs a decision ; پۆل «کات» has no home among the deck's ten (see unmapped.csv)",96560cf4-030d-4268-baea-87bb57cdf631,somaali,,,,,
3261,13134,تاریکی,ڕەشایی شەو,,ناو,ناو,,,,HIGH,,96560cf4-030d-4268-baea-87bb57cdf631,somaali,,,,,
3262,13135,تازە,نوێ، نو,سیفەت,ئاوەڵناو,هاوەڵناو,,,,LOW,"پۆل «سیفەت» is really the part of speech «هاوەڵناو» — routed nowhere, needs a decision",96560cf4-030d-4268-baea-87bb57cdf631,somaali,,,,,
3263,13135,تازە,باش، چاک، پەسند,سیفەت,ئاوەڵناو,هاوەڵناو,,,,LOW,"پۆل «سیفەت» is really the part of speech «هاوەڵناو» — routed nowhere, needs a decision",96560cf4-030d-4268-baea-87bb57cdf631,somaali,,,,,
3265,13136,تازەئیجاد,تازە دروستکراو، تازە داهاتوو,,ناو,ناو,,,,HIGH,,96560cf4-030d-4268-baea-87bb57cdf631,somaali,,,,,
3266,13137,تازەباو,بابەتی ڕۆژ، نوێ داهاتگ,,ناو,ناو,,,,HIGH,,96560cf4-030d-4268-baea-87bb57cdf631,somaali,,,,,
3267,13138,تازە برین,بریتی لە کەسێک بە تازەگی تووشی بەڵایەک بوە,نەخۆشی | سیفەت,ناو | ئاوەڵناو,,زانستیی پزیشکی › نەخۆشی,,,LOW,"word carries several parts of speech (ناو / هاوەڵناو); a sense may only have one ; پۆل «سیفەت» is really the part of speech «هاوەڵناو» — routed nowhere, needs a decision",96560cf4-030d-4268-baea-87bb57cdf631,somaali,,,,,
3268,13139,تازە بوونەوە,کۆنی دەسکاری کراو,سیفەت,ناو,ناو,,,,LOW,"پۆل «سیفەت» is really the part of speech «هاوەڵناو» — routed nowhere, needs a decision ; پۆل says «هاوەڵناو», جۆری وشە says «ناو» — they disagree",96560cf4-030d-4268-baea-87bb57cdf631,somaali,,,,,
3269,13140,تازە بە تازە,بریتییە لە تەوەزەلێ کە درەنگ وەخۆ کەوتووە,سیفەت | کات,ناو | ئاوەڵناو,,,,,LOW,"word carries several parts of speech (ناو / هاوەڵناو); a sense may only have one ; پۆل «سیفەت» is really the part of speech «هاوەڵناو» — routed nowhere, needs a decision ; پۆل «کات» has no home among the deck's ten (see unmapped.csv)",96560cf4-030d-4268-baea-87bb57cdf631,somaali,,,,,
3270,13141,تازە پێداکەتوو,لە نەدارییەوە تازە دەوڵەمەند بو، تازە کیسە,کەس | سیفەت,ناو | ئاوەڵناو,,ناو › کەس,,,LOW,"word carries several parts of speech (ناو / هاوەڵناو); a sense may only have one ; پۆل «سیفەت» is really the part of speech «هاوەڵناو» — routed nowhere, needs a decision",96560cf4-030d-4268-baea-87bb57cdf631,somaali,,,,,
3271,13142,تازە پیاکەتو,تازە پێداکەوتوو,کەس | سیفەت,ناو | ئاوەڵناو,,ناو › کەس,,,LOW,"word carries several parts of speech (ناو / هاوەڵناو); a sense may only have one ; پۆل «سیفەت» is really the part of speech «هاوەڵناو» — routed nowhere, needs a decision",96560cf4-030d-4268-baea-87bb57cdf631,somaali,,,,,
3272,13143,تازە داهاتگ,تازە بابەت,,ناو,ناو,,,,HIGH,,96560cf4-030d-4268-baea-87bb57cdf631,somaali,,,,,
3273,13144,تازە داهاتو,تازە داهاتگ,,ناو,ناو,,,,HIGH,,96560cf4-030d-4268-baea-87bb57cdf631,somaali,,,,,
3274,13145,تازە ساو,تیخی تازەتیژکراو,کەرەستە,ناو,ناو,کولتووری › کەرەستە,,,HIGH,,96560cf4-030d-4268-baea-87bb57cdf631,somaali,,,,,
3275,13146,تازەکار,باش ڕانەهاتوو لە کار، ناشی، ناماهیر,کەس | سیفەت,ناو | ئاوەڵناو,,ناو › کەس,,,LOW,"word carries several parts of speech (ناو / هاوەڵناو); a sense may only have one ; پۆل «سیفەت» is really the part of speech «هاوەڵناو» — routed nowhere, needs a decision",96560cf4-030d-4268-baea-87bb57cdf631,somaali,,,,,
3276,13147,تازەکردنەوە,نوێ کردنەوە،,ئەنجامدانی کارێک,ناو,ناو,,,,LOW,"پۆل «ئەنجامدانی کارێک» is really the part of speech «کار» — routed nowhere, needs a decision ; پۆل says «کار», جۆری وشە says «ناو» — they disagree",96560cf4-030d-4268-baea-87bb57cdf631,somaali,,,,,
3277,13147,تازەکردنەوە,نوکرنەڤە,ئەنجامدانی کارێک,ناو,ناو,,,,LOW,"پۆل «ئەنجامدانی کارێک» is really the part of speech «کار» — routed nowhere, needs a decision ; پۆل says «کار», جۆری وشە says «ناو» — they disagree",96560cf4-030d-4268-baea-87bb57cdf631,somaali,,,,,
3278,13148,تازە کیسە,تازە پیاکەوتوو,,ناو,ناو,,,,HIGH,,96560cf4-030d-4268-baea-87bb57cdf631,somaali,,,,,
3279,13149,تازەگی,بەم زوانە، نەدور,کات,ئاوەڵکار,هاوەڵکار,,,,HIGH,پۆل «کات» has no home among the deck's ten (see unmapped.csv),96560cf4-030d-4268-baea-87bb57cdf631,somaali,,,,,
3280,13150,تازە لاو,تنوجوان، جحێڵی تازە پێگەیشتوو، تازە جوان,کەس | سیفەت,ناو | ئاوەڵناو,,ناو › کەس,,,LOW,"word carries several parts of speech (ناو / هاوەڵناو); a sense may only have one ; پۆل «سیفەت» is really the part of speech «هاوەڵناو» — routed nowhere, needs a decision",96560cf4-030d-4268-baea-87bb57cdf631,somaali,,,,,
3281,13151,تازە و نوت و نوێ,زۆر زۆر تازە، تازەی هێشتا دەکار نەکراو,سیفەت,ناو | ئاوەڵناو,,,,,LOW,"word carries several parts of speech (ناو / هاوەڵناو); a sense may only have one ; پۆل «سیفەت» is really the part of speech «هاوەڵناو» — routed nowhere, needs a decision",96560cf4-030d-4268-baea-87bb57cdf631,somaali,,,,,
3282,13152,تازی,سارد، هەر بۆ ئاو دەگوترێ,سیفەت,ناو | ئاوەڵناو,,,,,LOW,"word carries several parts of speech (ناو / هاوەڵناو); a sense may only have one ; پۆل «سیفەت» is really the part of speech «هاوەڵناو» — routed nowhere, needs a decision",96560cf4-030d-4268-baea-87bb57cdf631,somaali,,,,,
3283,13152,تازی,ڕوت و قوت,سیفەت,ناو | ئاوەڵناو,,,,,LOW,"word carries several parts of speech (ناو / هاوەڵناو); a sense may only have one ; پۆل «سیفەت» is really the part of speech «هاوەڵناو» — routed nowhere, needs a decision",96560cf4-030d-4268-baea-87bb57cdf631,somaali,,,,,
3285,13153,تازیاری,باشتری و لە پێشتری,سیفەت,ئاوەڵناو,هاوەڵناو,,,,LOW,"پۆل «سیفەت» is really the part of speech «هاوەڵناو» — routed nowhere, needs a decision",96560cf4-030d-4268-baea-87bb57cdf631,somaali,,,,,
3286,13154,تازیان,عەرەبان، بەن وە سەرەکان,کەس,ناو,ناو,ناو › کەس,,,HIGH,,96560cf4-030d-4268-baea-87bb57cdf631,somaali,,,,,
3287,13155,تازیانە,قامچی، شللاخ، شەللاق، جەلدە,کەرەستە,ناو,ناو,کولتووری › کەرەستە,,,HIGH,,96560cf4-030d-4268-baea-87bb57cdf631,somaali,,,,,
3288,13156,تازیلە,وردە بڕوێش,خواردن,ناو,ناو,کولتووری › خواردن,,,HIGH,,96560cf4-030d-4268-baea-87bb57cdf631,somaali,,,,,
3289,13157,تازیمانە,سەرەخۆشی، پرسە، تازیە,,ناو,ناو,,,,HIGH,,96560cf4-030d-4268-baea-87bb57cdf631,somaali,,,,,
3290,13158,تازیە,ئازیەت، تازیمانە,,ناو,ناو,,,,HIGH,,96560cf4-030d-4268-baea-87bb57cdf631,somaali,,,,,
3291,13159,تاژان,لکی باریکی دار،لقی زراو,ڕووەك,ناو,ناو,ڕووەکناسی › ڕووەك,,,HIGH,,96560cf4-030d-4268-baea-87bb57cdf631,somaali,,,,,
3292,13159,تاژان,تازیانە,ڕووەك,ناو,ناو,ڕووەکناسی › ڕووەك,,,HIGH,,96560cf4-030d-4268-baea-87bb57cdf631,somaali,,,,,
3293,13159,تاژان,وێران، خاپور، دەگەڵ تاڵان دێت: ( گوند تاڵان و تاژان کرا),ڕووەك,ناو,ناو,ڕووەکناسی › ڕووەك,,,HIGH,,96560cf4-030d-4268-baea-87bb57cdf631,somaali,,,,,
3296,13160,تاژی,تاجی، سەگی قەد باریک بۆ ڕاو,گیانلەبەر,ناو,ناو,,,,HIGH,پۆل «گیانلەبەر» has no home among the deck's ten (see unmapped.csv),96560cf4-030d-4268-baea-87bb57cdf631,somaali,,,,,
3297,13161,تاژی حەۆمەد ڕاوکەرە,تانجی پێغەمبەر، بالوک، حوشتر خوا، ناجیلۆکە،,گیانلەبەر,ناو,ناو,,,,HIGH,پۆل «گیانلەبەر» has no home among the deck's ten (see unmapped.csv),96560cf4-030d-4268-baea-87bb57cdf631,somaali,,,,,
3298,13162,تاژیڵۆکە,تاجیلۆکە,گیانلەبەر,ناو,ناو,,,,HIGH,پۆل «گیانلەبەر» has no home among the deck's ten (see unmapped.csv),96560cf4-030d-4268-baea-87bb57cdf631,somaali,,,,,
3300,13163,تاژیوان,سەرپەرشتی تانجیان,کەس,ناو,ناو,ناو › کەس,,,HIGH,,96560cf4-030d-4268-baea-87bb57cdf631,somaali,,,,,
3301,13164,تاژیەوان,تاژی وان,کەس,ناو,ناو,ناو › کەس,,,HIGH,,96560cf4-030d-4268-baea-87bb57cdf631,somaali,,,,,
3302,13165,تاسانن,تاساندن,ئەنجامدانی کارێک,ناو,ناو,,,,LOW,"پۆل «ئەنجامدانی کارێک» is really the part of speech «کار» — routed nowhere, needs a decision ; پۆل says «کار», جۆری وشە says «ناو» — they disagree",96560cf4-030d-4268-baea-87bb57cdf631,somaali,,,,,
3303,13166,تاساو,گێژبوو، گێژو هوڕ,کەس,ناو,ناو,ناو › کەس,,,HIGH,,96560cf4-030d-4268-baea-87bb57cdf631,somaali,,,,,
3304,13167,تاسب,نەیار، دوژمن,کەس,ناو,ناو,ناو › کەس,,,HIGH,,96560cf4-030d-4268-baea-87bb57cdf631,somaali,,,,,
3305,13168,تاسبردنەوە,گێژبوون,نەخۆشی,ناو,ناو,زانستیی پزیشکی › نەخۆشی,,,HIGH,,96560cf4-030d-4268-baea-87bb57cdf631,somaali,,,,,
3306,13169,تاس کردن,گێژکردن,ئەنجامدانی کارێک,هیتر,,,,,LOW,"جۆری وشە «هیتر» has no equivalent among the seven ; پۆل «ئەنجامدانی کارێک» is really the part of speech «کار» — routed nowhere, needs a decision",96560cf4-030d-4268-baea-87bb57cdf631,somaali,,,,,
3307,13170,تاسکنای,گێژی، هوڕی,سیفەت,ئاوەڵناو,هاوەڵناو,,,,LOW,"پۆل «سیفەت» is really the part of speech «هاوەڵناو» — routed nowhere, needs a decision",96560cf4-030d-4268-baea-87bb57cdf631,somaali,,,,,
3308,13174,تاسوخ,ئارەزوومەندی، تاسە،عەزرەتت,سیفەت,ناو | ئاوەڵناو,,,,,LOW,"word carries several parts of speech (ناو / هاوەڵناو); a sense may only have one ; پۆل «سیفەت» is really the part of speech «هاوەڵناو» — routed nowhere, needs a decision",96560cf4-030d-4268-baea-87bb57cdf631,somaali,,,,,
3309,13175,تاسولکە,پیاڵەی لەمس,کەرەستە,ناو,ناو,کولتووری › کەرەستە,,,HIGH,,96560cf4-030d-4268-baea-87bb57cdf631,somaali,,,,,
3310,13176,تاسولوس,خۆجوان کردن,ئەنجامدانی کارێک,ناو,ناو,,,,LOW,"پۆل «ئەنجامدانی کارێک» is really the part of speech «کار» — routed nowhere, needs a decision ; پۆل says «کار», جۆری وشە says «ناو» — they disagree",96560cf4-030d-4268-baea-87bb57cdf631,somaali,,,,,
3311,13177,پا,لاق، پێ،قاچ,ئەندامی جەستە,ناو,ناو,زانستیی پزیشکی › ئەندامی جەستە,,,HIGH,,,,,,,,
3312,13177,پا,پلە، دەرەجە,ئەندامی جەستە,ناو,ناو,زانستیی پزیشکی › ئەندامی جەستە,,,HIGH,,,,,,,,
3313,13177,پا,ئەندازە,ئەندامی جەستە,ناو,ناو,زانستیی پزیشکی › ئەندامی جەستە,,,HIGH,,,,,,,,
3314,13177,پا,هاو قومار (پای قومار,ئەندامی جەستە,ناو,ناو,زانستیی پزیشکی › ئەندامی جەستە,,,HIGH,,,,,,,,
3315,13177,پا,پەلەپیتکە,ئەندامی جەستە,ناو,ناو,زانستیی پزیشکی › ئەندامی جەستە,,,HIGH,,,,,,,,
3316,13177,پا,"لەمل، لەعودە (ئام کارە پای تۆ)",ئەندامی جەستە,ناو,ناو,زانستیی پزیشکی › ئەندامی جەستە,,,HIGH,,,,,,,,
3317,13177,پا,ڕکێف,ئەندامی جەستە,ناو,ناو,زانستیی پزیشکی › ئەندامی جەستە,,,HIGH,,,,,,,,
3318,13177,پا,بن و خوار,ئەندامی جەستە,ناو,ناو,زانستیی پزیشکی › ئەندامی جەستە,,,HIGH,,,,,,,,
3319,13177,پا,"وشەی سەرسوڕمان (پا عەجیبە!)",ئەندامی جەستە,ناو,ناو,زانستیی پزیشکی › ئەندامی جەستە,,,HIGH,,,,,,,,
3320,13177,پا,"پاک، خاوێن (شوتم، و پا بۆتەوە)",ئەندامی جەستە,ناو,ناو,زانستیی پزیشکی › ئەندامی جەستە,,,HIGH,,,,,,,,
3321,13177,پا,"کەوابێ (پا ژمەڕا چی نابت)",ئەندامی جەستە,ناو,ناو,زانستیی پزیشکی › ئەندامی جەستە,,,HIGH,,,,,,,,
3322,13178,ئاخباران,تۆز باران، تەپوتۆز، تۆز و غومار،,دۆخی کەشوھەوا,ناو,ناو,,ڕەگەز=بێلایەن,,HIGH,پۆل «دۆخی کەشوھەوا» has no home among the deck's ten (see unmapped.csv),f65f7d2f-996a-4df7-a10e-c6e846940032,ahmadaziz,,,,,
3324,13179,ئاخبان,گڵەبان، ئاخەبان، بانەوناو,ئەنجامدانی کارێک,ناو,ناو,,ڕەگەز=بێلایەن,,LOW,"پۆل «ئەنجامدانی کارێک» is really the part of speech «کار» — routed nowhere, needs a decision ; پۆل says «کار», جۆری وشە says «ناو» — they disagree",f65f7d2f-996a-4df7-a10e-c6e846940032,ahmadaziz,,,,,
3326,13180,ئاخچەباش,گیایەکە لەڕیزی گیا دۆکڵیوان,ڕووەك,ناو,ناو,ڕووەکناسی › ڕووەك,ڕەگەز=بێلایەن,,HIGH,,f65f7d2f-996a-4df7-a10e-c6e846940032,ahmadaziz,,,,,
3328,13181,ئاخدار,خەمبار,سیفەت,ئاوەڵناو,هاوەڵناو,,,,LOW,"پۆل «سیفەت» is really the part of speech «هاوەڵناو» — routed nowhere, needs a decision",f65f7d2f-996a-4df7-a10e-c6e846940032,ahmadaziz,,,,,
3329,13181,ئاخدار,غمگین,سیفەت,ئاوەڵناو,هاوەڵناو,,,,LOW,"پۆل «سیفەت» is really the part of speech «هاوەڵناو» — routed nowhere, needs a decision",f65f7d2f-996a-4df7-a10e-c6e846940032,ahmadaziz,,,,,
3330,13182,ئاخرخێر,پیری پیاو چاک,کەس,ناو,ناو,ناو › کەس,ڕەگەز=نێر,,HIGH,,f65f7d2f-996a-4df7-a10e-c6e846940032,ahmadaziz,,,,,
3332,13183,ئاخرشەر,پیری بەدفەڕ و نەگریس,کەس,ناو,ناو,ناو › کەس,ڕەگەز=دوولایەن,,HIGH,,f65f7d2f-996a-4df7-a10e-c6e846940032,ahmadaziz,,,,,
3334,13184,ئاخیرزەمان,بەو ڕۆژگارە دەڵێن کە کەوتۆتە دوای پێغەمبەری ئیسلامەوە,کات,ئاوەڵکار,هاوەڵکار,,,,HIGH,پۆل «کات» has no home among the deck's ten (see unmapped.csv),f65f7d2f-996a-4df7-a10e-c6e846940032,ahmadaziz,,,,,
3335,13185,ئاخرکە,ئاخوبرک، مێشولەی زۆر ورد,مێشولە,ناو,ناو,,ڕەگەز=دوولایەن,,HIGH,پۆل «مێشولە» has no home among the deck's ten (see unmapped.csv),f65f7d2f-996a-4df7-a10e-c6e846940032,ahmadaziz,,,,,
3337,13186,تاس,قاپی قوڵی مس,کەس | کەرەستە | نەخۆشی,ناو,ناو,ناو › کەس | کولتووری › کەرەستە | زانستیی پزیشکی › نەخۆشی,,,HIGH,,96560cf4-030d-4268-baea-87bb57cdf631,somaali,,,,,
3338,13186,تاس,گێژ و ناتێگەیشتوو,کەس | کەرەستە | نەخۆشی,ناو,ناو,ناو › کەس | کولتووری › کەرەستە | زانستیی پزیشکی › نەخۆشی,,,HIGH,,96560cf4-030d-4268-baea-87bb57cdf631,somaali,,,,,
3339,13186,تاس,توکی سەر وەریو,کەس | کەرەستە | نەخۆشی,ناو,ناو,ناو › کەس | کولتووری › کەرەستە | زانستیی پزیشکی › نەخۆشی,,,HIGH,,96560cf4-030d-4268-baea-87bb57cdf631,somaali,,,,,
3340,13186,تاس,مەگیرانی,کەس | کەرەستە | نەخۆشی,ناو,ناو,ناو › کەس | کولتووری › کەرەستە | زانستیی پزیشکی › نەخۆشی,,,HIGH,,96560cf4-030d-4268-baea-87bb57cdf631,somaali,,,,,
3341,13186,تاس,نەخۆشی دوشاخە,کەس | کەرەستە | نەخۆشی,ناو,ناو,ناو › کەس | کولتووری › کەرەستە | زانستیی پزیشکی › نەخۆشی,,,HIGH,,96560cf4-030d-4268-baea-87bb57cdf631,somaali,,,,,
3346,13187,تاسا,گێژبوو,نەخۆشی,ئاوەڵناو,هاوەڵناو,زانستیی پزیشکی › نەخۆشی,,,HIGH,,96560cf4-030d-4268-baea-87bb57cdf631,somaali,,,,,
3347,13187,تاسا,بە تاسەو ئارەزو، بە عەزرەتەوە,نەخۆشی,ئاوەڵناو,هاوەڵناو,زانستیی پزیشکی › نەخۆشی,,,HIGH,,96560cf4-030d-4268-baea-87bb57cdf631,somaali,,,,,
3349,13188,ئاخر و ئۆخر,لە ئاخر و ئۆخری پایزدا میوانی بووین,ئەنجامدانی کارێک,ئاوەڵکار,هاوەڵکار,,,,LOW,"پۆل «ئەنجامدانی کارێک» is really the part of speech «کار» — routed nowhere, needs a decision ; پۆل says «کار», جۆری وشە says «هاوەڵکار» — they disagree",f65f7d2f-996a-4df7-a10e-c6e846940032,ahmadaziz,,,,,
3350,13189,ئاخرەت,ڕۆژی قیامەت، ھەستانەوەی پاش مردن، بەسڵان,کات,ئاوەڵکار,هاوەڵکار,,,,HIGH,پۆل «کات» has no home among the deck's ten (see unmapped.csv),f65f7d2f-996a-4df7-a10e-c6e846940032,ahmadaziz,,,,,
3352,13190,ئاخرەمین,ھەرەپاشین,سیفەت,ئاوەڵناو | ئاوەڵکار,,,,,LOW,"word carries several parts of speech (هاوەڵناو / هاوەڵکار); a sense may only have one ; پۆل «سیفەت» is really the part of speech «هاوەڵناو» — routed nowhere, needs a decision",f65f7d2f-996a-4df7-a10e-c6e846940032,ahmadaziz,,,,,
3354,13192,تاسان,مردنە بە دوو شاخە,نەخۆشی,ئاوەڵناو,هاوەڵناو,زانستیی پزیشکی › نەخۆشی,,,HIGH,,96560cf4-030d-4268-baea-87bb57cdf631,somaali,,,,,
3355,13192,تاسان,گێژ و وڕبوون,نەخۆشی,ئاوەڵناو,هاوەڵناو,زانستیی پزیشکی › نەخۆشی,,,HIGH,,96560cf4-030d-4268-baea-87bb57cdf631,somaali,,,,,
3357,13193,تاساندن,خنکاندن، خەنقاندن,,کار,کار,,,,HIGH,,96560cf4-030d-4268-baea-87bb57cdf631,somaali,,,,,
3360,13194,تاس بەسەرا هاتن,تووشی گێژی و سەرسامی هاتن,نەخۆشی,کار,کار,زانستیی پزیشکی › نەخۆشی,,,HIGH,,96560cf4-030d-4268-baea-87bb57cdf631,somaali,,,,,
3361,13195,تاسكڵاو,کڵاوی لە ئاسن، کڵاو جود,کەرەستە,ناو,ناو,کولتووری › کەرەستە,,,HIGH,,96560cf4-030d-4268-baea-87bb57cdf631,somaali,,,,,
3362,13195,تاسكڵاو,کڵاوی ژنانەی موکریان,کەرەستە,ناو,ناو,کولتووری › کەرەستە,,,HIGH,,96560cf4-030d-4268-baea-87bb57cdf631,somaali,,,,,
3364,13196,تاسکە,بەرگەدە، ئەو شوێنەی موی بەر گەدەی لێ دەڕوێ,ئەندامی جەستە,ناو,ناو,زانستیی پزیشکی › ئەندامی جەستە,,,HIGH,,96560cf4-030d-4268-baea-87bb57cdf631,somaali,,,,,
3365,13197,تاسکەباب,دەفرێکی نیوە پەل و قوڵە، جۆرێ تاوەیە,کەرەستە,ناو,ناو,کولتووری › کەرەستە,,,HIGH,,96560cf4-030d-4268-baea-87bb57cdf631,somaali,,,,,
3366,13197,تاسکەباب,جۆرێک چێشتی تەڕ,کەرەستە,ناو,ناو,کولتووری › کەرەستە,,,HIGH,,96560cf4-030d-4268-baea-87bb57cdf631,somaali,,,,,
3367,13197,تاسکەباب,از ظروف اشبزی,کەرەستە,ناو,ناو,کولتووری › کەرەستە,,,HIGH,,96560cf4-030d-4268-baea-87bb57cdf631,somaali,,,,,
3368,13198,تاسکەبابی,خواردنێکە لە گۆشت و پیاز دەیکەن,خواردن,ناو,ناو,کولتووری › خواردن,,,HIGH,,96560cf4-030d-4268-baea-87bb57cdf631,somaali,,,,,
3369,13199,تاسکەچەڵە,سیسارک، سیسارگە کەچەڵە,گیانلەبەر,ناو,ناو,,,,HIGH,پۆل «گیانلەبەر» has no home among the deck's ten (see unmapped.csv),96560cf4-030d-4268-baea-87bb57cdf631,somaali,,,,,
3370,13200,تاسەخواز,بە ئاوات، ئارەزوومەند، بە عەزرەتەوە,,ئاوەڵناو,هاوەڵناو,,,,HIGH,,96560cf4-030d-4268-baea-87bb57cdf631,somaali,,,,,
3371,13201,تا سەر,بۆ هەمیشە,کات,ئاوەڵکار,هاوەڵکار,,,,HIGH,پۆل «کات» has no home among the deck's ten (see unmapped.csv),96560cf4-030d-4268-baea-87bb57cdf631,somaali,,,,,
3372,13202,تاسەکردن,ئارەزوو کردن,ئەنجامدانی کارێک,کار,کار,,,,LOW,"پۆل «ئەنجامدانی کارێک» is really the part of speech «کار» — routed nowhere, needs a decision",96560cf4-030d-4268-baea-87bb57cdf631,somaali,,,,,
3373,13203,تاسەمەند,بە ئاوات,,ئاوەڵناو,هاوەڵناو,,,,HIGH,,96560cf4-030d-4268-baea-87bb57cdf631,somaali,,,,,
3374,13204,تا سەنگ,لاباری خوار، باری لار,سیفەت,ناو,ناو,,,,LOW,"پۆل «سیفەت» is really the part of speech «هاوەڵناو» — routed nowhere, needs a decision ; پۆل says «هاوەڵناو», جۆری وشە says «ناو» — they disagree",96560cf4-030d-4268-baea-87bb57cdf631,somaali,,,,,
3375,13205,تاسەنە,خنکان، نەفەس بڕان، پشوومانەوە,نەخۆشی,ئاوەڵناو,هاوەڵناو,زانستیی پزیشکی › نەخۆشی,,,HIGH,,96560cf4-030d-4268-baea-87bb57cdf631,somaali,,,,,
3376,13206,تاسەوە,سەبەتەی گەورە,کەرەستە,ناو,ناو,کولتووری › کەرەستە,,,HIGH,,96560cf4-030d-4268-baea-87bb57cdf631,somaali,,,,,
3377,13206,تاسەوە,سەبەتا مەزن,کەرەستە,ناو,ناو,کولتووری › کەرەستە,,,HIGH,,96560cf4-030d-4268-baea-87bb57cdf631,somaali,,,,,
3378,13207,تاسیان,گێژبوون,نەخۆشی,ئاوەڵناو,هاوەڵناو,زانستیی پزیشکی › نەخۆشی,,,HIGH,,96560cf4-030d-4268-baea-87bb57cdf631,somaali,,,,,
3379,13207,تاسیان,خنکان و پشووبڕان,نەخۆشی,ئاوەڵناو,هاوەڵناو,زانستیی پزیشکی › نەخۆشی,,,HIGH,,96560cf4-030d-4268-baea-87bb57cdf631,somaali,,,,,
3381,13208,تاسیلە,تاسولکە,کەرەستە,ناو,ناو,کولتووری › کەرەستە,,,HIGH,,96560cf4-030d-4268-baea-87bb57cdf631,somaali,,,,,
3382,13209,تاسین,گێژبوون، وڕبوون,نەخۆشی,ئاوەڵناو,هاوەڵناو,زانستیی پزیشکی › نەخۆشی,,,HIGH,,96560cf4-030d-4268-baea-87bb57cdf631,somaali,,,,,
3383,13210,تاش,ماە و زەرد,کەرەستە,ناو,ناو,کولتووری › کەرەستە,,,HIGH,,96560cf4-030d-4268-baea-87bb57cdf631,somaali,,,,,
3384,13210,تاش,بەردی زۆر زل و بڵند لەسەر کێو، تیشە شاخ,کەرەستە,ناو,ناو,کولتووری › کەرەستە,,,HIGH,,96560cf4-030d-4268-baea-87bb57cdf631,somaali,,,,,
3385,13210,تاش,تەختە بەردی پان و لووس,کەرەستە,ناو,ناو,کولتووری › کەرەستە,,,HIGH,,96560cf4-030d-4268-baea-87bb57cdf631,somaali,,,,,
3386,13210,تاش,پاشگری بە مانا تا شەر یان تاشراو ( دارتاش، تەشوێ تاش),کەرەستە,ناو,ناو,کولتووری › کەرەستە,,,HIGH,,96560cf4-030d-4268-baea-87bb57cdf631,somaali,,,,,
3389,13211,تاشا,بڕوانە،تمشاکە، تواشاکە، فت کرێ,ئەنجامدانی کارێک,کار,کار,,,,LOW,"پۆل «ئەنجامدانی کارێک» is really the part of speech «کار» — routed nowhere, needs a decision",96560cf4-030d-4268-baea-87bb57cdf631,somaali,,,,,
3390,13212,تاشان,تەمێ، جزیا,,ئاوەڵناو,هاوەڵناو,,,,HIGH,,96560cf4-030d-4268-baea-87bb57cdf631,somaali,,,,,
3391,13213,تاشاندن,تەمێ کردن، جزیا دان,ئەنجامدانی کارێک,کار,کار,,,,LOW,"پۆل «ئەنجامدانی کارێک» is really the part of speech «کار» — routed nowhere, needs a decision",96560cf4-030d-4268-baea-87bb57cdf631,somaali,,,,,
3393,13214,تاشای,تاشین، تراشین,سیفەت | ئەنجامدانی کارێک,کار | ئاوەڵناو,,,,,LOW,"word carries several parts of speech (کار / هاوەڵناو); a sense may only have one ; پۆل «سیفەت» is really the part of speech «هاوەڵناو» — routed nowhere, needs a decision ; پۆل «ئەنجامدانی کارێک» is really the part of speech «کار» — routed nowhere, needs a decision",96560cf4-030d-4268-baea-87bb57cdf631,somaali,,,,,
3394,13215,تاشتی,نانی بەیانی، بەرقلیان,خواردن,ناو,ناو,کولتووری › خواردن,,,HIGH,,96560cf4-030d-4268-baea-87bb57cdf631,somaali,,,,,
3395,13216,تاشراو,تراشراو، تاشیو,سیفەت,ئاوەڵناو,هاوەڵناو,,,,LOW,"پۆل «سیفەت» is really the part of speech «هاوەڵناو» — routed nowhere, needs a decision",96560cf4-030d-4268-baea-87bb57cdf631,somaali,,,,,
3396,13217,تاشرای,تاشراو,سیفەت,ئاوەڵناو,هاوەڵناو,,,,LOW,"پۆل «سیفەت» is really the part of speech «هاوەڵناو» — routed nowhere, needs a decision",96560cf4-030d-4268-baea-87bb57cdf631,somaali,,,,,
3397,13218,تاشک,مەزبووت، گورج و بەکار,سیفەت,ئاوەڵناو,هاوەڵناو,,,,LOW,"پۆل «سیفەت» is really the part of speech «هاوەڵناو» — routed nowhere, needs a decision",96560cf4-030d-4268-baea-87bb57cdf631,somaali,,,,,
3398,13219,تاشیاگ,تاشراو,سیفەت,ئاوەڵناو,هاوەڵناو,,,,LOW,"پۆل «سیفەت» is really the part of speech «هاوەڵناو» — routed nowhere, needs a decision",96560cf4-030d-4268-baea-87bb57cdf631,somaali,,,,,
3399,13220,تاشیە,بابەت، لێوەشاوە، لایق,سیفەت,ناو | ئاوەڵناو,,,,,LOW,"word carries several parts of speech (ناو / هاوەڵناو); a sense may only have one ; پۆل «سیفەت» is really the part of speech «هاوەڵناو» — routed nowhere, needs a decision",96560cf4-030d-4268-baea-87bb57cdf631,somaali,,,,,
3400,13221,تاعین,هەڵوای کونجی و دۆشاو,خواردن,ناو,ناو,کولتووری › خواردن,,,HIGH,,96560cf4-030d-4268-baea-87bb57cdf631,somaali,,,,,
3401,13222,تاف,هەرەت، جەنگە: (لە تاف جونیما),,ناو | ئاوەڵناو,,,,,LOW,word carries several parts of speech (ناو / هاوەڵناو); a sense may only have one,96560cf4-030d-4268-baea-87bb57cdf631,somaali,,,,,
3402,13222,تاف,ڕێژانی حاو لە بەرزەوە ( تافگە),,ناو | ئاوەڵناو,,,,,LOW,word carries several parts of speech (ناو / هاوەڵناو); a sense may only have one,96560cf4-030d-4268-baea-87bb57cdf631,somaali,,,,,
3403,13222,تاف,گوڕە و هاڕە,,ناو | ئاوەڵناو,,,,,LOW,word carries several parts of speech (ناو / هاوەڵناو); a sense may only have one,96560cf4-030d-4268-baea-87bb57cdf631,somaali,,,,,
3406,13223,تافاڵ,گوێسوانە,شوێن,ناو,ناو,ناو › شوێن,,,HIGH,,96560cf4-030d-4268-baea-87bb57cdf631,somaali,,,,,
3407,13224,تافاو,ئاوی بە قوەت و زۆر بە تیژ و خوڕ,,ناو,ناو,,,,HIGH,,96560cf4-030d-4268-baea-87bb57cdf631,somaali,,,,,
3408,13225,تافتە,خۆرێک تەنراوی ئاوریشمە,کەرەستە,ناو,ناو,کولتووری › کەرەستە,,,HIGH,,96560cf4-030d-4268-baea-87bb57cdf631,somaali,,,,,
3409,13225,تافتە,رون داخ، داغ کراوی رون، قاڵ کراو,کەرەستە,ناو,ناو,کولتووری › کەرەستە,,,HIGH,,96560cf4-030d-4268-baea-87bb57cdf631,somaali,,,,,
3411,13226,تافگە,ئاو هەڵدێر، سەر وەشێن,,ناو,ناو,,,,HIGH,,96560cf4-030d-4268-baea-87bb57cdf631,somaali,,,,,
3412,13227,تافە,گوڕەو هاژەی ئاو و بای بە قوەت,سیفەت,ناو | ئاوەڵناو,,,,,LOW,"word carries several parts of speech (ناو / هاوەڵناو); a sense may only have one ; پۆل «سیفەت» is really the part of speech «هاوەڵناو» — routed nowhere, needs a decision",96560cf4-030d-4268-baea-87bb57cdf631,somaali,,,,,
3413,13227,تافە,هەڵدێر، تافگە,سیفەت,ناو | ئاوەڵناو,,,,,LOW,"word carries several parts of speech (ناو / هاوەڵناو); a sense may only have one ; پۆل «سیفەت» is really the part of speech «هاوەڵناو» — routed nowhere, needs a decision",96560cf4-030d-4268-baea-87bb57cdf631,somaali,,,,,
3415,13228,تافە ڕەشک,ڕەشکەو پێشکە کردنی چاوی ماندوو,نەخۆشی | سیفەت,ئاوەڵناو,هاوەڵناو,زانستیی پزیشکی › نەخۆشی,,,LOW,"پۆل «سیفەت» is really the part of speech «هاوەڵناو» — routed nowhere, needs a decision",96560cf4-030d-4268-baea-87bb57cdf631,somaali,,,,,
3416,13229,تافیتە,هەڵدێر، تافگە,شوێن,ناو | ئاوەڵناو,,ناو › شوێن,,,LOW,word carries several parts of speech (ناو / هاوەڵناو); a sense may only have one,96560cf4-030d-4268-baea-87bb57cdf631,somaali,,,,,
3417,13230,تاڤ,تیشکی خۆر و مانگ,دۆخی کەشوھەوا,ناو,ناو,,,,HIGH,پۆل «دۆخی کەشوھەوا» has no home among the deck's ten (see unmapped.csv),96560cf4-030d-4268-baea-87bb57cdf631,somaali,,,,,
3418,13230,تاڤ,ڕێژنە بارانی توند,دۆخی کەشوھەوا,ناو,ناو,,,,HIGH,پۆل «دۆخی کەشوھەوا» has no home among the deck's ten (see unmapped.csv),96560cf4-030d-4268-baea-87bb57cdf631,somaali,,,,,
3420,13231,تاڤگە,هەلدێر,شوێن | سیفەت,ناو | ئاوەڵناو,,ناو › شوێن,,,LOW,"word carries several parts of speech (ناو / هاوەڵناو); a sense may only have one ; پۆل «سیفەت» is really the part of speech «هاوەڵناو» — routed nowhere, needs a decision",96560cf4-030d-4268-baea-87bb57cdf631,somaali,,,,,
3421,13232,تاڤل,زۆر زوو، هەر لەجێ، زوو بە زوو,کات,ناو | ئاوەڵناو,,,,,LOW,word carries several parts of speech (ناو / هاوەڵناو); a sense may only have one ; پۆل «کات» has no home among the deck's ten (see unmapped.csv),96560cf4-030d-4268-baea-87bb57cdf631,somaali,,,,,
3422,13232,تاڤل,سانا، رەحەت,کات,ناو | ئاوەڵناو,,,,,LOW,word carries several parts of speech (ناو / هاوەڵناو); a sense may only have one ; پۆل «کات» has no home among the deck's ten (see unmapped.csv),96560cf4-030d-4268-baea-87bb57cdf631,somaali,,,,,
3424,13233,تاڤەبەر,قوڵکە بەرد کە بارانی تێدا کۆ دەبێتەوە,شوێن,ناو,ناو,ناو › شوێن,,,HIGH,,96560cf4-030d-4268-baea-87bb57cdf631,somaali,,,,,
3425,13234,تاڤ هەیڤ,مانگەشەو، تیشکی مانگ,سیفەت | کات,ناو | ئاوەڵناو,,,,,LOW,"word carries several parts of speech (ناو / هاوەڵناو); a sense may only have one ; پۆل «سیفەت» is really the part of speech «هاوەڵناو» — routed nowhere, needs a decision ; پۆل «کات» has no home among the deck's ten (see unmapped.csv)",96560cf4-030d-4268-baea-87bb57cdf631,somaali,,,,,
3426,13235,تاڤی,تاوی باران، ڕێژنە باران,سیفەت | دۆخی کەشوھەوا,ناو | ئاوەڵناو,,,,,LOW,"word carries several parts of speech (ناو / هاوەڵناو); a sense may only have one ; پۆل «سیفەت» is really the part of speech «هاوەڵناو» — routed nowhere, needs a decision ; پۆل «دۆخی کەشوھەوا» has no home among the deck's ten (see unmapped.csv)",96560cf4-030d-4268-baea-87bb57cdf631,somaali,,,,,
3427,13236,تاق تاق,یەک یەک,سیفەت,ئاوەڵناو,هاوەڵناو,,,,LOW,"پۆل «سیفەت» is really the part of speech «هاوەڵناو» — routed nowhere, needs a decision",96560cf4-030d-4268-baea-87bb57cdf631,somaali,,,,,
3428,13237,تاقچە,رفحەی پەل، تاقەی جوک,,ناو,ناو,,,,HIGH,,96560cf4-030d-4268-baea-87bb57cdf631,somaali,,,,,
3429,13238,تاقڕانی,یەک قرانی زیو,کەرەستە,ناو,ناو,کولتووری › کەرەستە,,,HIGH,,96560cf4-030d-4268-baea-87bb57cdf631,somaali,,,,,
3430,13239,تاقمان لە جوت,یاری تاک و جوت,ئەنجامدانی کارێک,ناو,ناو,,,,LOW,"پۆل «ئەنجامدانی کارێک» is really the part of speech «کار» — routed nowhere, needs a decision ; پۆل says «کار», جۆری وشە says «ناو» — they disagree",96560cf4-030d-4268-baea-87bb57cdf631,somaali,,,,,
3431,13240,تاڤێر,جەنازە، تەرم، کەلەش، جەندەک,کەرەستە,ناو,ناو,کولتووری › کەرەستە,,,HIGH,,96560cf4-030d-4268-baea-87bb57cdf631,somaali,,,,,
3432,13240,تاڤێر,تابوت، داربەستی مردوو گوێستنەوە,کەرەستە,ناو,ناو,کولتووری › کەرەستە,,,HIGH,,96560cf4-030d-4268-baea-87bb57cdf631,somaali,,,,,
3433,13240,تاڤێر,ئەوەندە دەنکەی جاریک لە ساج دابۆ دەردێ,کەرەستە,ناو,ناو,کولتووری › کەرەستە,,,HIGH,,96560cf4-030d-4268-baea-87bb57cdf631,somaali,,,,,
3434,13240,تاڤێر,قوڵکە بەردێ کە ئاوی باران ڕادەگرێ,کەرەستە,ناو,ناو,کولتووری › کەرەستە,,,HIGH,,96560cf4-030d-4268-baea-87bb57cdf631,somaali,,,,,
3435,13240,تاڤێر,بەردی پانی نان برژاندن لە باتی ساج,کەرەستە,ناو,ناو,کولتووری › کەرەستە,,,HIGH,,96560cf4-030d-4268-baea-87bb57cdf631,somaali,,,,,
3436,13240,تاڤێر,بەردی خلۆرەوە بوو لە بەرزی کێڤدا,کەرەستە,ناو,ناو,کولتووری › کەرەستە,,,HIGH,,96560cf4-030d-4268-baea-87bb57cdf631,somaali,,,,,
3442,13241,تاق,تاک بەرانبەری جووت,کەرەستە | سیفەت,ناو | ئاوەڵناو,,کولتووری › کەرەستە,,,LOW,"word carries several parts of speech (ناو / هاوەڵناو); a sense may only have one ; پۆل «سیفەت» is really the part of speech «هاوەڵناو» — routed nowhere, needs a decision",96560cf4-030d-4268-baea-87bb57cdf631,somaali,,,,,
3443,13241,تاق,بێ هاوتا و بێ وێنە,کەرەستە | سیفەت,ناو | ئاوەڵناو,,کولتووری › کەرەستە,,,LOW,"word carries several parts of speech (ناو / هاوەڵناو); a sense may only have one ; پۆل «سیفەت» is really the part of speech «هاوەڵناو» — routed nowhere, needs a decision",96560cf4-030d-4268-baea-87bb57cdf631,somaali,,,,,
3444,13241,تاق,میچی بە کەوانە,کەرەستە | سیفەت,ناو | ئاوەڵناو,,کولتووری › کەرەستە,,,LOW,"word carries several parts of speech (ناو / هاوەڵناو); a sense may only have one ; پۆل «سیفەت» is really the part of speech «هاوەڵناو» — routed nowhere, needs a decision",96560cf4-030d-4268-baea-87bb57cdf631,somaali,,,,,
3445,13241,تاق,دەلاقە، رفحەی قوڵ، تاقە,کەرەستە | سیفەت,ناو | ئاوەڵناو,,کولتووری › کەرەستە,,,LOW,"word carries several parts of speech (ناو / هاوەڵناو); a sense may only have one ; پۆل «سیفەت» is really the part of speech «هاوەڵناو» — routed nowhere, needs a decision",96560cf4-030d-4268-baea-87bb57cdf631,somaali,,,,,
3446,13241,تاق,گونبەز,کەرەستە | سیفەت,ناو | ئاوەڵناو,,کولتووری › کەرەستە,,,LOW,"word carries several parts of speech (ناو / هاوەڵناو); a sense may only have one ; پۆل «سیفەت» is really the part of speech «هاوەڵناو» — routed nowhere, needs a decision",96560cf4-030d-4268-baea-87bb57cdf631,somaali,,,,,
3447,13241,تاق,کەوڵی مەڕ و بزن,کەرەستە | سیفەت,ناو | ئاوەڵناو,,کولتووری › کەرەستە,,,LOW,"word carries several parts of speech (ناو / هاوەڵناو); a sense may only have one ; پۆل «سیفەت» is really the part of speech «هاوەڵناو» — routed nowhere, needs a decision",96560cf4-030d-4268-baea-87bb57cdf631,somaali,,,,,
3448,13241,تاق,بەشێ لە بیست و چوار بەشی ئاو,کەرەستە | سیفەت,ناو | ئاوەڵناو,,کولتووری › کەرەستە,,,LOW,"word carries several parts of speech (ناو / هاوەڵناو); a sense may only have one ; پۆل «سیفەت» is really the part of speech «هاوەڵناو» — routed nowhere, needs a decision",96560cf4-030d-4268-baea-87bb57cdf631,somaali,,,,,
3449,13241,تاق,نیمڕۆژە ڕێگە، دانیک,کەرەستە | سیفەت,ناو | ئاوەڵناو,,کولتووری › کەرەستە,,,LOW,"word carries several parts of speech (ناو / هاوەڵناو); a sense may only have one ; پۆل «سیفەت» is really the part of speech «هاوەڵناو» — routed nowhere, needs a decision",96560cf4-030d-4268-baea-87bb57cdf631,somaali,,,,,
3457,13242,تاقانە,تەنیا فر زاندی دای و باب,کەس | سیفەت,ناو | ئاوەڵناو,,ناو › کەس,,,LOW,"word carries several parts of speech (ناو / هاوەڵناو); a sense may only have one ; پۆل «سیفەت» is really the part of speech «هاوەڵناو» — routed nowhere, needs a decision",96560cf4-030d-4268-baea-87bb57cdf631,somaali,,,,,
3458,13242,تاقانە,تەنیا کوڕ لە ناو خوشکاندا,کەس | سیفەت,ناو | ئاوەڵناو,,ناو › کەس,,,LOW,"word carries several parts of speech (ناو / هاوەڵناو); a sense may only have one ; پۆل «سیفەت» is really the part of speech «هاوەڵناو» — routed nowhere, needs a decision",96560cf4-030d-4268-baea-87bb57cdf631,somaali,,,,,
3459,13242,تاقانە,بێ وێنە و هەڵکەوتە,کەس | سیفەت,ناو | ئاوەڵناو,,ناو › کەس,,,LOW,"word carries several parts of speech (ناو / هاوەڵناو); a sense may only have one ; پۆل «سیفەت» is really the part of speech «هاوەڵناو» — routed nowhere, needs a decision",96560cf4-030d-4268-baea-87bb57cdf631,somaali,,,,,
3462,13243,تاقتاقکەرە,قژاوکە، توتەک، باڵدارێکە شەو تا ڕۆژ دەڵێ((تووت تووت)),گیانلەبەر,ناو,ناو,,,,HIGH,پۆل «گیانلەبەر» has no home among the deck's ten (see unmapped.csv),96560cf4-030d-4268-baea-87bb57cdf631,somaali,,,,,
3463,13244,تاقم,دەستی دەفری چینی,کەرەستە,ناو,ناو,کولتووری › کەرەستە,,,HIGH,,96560cf4-030d-4268-baea-87bb57cdf631,somaali,,,,,
3464,13244,تاقم,دەستەی هاوکار,کەرەستە,ناو,ناو,کولتووری › کەرەستە,,,HIGH,,96560cf4-030d-4268-baea-87bb57cdf631,somaali,,,,,
3465,13244,تاقم,ددانی دەسکرد,کەرەستە,ناو,ناو,کولتووری › کەرەستە,,,HIGH,,96560cf4-030d-4268-baea-87bb57cdf631,somaali,,,,,
3468,13245,تاقمانەجفت,تاقمان لە جووت,,ناو,ناو,,,,HIGH,,96560cf4-030d-4268-baea-87bb57cdf631,somaali,,,,,
3469,13246,تاقمانەجوت,تاقمان لە جووت,,ناو,ناو,,,,HIGH,,96560cf4-030d-4268-baea-87bb57cdf631,somaali,,,,,
3470,13247,تاقوا,تکا، خوایشت,ئەنجامدانی کارێک,ناو,ناو,,,,LOW,"پۆل «ئەنجامدانی کارێک» is really the part of speech «کار» — routed nowhere, needs a decision ; پۆل says «کار», جۆری وشە says «ناو» — they disagree",96560cf4-030d-4268-baea-87bb57cdf631,somaali,,,,,
3471,13248,تاق و تەنیا,بێ هیچ یاریکار و بێ خزم و کەس,سیفەت,ئاوەڵناو,هاوەڵناو,,,,LOW,"پۆل «سیفەت» is really the part of speech «هاوەڵناو» — routed nowhere, needs a decision",96560cf4-030d-4268-baea-87bb57cdf631,somaali,,,,,
3472,13249,تاق و جووت,یەک یەک و دە دە,سیفەت,ئاوەڵناو,هاوەڵناو,,,,LOW,"پۆل «سیفەت» is really the part of speech «هاوەڵناو» — routed nowhere, needs a decision",96560cf4-030d-4268-baea-87bb57cdf631,somaali,,,,,
3473,13250,تاق و لۆق,تاق تاق لە کۆمەڵ,سیفەت,ئاوەڵناو,هاوەڵناو,,,,LOW,"پۆل «سیفەت» is really the part of speech «هاوەڵناو» — routed nowhere, needs a decision",96560cf4-030d-4268-baea-87bb57cdf631,somaali,,,,,
3474,13251,تاق و لۆقە,تاق و لۆق,سیفەت,ئاوەڵناو,هاوەڵناو,,,,LOW,"پۆل «سیفەت» is really the part of speech «هاوەڵناو» — routed nowhere, needs a decision",96560cf4-030d-4268-baea-87bb57cdf631,somaali,,,,,
3475,13252,تاقە,رفەی قوڵ لە دیوار,کەرەستە,ناو,ناو,کولتووری › کەرەستە,,,HIGH,,96560cf4-030d-4268-baea-87bb57cdf631,somaali,,,,,
3476,13252,تاقە,پارچەیەکە دەکرێتە پشت کەوا,کەرەستە,ناو,ناو,کولتووری › کەرەستە,,,HIGH,,96560cf4-030d-4268-baea-87bb57cdf631,somaali,,,,,
3477,13252,تاقە,تۆپی قوماش,کەرەستە,ناو,ناو,کولتووری › کەرەستە,,,HIGH,,96560cf4-030d-4268-baea-87bb57cdf631,somaali,,,,,
3480,13253,تاقەت,هێز و توان، تا پشت،,سیفەت,ئاوەڵناو,هاوەڵناو,,,,LOW,"پۆل «سیفەت» is really the part of speech «هاوەڵناو» — routed nowhere, needs a decision",96560cf4-030d-4268-baea-87bb57cdf631,somaali,,,,,
3481,13253,تاقەت,سەبر و حەوسەڵە,سیفەت,ئاوەڵناو,هاوەڵناو,,,,LOW,"پۆل «سیفەت» is really the part of speech «هاوەڵناو» — routed nowhere, needs a decision",96560cf4-030d-4268-baea-87bb57cdf631,somaali,,,,,
3482,13253,تاقەت,وەشارتن(تاقەت کراو),سیفەت,ئاوەڵناو,هاوەڵناو,,,,LOW,"پۆل «سیفەت» is really the part of speech «هاوەڵناو» — routed nowhere, needs a decision",96560cf4-030d-4268-baea-87bb57cdf631,somaali,,,,,
3485,13254,تاقەت چون,وەرەزبون، حەوسەڵە بەسەر چون,سیفەت,ئاوەڵناو,هاوەڵناو,,,,LOW,"پۆل «سیفەت» is really the part of speech «هاوەڵناو» — routed nowhere, needs a decision",96560cf4-030d-4268-baea-87bb57cdf631,somaali,,,,,
3486,13255,تاقەت گرتن,ئارام بوون خۆ ڕاگرتن,سیفەت,ئاوەڵناو,هاوەڵناو,,,,LOW,"پۆل «سیفەت» is really the part of speech «هاوەڵناو» — routed nowhere, needs a decision",96560cf4-030d-4268-baea-87bb57cdf631,somaali,,,,,
3487,13256,تاقی تەنیا,بێ هەواڵ و کەس و کار,کەس | سیفەت,ناو | ئاوەڵناو,,ناو › کەس,,,LOW,"word carries several parts of speech (ناو / هاوەڵناو); a sense may only have one ; پۆل «سیفەت» is really the part of speech «هاوەڵناو» — routed nowhere, needs a decision",96560cf4-030d-4268-baea-87bb57cdf631,somaali,,,,,
3488,13257,تاقی کردنەوە,تەجرەبە کردن،ئەزمون، جەڕباندن,ئەنجامدانی کارێک,ناو,ناو,,,,LOW,"پۆل «ئەنجامدانی کارێک» is really the part of speech «کار» — routed nowhere, needs a decision ; پۆل says «کار», جۆری وشە says «ناو» — they disagree",96560cf4-030d-4268-baea-87bb57cdf631,somaali,,,,,
3489,13258,تاقیگە,ئەزمونگە، جێگەی ئەزموون,شوێن,ناو,ناو,ناو › شوێن,,,HIGH,,96560cf4-030d-4268-baea-87bb57cdf631,somaali,,,,,
3490,13259,تاقیەو کردن,تاقی کردنەوە,ئەنجامدانی کارێک,ناو,ناو,,,,LOW,"پۆل «ئەنجامدانی کارێک» is really the part of speech «کار» — routed nowhere, needs a decision ; پۆل says «کار», جۆری وشە says «ناو» — they disagree",96560cf4-030d-4268-baea-87bb57cdf631,somaali,,,,,
3491,13260,تاکاننەوە,جیاکردنەوە و هەڵوەژاردن,ئەنجامدانی کارێک,ناو,ناو,,,,LOW,"پۆل «ئەنجامدانی کارێک» is really the part of speech «کار» — routed nowhere, needs a decision ; پۆل says «کار», جۆری وشە says «ناو» — they disagree",96560cf4-030d-4268-baea-87bb57cdf631,somaali,,,,,
3492,13261,تاکانە,تاقانە,کەس | سیفەت,ناو | ئاوەڵناو,,ناو › کەس,,,LOW,"word carries several parts of speech (ناو / هاوەڵناو); a sense may only have one ; پۆل «سیفەت» is really the part of speech «هاوەڵناو» — routed nowhere, needs a decision",96560cf4-030d-4268-baea-87bb57cdf631,somaali,,,,,
3493,13262,ئاخسبات,پازدە ڕۆژی ئاخری چلەی زستان,کات,ژمارە,,,,,LOW,جۆری وشە «ژمارە» has no equivalent among the seven ; پۆل «کات» has no home among the deck's ten (see unmapped.csv),f65f7d2f-996a-4df7-a10e-c6e846940032,ahmadaziz,,,,,
3495,13263,ئاخش,ئۆخەی، ئای چەند خۆشە,سیفەت,ئاوەڵناو,هاوەڵناو,,,,LOW,"پۆل «سیفەت» is really the part of speech «هاوەڵناو» — routed nowhere, needs a decision",f65f7d2f-996a-4df7-a10e-c6e846940032,ahmadaziz,,,,,
3497,13264,ئاخڵە,خەرمانەی دەوارەی مانگ,دۆخی کەشوھەوا,ناو,ناو,,ڕەگەز=بێلایەن,,HIGH,پۆل «دۆخی کەشوھەوا» has no home among the deck's ten (see unmapped.csv),f65f7d2f-996a-4df7-a10e-c6e846940032,ahmadaziz,,,,,
3499,13265,ئاخڵەوێک,تاوەی شت تێدا سوورکردنەوە,کەرەستە,ناو,ناو,کولتووری › کەرەستە,ڕەگەز=بێلایەن,,HIGH,,f65f7d2f-996a-4df7-a10e-c6e846940032,ahmadaziz,,,,,
3501,13266,ئاخڵێف,بافیش، دەلەسە و درۆ,سیفەت,ئاوەڵناو,هاوەڵناو,,,,LOW,"پۆل «سیفەت» is really the part of speech «هاوەڵناو» — routed nowhere, needs a decision",f65f7d2f-996a-4df7-a10e-c6e846940032,ahmadaziz,,,,,
3503,13267,ئاخلێڤە,ھەوەڵ بەھار کە شینکە بەحاڵ حاستەم سەری دەرێناوە,دۆخی کەشوھەوا,ناو,ناو,,ڕەگەز=بێلایەن,,HIGH,پۆل «دۆخی کەشوھەوا» has no home among the deck's ten (see unmapped.csv),f65f7d2f-996a-4df7-a10e-c6e846940032,ahmadaziz,,,,,
3505,13268,ئاخن,پەستاوتە، ناوەڕۆک,کەرەستە,ئاوەڵناو,هاوەڵناو,کولتووری › کەرەستە,,,HIGH,,f65f7d2f-996a-4df7-a10e-c6e846940032,ahmadaziz,,,,,
3506,13268,ئاخن,آگنە,کەرەستە,ئاوەڵناو,هاوەڵناو,کولتووری › کەرەستە,,,HIGH,,f65f7d2f-996a-4df7-a10e-c6e846940032,ahmadaziz,,,,,
3507,13269,ئاخناو,پەستراو، پەستواو,ئەنجامدانی کارێک,کار,کار,,,,LOW,"پۆل «ئەنجامدانی کارێک» is really the part of speech «کار» — routed nowhere, needs a decision",f65f7d2f-996a-4df7-a10e-c6e846940032,ahmadaziz,,,,,
3508,13270,ئاخنەبا,دواڕۆژەکانی زستان,کات,ئاوەڵکار,هاوەڵکار,,,,HIGH,پۆل «کات» has no home among the deck's ten (see unmapped.csv),f65f7d2f-996a-4df7-a10e-c6e846940032,ahmadaziz,,,,,
3509,13271,ئاخنین,تێ پەستاوتن، بەزۆر تێڕاکردن,ئەنجامدانی کارێک,ئاوەڵکار,هاوەڵکار,,,,LOW,"پۆل «ئەنجامدانی کارێک» is really the part of speech «کار» — routed nowhere, needs a decision ; پۆل says «کار», جۆری وشە says «هاوەڵکار» — they disagree",f65f7d2f-996a-4df7-a10e-c6e846940032,ahmadaziz,,,,,
3510,13272,ئاخنینەوە,خەریکی ئاخنینەوەی پیستە پەنیرانم، دوو پیستەم ئاخنیوەتەوە,ئەنجامدانی کارێک,ئاوەڵکار,هاوەڵکار,,,,LOW,"پۆل «ئەنجامدانی کارێک» is really the part of speech «کار» — routed nowhere, needs a decision ; پۆل says «کار», جۆری وشە says «هاوەڵکار» — they disagree",f65f7d2f-996a-4df7-a10e-c6e846940032,ahmadaziz,,,,,
3512,13273,ئاخۆ,ئایا، توبێژی، لەوانەیە,وشەی پرس,بانگکردن,,,,,LOW,جۆری وشە «بانگکردن» has no equivalent among the seven ; پۆل «وشەی پرس» has no home among the deck's ten (see unmapped.csv),f65f7d2f-996a-4df7-a10e-c6e846940032,ahmadaziz,,,,,
3513,13274,ئاخوڕ,شوێنی ھەڵبەستراو بۆ جێی خۆراکی ئاژەڵ، ئاڵفدان، ئافر,شوێن,ناو,ناو,ناو › شوێن,ڕەگەز=بێلایەن,,HIGH,,f65f7d2f-996a-4df7-a10e-c6e846940032,ahmadaziz,,,,,
3515,13275,ئاخون,مەلای عەجەمان,کەس,ناو,ناو,ناو › کەس,ڕەگەز=نێر,,HIGH,,f65f7d2f-996a-4df7-a10e-c6e846940032,ahmadaziz,,,,,
3517,13276,تاقەت کردن,نیاز پێک هێنان و جێبەجێکردنی کاری میوان، بۆ ڕەشە ماڵیش دەگوترێ: (میوانەکان تاقەت کە، وڵاخەکانم تاقەت کرد),ئەنجامدانی کارێک,کار,کار,,,,LOW,"پۆل «ئەنجامدانی کارێک» is really the part of speech «کار» — routed nowhere, needs a decision",96560cf4-030d-4268-baea-87bb57cdf631,somaali,,,,,
3518,13276,تاقەت کردن,شاردنەوەی شتێ لە خەڵک: (سێوەکانم تاقەت کردووە),ئەنجامدانی کارێک,کار,کار,,,,LOW,"پۆل «ئەنجامدانی کارێک» is really the part of speech «کار» — routed nowhere, needs a decision",96560cf4-030d-4268-baea-87bb57cdf631,somaali,,,,,
3520,13277,تاقی,ئەزمون، تەجرەبە,کەرەستە,ناو,ناو,کولتووری › کەرەستە,,,HIGH,,96560cf4-030d-4268-baea-87bb57cdf631,somaali,,,,,
3521,13277,تاقی,جۆرێک کڵاوی ژنانە,کەرەستە,ناو,ناو,کولتووری › کەرەستە,,,HIGH,,96560cf4-030d-4268-baea-87bb57cdf631,somaali,,,,,
3523,13278,تاک,تاق، تەک,گیانلەبەر | سیفەت,ناو | ئاوەڵناو,,,,,LOW,"word carries several parts of speech (ناو / هاوەڵناو); a sense may only have one ; پۆل «گیانلەبەر» has no home among the deck's ten (see unmapped.csv) ; پۆل «سیفەت» is really the part of speech «هاوەڵناو» — routed nowhere, needs a decision",96560cf4-030d-4268-baea-87bb57cdf631,somaali,,,,,
3524,13278,تاک,یەکانە، بڕەک، نێرە بەراز,گیانلەبەر | سیفەت,ناو | ئاوەڵناو,,,,,LOW,"word carries several parts of speech (ناو / هاوەڵناو); a sense may only have one ; پۆل «گیانلەبەر» has no home among the deck's ten (see unmapped.csv) ; پۆل «سیفەت» is really the part of speech «هاوەڵناو» — routed nowhere, needs a decision",96560cf4-030d-4268-baea-87bb57cdf631,somaali,,,,,
3525,13278,تاک,وەکری، ئاواڵە,گیانلەبەر | سیفەت,ناو | ئاوەڵناو,,,,,LOW,"word carries several parts of speech (ناو / هاوەڵناو); a sense may only have one ; پۆل «گیانلەبەر» has no home among the deck's ten (see unmapped.csv) ; پۆل «سیفەت» is really the part of speech «هاوەڵناو» — routed nowhere, needs a decision",96560cf4-030d-4268-baea-87bb57cdf631,somaali,,,,,
3528,13279,تاکبونەوە,بەتەنیا مانەوە,سیفەت,ناو | ئاوەڵناو,,,,,LOW,"word carries several parts of speech (ناو / هاوەڵناو); a sense may only have one ; پۆل «سیفەت» is really the part of speech «هاوەڵناو» — routed nowhere, needs a decision",96560cf4-030d-4268-baea-87bb57cdf631,somaali,,,,,
3529,13279,تاکبونەوە,جیابوونەوە لە کۆمەڵ,سیفەت,ناو | ئاوەڵناو,,,,,LOW,"word carries several parts of speech (ناو / هاوەڵناو); a sense may only have one ; پۆل «سیفەت» is really the part of speech «هاوەڵناو» — routed nowhere, needs a decision",96560cf4-030d-4268-baea-87bb57cdf631,somaali,,,,,
3531,13280,تاکنتاک کەرە,قژاوکەرە، نونەک,گیانلەبەر,ناو,ناو,,,,HIGH,پۆل «گیانلەبەر» has no home among the deck's ten (see unmapped.csv),96560cf4-030d-4268-baea-87bb57cdf631,somaali,,,,,
3532,13281,تاکو,هەتا: (تاکو من هاتم ئەو چوو),,,,,,,LOW,word has no جۆری وشە at all,96560cf4-030d-4268-baea-87bb57cdf631,somaali,,,,,
3534,13282,تاکوتووک,یەکێرە یەک لەوێ,سیفەت,ئاوەڵناو,هاوەڵناو,,,,LOW,"پۆل «سیفەت» is really the part of speech «هاوەڵناو» — routed nowhere, needs a decision",96560cf4-030d-4268-baea-87bb57cdf631,somaali,,,,,
3535,13282,تاکوتووک,بەدەگمەن,سیفەت,ئاوەڵناو,هاوەڵناو,,,,LOW,"پۆل «سیفەت» is really the part of speech «هاوەڵناو» — routed nowhere, needs a decision",96560cf4-030d-4268-baea-87bb57cdf631,somaali,,,,,
3537,13283,تاک و تەرا,تاکو توک,سیفەت,ئاوەڵناو,هاوەڵناو,,,,LOW,"پۆل «سیفەت» is really the part of speech «هاوەڵناو» — routed nowhere, needs a decision",96560cf4-030d-4268-baea-87bb57cdf631,somaali,,,,,
3539,13284,تاکە,یەک بێچوو، بەرانبەری دوانە,کەرەستە | گیانلەبەر,ناو,ناو,کولتووری › کەرەستە,,,HIGH,پۆل «گیانلەبەر» has no home among the deck's ten (see unmapped.csv),96560cf4-030d-4268-baea-87bb57cdf631,somaali,,,,,
3540,13284,تاکە,سکەی تاقرانی زێو,کەرەستە | گیانلەبەر,ناو,ناو,کولتووری › کەرەستە,,,HIGH,پۆل «گیانلەبەر» has no home among the deck's ten (see unmapped.csv),96560cf4-030d-4268-baea-87bb57cdf631,somaali,,,,,
3542,13285,تاکە و تاک,لینگا و لینگ، کەوش یان جوتە قاڵێ کە تاکی تێک چوبێ,سیفەت,ئاوەڵناو,هاوەڵناو,,,,LOW,"پۆل «سیفەت» is really the part of speech «هاوەڵناو» — routed nowhere, needs a decision",96560cf4-030d-4268-baea-87bb57cdf631,somaali,,,,,
3543,13286,تاڵا,بەخت,سیفەت,ئاوەڵناو,هاوەڵناو,,,,LOW,"پۆل «سیفەت» is really the part of speech «هاوەڵناو» — routed nowhere, needs a decision",96560cf4-030d-4268-baea-87bb57cdf631,somaali,,,,,
3544,13287,تالار,باڵەخانە,شوێن,ناو,ناو,ناو › شوێن,,,HIGH,,96560cf4-030d-4268-baea-87bb57cdf631,somaali,,,,,
3545,13288,تاڵان,پووڕ، پویر، چەپاو، تاڵو,کانزا | سیفەت,ناو | ئاوەڵناو,,,,,LOW,"word carries several parts of speech (ناو / هاوەڵناو); a sense may only have one ; پۆل «کانزا» has no home among the deck's ten (see unmapped.csv) ; پۆل «سیفەت» is really the part of speech «هاوەڵناو» — routed nowhere, needs a decision",96560cf4-030d-4268-baea-87bb57cdf631,somaali,,,,,
3546,13289,تاڵان و بڕۆ,ئاژاوە، پشێوی، تێکە و لێکە,سیفەت,ناو | ئاوەڵناو,,,,,LOW,"word carries several parts of speech (ناو / هاوەڵناو); a sense may only have one ; پۆل «سیفەت» is really the part of speech «هاوەڵناو» — routed nowhere, needs a decision",96560cf4-030d-4268-baea-87bb57cdf631,somaali,,,,,
3547,13290,تاڵانە,باخچە,شوێن,ناو,ناو,ناو › شوێن,,,HIGH,,96560cf4-030d-4268-baea-87bb57cdf631,somaali,,,,,
3548,13291,تاڵانی,بە تاڵان براو,سیفەت,ئاوەڵناو,هاوەڵناو,,,,LOW,"پۆل «سیفەت» is really the part of speech «هاوەڵناو» — routed nowhere, needs a decision",96560cf4-030d-4268-baea-87bb57cdf631,somaali,,,,,
3549,13292,تاڵاو,زۆنگ، گۆرایی کە ئاو راوەستاوی تێدایە,شوێن | سیفەت,ناو | ئاوەڵناو,,ناو › شوێن,,,LOW,"word carries several parts of speech (ناو / هاوەڵناو); a sense may only have one ; پۆل «سیفەت» is really the part of speech «هاوەڵناو» — routed nowhere, needs a decision",96560cf4-030d-4268-baea-87bb57cdf631,somaali,,,,,
3550,13292,تاڵاو,برێتی لە دەرد و خەمی زۆر,شوێن | سیفەت,ناو | ئاوەڵناو,,ناو › شوێن,,,LOW,"word carries several parts of speech (ناو / هاوەڵناو); a sense may only have one ; پۆل «سیفەت» is really the part of speech «هاوەڵناو» — routed nowhere, needs a decision",96560cf4-030d-4268-baea-87bb57cdf631,somaali,,,,,
3552,13293,تالح,بەخت، سعود,سیفەت,ناو | ئاوەڵناو,,,,,LOW,"word carries several parts of speech (ناو / هاوەڵناو); a sense may only have one ; پۆل «سیفەت» is really the part of speech «هاوەڵناو» — routed nowhere, needs a decision",96560cf4-030d-4268-baea-87bb57cdf631,somaali,,,,,
3553,13294,تاڵخ,سنور، کەوشەن، تخوم، حدود,,ناو,ناو,,,,HIGH,,96560cf4-030d-4268-baea-87bb57cdf631,somaali,,,,,
3554,13295,تاڵگە,تاڵگە,,ناو,ناو,,,,HIGH,,96560cf4-030d-4268-baea-87bb57cdf631,somaali,,,,,
3555,13296,تاللار,باڵەخانە، تالار,شوێن,ناو,ناو,ناو › شوێن,,,HIGH,,96560cf4-030d-4268-baea-87bb57cdf631,somaali,,,,,
3556,13297,تاڵوو,تاڵک،,ئەنجامدانی کارێک,,,,,,LOW,"word has no جۆری وشە at all ; پۆل «ئەنجامدانی کارێک» is really the part of speech «کار» — routed nowhere, needs a decision",96560cf4-030d-4268-baea-87bb57cdf631,somaali,,,,,
3557,13297,تاڵوو,تاڵان,ئەنجامدانی کارێک,,,,,,LOW,"word has no جۆری وشە at all ; پۆل «ئەنجامدانی کارێک» is really the part of speech «کار» — routed nowhere, needs a decision",96560cf4-030d-4268-baea-87bb57cdf631,somaali,,,,,
3559,13298,تالوکە,هیلاک، جێگەی مەترسی,سیفەت,ناو | ئاوەڵناو,,,,,LOW,"word carries several parts of speech (ناو / هاوەڵناو); a sense may only have one ; پۆل «سیفەت» is really the part of speech «هاوەڵناو» — routed nowhere, needs a decision",96560cf4-030d-4268-baea-87bb57cdf631,somaali,,,,,
3560,13299,تاڵوکە,پەلە، لەز، عەجەلە,سیفەت,ئاوەڵناو,هاوەڵناو,,,,LOW,"پۆل «سیفەت» is really the part of speech «هاوەڵناو» — routed nowhere, needs a decision",96560cf4-030d-4268-baea-87bb57cdf631,somaali,,,,,
3561,13300,تاڵاوی,تاڵاو,شوێن,ناو,ناو,ناو › شوێن,,,HIGH,,96560cf4-030d-4268-baea-87bb57cdf631,somaali,,,,,
3562,13300,تاڵاوی,نیشتەجێ لە شوێنێ کە ئاوی تێدا راوەستاوە,شوێن,ناو,ناو,ناو › شوێن,,,HIGH,,96560cf4-030d-4268-baea-87bb57cdf631,somaali,,,,,
3564,13301,تاڵب,خوازەر، داواکار، بەتەما,کەس,ناو,ناو,ناو › کەس,,,HIGH,,96560cf4-030d-4268-baea-87bb57cdf631,somaali,,,,,
3565,13303,تاڵ بوون,بریەتی لە ڕەزاگران بوون,سیفەت,ئاوەڵناو,هاوەڵناو,,,,LOW,"پۆل «سیفەت» is really the part of speech «هاوەڵناو» — routed nowhere, needs a decision",96560cf4-030d-4268-baea-87bb57cdf631,somaali,,,,,
3566,13303,تاڵ بوون,بریەتی لە توڕەبوون,سیفەت,ئاوەڵناو,هاوەڵناو,,,,LOW,"پۆل «سیفەت» is really the part of speech «هاوەڵناو» — routed nowhere, needs a decision",96560cf4-030d-4268-baea-87bb57cdf631,somaali,,,,,
3568,13304,تاڵ داگەڕیان,ڕەش هەڵگەڕان لە توڕەیی و ڕک,سیفەت,ئاوەڵناو,هاوەڵناو,,,,LOW,"پۆل «سیفەت» is really the part of speech «هاوەڵناو» — routed nowhere, needs a decision",96560cf4-030d-4268-baea-87bb57cdf631,somaali,,,,,
3569,13305,تاڵدان,پێستە دەهەڵاڵ نان، دەباغی کردنی پێست,ئەنجامدانی کارێک,ناو,ناو,,,,LOW,"پۆل «ئەنجامدانی کارێک» is really the part of speech «کار» — routed nowhere, needs a decision ; پۆل says «کار», جۆری وشە says «ناو» — they disagree",96560cf4-030d-4268-baea-87bb57cdf631,somaali,,,,,
3570,13306,تاڵشاری,دەرمانێکی ڕەش و زۆر تام تاڵە بە عارەبی ((صبر)) ی پێدەڵێن,دەرمان,ناو,ناو,,,,HIGH,پۆل «دەرمان» has no home among the deck's ten (see unmapped.csv),96560cf4-030d-4268-baea-87bb57cdf631,somaali,,,,,
3571,13307,تاڵشک,تاڵیشکە، گیایەکی زۆر تاڵە، کەو حەزی لێدەکا,دەرمان,ناو,ناو,,,,HIGH,پۆل «دەرمان» has no home among the deck's ten (see unmapped.csv),96560cf4-030d-4268-baea-87bb57cdf631,somaali,,,,,
3572,13308,تاڵک,تاڵو، گیایەکە بنەکەی وەک دار دەسوتێنن و کۆڵۆی پێدەڵێن,میوە | ڕووەك,ناو,ناو,ڕووەکناسی › ڕووەك,,,HIGH,پۆل «میوە» has no home among the deck's ten (see unmapped.csv),96560cf4-030d-4268-baea-87bb57cdf631,somaali,,,,,
3575,13309,تاڵکە,جۆرێ گڕکەیە تا نەگەیوە تاڵە,,ناو,ناو,,,,HIGH,,96560cf4-030d-4268-baea-87bb57cdf631,somaali,,,,,
3576,13310,تاڵگ,تاڵیشکە، گیایەکە زۆر تاڵ، کەو حەزی لێدەکا,ڕووەك,ناو,ناو,ڕووەکناسی › ڕووەك,,,HIGH,,96560cf4-030d-4268-baea-87bb57cdf631,somaali,,,,,
3577,13311,تالوق,تەڵاقدانی کاتی و بە مەرج,ئەنجامدانی کارێک,ناو,ناو,,,,LOW,"پۆل «ئەنجامدانی کارێک» is really the part of speech «کار» — routed nowhere, needs a decision ; پۆل says «کار», جۆری وشە says «ناو» — they disagree",96560cf4-030d-4268-baea-87bb57cdf631,somaali,,,,,
3578,13312,تاڵە,ڕەشی خۆڵەمێشی، ڕەش کەوە، ئەسمەری ئاماڵ ڕەش,سیفەت | ڕەنگ,ئاوەڵناو,هاوەڵناو,,,,LOW,"پۆل «سیفەت» is really the part of speech «هاوەڵناو» — routed nowhere, needs a decision ; پۆل «ڕەنگ» has no home among the deck's ten (see unmapped.csv)",96560cf4-030d-4268-baea-87bb57cdf631,somaali,,,,,
3579,13312,تاڵە,بەخت، تاڵح,سیفەت | ڕەنگ,ئاوەڵناو,هاوەڵناو,,,,LOW,"پۆل «سیفەت» is really the part of speech «هاوەڵناو» — routed nowhere, needs a decision ; پۆل «ڕەنگ» has no home among the deck's ten (see unmapped.csv)",96560cf4-030d-4268-baea-87bb57cdf631,somaali,,,,,
3580,13312,تاڵە,پەزی سپی دەموچاو بۆر,سیفەت | ڕەنگ,ئاوەڵناو,هاوەڵناو,,,,LOW,"پۆل «سیفەت» is really the part of speech «هاوەڵناو» — routed nowhere, needs a decision ; پۆل «ڕەنگ» has no home among the deck's ten (see unmapped.csv)",96560cf4-030d-4268-baea-87bb57cdf631,somaali,,,,,
3581,13312,تاڵە,تاڵوی کۆڵۆ,سیفەت | ڕەنگ,ئاوەڵناو,هاوەڵناو,,,,LOW,"پۆل «سیفەت» is really the part of speech «هاوەڵناو» — routed nowhere, needs a decision ; پۆل «ڕەنگ» has no home among the deck's ten (see unmapped.csv)",96560cf4-030d-4268-baea-87bb57cdf631,somaali,,,,,
3582,13312,تاڵە,بێ فەڕ و شوم,سیفەت | ڕەنگ,ئاوەڵناو,هاوەڵناو,,,,LOW,"پۆل «سیفەت» is really the part of speech «هاوەڵناو» — routed nowhere, needs a decision ; پۆل «ڕەنگ» has no home among the deck's ten (see unmapped.csv)",96560cf4-030d-4268-baea-87bb57cdf631,somaali,,,,,
3583,13312,تاڵە,جۆرێ هەرزن,سیفەت | ڕەنگ,ئاوەڵناو,هاوەڵناو,,,,LOW,"پۆل «سیفەت» is really the part of speech «هاوەڵناو» — routed nowhere, needs a decision ; پۆل «ڕەنگ» has no home among the deck's ten (see unmapped.csv)",96560cf4-030d-4268-baea-87bb57cdf631,somaali,,,,,
3584,13312,تاڵە,مرۆر، دەنکێکی تاڵ لە ناو گەنمدا,سیفەت | ڕەنگ,ئاوەڵناو,هاوەڵناو,,,,LOW,"پۆل «سیفەت» is really the part of speech «هاوەڵناو» — routed nowhere, needs a decision ; پۆل «ڕەنگ» has no home among the deck's ten (see unmapped.csv)",96560cf4-030d-4268-baea-87bb57cdf631,somaali,,,,,
3591,13313,تالە,سوکەڵەی ناوی تاهیر و تەها,مرۆڤ,ناو,ناو,کولتووری › مرۆڤ,,,HIGH,,96560cf4-030d-4268-baea-87bb57cdf631,somaali,,,,,
3592,13314,تاڵەکە,مرۆر، دەنکێکی ڕەشی تاڵە لەناو گەنم پەیدا دەبێ,ڕووەك,ناو,ناو,ڕووەکناسی › ڕووەك,,,HIGH,,96560cf4-030d-4268-baea-87bb57cdf631,somaali,,,,,
3593,13315,تاڵی,تامی تاڵ، بریەتی لە دەردو مەینەت و کوڵو کەسەر,سیفەت,ئاوەڵناو,هاوەڵناو,,,,LOW,"پۆل «سیفەت» is really the part of speech «هاوەڵناو» — routed nowhere, needs a decision",96560cf4-030d-4268-baea-87bb57cdf631,somaali,,,,,
3595,13316,تاڵی توک,گیایەکە,ڕووەك,ناو,ناو,ڕووەکناسی › ڕووەك,,,HIGH,,96560cf4-030d-4268-baea-87bb57cdf631,somaali,,,,,
3596,13317,تاڵیش,تاڵگ، گیای کەوان,ڕووەك,ناو,ناو,ڕووەکناسی › ڕووەك,,,HIGH,,96560cf4-030d-4268-baea-87bb57cdf631,somaali,,,,,
3597,13318,تاڵیشاری,تاڵشاری,,ناو,ناو,,,,HIGH,,96560cf4-030d-4268-baea-87bb57cdf631,somaali,,,,,
3598,13319,تاڵیشک,تاڵگ,ڕووەك | ئەندامی جەستە,ناو,ناو,ڕووەکناسی › ڕووەك | زانستیی پزیشکی › ئەندامی جەستە,,,HIGH,,96560cf4-030d-4268-baea-87bb57cdf631,somaali,,,,,
3599,13319,تاڵیشک,کیسەی زراو، زراو,ڕووەك | ئەندامی جەستە,ناو,ناو,ڕووەکناسی › ڕووەك | زانستیی پزیشکی › ئەندامی جەستە,,,HIGH,,96560cf4-030d-4268-baea-87bb57cdf631,somaali,,,,,
3601,13320,تاڵیشکە,تاڵگ,ڕووەك,ناو,ناو,ڕووەکناسی › ڕووەك,,,HIGH,,96560cf4-030d-4268-baea-87bb57cdf631,somaali,,,,,
3602,13321,تالینتوس,گیایەکە لە تاڵیشکە دەچێ,ڕووەك,ناو,ناو,ڕووەکناسی › ڕووەك,,,HIGH,,96560cf4-030d-4268-baea-87bb57cdf631,somaali,,,,,
3603,13322,تاڵی و سوێری,بریەتی لە دەردو چەوسانەوەی زۆر,سیفەت,ئاوەڵناو,هاوەڵناو,,,,LOW,"پۆل «سیفەت» is really the part of speech «هاوەڵناو» — routed nowhere, needs a decision",96560cf4-030d-4268-baea-87bb57cdf631,somaali,,,,,
3604,13323,تام,چێژە,سیفەت,ئاوەڵناو,هاوەڵناو,,,,LOW,"پۆل «سیفەت» is really the part of speech «هاوەڵناو» — routed nowhere, needs a decision",96560cf4-030d-4268-baea-87bb57cdf631,somaali,,,,,
3605,13323,تام,چەورایی بۆ چێشت,سیفەت,ئاوەڵناو,هاوەڵناو,,,,LOW,"پۆل «سیفەت» is really the part of speech «هاوەڵناو» — routed nowhere, needs a decision",96560cf4-030d-4268-baea-87bb57cdf631,somaali,,,,,
3607,13324,تامار,تەم,سیفەت,ئاوەڵناو,هاوەڵناو,,,,LOW,"پۆل «سیفەت» is really the part of speech «هاوەڵناو» — routed nowhere, needs a decision",96560cf4-030d-4268-baea-87bb57cdf631,somaali,,,,,
3608,13325,تامازرو,ئاواتەواز، زۆر بە تاسە،,سیفەت,ئاوەڵناو,هاوەڵناو,,,,LOW,"پۆل «سیفەت» is really the part of speech «هاوەڵناو» — routed nowhere, needs a decision",96560cf4-030d-4268-baea-87bb57cdf631,somaali,,,,,
3609,13326,تامان,دەرکە یان دیواری لە شول تەنراو، چەپەر,کەرەستە,ناو,ناو,کولتووری › کەرەستە,,,HIGH,,96560cf4-030d-4268-baea-87bb57cdf631,somaali,,,,,
3610,13326,تامان,تەمەن، عمر,کەرەستە,ناو,ناو,کولتووری › کەرەستە,,,HIGH,,96560cf4-030d-4268-baea-87bb57cdf631,somaali,,,,,
3612,13327,تاماندن,موتوربەکردنی دار,ئەنجامدانی کارێک,ناو,ناو,,,,LOW,"پۆل «ئەنجامدانی کارێک» is really the part of speech «کار» — routed nowhere, needs a decision ; پۆل says «کار», جۆری وشە says «ناو» — they disagree",96560cf4-030d-4268-baea-87bb57cdf631,somaali,,,,,
3613,13328,تاماندی,موتوربەکراو,ڕووەك | سیفەت,ئاوەڵناو,هاوەڵناو,ڕووەکناسی › ڕووەك,,,LOW,"پۆل «سیفەت» is really the part of speech «هاوەڵناو» — routed nowhere, needs a decision",96560cf4-030d-4268-baea-87bb57cdf631,somaali,,,,,
3614,13329,تام خوا,چێژە، چێشتنی چێشت,سیفەت,ئاوەڵناو,هاوەڵناو,,,,LOW,"پۆل «سیفەت» is really the part of speech «هاوەڵناو» — routed nowhere, needs a decision",96560cf4-030d-4268-baea-87bb57cdf631,somaali,,,,,
3615,13330,تام دار,خۆش چێژە,سیفەت,ئاوەڵناو,هاوەڵناو,,,,LOW,"پۆل «سیفەت» is really the part of speech «هاوەڵناو» — routed nowhere, needs a decision",96560cf4-030d-4268-baea-87bb57cdf631,somaali,,,,,
3616,13331,تامدان,رەکێش کردن بە زێڕ یان بە زیو,ئەنجامدانی کارێک,ناو,ناو,,,,LOW,"پۆل «ئەنجامدانی کارێک» is really the part of speech «کار» — routed nowhere, needs a decision ; پۆل says «کار», جۆری وشە says «ناو» — they disagree",96560cf4-030d-4268-baea-87bb57cdf631,somaali,,,,,
3617,13332,تامژاندن,فێرکردنی ساوا بۆ مەمک مژین,ئەنجامدانی کارێک,ناو,ناو,,,,LOW,"پۆل «ئەنجامدانی کارێک» is really the part of speech «کار» — routed nowhere, needs a decision ; پۆل says «کار», جۆری وشە says «ناو» — they disagree",96560cf4-030d-4268-baea-87bb57cdf631,somaali,,,,,
3618,13333,تامژین,فێربوونی مەمک مژین,ئەنجامدانی کارێک,کار,کار,,,,LOW,"پۆل «ئەنجامدانی کارێک» is really the part of speech «کار» — routed nowhere, needs a decision",96560cf4-030d-4268-baea-87bb57cdf631,somaali,,,,,
3619,13334,تاڵ,تامی هەرە ناخۆش، بەرانبەری شیرین، تەحل,کەرەستە | سیفەت,ناو | ئاوەڵناو,,کولتووری › کەرەستە,,,LOW,"word carries several parts of speech (ناو / هاوەڵناو); a sense may only have one ; پۆل «سیفەت» is really the part of speech «هاوەڵناو» — routed nowhere, needs a decision",96560cf4-030d-4268-baea-87bb57cdf631,somaali,,,,,
3620,13334,تاڵ,کەمانچەی مۆسیقا,کەرەستە | سیفەت,ناو | ئاوەڵناو,,کولتووری › کەرەستە,,,LOW,"word carries several parts of speech (ناو / هاوەڵناو); a sense may only have one ; پۆل «سیفەت» is really the part of speech «هاوەڵناو» — routed nowhere, needs a decision",96560cf4-030d-4268-baea-87bb57cdf631,somaali,,,,,
3621,13334,تاڵ,دەرمانی پێستە خۆش کردن، هەڵاڵ,کەرەستە | سیفەت,ناو | ئاوەڵناو,,کولتووری › کەرەستە,,,LOW,"word carries several parts of speech (ناو / هاوەڵناو); a sense may only have one ; پۆل «سیفەت» is really the part of speech «هاوەڵناو» — routed nowhere, needs a decision",96560cf4-030d-4268-baea-87bb57cdf631,somaali,,,,,
3622,13334,تاڵ,هەوای زۆر ناخۆش و بە بەفر و باران,کەرەستە | سیفەت,ناو | ئاوەڵناو,,کولتووری › کەرەستە,,,LOW,"word carries several parts of speech (ناو / هاوەڵناو); a sense may only have one ; پۆل «سیفەت» is really the part of speech «هاوەڵناو» — routed nowhere, needs a decision",96560cf4-030d-4268-baea-87bb57cdf631,somaali,,,,,
3623,13334,تاڵ,سیڵ,کەرەستە | سیفەت,ناو | ئاوەڵناو,,کولتووری › کەرەستە,,,LOW,"word carries several parts of speech (ناو / هاوەڵناو); a sense may only have one ; پۆل «سیفەت» is really the part of speech «هاوەڵناو» — routed nowhere, needs a decision",96560cf4-030d-4268-baea-87bb57cdf631,somaali,,,,,
3624,13334,تاڵ,داو، هەودا,کەرەستە | سیفەت,ناو | ئاوەڵناو,,کولتووری › کەرەستە,,,LOW,"word carries several parts of speech (ناو / هاوەڵناو); a sense may only have one ; پۆل «سیفەت» is really the part of speech «هاوەڵناو» — routed nowhere, needs a decision",96560cf4-030d-4268-baea-87bb57cdf631,somaali,,,,,
3625,13334,تاڵ,ئامرازێکی مۆسیقایە,کەرەستە | سیفەت,ناو | ئاوەڵناو,,کولتووری › کەرەستە,,,LOW,"word carries several parts of speech (ناو / هاوەڵناو); a sense may only have one ; پۆل «سیفەت» is really the part of speech «هاوەڵناو» — routed nowhere, needs a decision",96560cf4-030d-4268-baea-87bb57cdf631,somaali,,,,,
3626,13334,تاڵ,ڕەشی مەیلەو زەرد یان زەردی مەیلەو ڕەش,کەرەستە | سیفەت,ناو | ئاوەڵناو,,کولتووری › کەرەستە,,,LOW,"word carries several parts of speech (ناو / هاوەڵناو); a sense may only have one ; پۆل «سیفەت» is really the part of speech «هاوەڵناو» — routed nowhere, needs a decision",96560cf4-030d-4268-baea-87bb57cdf631,somaali,,,,,
3627,13334,تاڵ,تاڵە، تاڵا، بەخت,کەرەستە | سیفەت,ناو | ئاوەڵناو,,کولتووری › کەرەستە,,,LOW,"word carries several parts of speech (ناو / هاوەڵناو); a sense may only have one ; پۆل «سیفەت» is really the part of speech «هاوەڵناو» — routed nowhere, needs a decision",96560cf4-030d-4268-baea-87bb57cdf631,somaali,,,,,
3636,13335,ئاخویرک,جۆرە مێشولەیەکی زۆر ورد,مێشولە,ناو,ناو,,ڕەگەز=دوولایەن,,HIGH,پۆل «مێشولە» has no home among the deck's ten (see unmapped.csv),f65f7d2f-996a-4df7-a10e-c6e846940032,ahmadaziz,,,,,
3637,13335,ئاخویرک,پێشی گەلەک ھور,مێشولە,ناو,ناو,,ڕەگەز=دوولایەن,,HIGH,پۆل «مێشولە» has no home among the deck's ten (see unmapped.csv),f65f7d2f-996a-4df7-a10e-c6e846940032,ahmadaziz,,,,,
3638,13336,ئاخەبان,گڵەبان، بانەناو، بانی لێک و لوس,ئەنجامدانی کارێک,ناو,ناو,,ڕەگەز=بێلایەن,,LOW,"پۆل «ئەنجامدانی کارێک» is really the part of speech «کار» — routed nowhere, needs a decision ; پۆل says «کار», جۆری وشە says «ناو» — they disagree",f65f7d2f-996a-4df7-a10e-c6e846940032,ahmadaziz,,,,,
3639,13337,ئاخەبانو,جامانە، ئاغابانو،,کەرەستە,ناو,ناو,کولتووری › کەرەستە,ڕەگەز=نێر,,HIGH,,f65f7d2f-996a-4df7-a10e-c6e846940032,ahmadaziz,,,,,
3641,13338,ئاخەلێوە,ئاخلێفە، کاتی تازە شین بوونی دەشت، سەرەتای بەھار,وەرز و مانگەکان,ناو,ناو,,ڕەگەز=بێلایەن,,HIGH,پۆل «وەرز و مانگەکان» has no home among the deck's ten (see unmapped.csv),f65f7d2f-996a-4df7-a10e-c6e846940032,ahmadaziz,,,,,
3643,13339,ئاخ ھەڵکێشان,لەخەمان ئاخ و داخ گوتن,سیفەت,ئاوەڵناو,هاوەڵناو,,,,LOW,"پۆل «سیفەت» is really the part of speech «هاوەڵناو» — routed nowhere, needs a decision",f65f7d2f-996a-4df7-a10e-c6e846940032,ahmadaziz,,,,,
3645,13340,ئاخی,یاخی، یاغی، سەرکێش، پێ چەقین,سیفەت,ئاوەڵناو | ئاوەڵکار,,,,,LOW,"word carries several parts of speech (هاوەڵناو / هاوەڵکار); a sense may only have one ; پۆل «سیفەت» is really the part of speech «هاوەڵناو» — routed nowhere, needs a decision",f65f7d2f-996a-4df7-a10e-c6e846940032,ahmadaziz,,,,,
3647,13341,تامسار,چێژە ناخۆش,سیفەت,ئاوەڵناو,هاوەڵناو,,,,LOW,"پۆل «سیفەت» is really the part of speech «هاوەڵناو» — routed nowhere, needs a decision",96560cf4-030d-4268-baea-87bb57cdf631,somaali,,,,,
3648,13342,تامک,چەشتەی تەڵە، چێژەی داو,سیفەت,ئاوەڵناو,هاوەڵناو,,,,LOW,"پۆل «سیفەت» is really the part of speech «هاوەڵناو» — routed nowhere, needs a decision",96560cf4-030d-4268-baea-87bb57cdf631,somaali,,,,,
3649,13343,تام و بۆ,چێژە و بۆن و بەرامە,سیفەت,ئاوەڵناو,هاوەڵناو,,,,LOW,"پۆل «سیفەت» is really the part of speech «هاوەڵناو» — routed nowhere, needs a decision",96560cf4-030d-4268-baea-87bb57cdf631,somaali,,,,,
3650,13344,تام و خوێ,چێشتی ڕؤن و ئاو,خواردن | سیفەت,ناو | ئاوەڵناو,,کولتووری › خواردن,,,LOW,"word carries several parts of speech (ناو / هاوەڵناو); a sense may only have one ; پۆل «سیفەت» is really the part of speech «هاوەڵناو» — routed nowhere, needs a decision",96560cf4-030d-4268-baea-87bb57cdf631,somaali,,,,,
3651,13345,تاموسک,داموسک، داوی کلکی یەکسم,,ناو,ناو,,,,HIGH,,96560cf4-030d-4268-baea-87bb57cdf631,somaali,,,,,
3652,13346,تامەزرۆ,تامازرۆ,سیفەت,ئاوەڵناو,هاوەڵناو,,,,LOW,"پۆل «سیفەت» is really the part of speech «هاوەڵناو» — routed nowhere, needs a decision",96560cf4-030d-4268-baea-87bb57cdf631,somaali,,,,,
3653,13347,تامی دان,گزۆفت، خواردن لەبەرچاوی کەسێ و بەش نەدانی,ئەنجامدانی کارێک,چاوگ,چاوگ,,,,LOW,"پۆل «ئەنجامدانی کارێک» is really the part of speech «کار» — routed nowhere, needs a decision ; پۆل says «کار», جۆری وشە says «چاوگ» — they disagree",96560cf4-030d-4268-baea-87bb57cdf631,somaali,,,,,
3654,13348,تامیسک,زیپکەی لا لێو لە سۆنگەی تا و نۆبەتێ وە,نەخۆشی,ناو,ناو,زانستیی پزیشکی › نەخۆشی,,,HIGH,,96560cf4-030d-4268-baea-87bb57cdf631,somaali,,,,,
3666,13349,تان,کات، وەخت,شوێن | سیفەت | ئەنجامدانی کارێک | کات,ناو | ئاوەڵناو,,ناو › شوێن,,,LOW,"word carries several parts of speech (ناو / هاوەڵناو); a sense may only have one ; پۆل «سیفەت» is really the part of speech «هاوەڵناو» — routed nowhere, needs a decision ; پۆل «ئەنجامدانی کارێک» is really the part of speech «کار» — routed nowhere, needs a decision ; پۆل «کات» has no home among the deck's ten (see unmapped.csv)",96560cf4-030d-4268-baea-87bb57cdf631,somaali,,,,,
3667,13349,تان,هێز و توان,شوێن | سیفەت | ئەنجامدانی کارێک | کات,ناو | ئاوەڵناو,,ناو › شوێن,,,LOW,"word carries several parts of speech (ناو / هاوەڵناو); a sense may only have one ; پۆل «سیفەت» is really the part of speech «هاوەڵناو» — routed nowhere, needs a decision ; پۆل «ئەنجامدانی کارێک» is really the part of speech «کار» — routed nowhere, needs a decision ; پۆل «کات» has no home among the deck's ten (see unmapped.csv)",96560cf4-030d-4268-baea-87bb57cdf631,somaali,,,,,
3668,13349,تان,ڕاهێڵی تەون,شوێن | سیفەت | ئەنجامدانی کارێک | کات,ناو | ئاوەڵناو,,ناو › شوێن,,,LOW,"word carries several parts of speech (ناو / هاوەڵناو); a sense may only have one ; پۆل «سیفەت» is really the part of speech «هاوەڵناو» — routed nowhere, needs a decision ; پۆل «ئەنجامدانی کارێک» is really the part of speech «کار» — routed nowhere, needs a decision ; پۆل «کات» has no home among the deck's ten (see unmapped.csv)",96560cf4-030d-4268-baea-87bb57cdf631,somaali,,,,,
3669,13349,تان,تیغە، نێوان,شوێن | سیفەت | ئەنجامدانی کارێک | کات,ناو | ئاوەڵناو,,ناو › شوێن,,,LOW,"word carries several parts of speech (ناو / هاوەڵناو); a sense may only have one ; پۆل «سیفەت» is really the part of speech «هاوەڵناو» — routed nowhere, needs a decision ; پۆل «ئەنجامدانی کارێک» is really the part of speech «کار» — routed nowhere, needs a decision ; پۆل «کات» has no home among the deck's ten (see unmapped.csv)",96560cf4-030d-4268-baea-87bb57cdf631,somaali,,,,,
3670,13349,تان,پەڵەی سەر گلێنە چاو,شوێن | سیفەت | ئەنجامدانی کارێک | کات,ناو | ئاوەڵناو,,ناو › شوێن,,,LOW,"word carries several parts of speech (ناو / هاوەڵناو); a sense may only have one ; پۆل «سیفەت» is really the part of speech «هاوەڵناو» — routed nowhere, needs a decision ; پۆل «ئەنجامدانی کارێک» is really the part of speech «کار» — routed nowhere, needs a decision ; پۆل «کات» has no home among the deck's ten (see unmapped.csv)",96560cf4-030d-4268-baea-87bb57cdf631,somaali,,,,,
3671,13349,تان,تامان، دیواری لە چەپەر، دیواری لە شۆل,شوێن | سیفەت | ئەنجامدانی کارێک | کات,ناو | ئاوەڵناو,,ناو › شوێن,,,LOW,"word carries several parts of speech (ناو / هاوەڵناو); a sense may only have one ; پۆل «سیفەت» is really the part of speech «هاوەڵناو» — routed nowhere, needs a decision ; پۆل «ئەنجامدانی کارێک» is really the part of speech «کار» — routed nowhere, needs a decision ; پۆل «کات» has no home among the deck's ten (see unmapped.csv)",96560cf4-030d-4268-baea-87bb57cdf631,somaali,,,,,
3677,13350,تانج,کڵاوی قوچ,کەرەستە,ناو,ناو,کولتووری › کەرەستە,,,HIGH,,96560cf4-030d-4268-baea-87bb57cdf631,somaali,,,,,
3678,13350,تانج,کڵاوی پاشایان,کەرەستە,ناو,ناو,کولتووری › کەرەستە,,,HIGH,,96560cf4-030d-4268-baea-87bb57cdf631,somaali,,,,,
3680,13351,تانجۆکە,لێزگەموروی سەرتوێڵ,,ناو,ناو,,,,HIGH,,96560cf4-030d-4268-baea-87bb57cdf631,somaali,,,,,
3681,13351,تانجۆکە,پەرچوکەی سەر هەنی,,ناو,ناو,,,,HIGH,,96560cf4-030d-4268-baea-87bb57cdf631,somaali,,,,,
3683,13352,تانجی,تاژی، سەگی ڕاو,گیانلەبەر,ناو,ناو,,,,HIGH,پۆل «گیانلەبەر» has no home among the deck's ten (see unmapped.csv),96560cf4-030d-4268-baea-87bb57cdf631,somaali,,,,,
3684,13353,تانجی پێغەمبەر,تاژی ئەحمەد ڕاوکەرە، باڵوک، حوشتر خوا، تاجیلۆکە,گیانلەبەر,ناو,ناو,,,,HIGH,پۆل «گیانلەبەر» has no home among the deck's ten (see unmapped.csv),96560cf4-030d-4268-baea-87bb57cdf631,somaali,,,,,
3685,13354,تانجیک,کڵاوی گوڵ، کۆمەڵێ پەڕە گوڵ پێکەوە,کەرەستە,ناو,ناو,کولتووری › کەرەستە,,,HIGH,,96560cf4-030d-4268-baea-87bb57cdf631,somaali,,,,,
3686,13355,تانجیەوان,خزمەتکاری تاژیان,ئەنجامدانی کارێک,ناو,ناو,,,,LOW,"پۆل «ئەنجامدانی کارێک» is really the part of speech «کار» — routed nowhere, needs a decision ; پۆل says «کار», جۆری وشە says «ناو» — they disagree",96560cf4-030d-4268-baea-87bb57cdf631,somaali,,,,,
3687,13356,تان دەرکەوتن,بریتی لە زو کۆن بونی جل و پەڵاس,سیفەت,ئاوەڵناو | چاوگ,,,,,LOW,"word carries several parts of speech (هاوەڵناو / چاوگ); a sense may only have one ; پۆل «سیفەت» is really the part of speech «هاوەڵناو» — routed nowhere, needs a decision",96560cf4-030d-4268-baea-87bb57cdf631,somaali,,,,,
3688,13356,تان دەرکەوتن,برێتی لە حەیب و عار ئاشکرابوون,سیفەت,ئاوەڵناو | چاوگ,,,,,LOW,"word carries several parts of speech (هاوەڵناو / چاوگ); a sense may only have one ; پۆل «سیفەت» is really the part of speech «هاوەڵناو» — routed nowhere, needs a decision",96560cf4-030d-4268-baea-87bb57cdf631,somaali,,,,,
3690,13357,تانشین,تڵپی نیشتوو,خواردن,ناو,ناو,کولتووری › خواردن,,,HIGH,,96560cf4-030d-4268-baea-87bb57cdf631,somaali,,,,,
3691,13358,تانوپۆ,ڕاهێڵ و تێوەدان,ئەنجامدانی کارێک,کار,کار,,,,LOW,"پۆل «ئەنجامدانی کارێک» is really the part of speech «کار» — routed nowhere, needs a decision",96560cf4-030d-4268-baea-87bb57cdf631,somaali,,,,,
3692,13358,تانوپۆ,بنەو بنە چەکە,ئەنجامدانی کارێک,کار,کار,,,,LOW,"پۆل «ئەنجامدانی کارێک» is really the part of speech «کار» — routed nowhere, needs a decision",96560cf4-030d-4268-baea-87bb57cdf631,somaali,,,,,
3694,13359,تانوپۆ ئاوریشم,بریەتی لە نەجیم زادە، عەسڵ زادە,سیفەت,ئاوەڵناو,هاوەڵناو,,,,LOW,"پۆل «سیفەت» is really the part of speech «هاوەڵناو» — routed nowhere, needs a decision",96560cf4-030d-4268-baea-87bb57cdf631,somaali,,,,,
3695,13360,تانۆت,خەم و خەفەت، کولو کەسەر,سیفەت,ناو | ئاوەڵناو,,,,,LOW,"word carries several parts of speech (ناو / هاوەڵناو); a sense may only have one ; پۆل «سیفەت» is really the part of speech «هاوەڵناو» — routed nowhere, needs a decision",96560cf4-030d-4268-baea-87bb57cdf631,somaali,,,,,
3696,13361,تانوت,سەرکۆنە، لۆمە، سەرژەنشت، تانە,سیفەت | ئەنجامدانی کارێک,ناو | ئاوەڵناو,,,,,LOW,"word carries several parts of speech (ناو / هاوەڵناو); a sense may only have one ; پۆل «سیفەت» is really the part of speech «هاوەڵناو» — routed nowhere, needs a decision ; پۆل «ئەنجامدانی کارێک» is really the part of speech «کار» — routed nowhere, needs a decision",96560cf4-030d-4268-baea-87bb57cdf631,somaali,,,,,
3697,13362,تانوت لێدان,گەمە پێ کردن، عەیب لێ گرتن,ئەنجامدانی کارێک,چاوگ,چاوگ,,,,LOW,"پۆل «ئەنجامدانی کارێک» is really the part of speech «کار» — routed nowhere, needs a decision ; پۆل says «کار», جۆری وشە says «چاوگ» — they disagree",96560cf4-030d-4268-baea-87bb57cdf631,somaali,,,,,
3698,13363,تانۆک,دیواری نزمی لە شول تەنراو,شوێن,ناو,ناو,ناو › شوێن,,,HIGH,,96560cf4-030d-4268-baea-87bb57cdf631,somaali,,,,,
3699,13364,تانە,عەیب گرتن،,میوە | نەخۆشی | ئەنجامدانی کارێک,ناو,ناو,زانستیی پزیشکی › نەخۆشی,,,LOW,"پۆل «میوە» has no home among the deck's ten (see unmapped.csv) ; پۆل «ئەنجامدانی کارێک» is really the part of speech «کار» — routed nowhere, needs a decision ; پۆل says «کار», جۆری وشە says «ناو» — they disagree",96560cf4-030d-4268-baea-87bb57cdf631,somaali,,,,,
3700,13364,تانە,پەڵەی سەر کڵێنە چاو,میوە | نەخۆشی | ئەنجامدانی کارێک,ناو,ناو,زانستیی پزیشکی › نەخۆشی,,,LOW,"پۆل «میوە» has no home among the deck's ten (see unmapped.csv) ; پۆل «ئەنجامدانی کارێک» is really the part of speech «کار» — routed nowhere, needs a decision ; پۆل says «کار», جۆری وشە says «ناو» — they disagree",96560cf4-030d-4268-baea-87bb57cdf631,somaali,,,,,
3701,13364,تانە,نۆ بەرەی میوە,میوە | نەخۆشی | ئەنجامدانی کارێک,ناو,ناو,زانستیی پزیشکی › نەخۆشی,,,LOW,"پۆل «میوە» has no home among the deck's ten (see unmapped.csv) ; پۆل «ئەنجامدانی کارێک» is really the part of speech «کار» — routed nowhere, needs a decision ; پۆل says «کار», جۆری وشە says «ناو» — they disagree",96560cf4-030d-4268-baea-87bb57cdf631,somaali,,,,,
3702,13364,تانە,چرپی بێ ئاڵاش بۆ خانو,میوە | نەخۆشی | ئەنجامدانی کارێک,ناو,ناو,زانستیی پزیشکی › نەخۆشی,,,LOW,"پۆل «میوە» has no home among the deck's ten (see unmapped.csv) ; پۆل «ئەنجامدانی کارێک» is really the part of speech «کار» — routed nowhere, needs a decision ; پۆل says «کار», جۆری وشە says «ناو» — they disagree",96560cf4-030d-4268-baea-87bb57cdf631,somaali,,,,,
3706,13365,تانێ,کەموکە، کەموسکە،تۆزکاڵ,سیفەت,ئاوەڵناو,هاوەڵناو,,,,LOW,"پۆل «سیفەت» is really the part of speech «هاوەڵناو» — routed nowhere, needs a decision",96560cf4-030d-4268-baea-87bb57cdf631,somaali,,,,,
3707,13366,تانین,توانین، لە توانادابوون,ئەنجامدانی کارێک,چاوگ,چاوگ,,,,LOW,"پۆل «ئەنجامدانی کارێک» is really the part of speech «کار» — routed nowhere, needs a decision ; پۆل says «کار», جۆری وشە says «چاوگ» — they disagree",96560cf4-030d-4268-baea-87bb57cdf631,somaali,,,,,
3708,13367,تاو,تیشکی هەتاو,نەخۆشی | سیفەت | کات | دۆخی کەشوھەوا,ناو | ئاوەڵناو,,زانستیی پزیشکی › نەخۆشی,,,LOW,"word carries several parts of speech (ناو / هاوەڵناو); a sense may only have one ; پۆل «سیفەت» is really the part of speech «هاوەڵناو» — routed nowhere, needs a decision ; پۆل «کات» has no home among the deck's ten (see unmapped.csv) ; پۆل «دۆخی کەشوھەوا» has no home among the deck's ten (see unmapped.csv)",96560cf4-030d-4268-baea-87bb57cdf631,somaali,,,,,
3709,13367,تاو,ڕێژنەی باران,نەخۆشی | سیفەت | کات | دۆخی کەشوھەوا,ناو | ئاوەڵناو,,زانستیی پزیشکی › نەخۆشی,,,LOW,"word carries several parts of speech (ناو / هاوەڵناو); a sense may only have one ; پۆل «سیفەت» is really the part of speech «هاوەڵناو» — routed nowhere, needs a decision ; پۆل «کات» has no home among the deck's ten (see unmapped.csv) ; پۆل «دۆخی کەشوھەوا» has no home among the deck's ten (see unmapped.csv)",96560cf4-030d-4268-baea-87bb57cdf631,somaali,,,,,
3710,13367,تاو,تاڵ، هەودا,نەخۆشی | سیفەت | کات | دۆخی کەشوھەوا,ناو | ئاوەڵناو,,زانستیی پزیشکی › نەخۆشی,,,LOW,"word carries several parts of speech (ناو / هاوەڵناو); a sense may only have one ; پۆل «سیفەت» is really the part of speech «هاوەڵناو» — routed nowhere, needs a decision ; پۆل «کات» has no home among the deck's ten (see unmapped.csv) ; پۆل «دۆخی کەشوھەوا» has no home among the deck's ten (see unmapped.csv)",96560cf4-030d-4268-baea-87bb57cdf631,somaali,,,,,
3711,13367,تاو,کاتێکی کەم، دەمێ کەم,نەخۆشی | سیفەت | کات | دۆخی کەشوھەوا,ناو | ئاوەڵناو,,زانستیی پزیشکی › نەخۆشی,,,LOW,"word carries several parts of speech (ناو / هاوەڵناو); a sense may only have one ; پۆل «سیفەت» is really the part of speech «هاوەڵناو» — routed nowhere, needs a decision ; پۆل «کات» has no home among the deck's ten (see unmapped.csv) ; پۆل «دۆخی کەشوھەوا» has no home among the deck's ten (see unmapped.csv)",96560cf4-030d-4268-baea-87bb57cdf631,somaali,,,,,
3712,13367,تاو,غاردانی توند,نەخۆشی | سیفەت | کات | دۆخی کەشوھەوا,ناو | ئاوەڵناو,,زانستیی پزیشکی › نەخۆشی,,,LOW,"word carries several parts of speech (ناو / هاوەڵناو); a sense may only have one ; پۆل «سیفەت» is really the part of speech «هاوەڵناو» — routed nowhere, needs a decision ; پۆل «کات» has no home among the deck's ten (see unmapped.csv) ; پۆل «دۆخی کەشوھەوا» has no home among the deck's ten (see unmapped.csv)",96560cf4-030d-4268-baea-87bb57cdf631,somaali,,,,,
3713,13367,تاو,سوێ و ئارەزوو: ( لە تاوی تۆ زۆر عاجز بووم),نەخۆشی | سیفەت | کات | دۆخی کەشوھەوا,ناو | ئاوەڵناو,,زانستیی پزیشکی › نەخۆشی,,,LOW,"word carries several parts of speech (ناو / هاوەڵناو); a sense may only have one ; پۆل «سیفەت» is really the part of speech «هاوەڵناو» — routed nowhere, needs a decision ; پۆل «کات» has no home among the deck's ten (see unmapped.csv) ; پۆل «دۆخی کەشوھەوا» has no home among the deck's ten (see unmapped.csv)",96560cf4-030d-4268-baea-87bb57cdf631,somaali,,,,,
3714,13367,تاو,داگیرسانی لەش لە نۆبەتێ,نەخۆشی | سیفەت | کات | دۆخی کەشوھەوا,ناو | ئاوەڵناو,,زانستیی پزیشکی › نەخۆشی,,,LOW,"word carries several parts of speech (ناو / هاوەڵناو); a sense may only have one ; پۆل «سیفەت» is really the part of speech «هاوەڵناو» — routed nowhere, needs a decision ; پۆل «کات» has no home among the deck's ten (see unmapped.csv) ; پۆل «دۆخی کەشوھەوا» has no home among the deck's ten (see unmapped.csv)",96560cf4-030d-4268-baea-87bb57cdf631,somaali,,,,,
3715,13367,تاو,وشەی دەنگدانی پەز بۆ ئاو خواردنەوە,نەخۆشی | سیفەت | کات | دۆخی کەشوھەوا,ناو | ئاوەڵناو,,زانستیی پزیشکی › نەخۆشی,,,LOW,"word carries several parts of speech (ناو / هاوەڵناو); a sense may only have one ; پۆل «سیفەت» is really the part of speech «هاوەڵناو» — routed nowhere, needs a decision ; پۆل «کات» has no home among the deck's ten (see unmapped.csv) ; پۆل «دۆخی کەشوھەوا» has no home among the deck's ten (see unmapped.csv)",96560cf4-030d-4268-baea-87bb57cdf631,somaali,,,,,
3716,13367,تاو,توندی و تیژی گەرما,نەخۆشی | سیفەت | کات | دۆخی کەشوھەوا,ناو | ئاوەڵناو,,زانستیی پزیشکی › نەخۆشی,,,LOW,"word carries several parts of speech (ناو / هاوەڵناو); a sense may only have one ; پۆل «سیفەت» is really the part of speech «هاوەڵناو» — routed nowhere, needs a decision ; پۆل «کات» has no home among the deck's ten (see unmapped.csv) ; پۆل «دۆخی کەشوھەوا» has no home among the deck's ten (see unmapped.csv)",96560cf4-030d-4268-baea-87bb57cdf631,somaali,,,,,
3717,13367,تاو,تاقەت و توان,نەخۆشی | سیفەت | کات | دۆخی کەشوھەوا,ناو | ئاوەڵناو,,زانستیی پزیشکی › نەخۆشی,,,LOW,"word carries several parts of speech (ناو / هاوەڵناو); a sense may only have one ; پۆل «سیفەت» is really the part of speech «هاوەڵناو» — routed nowhere, needs a decision ; پۆل «کات» has no home among the deck's ten (see unmapped.csv) ; پۆل «دۆخی کەشوھەوا» has no home among the deck's ten (see unmapped.csv)",96560cf4-030d-4268-baea-87bb57cdf631,somaali,,,,,
3718,13367,تاو,ژانی برین,نەخۆشی | سیفەت | کات | دۆخی کەشوھەوا,ناو | ئاوەڵناو,,زانستیی پزیشکی › نەخۆشی,,,LOW,"word carries several parts of speech (ناو / هاوەڵناو); a sense may only have one ; پۆل «سیفەت» is really the part of speech «هاوەڵناو» — routed nowhere, needs a decision ; پۆل «کات» has no home among the deck's ten (see unmapped.csv) ; پۆل «دۆخی کەشوھەوا» has no home among the deck's ten (see unmapped.csv)",96560cf4-030d-4268-baea-87bb57cdf631,somaali,,,,,
3719,13367,تاو,پەلە: ( بەتاو هات),نەخۆشی | سیفەت | کات | دۆخی کەشوھەوا,ناو | ئاوەڵناو,,زانستیی پزیشکی › نەخۆشی,,,LOW,"word carries several parts of speech (ناو / هاوەڵناو); a sense may only have one ; پۆل «سیفەت» is really the part of speech «هاوەڵناو» — routed nowhere, needs a decision ; پۆل «کات» has no home among the deck's ten (see unmapped.csv) ; پۆل «دۆخی کەشوھەوا» has no home among the deck's ten (see unmapped.csv)",96560cf4-030d-4268-baea-87bb57cdf631,somaali,,,,,
3732,13368,تاوا,توانەوە، حەل بوو,سیفەت,ئاوەڵناو,هاوەڵناو,,,,LOW,"پۆل «سیفەت» is really the part of speech «هاوەڵناو» — routed nowhere, needs a decision",96560cf4-030d-4268-baea-87bb57cdf631,somaali,,,,,
3733,13369,تاوان,گوناح، خەتا، سوچ,سیفەت | ئەنجامدانی کارێک,ناو,ناو,,,,LOW,"پۆل «سیفەت» is really the part of speech «هاوەڵناو» — routed nowhere, needs a decision ; پۆل «ئەنجامدانی کارێک» is really the part of speech «کار» — routed nowhere, needs a decision ; پۆل says «هاوەڵناو», جۆری وشە says «ناو» — they disagree ; پۆل says «کار», جۆری وشە says «ناو» — they disagree",96560cf4-030d-4268-baea-87bb57cdf631,somaali,,,,,
3734,13369,تاوان,جەریمە، قەرەبووی هەڵە,سیفەت | ئەنجامدانی کارێک,ناو,ناو,,,,LOW,"پۆل «سیفەت» is really the part of speech «هاوەڵناو» — routed nowhere, needs a decision ; پۆل «ئەنجامدانی کارێک» is really the part of speech «کار» — routed nowhere, needs a decision ; پۆل says «هاوەڵناو», جۆری وشە says «ناو» — they disagree ; پۆل says «کار», جۆری وشە says «ناو» — they disagree",96560cf4-030d-4268-baea-87bb57cdf631,somaali,,,,,
3735,13369,تاوان,توانەوە، حەل بوون,سیفەت | ئەنجامدانی کارێک,ناو,ناو,,,,LOW,"پۆل «سیفەت» is really the part of speech «هاوەڵناو» — routed nowhere, needs a decision ; پۆل «ئەنجامدانی کارێک» is really the part of speech «کار» — routed nowhere, needs a decision ; پۆل says «هاوەڵناو», جۆری وشە says «ناو» — they disagree ; پۆل says «کار», جۆری وشە says «ناو» — they disagree",96560cf4-030d-4268-baea-87bb57cdf631,somaali,,,,,
3736,13369,تاوان,پاداشت,سیفەت | ئەنجامدانی کارێک,ناو,ناو,,,,LOW,"پۆل «سیفەت» is really the part of speech «هاوەڵناو» — routed nowhere, needs a decision ; پۆل «ئەنجامدانی کارێک» is really the part of speech «کار» — routed nowhere, needs a decision ; پۆل says «هاوەڵناو», جۆری وشە says «ناو» — they disagree ; پۆل says «کار», جۆری وشە says «ناو» — they disagree",96560cf4-030d-4268-baea-87bb57cdf631,somaali,,,,,
3740,13370,تاوانبار,خەتا کار,کەس | سیفەت,ناو | ئاوەڵناو,,ناو › کەس,,,LOW,"word carries several parts of speech (ناو / هاوەڵناو); a sense may only have one ; پۆل «سیفەت» is really the part of speech «هاوەڵناو» — routed nowhere, needs a decision",96560cf4-030d-4268-baea-87bb57cdf631,somaali,,,,,
3741,13370,تاوانبار,جەریمە کراو,کەس | سیفەت,ناو | ئاوەڵناو,,ناو › کەس,,,LOW,"word carries several parts of speech (ناو / هاوەڵناو); a sense may only have one ; پۆل «سیفەت» is really the part of speech «هاوەڵناو» — routed nowhere, needs a decision",96560cf4-030d-4268-baea-87bb57cdf631,somaali,,,,,
3743,13371,تاوان دار,تاوانبار,کەس | سیفەت,ناو | ئاوەڵناو,,ناو › کەس,,,LOW,"word carries several parts of speech (ناو / هاوەڵناو); a sense may only have one ; پۆل «سیفەت» is really the part of speech «هاوەڵناو» — routed nowhere, needs a decision",96560cf4-030d-4268-baea-87bb57cdf631,somaali,,,,,
3745,13372,تاوان دان,جەریمە بژاردن،,ئەنجامدانی کارێک,چاوگ,چاوگ,,,,LOW,"پۆل «ئەنجامدانی کارێک» is really the part of speech «کار» — routed nowhere, needs a decision ; پۆل says «کار», جۆری وشە says «چاوگ» — they disagree",96560cf4-030d-4268-baea-87bb57cdf631,somaali,,,,,
3746,13372,تاوان دان,پاداشت دانەوە,ئەنجامدانی کارێک,چاوگ,چاوگ,,,,LOW,"پۆل «ئەنجامدانی کارێک» is really the part of speech «کار» — routed nowhere, needs a decision ; پۆل says «کار», جۆری وشە says «چاوگ» — they disagree",96560cf4-030d-4268-baea-87bb57cdf631,somaali,,,,,
3748,13373,تاواندن,تواندنەوە، حەل کردن لە ئاودا,ئەنجامدانی کارێک,کار,کار,,,,LOW,"پۆل «ئەنجامدانی کارێک» is really the part of speech «کار» — routed nowhere, needs a decision",96560cf4-030d-4268-baea-87bb57cdf631,somaali,,,,,
3749,13374,تاواندنەوە,تاواندن,ئەنجامدانی کارێک,کار,کار,,,,LOW,"پۆل «ئەنجامدانی کارێک» is really the part of speech «کار» — routed nowhere, needs a decision",96560cf4-030d-4268-baea-87bb57cdf631,somaali,,,,,
3750,13375,تاواندەر,جەریمە بژێر، بژێرەوەی زیان,کەس,ناو,ناو,ناو › کەس,,,HIGH,,96560cf4-030d-4268-baea-87bb57cdf631,somaali,,,,,
3751,13376,تاوانگاز,تاوبردو، کەسێ کە بەتینی تاو پێستی ئەسوتێتەوە,نەخۆشی,ناو,ناو,زانستیی پزیشکی › نەخۆشی,,,HIGH,,96560cf4-030d-4268-baea-87bb57cdf631,somaali,,,,,
3752,13377,تاواننەوە,تاواندنەوە,ئەنجامدانی کارێک,کار,کار,,,,LOW,"پۆل «ئەنجامدانی کارێک» is really the part of speech «کار» — routed nowhere, needs a decision",96560cf4-030d-4268-baea-87bb57cdf631,somaali,,,,,
3753,13378,تاوانن,تاواندن,ئەنجامدانی کارێک,کار,کار,,,,LOW,"پۆل «ئەنجامدانی کارێک» is really the part of speech «کار» — routed nowhere, needs a decision",96560cf4-030d-4268-baea-87bb57cdf631,somaali,,,,,
3754,13379,تاوبردو,تاوانگاز,کەس | نەخۆشی,ناو,ناو,ناو › کەس | زانستیی پزیشکی › نەخۆشی,,,HIGH,,96560cf4-030d-4268-baea-87bb57cdf631,somaali,,,,,
3755,13380,تاوبردە,تاوانگاز,کەس | نەخۆشی,ناو,ناو,ناو › کەس | زانستیی پزیشکی › نەخۆشی,,,HIGH,,96560cf4-030d-4268-baea-87bb57cdf631,somaali,,,,,
3756,13381,تاوت,داربەستی مردوان، تابوت,کەرەستە,ناو,ناو,کولتووری › کەرەستە,,,HIGH,,96560cf4-030d-4268-baea-87bb57cdf631,somaali,,,,,
3757,13382,تاوتوو,گواستنەوەی شت لە دەفرێکەوە بۆ یەکی تر,ئەنجامدانی کارێک,ناو | کار,,,,,LOW,"word carries several parts of speech (ناو / کار); a sense may only have one ; پۆل «ئەنجامدانی کارێک» is really the part of speech «کار» — routed nowhere, needs a decision",96560cf4-030d-4268-baea-87bb57cdf631,somaali,,,,,
3758,13383,تاوتوێ,زانی برین,نەخۆشی,ناو | ئاوەڵناو,,زانستیی پزیشکی › نەخۆشی,,,LOW,word carries several parts of speech (ناو / هاوەڵناو); a sense may only have one,96560cf4-030d-4268-baea-87bb57cdf631,somaali,,,,,
3759,13384,تاوتێ,لەرز و تای نۆبەتی,نەخۆشی | سیفەت,ناو | ئاوەڵناو,,زانستیی پزیشکی › نەخۆشی,,,LOW,"word carries several parts of speech (ناو / هاوەڵناو); a sense may only have one ; پۆل «سیفەت» is really the part of speech «هاوەڵناو» — routed nowhere, needs a decision",96560cf4-030d-4268-baea-87bb57cdf631,somaali,,,,,
3760,13385,تاودان,توند غاردانی ئەسپ,شوێن | ئەنجامدانی کارێک,کار | ئاوەڵناو,,ناو › شوێن,,,LOW,"word carries several parts of speech (کار / هاوەڵناو); a sense may only have one ; پۆل «ئەنجامدانی کارێک» is really the part of speech «کار» — routed nowhere, needs a decision",96560cf4-030d-4268-baea-87bb57cdf631,somaali,,,,,
3761,13385,تاودان,بادان,شوێن | ئەنجامدانی کارێک,کار | ئاوەڵناو,,ناو › شوێن,,,LOW,"word carries several parts of speech (کار / هاوەڵناو); a sense may only have one ; پۆل «ئەنجامدانی کارێک» is really the part of speech «کار» — routed nowhere, needs a decision",96560cf4-030d-4268-baea-87bb57cdf631,somaali,,,,,
3762,13385,تاودان,باوخواردن,شوێن | ئەنجامدانی کارێک,کار | ئاوەڵناو,,ناو › شوێن,,,LOW,"word carries several parts of speech (کار / هاوەڵناو); a sense may only have one ; پۆل «ئەنجامدانی کارێک» is really the part of speech «کار» — routed nowhere, needs a decision",96560cf4-030d-4268-baea-87bb57cdf631,somaali,,,,,
3763,13385,تاودان,هەڵگیرسانی زۆر توندی ئاگر,شوێن | ئەنجامدانی کارێک,کار | ئاوەڵناو,,ناو › شوێن,,,LOW,"word carries several parts of speech (کار / هاوەڵناو); a sense may only have one ; پۆل «ئەنجامدانی کارێک» is really the part of speech «کار» — routed nowhere, needs a decision",96560cf4-030d-4268-baea-87bb57cdf631,somaali,,,,,
3767,13386,تاوژین,خەریک بوون، مژول بوون بە کارێکەوە,,کار | چاوگ,,,,,LOW,word carries several parts of speech (کار / چاوگ); a sense may only have one,96560cf4-030d-4268-baea-87bb57cdf631,somaali,,,,,
3768,13387,تاوس,مەلیکی جوانی بە ناوبانگە,گیانلەبەر,ناو,ناو,,,,HIGH,پۆل «گیانلەبەر» has no home among the deck's ten (see unmapped.csv),96560cf4-030d-4268-baea-87bb57cdf631,somaali,,,,,
3769,13388,تاوسان,هامن، هاوین، سێ مانگەی پاش بەهار,وەرز و مانگەکان,ناو,ناو,,,,HIGH,پۆل «وەرز و مانگەکان» has no home among the deck's ten (see unmapped.csv),96560cf4-030d-4268-baea-87bb57cdf631,somaali,,,,,
3770,13389,تاوسو,تاوسان,وەرز و مانگەکان,ناو,ناو,,,,HIGH,پۆل «وەرز و مانگەکان» has no home among the deck's ten (see unmapped.csv),96560cf4-030d-4268-baea-87bb57cdf631,somaali,,,,,
3771,13390,تاوسەندن,تیژ بوون لە گەرمی دا: ( ئاگرەکە تاوی سەند),سیفەت,ئاوەڵناو | چاوگ,,,,,LOW,"word carries several parts of speech (هاوەڵناو / چاوگ); a sense may only have one ; پۆل «سیفەت» is really the part of speech «هاوەڵناو» — routed nowhere, needs a decision",96560cf4-030d-4268-baea-87bb57cdf631,somaali,,,,,
3772,13390,تاوسەندن,توند بوون لە سوڕاندا: ( خولخولە لە سوڕاندا تاوی سەند),سیفەت,ئاوەڵناو | چاوگ,,,,,LOW,"word carries several parts of speech (هاوەڵناو / چاوگ); a sense may only have one ; پۆل «سیفەت» is really the part of speech «هاوەڵناو» — routed nowhere, needs a decision",96560cf4-030d-4268-baea-87bb57cdf631,somaali,,,,,
3774,13391,تاوشت,هێز، وزە، تاقەت، توان,سیفەت,ناو,ناو,,,,LOW,"پۆل «سیفەت» is really the part of speech «هاوەڵناو» — routed nowhere, needs a decision ; پۆل says «هاوەڵناو», جۆری وشە says «ناو» — they disagree",96560cf4-030d-4268-baea-87bb57cdf631,somaali,,,,,
3775,13392,تاوک,دارێکی سەختە لە جەنگەڵ دەبێ,ڕووەك,ناو,ناو,ڕووەکناسی › ڕووەك,,,HIGH,,96560cf4-030d-4268-baea-87bb57cdf631,somaali,,,,,
3776,13393,تاوکردن,سازکردن و فریودان:(کابرا ئەم ژنەی تاوکردووە,ئەنجامدانی کارێک,کار | چاوگ,,,,,LOW,"word carries several parts of speech (کار / چاوگ); a sense may only have one ; پۆل «ئەنجامدانی کارێک» is really the part of speech «کار» — routed nowhere, needs a decision",96560cf4-030d-4268-baea-87bb57cdf631,somaali,,,,,
3777,13395,تاوگرتن,توند وە کار کەوتن,سیفەت,ئاوەڵناو | چاوگ,,,,,LOW,"word carries several parts of speech (هاوەڵناو / چاوگ); a sense may only have one ; پۆل «سیفەت» is really the part of speech «هاوەڵناو» — routed nowhere, needs a decision",96560cf4-030d-4268-baea-87bb57cdf631,somaali,,,,,
3778,13396,تاوڵ,چادر، ڕەشماڵ، کۆن,کەرەستە,ناو,ناو,کولتووری › کەرەستە,,,HIGH,,96560cf4-030d-4268-baea-87bb57cdf631,somaali,,,,,
3779,13397,تاوڵە,تەویلە، گەور، پشتێر,شوێن,ناو,ناو,ناو › شوێن,,,HIGH,,96560cf4-030d-4268-baea-87bb57cdf631,somaali,,,,,
3780,13397,تاوڵە,گشنیز,شوێن,ناو,ناو,ناو › شوێن,,,HIGH,,96560cf4-030d-4268-baea-87bb57cdf631,somaali,,,,,
3781,13397,تاوڵە,تەختەی نەردێن,شوێن,ناو,ناو,ناو › شوێن,,,HIGH,,96560cf4-030d-4268-baea-87bb57cdf631,somaali,,,,,
3784,13398,تایەن,مامان، لەلەی ژن,کەس,ناو,ناو,ناو › کەس,,,HIGH,,96560cf4-030d-4268-baea-87bb57cdf631,somaali,,,,,
3785,13399,تبل,قامک، ئەنگوست، تلی، تلهی، کلک,ئەندامی جەستە,ناو,ناو,زانستیی پزیشکی › ئەندامی جەستە,,,HIGH,,96560cf4-030d-4268-baea-87bb57cdf631,somaali,,,,,
3786,13400,تبلچاڤ,تاریکی ئەنگوستە چاو,سیفەت,ئاوەڵناو,هاوەڵناو,,,,LOW,"پۆل «سیفەت» is really the part of speech «هاوەڵناو» — routed nowhere, needs a decision",96560cf4-030d-4268-baea-87bb57cdf631,somaali,,,,,
3787,13401,ئاد,دورگە، جزیرە، وشکانی لەناو ئاودا,شوێن,ناو,ناو,ناو › شوێن,ڕەگەز=بێلایەن,,HIGH,,f65f7d2f-996a-4df7-a10e-c6e846940032,ahmadaziz,,,,,
3789,13402,ئادا,دڵاویی، سەخاوەت، پسپۆڕی، لێزانی,سیفەت,ئاوەڵناو,هاوەڵناو,,,,LOW,"پۆل «سیفەت» is really the part of speech «هاوەڵناو» — routed nowhere, needs a decision",f65f7d2f-996a-4df7-a10e-c6e846940032,ahmadaziz,,,,,
3791,13403,ئادار,مانگی ڕۆمی، بیست ڕۆژ لە خاکەلێوە دەڕۆژ لە ڕەشەمێ,وەرز و مانگەکان,ناو,ناو,,ڕەگەز=بێلایەن,,HIGH,پۆل «وەرز و مانگەکان» has no home among the deck's ten (see unmapped.csv),f65f7d2f-996a-4df7-a10e-c6e846940032,ahmadaziz,,,,,
3793,13404,ئاداروک,گوڵێکە لەسەرە بەھاردا دەپشکوێ,ڕووەك,ناو,ناو,ڕووەکناسی › ڕووەك,ڕەگەز=بێلایەن,,HIGH,,f65f7d2f-996a-4df7-a10e-c6e846940032,ahmadaziz,,,,,
3794,13405,ئادان,زەوی بە پیت و بەرەکەت,شوێن,ناو,ناو,ناو › شوێن,ڕەگەز=بێلایەن,,HIGH,,f65f7d2f-996a-4df7-a10e-c6e846940032,ahmadaziz,,,,,
3796,13406,ئادودە,قامیش یا داری درێژ کە ماڵی پێ پاک دەکەنەوە,ڕووەك,ناو,ناو,ڕووەکناسی › ڕووەك,ڕەگەز=بێلایەن,,HIGH,,f65f7d2f-996a-4df7-a10e-c6e846940032,ahmadaziz,,,,,
3798,13407,ئادە,تەڵەی کەروێشک، جۆرێکە لە تەڵەی دار,کەرەستە,ناو,ناو,کولتووری › کەرەستە,ڕەگەز=بێلایەن,,HIGH,,f65f7d2f-996a-4df7-a10e-c6e846940032,ahmadaziz,,,,,
3800,13408,ئادەر,کەحێل، جسن، ڕەسەن، حدود,سیفەت,ئاوەڵناو,هاوەڵناو,,,,LOW,"پۆل «سیفەت» is really the part of speech «هاوەڵناو» — routed nowhere, needs a decision",f65f7d2f-996a-4df7-a10e-c6e846940032,ahmadaziz,,,,,
3802,13409,ئادەم,بابەدەم، ھەوەڵین باپیری مرۆڤ,کەس,ناو,ناو,ناو › کەس,ڕەگەز=نێر,,HIGH,,f65f7d2f-996a-4df7-a10e-c6e846940032,ahmadaziz,,,,,
3804,13410,ئادەمی,مرۆڤ، عیسان، بەشەر,,ناو,ناو,,ڕەگەز=دوولایەن,,HIGH,,f65f7d2f-996a-4df7-a10e-c6e846940032,ahmadaziz,,,,,
3805,13411,ئادی,ئەویتر، ئەویکە,سیفەت,ئاوەڵناو,هاوەڵناو,,,,LOW,"پۆل «سیفەت» is really the part of speech «هاوەڵناو» — routed nowhere, needs a decision",f65f7d2f-996a-4df7-a10e-c6e846940032,ahmadaziz,,,,,
3806,13412,ئادێ,ئەوان، ئەوانە,,جێناو,جێناو,,,,HIGH,,f65f7d2f-996a-4df7-a10e-c6e846940032,ahmadaziz,,,,,
3807,13413,ئار,ئارد، دەغڵی ھایاوی ناسادەی نان,خواردن,ناو,ناو,کولتووری › خواردن,ڕەگەز=بێلایەن,,HIGH,,f65f7d2f-996a-4df7-a10e-c6e846940032,ahmadaziz,,,,,
3809,13414,ئارا,دۆستی نێوان خۆشی، جێگەی ژینی ھەمیشەیی,کەس,ناو,ناو,ناو › کەس,ڕەگەز=دوولایەن,,HIGH,,f65f7d2f-996a-4df7-a10e-c6e846940032,ahmadaziz,,,,,
3810,13415,ئاراز,ڕەبارێکە لە سنوری ئێران و ڕوسیا,شوێن,ناو,ناو,ناو › شوێن,ڕەگەز=بێلایەن,,HIGH,,f65f7d2f-996a-4df7-a10e-c6e846940032,ahmadaziz,,,,,
3812,13416,بابان,ماڵەباب,کەس,ناو,ناو,ناو › کەس,,,HIGH,,ebadd113-3f1e-45e8-8dab-cfe024e7156d,barzihiwa,,,,,
3813,13416,بابان,مەڵبەند و هۆزێک لە شارەزوور,کەس,ناو,ناو,ناو › کەس,,,HIGH,,ebadd113-3f1e-45e8-8dab-cfe024e7156d,barzihiwa,,,,,
3814,13417,بابر,سمێڵی ئەستور و فش,سیفەت,ئاوەڵناو,هاوەڵناو,,,,LOW,"پۆل «سیفەت» is really the part of speech «هاوەڵناو» — routed nowhere, needs a decision",ebadd113-3f1e-45e8-8dab-cfe024e7156d,barzihiwa,,,,,
3815,13417,بابر,بان و دیوارێک باش سواخ درابێ,سیفەت,ئاوەڵناو,هاوەڵناو,,,,LOW,"پۆل «سیفەت» is really the part of speech «هاوەڵناو» — routed nowhere, needs a decision",ebadd113-3f1e-45e8-8dab-cfe024e7156d,barzihiwa,,,,,
3816,13418,بابردە,بابردو، بەفیڕۆچوو,سیفەت,ئاوەڵناو,هاوەڵناو,,,,LOW,"پۆل «سیفەت» is really the part of speech «هاوەڵناو» — routed nowhere, needs a decision",ebadd113-3f1e-45e8-8dab-cfe024e7156d,barzihiwa,,,,,
3817,13418,بابردە,تەواو ڕووت و نەدار,سیفەت,ئاوەڵناو,هاوەڵناو,,,,LOW,"پۆل «سیفەت» is really the part of speech «هاوەڵناو» — routed nowhere, needs a decision",ebadd113-3f1e-45e8-8dab-cfe024e7156d,barzihiwa,,,,,
3819,13419,بابردەڵە,پووش و قانگەلاشکی بەربا,کەرەستە,ناو | ئاوەڵناو,,کولتووری › کەرەستە,,,LOW,word carries several parts of speech (ناو / هاوەڵناو); a sense may only have one,ebadd113-3f1e-45e8-8dab-cfe024e7156d,barzihiwa,,,,,
3820,13420,بابردی,قوماش و بەرگی ژنانە,بەرگ,ناو,ناو,,,,HIGH,پۆل «بەرگ» has no home among the deck's ten (see unmapped.csv),ebadd113-3f1e-45e8-8dab-cfe024e7156d,barzihiwa,,,,,
3821,13421,بابلەکانێ,جۆرێک لە هەڵپەڕکێ,ئەنجامدانی کارێک,ناو,ناو,,,,LOW,"پۆل «ئەنجامدانی کارێک» is really the part of speech «کار» — routed nowhere, needs a decision ; پۆل says «کار», جۆری وشە says «ناو» — they disagree",ebadd113-3f1e-45e8-8dab-cfe024e7156d,barzihiwa,,,,,
3822,13422,بابلیچک,پەنجە تووتە، قامکە چکۆلە، ئەنگوسە تووتەلە,ئەندامی جەستە,ناو,ناو,زانستیی پزیشکی › ئەندامی جەستە,,,HIGH,,ebadd113-3f1e-45e8-8dab-cfe024e7156d,barzihiwa,,,,,
3823,13422,بابلیچک,تلیا گچکە,ئەندامی جەستە,ناو,ناو,زانستیی پزیشکی › ئەندامی جەستە,,,HIGH,,ebadd113-3f1e-45e8-8dab-cfe024e7156d,barzihiwa,,,,,
3825,13423,بابلیسک,گێژەڵوکە، شایی جندۆکان، گەردەلوول، باهۆز,دۆخی کەشوھەوا,ناو,ناو,,,,HIGH,پۆل «دۆخی کەشوھەوا» has no home among the deck's ten (see unmapped.csv),ebadd113-3f1e-45e8-8dab-cfe024e7156d,barzihiwa,,,,,
3827,13424,بابن,گوڵە بەیبوون,ڕووەك,ناو,ناو,ڕووەکناسی › ڕووەك,,,HIGH,,ebadd113-3f1e-45e8-8dab-cfe024e7156d,barzihiwa,,,,,
3828,13425,بابنۆکەر,خوڵامی شەڕکەر، چەکداری ئاغا و خان,مرۆڤ,ناو,ناو,کولتووری › مرۆڤ,ڕەگەز=نێر,,HIGH,,ebadd113-3f1e-45e8-8dab-cfe024e7156d,barzihiwa,,,,,
3829,13426,بابۆ,وشەی ڕێزلێنان و بانگکردنی باب,مرۆڤ | سیفەت,ناو | ئاوەڵناو,,کولتووری › مرۆڤ,ڕەگەز=نێر,,LOW,"word carries several parts of speech (ناو / هاوەڵناو); a sense may only have one ; پۆل «سیفەت» is really the part of speech «هاوەڵناو» — routed nowhere, needs a decision",ebadd113-3f1e-45e8-8dab-cfe024e7156d,barzihiwa,,,,,
3830,13426,بابۆ,هەستی تۆڵە,مرۆڤ | سیفەت,ناو | ئاوەڵناو,,کولتووری › مرۆڤ,ڕەگەز=نێر,,LOW,"word carries several parts of speech (ناو / هاوەڵناو); a sense may only have one ; پۆل «سیفەت» is really the part of speech «هاوەڵناو» — routed nowhere, needs a decision",ebadd113-3f1e-45e8-8dab-cfe024e7156d,barzihiwa,,,,,
3831,13427,بابوباپیر,ئەژدا,مرۆڤ,ناو,ناو,کولتووری › مرۆڤ,,,HIGH,,ebadd113-3f1e-45e8-8dab-cfe024e7156d,barzihiwa,,,,,
3832,13427,بابوباپیر,باڤ و کال,مرۆڤ,ناو,ناو,کولتووری › مرۆڤ,,,HIGH,,ebadd113-3f1e-45e8-8dab-cfe024e7156d,barzihiwa,,,,,
3834,13428,بابوسکە,سوتو، خۆڵە جگەرە,کەرەستە,ناو,ناو,کولتووری › کەرەستە,,,HIGH,,ebadd113-3f1e-45e8-8dab-cfe024e7156d,barzihiwa,,,,,
3835,13428,بابوسکە,قاقەز و پەڕۆی سوتاو,کەرەستە,ناو,ناو,کولتووری › کەرەستە,,,HIGH,,ebadd113-3f1e-45e8-8dab-cfe024e7156d,barzihiwa,,,,,
3836,13429,باب و کال,بابوباپیر، ئەژدا,مرۆڤ,ناو,ناو,کولتووری › مرۆڤ,,,HIGH,,ebadd113-3f1e-45e8-8dab-cfe024e7156d,barzihiwa,,,,,
3838,13430,بابۆڵە,تیکەی درێژ,بەرگ,ناو,ناو,,,,HIGH,پۆل «بەرگ» has no home among the deck's ten (see unmapped.csv),ebadd113-3f1e-45e8-8dab-cfe024e7156d,barzihiwa,,,,,
3839,13430,بابۆڵە,قۆنداغ بۆ کۆرپەی ساوا و تێپێچان,بەرگ,ناو,ناو,,,,HIGH,پۆل «بەرگ» has no home among the deck's ten (see unmapped.csv),ebadd113-3f1e-45e8-8dab-cfe024e7156d,barzihiwa,,,,,
3840,13430,بابۆڵە,گرۆڤەری ئەستور,بەرگ,ناو,ناو,,,,HIGH,پۆل «بەرگ» has no home among the deck's ten (see unmapped.csv),ebadd113-3f1e-45e8-8dab-cfe024e7156d,barzihiwa,,,,,
3842,13431,بابونە,گوڵە بابونە,ڕووەك,ناو,ناو,ڕووەکناسی › ڕووەك,,,HIGH,,ebadd113-3f1e-45e8-8dab-cfe024e7156d,barzihiwa,,,,,
3843,13432,بابوێر,کون یان قەڵیشێک لە خانودا کە بای لێوە دێ,شوێن,ناو,ناو,ناو › شوێن,,,HIGH,,ebadd113-3f1e-45e8-8dab-cfe024e7156d,barzihiwa,,,,,
3844,13433,بابە,بابۆ,مرۆڤ,ناو,ناو,کولتووری › مرۆڤ,ڕەگەز=نێر,,HIGH,,ebadd113-3f1e-45e8-8dab-cfe024e7156d,barzihiwa,,,,,
3846,13434,بابەت,کوتاڵ و کەلوپەل (دە بابەتی شت هێناوە),بەرگ | ئامراز,ناو,ناو,کولتووری › ئامراز,,,HIGH,پۆل «بەرگ» has no home among the deck's ten (see unmapped.csv),ebadd113-3f1e-45e8-8dab-cfe024e7156d,barzihiwa,,,,,
3847,13434,بابەت,بەرانبەر (بابەت ئەم کتێبە چیت پێبدەم),بەرگ | ئامراز,ناو,ناو,کولتووری › ئامراز,,,HIGH,پۆل «بەرگ» has no home among the deck's ten (see unmapped.csv),ebadd113-3f1e-45e8-8dab-cfe024e7156d,barzihiwa,,,,,
3848,13434,بابەت,ڕەوا، شایان (ئەمە بابەتی تۆ نییە),بەرگ | ئامراز,ناو,ناو,کولتووری › ئامراز,,,HIGH,پۆل «بەرگ» has no home among the deck's ten (see unmapped.csv),ebadd113-3f1e-45e8-8dab-cfe024e7156d,barzihiwa,,,,,
3850,13435,بابەدەست,ڕوت و نەدار,مرۆڤ,ئاوەڵناو,هاوەڵناو,کولتووری › مرۆڤ,,,HIGH,,ebadd113-3f1e-45e8-8dab-cfe024e7156d,barzihiwa,,,,,
3852,13436,بابەخوڵێ,باوە خولێ، سورخواردن، باوەسورێ,سیفەت,ئاوەڵناو,هاوەڵناو,,,,LOW,"پۆل «سیفەت» is really the part of speech «هاوەڵناو» — routed nowhere, needs a decision",ebadd113-3f1e-45e8-8dab-cfe024e7156d,barzihiwa,,,,,
3853,13437,بابەعەمرە,چڵەنۆک، کونە کێسک (بە ڕواڵەت منداڵ و تەمەن زۆر),ڕووەك,ناو,ناو,ڕووەکناسی › ڕووەك,,,HIGH,,ebadd113-3f1e-45e8-8dab-cfe024e7156d,barzihiwa,,,,,
3855,13438,بابە گەورە,باوکی باوک,مرۆڤ,ناو,ناو,کولتووری › مرۆڤ,ڕەگەز=نێر,,HIGH,,ebadd113-3f1e-45e8-8dab-cfe024e7156d,barzihiwa,,,,,
3856,13438,بابە گەورە,باپیر,مرۆڤ,ناو,ناو,کولتووری › مرۆڤ,ڕەگەز=نێر,,HIGH,,ebadd113-3f1e-45e8-8dab-cfe024e7156d,barzihiwa,,,,,
3857,13438,بابە گەورە,کالک,مرۆڤ,ناو,ناو,کولتووری › مرۆڤ,ڕەگەز=نێر,,HIGH,,ebadd113-3f1e-45e8-8dab-cfe024e7156d,barzihiwa,,,,,
3859,13439,تالومە,پۆل کەشێن، پن چەرخێن، پیاڵە ئاساییەکی لە تێلی دەسکدارە خەڵوز و سکڵی تێدەکەن و هەڵی دەسوڕێنن، تا بگەشێتەوە,کەرەستە,ناو,ناو,کولتووری › کەرەستە,,,HIGH,,96560cf4-030d-4268-baea-87bb57cdf631,somaali,,,,,
3860,13440,تاوڵی,تەختە نەرد,کەرەستە,ناو,ناو,کولتووری › کەرەستە,,,HIGH,,96560cf4-030d-4268-baea-87bb57cdf631,somaali,,,,,
3872,13441,ئاڕاستە,ڕوی شتێک بەرەو کەسێک کردن,شوێن,ئاوەڵناو,هاوەڵناو,ناو › شوێن,,,HIGH,,f65f7d2f-996a-4df7-a10e-c6e846940032,ahmadaziz,,,,,
3863,13442,تاولێهاتن,تیشکی خۆر وێکەوتن،,نەخۆشی | سیفەت,ئاوەڵناو,هاوەڵناو,زانستیی پزیشکی › نەخۆشی,,,LOW,"پۆل «سیفەت» is really the part of speech «هاوەڵناو» — routed nowhere, needs a decision",96560cf4-030d-4268-baea-87bb57cdf631,somaali,,,,,
3864,13442,تاولێهاتن,بێ ئۆقرەبوون,نەخۆشی | سیفەت,ئاوەڵناو,هاوەڵناو,زانستیی پزیشکی › نەخۆشی,,,LOW,"پۆل «سیفەت» is really the part of speech «هاوەڵناو» — routed nowhere, needs a decision",96560cf4-030d-4268-baea-87bb57cdf631,somaali,,,,,
3865,13442,تاولێهاتن,نۆبەتێ لێهاتن,نەخۆشی | سیفەت,ئاوەڵناو,هاوەڵناو,زانستیی پزیشکی › نەخۆشی,,,LOW,"پۆل «سیفەت» is really the part of speech «هاوەڵناو» — routed nowhere, needs a decision",96560cf4-030d-4268-baea-87bb57cdf631,somaali,,,,,
3869,13443,ئاراڤ,سابون، ئەسپۆن،,,ناو,ناو,,ڕەگەز=بێلایەن,,HIGH,,f65f7d2f-996a-4df7-a10e-c6e846940032,ahmadaziz,,,,,
3873,13444,ئاران,بنکەی ژیانی زستانەی کۆچەران، گەرمەسێر، عەزیەت و ئێش,شوێن,ناو,ناو,ناو › شوێن,ڕەگەز=دوولایەن,,HIGH,,f65f7d2f-996a-4df7-a10e-c6e846940032,ahmadaziz,,,,,
3875,13445,ئارام,بێ جوڵە، ھێدی، ھێمن، مەند، ئۆقرە گرتوو,سیفەت,ئاوەڵناو,هاوەڵناو,,,,LOW,"پۆل «سیفەت» is really the part of speech «هاوەڵناو» — routed nowhere, needs a decision",f65f7d2f-996a-4df7-a10e-c6e846940032,ahmadaziz,,,,,
3877,13446,ئاراندن,عەزیەت دان، ئێشاندن,سیفەت,ئاوەڵناو,هاوەڵناو,,,,LOW,"پۆل «سیفەت» is really the part of speech «هاوەڵناو» — routed nowhere, needs a decision",f65f7d2f-996a-4df7-a10e-c6e846940032,ahmadaziz,,,,,
3879,13447,ئاریشت,ڕازاندنەوە، خەمڵ، خۆ جوانکردن,سیفەت,ئاوەڵناو,هاوەڵناو,,,,LOW,"پۆل «سیفەت» is really the part of speech «هاوەڵناو» — routed nowhere, needs a decision",f65f7d2f-996a-4df7-a10e-c6e846940032,ahmadaziz,,,,,
3881,13448,ئاراو,کەفاوی  جارێک بۆ جل شوتن ھێشتا بەکەڵک مااە,,ناو,ناو,,ڕەگەز=بێلایەن,,HIGH,,f65f7d2f-996a-4df7-a10e-c6e846940032,ahmadaziz,,,,,
3883,13449,ئارج,دارحەیزەران کە دەکرێتە گۆچان و دیرەگە خێوەت,کەرەستە,ناو,ناو,کولتووری › کەرەستە,ڕەگەز=بێلایەن,,HIGH,,f65f7d2f-996a-4df7-a10e-c6e846940032,ahmadaziz,,,,,
3885,13450,تاناوی,توانەوە، حەل بوون,,کار | چاوگ,,,,,LOW,word carries several parts of speech (کار / چاوگ); a sense may only have one,96560cf4-030d-4268-baea-87bb57cdf631,somaali,,,,,
3886,13451,ئارخاڤک,چێشتی ئارد و ڕۆن,خواردن,ناو,ناو,کولتووری › خواردن,ڕەگەز=بێلایەن,,HIGH,,f65f7d2f-996a-4df7-a10e-c6e846940032,ahmadaziz,,,,,
3888,13452,تاونیان,نیانە شوێن، ڕاونان، هەڵبڕین، دەم لە دونان,ئەنجامدانی کارێک,کار,کار,,,,LOW,"پۆل «ئەنجامدانی کارێک» is really the part of speech «کار» — routed nowhere, needs a decision",96560cf4-030d-4268-baea-87bb57cdf631,somaali,,,,,
3889,13453,ئارختک,مۆتەکە، شەوە,کەس,ناو,ناو,ناو › کەس,ڕەگەز=دوولایەن,,HIGH,,f65f7d2f-996a-4df7-a10e-c6e846940032,ahmadaziz,,,,,
3891,13454,تاوە,مەنجەڵۆکەی پەل بۆ سورکردنەوە,کەرەستە,ناو,ناو,کولتووری › کەرەستە,,,HIGH,,96560cf4-030d-4268-baea-87bb57cdf631,somaali,,,,,
3892,13455,ئارخەیان,خاترجەم، بێخەم، بێ ترس و دوودڵی,سیفەت,ئاوەڵناو,هاوەڵناو,,,,LOW,"پۆل «سیفەت» is really the part of speech «هاوەڵناو» — routed nowhere, needs a decision",f65f7d2f-996a-4df7-a10e-c6e846940032,ahmadaziz,,,,,
3894,13456,تاوەتا,تاکەوتاک,سیفەت,ئاوەڵناو,هاوەڵناو,,,,LOW,"پۆل «سیفەت» is really the part of speech «هاوەڵناو» — routed nowhere, needs a decision",96560cf4-030d-4268-baea-87bb57cdf631,somaali,,,,,
3895,13457,ئارد,ئارد، دەغڵی ھاڕیاو,خواردن,ناو,ناو,کولتووری › خواردن,ڕەگەز=بێلایەن,,HIGH,,f65f7d2f-996a-4df7-a10e-c6e846940032,ahmadaziz,,,,,
3897,13458,ئارداوی,تۆزێ آش گرتوو، تۆمەت بەخۆکردن,سیفەت,ئاوەڵناو,هاوەڵناو,,,,LOW,"پۆل «سیفەت» is really the part of speech «هاوەڵناو» — routed nowhere, needs a decision",f65f7d2f-996a-4df7-a10e-c6e846940032,ahmadaziz,,,,,
3898,13459,ئارداوێژ,ئەو شوێنەی ئاردی لە لێوە بەرداشەوە تێ دەڕژێ,ئامێر,ناو,ناو,,ڕەگەز=بێلایەن,,HIGH,پۆل «ئامێر» has no home among the deck's ten (see unmapped.csv),f65f7d2f-996a-4df7-a10e-c6e846940032,ahmadaziz,,,,,
3899,13460,تاوە گاز,تاوانگاز,کەس,ناو,ناو,ناو › کەس,,,HIGH,,96560cf4-030d-4268-baea-87bb57cdf631,somaali,,,,,
3900,13461,تاوێ,دەمێکی کەم,کات,ناو,ناو,,,,HIGH,پۆل «کات» has no home among the deck's ten (see unmapped.csv),96560cf4-030d-4268-baea-87bb57cdf631,somaali,,,,,
3901,13462,تاویار,تاوێرە  دەنک، ئەوەندەی جارێک لە سێڵدا دەبرژێ,خواردن,ناو,ناو,کولتووری › خواردن,,,HIGH,,96560cf4-030d-4268-baea-87bb57cdf631,somaali,,,,,
3902,13463,تاویان,تاونای، تاویانەوە، توانەوە,,کار | چاوگ,,,,,LOW,word carries several parts of speech (کار / چاوگ); a sense may only have one,96560cf4-030d-4268-baea-87bb57cdf631,somaali,,,,,
3903,13464,تاویانەوە,تاویان,,کار | چاوگ,,,,,LOW,word carries several parts of speech (کار / چاوگ); a sense may only have one,96560cf4-030d-4268-baea-87bb57cdf631,somaali,,,,,
3904,13465,تاویت,تابوت، تاوت,کەرەستە,ناو,ناو,کولتووری › کەرەستە,,,HIGH,,96560cf4-030d-4268-baea-87bb57cdf631,somaali,,,,,
3907,13466,ئاردپێچ,جۆرێک حەلوایە لە ئارد و شەکر,خواردن,ناو,ناو,کولتووری › خواردن,ڕەگەز=بێلایەن,,HIGH,,f65f7d2f-996a-4df7-a10e-c6e846940032,ahmadaziz,,,,,
3909,13467,ئاردکێش,بێڵوکەی دارینی ئاشەوان کە ئاردی پێ لە قوڵگە دەردەدا,کەرەستە,ناو,ناو,کولتووری › کەرەستە,ڕەگەز=بێلایەن,,HIGH,,f65f7d2f-996a-4df7-a10e-c6e846940032,ahmadaziz,,,,,
3910,13468,ئارماڵک,ئەو کۆنە پەڕۆیەی ئاشوان جێ ئاردی پێ دەماڵێ,کەرەستە,ناو,ناو,کولتووری › کەرەستە,ڕەگەز=بێلایەن,,HIGH,,f65f7d2f-996a-4df7-a10e-c6e846940032,ahmadaziz,,,,,
3911,13469,ئاردن,ھاوردن، ھێنان، ئانین,کانزا | ئەنجامدانی کارێک,چاوگ,چاوگ,,,,LOW,"پۆل «کانزا» has no home among the deck's ten (see unmapped.csv) ; پۆل «ئەنجامدانی کارێک» is really the part of speech «کار» — routed nowhere, needs a decision ; پۆل says «کار», جۆری وشە says «چاوگ» — they disagree",f65f7d2f-996a-4df7-a10e-c6e846940032,ahmadaziz,,,,,
3913,13470,ئاردە بار,بەشە ئاردێک کە ئاشێر بۆ ھەر بارێک کەمێکی بەخۆشی خۆی بە ئاشەوان دەبەخشێ,کەرەستە,ناو,ناو,کولتووری › کەرەستە,ڕەگەز=بێلایەن,,HIGH,,f65f7d2f-996a-4df7-a10e-c6e846940032,ahmadaziz,,,,,
3914,13471,تاویلکە,تاوەی بچووک,کەرەستە,ناو,ناو,کولتووری › کەرەستە,,,HIGH,,96560cf4-030d-4268-baea-87bb57cdf631,somaali,,,,,
3915,13472,تاوین,تاویان,,چاوگ,چاوگ,,,,HIGH,,96560cf4-030d-4268-baea-87bb57cdf631,somaali,,,,,
3916,13473,تاوینەوە,تاویان,,کار | چاوگ,,,,,LOW,word carries several parts of speech (کار / چاوگ); a sense may only have one,96560cf4-030d-4268-baea-87bb57cdf631,somaali,,,,,
3917,13474,تاوێنەوە,توێنەرەوە، ئەوەی دەتوێنێتەوە,کەرەستە,ناو,ناو,کولتووری › کەرەستە,,,HIGH,,96560cf4-030d-4268-baea-87bb57cdf631,somaali,,,,,
3918,13475,تاویەتی,خوسوسی، بە مەخسوسی,سیفەت,ئاوەڵناو,هاوەڵناو,,,,LOW,"پۆل «سیفەت» is really the part of speech «هاوەڵناو» — routed nowhere, needs a decision",96560cf4-030d-4268-baea-87bb57cdf631,somaali,,,,,
3919,13476,تایبەت,تاویەتی,سیفەت,ئاوەڵناو,هاوەڵناو,,,,LOW,"پۆل «سیفەت» is really the part of speech «هاوەڵناو» — routed nowhere, needs a decision",96560cf4-030d-4268-baea-87bb57cdf631,somaali,,,,,
3920,13477,تایبەتی,تاویەتی,سیفەت,ئاوەڵناو,هاوەڵناو,,,,LOW,"پۆل «سیفەت» is really the part of speech «هاوەڵناو» — routed nowhere, needs a decision",96560cf4-030d-4268-baea-87bb57cdf631,somaali,,,,,
3921,13478,تایفە,بەرە، قەوم و قیلە، تیرە,کەس | مرۆڤ,ناو,ناو,ناو › کەس | کولتووری › مرۆڤ,,,HIGH,,96560cf4-030d-4268-baea-87bb57cdf631,somaali,,,,,
3922,13479,تایفی,جۆرێ هەنگور,میوە,ناو,ناو,,,,HIGH,پۆل «میوە» has no home among the deck's ten (see unmapped.csv),96560cf4-030d-4268-baea-87bb57cdf631,somaali,,,,,
3923,13480,تایلە,دارێکی لێڕەوارە,ڕووەك,ناو,ناو,ڕووەکناسی › ڕووەك,,,HIGH,,96560cf4-030d-4268-baea-87bb57cdf631,somaali,,,,,
3924,13481,تاین,شتەکە، ئەوی خۆمان ئەیزانین، فڵان,کەرەستە,ناو | ئاوەڵناو,,کولتووری › کەرەستە,,,LOW,word carries several parts of speech (ناو / هاوەڵناو); a sense may only have one,96560cf4-030d-4268-baea-87bb57cdf631,somaali,,,,,
3926,13481,تاین,ڕەشکەی زلی کاکێشان,کەرەستە,ناو | ئاوەڵناو,,کولتووری › کەرەستە,,,LOW,word carries several parts of speech (ناو / هاوەڵناو); a sense may only have one,96560cf4-030d-4268-baea-87bb57cdf631,somaali,,,,,
3927,13482,تاینچە,ڕەشکەی نیوەبار بۆ کاکێشان,کەرەستە,ناو,ناو,کولتووری › کەرەستە,,,HIGH,,96560cf4-030d-4268-baea-87bb57cdf631,somaali,,,,,
3928,13482,تاینچە,جەواڵی گەورە، هۆڕ,کەرەستە,ناو,ناو,کولتووری › کەرەستە,,,HIGH,,96560cf4-030d-4268-baea-87bb57cdf631,somaali,,,,,
3930,13483,تایە,گیشە، گرشە,مرۆڤ | ڕووەك | دۆخی کەشوھەوا,ناو,ناو,کولتووری › مرۆڤ | ڕووەکناسی › ڕووەك,,,HIGH,پۆل «دۆخی کەشوھەوا» has no home among the deck's ten (see unmapped.csv),96560cf4-030d-4268-baea-87bb57cdf631,somaali,,,,,
3931,13483,تایە,تایەن، مامان، لەلەی ژن,مرۆڤ | ڕووەك | دۆخی کەشوھەوا,ناو,ناو,کولتووری › مرۆڤ | ڕووەکناسی › ڕووەك,,,HIGH,پۆل «دۆخی کەشوھەوا» has no home among the deck's ten (see unmapped.csv),96560cf4-030d-4268-baea-87bb57cdf631,somaali,,,,,
3932,13483,تایە,نەمامی بی لە چەم دا,مرۆڤ | ڕووەك | دۆخی کەشوھەوا,ناو,ناو,کولتووری › مرۆڤ | ڕووەکناسی › ڕووەك,,,HIGH,پۆل «دۆخی کەشوھەوا» has no home among the deck's ten (see unmapped.csv),96560cf4-030d-4268-baea-87bb57cdf631,somaali,,,,,
3935,13484,تایەفە,تایفە,کەس | میوە | مرۆڤ,ناو,ناو,ناو › کەس | کولتووری › مرۆڤ,,,HIGH,پۆل «میوە» has no home among the deck's ten (see unmapped.csv),96560cf4-030d-4268-baea-87bb57cdf631,somaali,,,,,
3936,13485,تایەفی,تایفی,میوە,ناو,ناو,,,,HIGH,پۆل «میوە» has no home among the deck's ten (see unmapped.csv),96560cf4-030d-4268-baea-87bb57cdf631,somaali,,,,,
3937,13486,تایهم,وشەیەکە بە حەیران بێژی دەڵێن، واتا: ئافەریم، خۆشت گوت,سیفەت,ئاوەڵناو,هاوەڵناو,,,,LOW,"پۆل «سیفەت» is really the part of speech «هاوەڵناو» — routed nowhere, needs a decision",96560cf4-030d-4268-baea-87bb57cdf631,somaali,,,,,
3938,13487,تبلک,قوچەکە، ئەنگوستیلەی دورمانان,کەرەستە,ناو,ناو,کولتووری › کەرەستە,,,HIGH,,96560cf4-030d-4268-baea-87bb57cdf631,somaali,,,,,
3939,13488,خ,وشەی پاراستن، واتا: نەکەی,ئامراز,وردە وشە,,کولتووری › ئامراز,,,LOW,جۆری وشە «وردە وشە» has no equivalent among the seven,d53e0d86-01bb-4950-863e-beb1e3d81ccf,shkoskur,,,,,
3940,13489,تخل,خوێڕی، بێکارە، بێ نرخ و هەرزە,کەس | مرۆڤ | سیفەت,ناو | ئاوەڵناو,,ناو › کەس | کولتووری › مرۆڤ,,,LOW,"word carries several parts of speech (ناو / هاوەڵناو); a sense may only have one ; پۆل «سیفەت» is really the part of speech «هاوەڵناو» — routed nowhere, needs a decision",96560cf4-030d-4268-baea-87bb57cdf631,somaali,,,,,
3941,13490,تخوم,تخوب,,,,,,,LOW,word has no جۆری وشە at all,96560cf4-030d-4268-baea-87bb57cdf631,somaali,,,,,
3942,13491,تخوب,سنور، کەوشەن، تخوم، حدود، سەرحەد,سیفەت,ناو | ئاوەڵناو,,,,,LOW,"word carries several parts of speech (ناو / هاوەڵناو); a sense may only have one ; پۆل «سیفەت» is really the part of speech «هاوەڵناو» — routed nowhere, needs a decision",96560cf4-030d-4268-baea-87bb57cdf631,somaali,,,,,
3943,13492,تخون,نێزیکی، (تخونی ئاگر نەکەوی),,کار | ئاوەڵناو | ئاوەڵکار,,,,,LOW,word carries several parts of speech (کار / هاوەڵناو / هاوەڵکار); a sense may only have one,96560cf4-030d-4268-baea-87bb57cdf631,somaali,,,,,
3944,13493,تخێل,ڕاست بەسەر عەرزدا درێژ بوو,ئەنجامدانی کارێک,کار,کار,,,,LOW,"پۆل «ئەنجامدانی کارێک» is really the part of speech «کار» — routed nowhere, needs a decision",96560cf4-030d-4268-baea-87bb57cdf631,somaali,,,,,
3945,13494,تر,دیکە: (ئەیتر),,وردە وشە,,,,,LOW,جۆری وشە «وردە وشە» has no equivalent among the seven,96560cf4-030d-4268-baea-87bb57cdf631,somaali,,,,,
3946,13494,تر,نیشانەی صفەتی طفضیلی: (زۆرتر),,وردە وشە,,,,,LOW,جۆری وشە «وردە وشە» has no equivalent among the seven,96560cf4-030d-4268-baea-87bb57cdf631,somaali,,,,,
3947,13494,تر,زوان بەگیر، کەسێ قسەی باشی بۆ ناکرێ,,وردە وشە,,,,,LOW,جۆری وشە «وردە وشە» has no equivalent among the seven,96560cf4-030d-4268-baea-87bb57cdf631,somaali,,,,,
3950,13495,تڕ,بای دەنگداری قون,سیفەت | ئەنجامدانی کارێک,ناو | کار,,,,,LOW,"word carries several parts of speech (ناو / کار); a sense may only have one ; پۆل «سیفەت» is really the part of speech «هاوەڵناو» — routed nowhere, needs a decision ; پۆل «ئەنجامدانی کارێک» is really the part of speech «کار» — routed nowhere, needs a decision",96560cf4-030d-4268-baea-87bb57cdf631,somaali,,,,,
3951,13495,تڕ,برێتی لە خۆ هەڵکێشانی بە درۆ,سیفەت | ئەنجامدانی کارێک,ناو | کار,,,,,LOW,"word carries several parts of speech (ناو / کار); a sense may only have one ; پۆل «سیفەت» is really the part of speech «هاوەڵناو» — routed nowhere, needs a decision ; پۆل «ئەنجامدانی کارێک» is really the part of speech «کار» — routed nowhere, needs a decision",96560cf4-030d-4268-baea-87bb57cdf631,somaali,,,,,
3953,13496,ترات,رمبازی بە ئەسپ، هاتوچوی سوار لە مەیداندا,ئەنجامدانی کارێک,کار,کار,,,,LOW,"پۆل «ئەنجامدانی کارێک» is really the part of speech «کار» — routed nowhere, needs a decision",96560cf4-030d-4268-baea-87bb57cdf631,somaali,,,,,
3954,13497,تراتێن,هاتوچۆکردنی  سواری لە مەیداندا,ئەنجامدانی کارێک,ناو | کار,,,,,LOW,"word carries several parts of speech (ناو / کار); a sense may only have one ; پۆل «ئەنجامدانی کارێک» is really the part of speech «کار» — routed nowhere, needs a decision",96560cf4-030d-4268-baea-87bb57cdf631,somaali,,,,,
3955,13498,ترار,تاسولکەی ئاو خواردنەوە,کەرەستە,ناو,ناو,کولتووری › کەرەستە,,,HIGH,,96560cf4-030d-4268-baea-87bb57cdf631,somaali,,,,,
3956,13499,تراز,جەڕ و مەنگەنە,سیفەت | ئەنجامدانی کارێک,ناو | ئاوەڵناو,,,,,LOW,"word carries several parts of speech (ناو / هاوەڵناو); a sense may only have one ; پۆل «سیفەت» is really the part of speech «هاوەڵناو» — routed nowhere, needs a decision ; پۆل «ئەنجامدانی کارێک» is really the part of speech «کار» — routed nowhere, needs a decision",96560cf4-030d-4268-baea-87bb57cdf631,somaali,,,,,
3957,13500,ترازان,جیابوونەوە، لێک کلا بوون,,کار | چاوگ,,,,,LOW,word carries several parts of speech (کار / چاوگ); a sense may only have one,96560cf4-030d-4268-baea-87bb57cdf631,somaali,,,,,
3958,13501,ترازاندن,لە یەک جیاکردنەوە: (دوگمەکەم ترازاند),ئەنجامدانی کارێک,کار | چاوگ,,,,,LOW,"word carries several parts of speech (کار / چاوگ); a sense may only have one ; پۆل «ئەنجامدانی کارێک» is really the part of speech «کار» — routed nowhere, needs a decision",96560cf4-030d-4268-baea-87bb57cdf631,somaali,,,,,
3959,13502,ترازاو,وەکری، ڕاهی کراوی بەسراو,,کار,کار,,,,HIGH,,96560cf4-030d-4268-baea-87bb57cdf631,somaali,,,,,
3960,13503,ترازو,ئامرازی کێشان و کێش بە سەنگ کردن,کەرەستە,ناو,ناو,کولتووری › کەرەستە,,,HIGH,,96560cf4-030d-4268-baea-87bb57cdf631,somaali,,,,,
3961,13503,ترازو,کۆمەڵە ئەستێرەیەکە لە عاسمان,کەرەستە,ناو,ناو,کولتووری › کەرەستە,,,HIGH,,96560cf4-030d-4268-baea-87bb57cdf631,somaali,,,,,
3963,13504,ترازو باز,سوک فرۆش، کەم فرۆش,سیفەت,ئاوەڵناو,هاوەڵناو,,,,LOW,"پۆل «سیفەت» is really the part of speech «هاوەڵناو» — routed nowhere, needs a decision",96560cf4-030d-4268-baea-87bb57cdf631,somaali,,,,,
3964,13505,ترازی,ترازو,کەرەستە,ناو,ناو,کولتووری › کەرەستە,,,HIGH,,96560cf4-030d-4268-baea-87bb57cdf631,somaali,,,,,
3965,13506,تراسکە,لە ڕێ لادانی بارەبەر,ئەنجامدانی کارێک,ناو | چاوگ,,,,,LOW,"word carries several parts of speech (ناو / چاوگ); a sense may only have one ; پۆل «ئەنجامدانی کارێک» is really the part of speech «کار» — routed nowhere, needs a decision",96560cf4-030d-4268-baea-87bb57cdf631,somaali,,,,,
3966,13507,تراش,بە تیخ پەڕاندن و قرتاندن,ئەنجامدانی کارێک,ناو | کار,,,,,LOW,"word carries several parts of speech (ناو / کار); a sense may only have one ; پۆل «ئەنجامدانی کارێک» is really the part of speech «کار» — routed nowhere, needs a decision",96560cf4-030d-4268-baea-87bb57cdf631,somaali,,,,,
3967,13507,تراش,تاشینی سەر و ڕیش,ئەنجامدانی کارێک,ناو | کار,,,,,LOW,"word carries several parts of speech (ناو / کار); a sense may only have one ; پۆل «ئەنجامدانی کارێک» is really the part of speech «کار» — routed nowhere, needs a decision",96560cf4-030d-4268-baea-87bb57cdf631,somaali,,,,,
3969,13508,تراشە,تاشین,ئەنجامدانی کارێک,کار,کار,,,,LOW,"پۆل «ئەنجامدانی کارێک» is really the part of speech «کار» — routed nowhere, needs a decision",96560cf4-030d-4268-baea-87bb57cdf631,somaali,,,,,
3970,13509,ترافانن,رفاندن، فراندن، رەواندن,ئەنجامدانی کارێک,کار | چاوگ,,,,,LOW,"word carries several parts of speech (کار / چاوگ); a sense may only have one ; پۆل «ئەنجامدانی کارێک» is really the part of speech «کار» — routed nowhere, needs a decision",96560cf4-030d-4268-baea-87bb57cdf631,somaali,,,,,
3971,13510,ترافیاک,ڕەتێنراو، دەرکراوی ئاوارەکراو,مرۆڤ | سیفەت,ناو | ئاوەڵناو,,کولتووری › مرۆڤ,,,LOW,"word carries several parts of speech (ناو / هاوەڵناو); a sense may only have one ; پۆل «سیفەت» is really the part of speech «هاوەڵناو» — routed nowhere, needs a decision",96560cf4-030d-4268-baea-87bb57cdf631,somaali,,,,,
3972,13511,ترافیە,ئاوارەو دەربەدەر,مرۆڤ | سیفەت,ناو | ئاوەڵناو,,کولتووری › مرۆڤ,,,LOW,"word carries several parts of speech (ناو / هاوەڵناو); a sense may only have one ; پۆل «سیفەت» is really the part of speech «هاوەڵناو» — routed nowhere, needs a decision",96560cf4-030d-4268-baea-87bb57cdf631,somaali,,,,,
3973,13512,تراک,قاپی پەل، دەوری,کەرەستە,ناو,ناو,کولتووری › کەرەستە,,,HIGH,,96560cf4-030d-4268-baea-87bb57cdf631,somaali,,,,,
3974,13513,تڕاڵ,شل و شەویق، سست، بێکارە,سیفەت,ئاوەڵناو,هاوەڵناو,,,,LOW,"پۆل «سیفەت» is really the part of speech «هاوەڵناو» — routed nowhere, needs a decision",96560cf4-030d-4268-baea-87bb57cdf631,somaali,,,,,
3975,13514,ئاردەڵ,نۆکەری بەردەستی خانی گەورە، باب نۆکەر، ڕواێژکەری خان,کەس,ناو,ناو,ناو › کەس,ڕەگەز=نێر,,HIGH,,f65f7d2f-996a-4df7-a10e-c6e846940032,ahmadaziz,,,,,
3976,13519,ئاردەی,ھاوردن، ھانین، ھێنان، ئانین,ئەنجامدانی کارێک,چاوگ,چاوگ,,,,LOW,"پۆل «ئەنجامدانی کارێک» is really the part of speech «کار» — routed nowhere, needs a decision ; پۆل says «کار», جۆری وشە says «چاوگ» — they disagree",f65f7d2f-996a-4df7-a10e-c6e846940032,ahmadaziz,,,,,
3978,13520,ئارزی,ئاوات، ئارەزوو، ھێوی، دڵخواز,سیفەت,ئاوەڵناو,هاوەڵناو,,,,LOW,"پۆل «سیفەت» is really the part of speech «هاوەڵناو» — routed nowhere, needs a decision",f65f7d2f-996a-4df7-a10e-c6e846940032,ahmadaziz,,,,,
3980,13521,ئارزینگ,چەنە، چەنەگە، چەناگە، چناگە,ئەندامی جەستە,ناو,ناو,زانستیی پزیشکی › ئەندامی جەستە,ڕەگەز=بێلایەن,,HIGH,,f65f7d2f-996a-4df7-a10e-c6e846940032,ahmadaziz,,,,,
3982,13522,ئارژنگ,دارێکی سوور پێستە وەک بڵاڵوک وایە گۆچانی لێ دروستدەکەن,درەخت,ناو,ناو,,ڕەگەز=بێلایەن,,HIGH,پۆل «درەخت» has no home among the deck's ten (see unmapped.csv),f65f7d2f-996a-4df7-a10e-c6e846940032,ahmadaziz,,,,,
3984,13523,ئارسم,ھەڵامەت، زوکام، پەسیو,نەخۆشی,ناو,ناو,زانستیی پزیشکی › نەخۆشی,ڕەگەز=بێلایەن,,HIGH,,f65f7d2f-996a-4df7-a10e-c6e846940032,ahmadaziz,,,,,
3985,13524,ئارسمی,ھەڵامەت دار، پەسیودار,نەخۆشی,ناو,ناو,زانستیی پزیشکی › نەخۆشی,ڕەگەز=بێلایەن,,HIGH,,f65f7d2f-996a-4df7-a10e-c6e846940032,ahmadaziz,,,,,
3986,13525,حاجی بادام,جۆرێکی حەڵوایە,خواردن,,,کولتووری › خواردن,,,LOW,word has no جۆری وشە at all,d53e0d86-01bb-4950-863e-beb1e3d81ccf,shkoskur,,,,,
3987,13526,حاجی بایف,جۆرێکی بادەمی وردە، چەقالە,خواردن | میوە,,,کولتووری › خواردن,,,LOW,word has no جۆری وشە at all ; پۆل «میوە» has no home among the deck's ten (see unmapped.csv),d53e0d86-01bb-4950-863e-beb1e3d81ccf,shkoskur,,,,,
3988,13527,حاجی بەیان,بەری گیایەکە لەناو دەغڵوداندا دەڕوێت,ڕووەك,ناو | بانگکردن | ئامرازی ناساند,ناو,ڕووەکناسی › ڕووەك,ڕەگەز=مێ,,HIGH,,d53e0d86-01bb-4950-863e-beb1e3d81ccf,shkoskur,,,,,
3989,13528,حاجی ڕەش,پەڕەسێلکە,گیانلەبەر,,,,ڕەگەز=دوولایەن,,LOW,word has no جۆری وشە at all ; پۆل «گیانلەبەر» has no home among the deck's ten (see unmapped.csv),d53e0d86-01bb-4950-863e-beb1e3d81ccf,shkoskur,,,,,
3990,13529,حاجی  ڕەنگ,پەڕەسێلکە,گیانلەبەر,,,,ڕەگەز=دوولایەن,,LOW,word has no جۆری وشە at all ; پۆل «گیانلەبەر» has no home among the deck's ten (see unmapped.csv),d53e0d86-01bb-4950-863e-beb1e3d81ccf,shkoskur,,,,,
3993,13530,حاجیلە,گوڵێکی سپی ناو زەردە و بەهاران هەیە،  ناوی چیایەکە  لە دەڤەری بیتوێن,شوێن | ڕووەك | گوڵ,ناو,ناو,ناو › شوێن | ڕووەکناسی › ڕووەك | ڕووەکناسی › گوڵ,ڕەگەز=بێلایەن,,HIGH,,d53e0d86-01bb-4950-863e-beb1e3d81ccf,shkoskur,,,,,
3992,13531,حاجی لەق لەق,ناوی گیاندارێکی لۆقدرێژە,گیانلەبەر,,,,ڕەگەز=دوولایەن,,LOW,word has no جۆری وشە at all ; پۆل «گیانلەبەر» has no home among the deck's ten (see unmapped.csv),d53e0d86-01bb-4950-863e-beb1e3d81ccf,shkoskur,,,,,
3994,13532,حاچگ,ناوە بۆ پیاوان,کەس | مرۆڤ,ناو,ناو,ناو › کەس | کولتووری › مرۆڤ,ڕەگەز=نێر,,HIGH,,d53e0d86-01bb-4950-863e-beb1e3d81ccf,shkoskur,,,,,
3995,13533,حادری,"هەر لەجێ. جێبەجێ. شتێک ڕوودەدات لەکاتی گفتوگۆدا دەڵێی حادری دەیکەم.  بەعەرەبی دەڵێن: فوراً",دەستەواژە,,,,,,LOW,word has no جۆری وشە at all ; پۆل «دەستەواژە» has no home among the deck's ten (see unmapped.csv),d53e0d86-01bb-4950-863e-beb1e3d81ccf,shkoskur,,,,,
3999,13534,حار,بارودۆخ. حاڵ. ئەحواڵ,دەستەواژە,,,,,,LOW,word has no جۆری وشە at all ; پۆل «دەستەواژە» has no home among the deck's ten (see unmapped.csv),d53e0d86-01bb-4950-863e-beb1e3d81ccf,shkoskur,,,,,
3997,13535,حازاب,ئازار.,بارودۆخی جەستەیی,,,زانستیی پزیشکی › بارودۆخی جەستەیی,,,LOW,word has no جۆری وشە at all,d53e0d86-01bb-4950-863e-beb1e3d81ccf,shkoskur,,,,,
4000,13536,حازاو,ئازار,بارودۆخی جەستەیی,,,زانستیی پزیشکی › بارودۆخی جەستەیی,,,LOW,word has no جۆری وشە at all,d53e0d86-01bb-4950-863e-beb1e3d81ccf,shkoskur,,,,,
4001,13537,حازر,ئامادە. ئامادەبوون. شتێک ببێت دەڵێیت: من حازرم.,دەستەواژە,,,,,,LOW,word has no جۆری وشە at all ; پۆل «دەستەواژە» has no home among the deck's ten (see unmapped.csv),d53e0d86-01bb-4950-863e-beb1e3d81ccf,shkoskur,,,,,
4002,13538,حازری,ئەوانەی لە مەجلیس دانیشتوون. واتە: ئەوانەی لە شوێنێک ئامادە بن.,کەس,,,ناو › کەس,,,LOW,word has no جۆری وشە at all,d53e0d86-01bb-4950-863e-beb1e3d81ccf,shkoskur,,,,,
4003,13539,حاستەم,سەبرۆکە.  لەسەرخۆ. زۆر جار بۆ مەودایەکی کەمی دووریش بەکار دێت. دەڵێن: بە حاستەمی مابوو سەیارە لێی بدات.,سیفەت,ئاوەڵکار,هاوەڵکار,,,,LOW,"پۆل «سیفەت» is really the part of speech «هاوەڵناو» — routed nowhere, needs a decision ; پۆل says «هاوەڵناو», جۆری وشە says «هاوەڵکار» — they disagree",d53e0d86-01bb-4950-863e-beb1e3d81ccf,shkoskur,,,,,
4004,13540,حاسڵ,بەهرە و دارەمەند.  زۆر جار بە مانەی «خولاسە و پوختەی قسەکردن و وتار» دێت و دەوترێت: وەلحاسڵ....,سیفەت,ئاوەڵناو,هاوەڵناو,,,,LOW,"پۆل «سیفەت» is really the part of speech «هاوەڵناو» — routed nowhere, needs a decision",d53e0d86-01bb-4950-863e-beb1e3d81ccf,shkoskur,,,,,
4005,13541,حاسمان,ئاسمان. عاسمان. حەوا. مەبەست لێی ئاسمانە. زیاتر لە ناوچەی پشدەر کە پیتی ع دەکەنە ح وا دەڵێن,شوێن,ناو,ناو,ناو › شوێن,,,HIGH,,d53e0d86-01bb-4950-863e-beb1e3d81ccf,shkoskur,,,,,
4006,13542,حاش,بێبەهرە. بێنرخ,سیفەت,ئاوەڵناو,هاوەڵناو,,,,LOW,"پۆل «سیفەت» is really the part of speech «هاوەڵناو» — routed nowhere, needs a decision",d53e0d86-01bb-4950-863e-beb1e3d81ccf,shkoskur,,,,,
4008,13543,حاشا,بەهیچ جۆرێک. زۆر جار  بۆ نەفیکردنی قسەیەک، ڕووداوێک بەکاردێت.,دەستەواژە,,,,,,LOW,word has no جۆری وشە at all ; پۆل «دەستەواژە» has no home among the deck's ten (see unmapped.csv),d53e0d86-01bb-4950-863e-beb1e3d81ccf,shkoskur,,,,,
4009,13544,حاشتەبا,هیچشتێک. هیچ. نەبوونی شتێک. دەوترێت:  حاشتەبا شک نابەم لەخۆم,دەستەواژە,,,,,,LOW,word has no جۆری وشە at all ; پۆل «دەستەواژە» has no home among the deck's ten (see unmapped.csv),d53e0d86-01bb-4950-863e-beb1e3d81ccf,shkoskur,,,,,
4010,13545,حاشوەڵڵا,بەهیچ بارێکدا. نا، هەرگیز.,دەستەواژە,,,,,,LOW,word has no جۆری وشە at all ; پۆل «دەستەواژە» has no home among the deck's ten (see unmapped.csv),d53e0d86-01bb-4950-863e-beb1e3d81ccf,shkoskur,,,,,
4011,13546,حاشیە,کەنارە. پەراوێزی کتێب. دامێن. دامەن.,شوێن,ناو,ناو,ناو › شوێن,,,HIGH,,d53e0d86-01bb-4950-863e-beb1e3d81ccf,shkoskur,,,,,
4012,13547,حافز,کوێر.  نابینا. کەسێک قورئانی لەبەر بێت. یا کوێر بێت و قورئانی لەبەر بێت.,کەس | مرۆڤ | بارودۆخی جەستەیی,ناو | ئاوەڵناو,,ناو › کەس | کولتووری › مرۆڤ | زانستیی پزیشکی › بارودۆخی جەستەیی,ڕەگەز=دوولایەن,,LOW,word carries several parts of speech (ناو / هاوەڵناو); a sense may only have one,d53e0d86-01bb-4950-863e-beb1e3d81ccf,shkoskur,,,,,
4013,13548,حاقۆ,جۆرێکی کۆترە.,گیانلەبەر | باڵندە,ناو,ناو,زیندەوەرزانی › باڵندە,ڕەگەز=دوولایەن,,HIGH,پۆل «گیانلەبەر» has no home among the deck's ten (see unmapped.csv),d53e0d86-01bb-4950-863e-beb1e3d81ccf,shkoskur,,,,,
4014,13549,حاکم,دادوەر. فەرمانڕەوا. قازی.,کەس | مرۆڤ | سیفەت | پیشە,ناو | کار | ئاوەڵناو,,ناو › کەس | کولتووری › مرۆڤ,ڕەگەز=دوولایەن,,LOW,"word carries several parts of speech (ناو / کار / هاوەڵناو); a sense may only have one ; پۆل «سیفەت» is really the part of speech «هاوەڵناو» — routed nowhere, needs a decision ; پۆل «پیشە» has no home among the deck's ten (see unmapped.csv)",d53e0d86-01bb-4950-863e-beb1e3d81ccf,shkoskur,,,,,
4016,13550,تڕان,بای بە دەنگ بەردان,ئەنجامدانی کارێک,ناو | چاوگ,,,,,LOW,"word carries several parts of speech (ناو / چاوگ); a sense may only have one ; پۆل «ئەنجامدانی کارێک» is really the part of speech «کار» — routed nowhere, needs a decision",96560cf4-030d-4268-baea-87bb57cdf631,somaali,,,,,
4017,13551,تڕاندن,برێتی لە پر زە بڕین و تەمێ کردن,ئەنجامدانی کارێک,کار | ئاوەڵناو,,,,,LOW,"word carries several parts of speech (کار / هاوەڵناو); a sense may only have one ; پۆل «ئەنجامدانی کارێک» is really the part of speech «کار» — routed nowhere, needs a decision",96560cf4-030d-4268-baea-87bb57cdf631,somaali,,,,,
4018,13552,تڕانن,تڕاندن,ئەنجامدانی کارێک,کار,کار,,,,LOW,"پۆل «ئەنجامدانی کارێک» is really the part of speech «کار» — routed nowhere, needs a decision",96560cf4-030d-4268-baea-87bb57cdf631,somaali,,,,,
4019,13553,تڕانە,تیز,ئەنجامدانی کارێک,کار,کار,,,,LOW,"پۆل «ئەنجامدانی کارێک» is really the part of speech «کار» — routed nowhere, needs a decision",96560cf4-030d-4268-baea-87bb57cdf631,somaali,,,,,
4020,13553,تڕانە,گەمە پێ کردن,ئەنجامدانی کارێک,کار,کار,,,,LOW,"پۆل «ئەنجامدانی کارێک» is really the part of speech «کار» — routed nowhere, needs a decision",96560cf4-030d-4268-baea-87bb57cdf631,somaali,,,,,
4022,13554,داب,عادەت، نەریت، دام و دەستور,,ناو,ناو,,ڕەگەز=بێلایەن,,HIGH,,fbaa1310-1a57-4439-b4e4-2b6fb312b455,banazhamad,,,,,
4023,13555,تراو,شل,دۆخی ماددە,ناو | ئاوەڵناو,,,,,LOW,word carries several parts of speech (ناو / هاوەڵناو); a sense may only have one ; پۆل «دۆخی ماددە» has no home among the deck's ten (see unmapped.csv),96560cf4-030d-4268-baea-87bb57cdf631,somaali,,,,,
4024,13555,تراو,بەرانبەری خەست,دۆخی ماددە,ناو | ئاوەڵناو,,,,,LOW,word carries several parts of speech (ناو / هاوەڵناو); a sense may only have one ; پۆل «دۆخی ماددە» has no home among the deck's ten (see unmapped.csv),96560cf4-030d-4268-baea-87bb57cdf631,somaali,,,,,
4025,13556,تراوری,گیاندار,گیانلەبەر,ناو,ناو,,,,HIGH,پۆل «گیانلەبەر» has no home among the deck's ten (see unmapped.csv),96560cf4-030d-4268-baea-87bb57cdf631,somaali,,,,,
4026,13556,تراوری,جانەوەر,گیانلەبەر,ناو,ناو,,,,HIGH,پۆل «گیانلەبەر» has no home among the deck's ten (see unmapped.csv),96560cf4-030d-4268-baea-87bb57cdf631,somaali,,,,,
4027,13556,تراوری,ژی,گیانلەبەر,ناو,ناو,,,,HIGH,پۆل «گیانلەبەر» has no home among the deck's ten (see unmapped.csv),96560cf4-030d-4268-baea-87bb57cdf631,somaali,,,,,
4028,13557,تراویلکە,ڕەمڵ و زیخێ کەلەبەر تاو بریقە دەدا و لە ئاو دەکا,دۆخی کەشوھەوا,ناو,ناو,,,,HIGH,پۆل «دۆخی کەشوھەوا» has no home among the deck's ten (see unmapped.csv),96560cf4-030d-4268-baea-87bb57cdf631,somaali,,,,,
4029,13558,ترب,قەبر,شوێن,ناو,ناو,ناو › شوێن,,,HIGH,,96560cf4-030d-4268-baea-87bb57cdf631,somaali,,,,,
4030,13558,ترب,قەور,شوێن,ناو,ناو,ناو › شوێن,,,HIGH,,96560cf4-030d-4268-baea-87bb57cdf631,somaali,,,,,
4031,13558,ترب,گۆڕ,شوێن,ناو,ناو,ناو › شوێن,,,HIGH,,96560cf4-030d-4268-baea-87bb57cdf631,somaali,,,,,
4032,13559,حاڵ,چلۆنایەتی. باری ژیان. جەزمەی دەروێشان.,دەستەواژە | بارودۆخی جەستەیی,,,زانستیی پزیشکی › بارودۆخی جەستەیی,,,LOW,word has no جۆری وشە at all ; پۆل «دەستەواژە» has no home among the deck's ten (see unmapped.csv),d53e0d86-01bb-4950-863e-beb1e3d81ccf,shkoskur,,,,,
4033,13560,حاڵات,جەزمەی دەروێش.,سیفەت | دەستەواژە | بارودۆخی جەستەیی,,,زانستیی پزیشکی › بارودۆخی جەستەیی,,,LOW,"word has no جۆری وشە at all ; پۆل «سیفەت» is really the part of speech «هاوەڵناو» — routed nowhere, needs a decision ; پۆل «دەستەواژە» has no home among the deck's ten (see unmapped.csv)",d53e0d86-01bb-4950-863e-beb1e3d81ccf,shkoskur,,,,,
4034,13561,حاڵم,زانا.,کەس | مرۆڤ | سیفەت | پیشە,ناو | ئاوەڵناو | ئاوەڵکار,,ناو › کەس | کولتووری › مرۆڤ,,,LOW,"word carries several parts of speech (ناو / هاوەڵناو / هاوەڵکار); a sense may only have one ; پۆل «سیفەت» is really the part of speech «هاوەڵناو» — routed nowhere, needs a decision ; پۆل «پیشە» has no home among the deck's ten (see unmapped.csv)",d53e0d86-01bb-4950-863e-beb1e3d81ccf,shkoskur,,,,,
4036,13562,حالوت,هەڵووچە. هەڵووژە.,خواردن | میوە,,,کولتووری › خواردن,,,LOW,word has no جۆری وشە at all ; پۆل «میوە» has no home among the deck's ten (see unmapped.csv),d53e0d86-01bb-4950-863e-beb1e3d81ccf,shkoskur,,,,,
4037,13563,حاڵی,تێگەیشتن. دەوترێت: لە قسەکەم حاڵی بوویت,دەستەواژە,ئاوەڵناو,هاوەڵناو,,,,HIGH,پۆل «دەستەواژە» has no home among the deck's ten (see unmapped.csv),d53e0d86-01bb-4950-863e-beb1e3d81ccf,shkoskur,,,,,
4038,13564,حاڵیبوون,تێگەیشتن,سیفەت | دەستەواژە,ناو | کار | ئاوەڵناو | چاوگ,,,,,LOW,"word carries several parts of speech (ناو / کار / هاوەڵناو / چاوگ); a sense may only have one ; پۆل «سیفەت» is really the part of speech «هاوەڵناو» — routed nowhere, needs a decision ; پۆل «دەستەواژە» has no home among the deck's ten (see unmapped.csv)",d53e0d86-01bb-4950-863e-beb1e3d81ccf,shkoskur,,,,,
4039,13565,حاڵیکردن,تێگەیاندن,ئەنجامدانی کارێک,چاوگ,چاوگ,,,,LOW,"پۆل «ئەنجامدانی کارێک» is really the part of speech «کار» — routed nowhere, needs a decision ; پۆل says «کار», جۆری وشە says «چاوگ» — they disagree",d53e0d86-01bb-4950-863e-beb1e3d81ccf,shkoskur,,,,,
4040,13566,حام,گشت. هەموو.,ئامراز,,,کولتووری › ئامراز,,,LOW,word has no جۆری وشە at all,d53e0d86-01bb-4950-863e-beb1e3d81ccf,shkoskur,,,,,
4042,13567,حامیلە,ئافرەتێک سکپڕ بێت. سکپڕ.,کەس | مرۆڤ | بارودۆخی جەستەیی,ناو,ناو,ناو › کەس | کولتووری › مرۆڤ | زانستیی پزیشکی › بارودۆخی جەستەیی,ڕەگەز=مێ,,HIGH,,d53e0d86-01bb-4950-863e-beb1e3d81ccf,shkoskur,,,,,
4043,13568,حان,کات. دەم. وەخت. چاخ. پیاوی بە ئەزموون  و زانا. جێگە (لەم حانە ڕاوەستابووم),کات,ئاوەڵناو,هاوەڵناو,,,,HIGH,پۆل «کات» has no home among the deck's ten (see unmapped.csv),d53e0d86-01bb-4950-863e-beb1e3d81ccf,shkoskur,,,,,
4044,13569,حاند,(جێگە) شوێنێکی نادیار.,شوێن,,,ناو › شوێن,,,LOW,word has no جۆری وشە at all,d53e0d86-01bb-4950-863e-beb1e3d81ccf,shkoskur,,,,,
4045,13570,حانەحەپەشێ,دەم لە دەمی یەکترنان. شەڕەچەقە.,ئەنجامدانی کارێک,کار,کار,,,,LOW,"پۆل «ئەنجامدانی کارێک» is really the part of speech «کار» — routed nowhere, needs a decision",d53e0d86-01bb-4950-863e-beb1e3d81ccf,shkoskur,,,,,
4048,13571,حاواندنەوە,سەرپەرشتیکردن. پەدانان. بێدەنگکردنی منداڵی گریاو. مەیلدان.,ئەنجامدانی کارێک,چاوگ,چاوگ,,,,LOW,"پۆل «ئەنجامدانی کارێک» is really the part of speech «کار» — routed nowhere, needs a decision ; پۆل says «کار», جۆری وشە says «چاوگ» — they disagree",d53e0d86-01bb-4950-863e-beb1e3d81ccf,shkoskur,,,,,
4049,13572,حاوانەوە,ژیانکردن بە ئاسوودەیی,ئەنجامدانی کارێک,کار,کار,,,,LOW,"پۆل «ئەنجامدانی کارێک» is really the part of speech «کار» — routed nowhere, needs a decision",d53e0d86-01bb-4950-863e-beb1e3d81ccf,shkoskur,,,,,
4050,13573,حاوقان,قەتیسمان. گیربوونی کارێک. تەسکبوونەوە.,دەستەواژە,چاوگ,چاوگ,,,,HIGH,پۆل «دەستەواژە» has no home among the deck's ten (see unmapped.csv),d53e0d86-01bb-4950-863e-beb1e3d81ccf,shkoskur,,,,,
4051,13574,حای,وشەیەکە لەکاتی سەرسوڕمانبوون  دەوترێت. یان شتێک بە کەسێک دەڵێیت، ئەو نایزانێت دەڵێت: حای... تۆبڵێی وابێت!؟,وشەی سەرسوڕمان,,,,,,LOW,word has no جۆری وشە at all ; پۆل «وشەی سەرسوڕمان» has no home among the deck's ten (see unmapped.csv),d53e0d86-01bb-4950-863e-beb1e3d81ccf,shkoskur,,,,,
4052,13575,حایشان,وا حساب بۆ کردن. وا بۆچوون,,,,,,,LOW,word has no جۆری وشە at all,d53e0d86-01bb-4950-863e-beb1e3d81ccf,shkoskur,,,,,
4053,13576,حرچ,ورچ. هرچ,گیانلەبەر,ناو,ناو,,ڕەگەز=دوولایەن,,HIGH,پۆل «گیانلەبەر» has no home among the deck's ten (see unmapped.csv),d53e0d86-01bb-4950-863e-beb1e3d81ccf,shkoskur,,,,,
4054,13577,حر حر,حیلەی ئەسپ.,ئەنجامدانی کارێک,,,,,,LOW,"word has no جۆری وشە at all ; پۆل «ئەنجامدانی کارێک» is really the part of speech «کار» — routed nowhere, needs a decision",d53e0d86-01bb-4950-863e-beb1e3d81ccf,shkoskur,,,,,
4055,13578,حسکە,جۆرێکی تفەنگە,ئامێر,ناو,ناو,,,,HIGH,پۆل «ئامێر» has no home among the deck's ten (see unmapped.csv),d53e0d86-01bb-4950-863e-beb1e3d81ccf,shkoskur,,,,,
4057,13580,تربێ,شەوی ناوەڕاستی زستان,کات,ناو,ناو,,,,HIGH,پۆل «کات» has no home among the deck's ten (see unmapped.csv),96560cf4-030d-4268-baea-87bb57cdf631,somaali,,,,,
4058,13580,تربێ,شەوی چل و پێنجەمی زوسان,کات,ناو,ناو,,,,HIGH,پۆل «کات» has no home among the deck's ten (see unmapped.csv),96560cf4-030d-4268-baea-87bb57cdf631,somaali,,,,,
4061,13581,ترپ,دەنگی کەوتنی شت: (ترپ ها کەوت),شوێن | خواردن | دەنگ,ناو,ناو,ناو › شوێن | کولتووری › خواردن,,,HIGH,پۆل «دەنگ» has no home among the deck's ten (see unmapped.csv),96560cf4-030d-4268-baea-87bb57cdf631,somaali,,,,,
4062,13581,ترپ,تووری خواردن,شوێن | خواردن | دەنگ,ناو,ناو,ناو › شوێن | کولتووری › خواردن,,,HIGH,پۆل «دەنگ» has no home among the deck's ten (see unmapped.csv),96560cf4-030d-4268-baea-87bb57cdf631,somaali,,,,,
4063,13581,ترپ,قەبر,شوێن | خواردن | دەنگ,ناو,ناو,ناو › شوێن | کولتووری › خواردن,,,HIGH,پۆل «دەنگ» has no home among the deck's ten (see unmapped.csv),96560cf4-030d-4268-baea-87bb57cdf631,somaali,,,,,
4064,13581,ترپ,قەور,شوێن | خواردن | دەنگ,ناو,ناو,ناو › شوێن | کولتووری › خواردن,,,HIGH,پۆل «دەنگ» has no home among the deck's ten (see unmapped.csv),96560cf4-030d-4268-baea-87bb57cdf631,somaali,,,,,
4068,13582,ترپان,مەڵەغان,کەرەستە,ناو,ناو,کولتووری › کەرەستە,,,HIGH,,96560cf4-030d-4268-baea-87bb57cdf631,somaali,,,,,
4069,13582,ترپان,داسی درێژی دەسک دار کە بە پێوە پیی دەدرون,کەرەستە,ناو,ناو,کولتووری › کەرەستە,,,HIGH,,96560cf4-030d-4268-baea-87bb57cdf631,somaali,,,,,
4070,13582,ترپان,داس کەرەنتو,کەرەستە,ناو,ناو,کولتووری › کەرەستە,,,HIGH,,96560cf4-030d-4268-baea-87bb57cdf631,somaali,,,,,
4072,13583,ترپۆکە,گیایەکە بۆ دەقی کوتاڵ بەکاردێت بەکاردێت,ڕووەك,ناو,ناو,ڕووەکناسی › ڕووەك,,,HIGH,,96560cf4-030d-4268-baea-87bb57cdf631,somaali,,,,,
4073,13583,ترپۆکە,شێلم,ڕووەك,ناو,ناو,ڕووەکناسی › ڕووەك,,,HIGH,,96560cf4-030d-4268-baea-87bb57cdf631,somaali,,,,,
4075,13584,ترپە,دەنگی کەوتنی گران,دەنگ,ناو,ناو,,,,HIGH,پۆل «دەنگ» has no home among the deck's ten (see unmapped.csv),96560cf4-030d-4268-baea-87bb57cdf631,somaali,,,,,
4076,13585,ترپە ترپ,دەنگی کەوتنی یەک لە دوای یەک,سیفەت | دەنگ,ئاوەڵناو,هاوەڵناو,,,,LOW,"پۆل «سیفەت» is really the part of speech «هاوەڵناو» — routed nowhere, needs a decision ; پۆل «دەنگ» has no home among the deck's ten (see unmapped.csv)",96560cf4-030d-4268-baea-87bb57cdf631,somaali,,,,,
4077,13586,ترت,سەر پەنجە,ئەندامی جەستە,ناو,ناو,زانستیی پزیشکی › ئەندامی جەستە,,,HIGH,,96560cf4-030d-4268-baea-87bb57cdf631,somaali,,,,,
4078,13586,ترت,سەری قامک,ئەندامی جەستە,ناو,ناو,زانستیی پزیشکی › ئەندامی جەستە,,,HIGH,,96560cf4-030d-4268-baea-87bb57cdf631,somaali,,,,,
4079,13586,ترت,تورت,ئەندامی جەستە,ناو,ناو,زانستیی پزیشکی › ئەندامی جەستە,,,HIGH,,96560cf4-030d-4268-baea-87bb57cdf631,somaali,,,,,
4081,13587,تڕتڕک,سورێنچک,ئەندامی جەستە,ناو,ناو,زانستیی پزیشکی › ئەندامی جەستە,,,HIGH,,96560cf4-030d-4268-baea-87bb57cdf631,somaali,,,,,
4082,13587,تڕتڕک,لوولەیەکی گەوگەوە لە دەروون دا,ئەندامی جەستە,ناو,ناو,زانستیی پزیشکی › ئەندامی جەستە,,,HIGH,,96560cf4-030d-4268-baea-87bb57cdf631,somaali,,,,,
4083,13587,تڕتڕک,ستۆکڕک,ئەندامی جەستە,ناو,ناو,زانستیی پزیشکی › ئەندامی جەستە,,,HIGH,,96560cf4-030d-4268-baea-87bb57cdf631,somaali,,,,,
4084,13588,تڕتڕۆک,تڕتڕک,ئەندامی جەستە,,,زانستیی پزیشکی › ئەندامی جەستە,,,LOW,word has no جۆری وشە at all,96560cf4-030d-4268-baea-87bb57cdf631,somaali,,,,,
4085,13588,تڕتڕۆک,پارچەیەک لە ڕیخۆڵە,ئەندامی جەستە,,,زانستیی پزیشکی › ئەندامی جەستە,,,LOW,word has no جۆری وشە at all,96560cf4-030d-4268-baea-87bb57cdf631,somaali,,,,,
4087,13589,تڕتڕە,گیایەکی وەک هەودا دەزوی زەردە کە لەسەوزی دەهاڵێ و وشکی دەکا,کەس | گیانلەبەر | ڕووەك | سیفەت,ناو | ئاوەڵناو,,ناو › کەس | ڕووەکناسی › ڕووەك,,,LOW,"word carries several parts of speech (ناو / هاوەڵناو); a sense may only have one ; پۆل «گیانلەبەر» has no home among the deck's ten (see unmapped.csv) ; پۆل «سیفەت» is really the part of speech «هاوەڵناو» — routed nowhere, needs a decision",96560cf4-030d-4268-baea-87bb57cdf631,somaali,,,,,
4088,13589,تڕتڕە,قەوی هەیکەلی تەوەزەل,کەس | گیانلەبەر | ڕووەك | سیفەت,ناو | ئاوەڵناو,,ناو › کەس | ڕووەکناسی › ڕووەك,,,LOW,"word carries several parts of speech (ناو / هاوەڵناو); a sense may only have one ; پۆل «گیانلەبەر» has no home among the deck's ten (see unmapped.csv) ; پۆل «سیفەت» is really the part of speech «هاوەڵناو» — routed nowhere, needs a decision",96560cf4-030d-4268-baea-87bb57cdf631,somaali,,,,,
4089,13589,تڕتڕە,سەرمازەڵە,کەس | گیانلەبەر | ڕووەك | سیفەت,ناو | ئاوەڵناو,,ناو › کەس | ڕووەکناسی › ڕووەك,,,LOW,"word carries several parts of speech (ناو / هاوەڵناو); a sense may only have one ; پۆل «گیانلەبەر» has no home among the deck's ten (see unmapped.csv) ; پۆل «سیفەت» is really the part of speech «هاوەڵناو» — routed nowhere, needs a decision",96560cf4-030d-4268-baea-87bb57cdf631,somaali,,,,,
4090,13589,تڕتڕە,گیاه سس,کەس | گیانلەبەر | ڕووەك | سیفەت,ناو | ئاوەڵناو,,ناو › کەس | ڕووەکناسی › ڕووەك,,,LOW,"word carries several parts of speech (ناو / هاوەڵناو); a sense may only have one ; پۆل «گیانلەبەر» has no home among the deck's ten (see unmapped.csv) ; پۆل «سیفەت» is really the part of speech «هاوەڵناو» — routed nowhere, needs a decision",96560cf4-030d-4268-baea-87bb57cdf631,somaali,,,,,
4092,13590,تڕتڕی,خۆ هەڵکێشی بێ هونەر,ئەنجامدانی کارێک,ناو,ناو,,,,LOW,"پۆل «ئەنجامدانی کارێک» is really the part of speech «کار» — routed nowhere, needs a decision ; پۆل says «کار», جۆری وشە says «ناو» — they disagree",96560cf4-030d-4268-baea-87bb57cdf631,somaali,,,,,
4093,13591,ترتەپاڵ,تەمەڵ,سیفەت,ئاوەڵناو,هاوەڵناو,,,,LOW,"پۆل «سیفەت» is really the part of speech «هاوەڵناو» — routed nowhere, needs a decision",96560cf4-030d-4268-baea-87bb57cdf631,somaali,,,,,
4094,13591,ترتەپاڵ,تەوەزەل,سیفەت,ئاوەڵناو,هاوەڵناو,,,,LOW,"پۆل «سیفەت» is really the part of speech «هاوەڵناو» — routed nowhere, needs a decision",96560cf4-030d-4268-baea-87bb57cdf631,somaali,,,,,
4095,13591,ترتەپاڵ,دەستەوستان,سیفەت,ئاوەڵناو,هاوەڵناو,,,,LOW,"پۆل «سیفەت» is really the part of speech «هاوەڵناو» — routed nowhere, needs a decision",96560cf4-030d-4268-baea-87bb57cdf631,somaali,,,,,
4096,13592,ترتەمانی,موسوڵدان,ئەندامی جەستە,ناو,ناو,زانستیی پزیشکی › ئەندامی جەستە,,,HIGH,,96560cf4-030d-4268-baea-87bb57cdf631,somaali,,,,,
4097,13592,ترتەمانی,میزەڵدان,ئەندامی جەستە,ناو,ناو,زانستیی پزیشکی › ئەندامی جەستە,,,HIGH,,96560cf4-030d-4268-baea-87bb57cdf631,somaali,,,,,
4098,13593,تڕتەمیس,شەو کوێر,کەس,ناو,ناو,ناو › کەس,,,HIGH,,96560cf4-030d-4268-baea-87bb57cdf631,somaali,,,,,
4099,13593,تڕتەمیس,کەسێ کە بە شەو نابینێ,کەس,ناو,ناو,ناو › کەس,,,HIGH,,96560cf4-030d-4268-baea-87bb57cdf631,somaali,,,,,
4100,13594,تڕچماق,زەلام و زەبەلاحی ناقوڵا,کەس | سیفەت,ئاوەڵناو,هاوەڵناو,ناو › کەس,,,LOW,"پۆل «سیفەت» is really the part of speech «هاوەڵناو» — routed nowhere, needs a decision",96560cf4-030d-4268-baea-87bb57cdf631,somaali,,,,,
4101,13595,ترحێو,وشەی گاڵتەپێکردن: ( ترحێو لەو کارەی کردت!),سیفەت | دەستەواژە,ئاوەڵناو,هاوەڵناو,,,,LOW,"پۆل «سیفەت» is really the part of speech «هاوەڵناو» — routed nowhere, needs a decision ; پۆل «دەستەواژە» has no home among the deck's ten (see unmapped.csv)",96560cf4-030d-4268-baea-87bb57cdf631,somaali,,,,,
4102,13596,ترخە,تێکچوونی دڵ و هەناو لەبەر زۆر خۆری,نەخۆشی,ناو,ناو,زانستیی پزیشکی › نەخۆشی,,,HIGH,,96560cf4-030d-4268-baea-87bb57cdf631,somaali,,,,,
4103,13596,ترخە,ئینتێلا,نەخۆشی,ناو,ناو,زانستیی پزیشکی › نەخۆشی,,,HIGH,,96560cf4-030d-4268-baea-87bb57cdf631,somaali,,,,,
4104,13597,ترخێنە,شەلەمین,خواردن,ناو,ناو,کولتووری › خواردن,,,HIGH,,96560cf4-030d-4268-baea-87bb57cdf631,somaali,,,,,
4105,13597,ترخێنە,چێشتی شێلم و دان,خواردن,ناو,ناو,کولتووری › خواردن,,,HIGH,,96560cf4-030d-4268-baea-87bb57cdf631,somaali,,,,,
4106,13597,ترخێنە,گوی شلی منداڵ,خواردن,ناو,ناو,کولتووری › خواردن,,,HIGH,,96560cf4-030d-4268-baea-87bb57cdf631,somaali,,,,,
4108,13598,تڕدان,تڕ بەردان، دەنگ لە قون هاتن,ئەنجامدانی کارێک,کار | چاوگ,,,,,LOW,"word carries several parts of speech (کار / چاوگ); a sense may only have one ; پۆل «ئەنجامدانی کارێک» is really the part of speech «کار» — routed nowhere, needs a decision",96560cf4-030d-4268-baea-87bb57cdf631,somaali,,,,,
4110,13599,تڕزل,بریتی لە لە پیاوی بە فیز و لوت بڵند,کەس,ناو,ناو,ناو › کەس,,,HIGH,,96560cf4-030d-4268-baea-87bb57cdf631,somaali,,,,,
4111,13600,تڕزلی,فیز و بایی هەوایی,سیفەت,ئاوەڵناو,هاوەڵناو,,,,LOW,"پۆل «سیفەت» is really the part of speech «هاوەڵناو» — routed nowhere, needs a decision",96560cf4-030d-4268-baea-87bb57cdf631,somaali,,,,,
4112,13601,ترس,ئەنیشە,نەخۆشی | هەست,ناو,ناو,زانستیی پزیشکی › نەخۆشی,,,HIGH,پۆل «هەست» has no home among the deck's ten (see unmapped.csv),96560cf4-030d-4268-baea-87bb57cdf631,somaali,,,,,
4113,13601,ترس,باک,نەخۆشی | هەست,ناو,ناو,زانستیی پزیشکی › نەخۆشی,,,HIGH,پۆل «هەست» has no home among the deck's ten (see unmapped.csv),96560cf4-030d-4268-baea-87bb57cdf631,somaali,,,,,
4114,13601,ترس,نەخۆشی فێداری,نەخۆشی | هەست,ناو,ناو,زانستیی پزیشکی › نەخۆشی,,,HIGH,پۆل «هەست» has no home among the deck's ten (see unmapped.csv),96560cf4-030d-4268-baea-87bb57cdf631,somaali,,,,,
4142,13602,ترسان,نەوێران,بارودۆخی جەستەیی | هەست,کار,کار,زانستیی پزیشکی › بارودۆخی جەستەیی,,,HIGH,پۆل «هەست» has no home among the deck's ten (see unmapped.csv),96560cf4-030d-4268-baea-87bb57cdf631,somaali,,,,,
4117,13603,ترساندن,ترس وەبەرنان,ئەنجامدانی کارێک,چاوگ,چاوگ,,,,LOW,"پۆل «ئەنجامدانی کارێک» is really the part of speech «کار» — routed nowhere, needs a decision ; پۆل says «کار», جۆری وشە says «چاوگ» — they disagree",96560cf4-030d-4268-baea-87bb57cdf631,somaali,,,,,
4118,13604,ترسانن,ترساندن,ئەنجامدانی کارێک,چاوگ,چاوگ,,,,LOW,"پۆل «ئەنجامدانی کارێک» is really the part of speech «کار» — routed nowhere, needs a decision ; پۆل says «کار», جۆری وشە says «چاوگ» — they disagree",96560cf4-030d-4268-baea-87bb57cdf631,somaali,,,,,
4119,13605,ترساو,تووشی ترس و خۆف هاتگ,سیفەت | بارودۆخی جەستەیی | هەست,ئاوەڵناو,هاوەڵناو,زانستیی پزیشکی › بارودۆخی جەستەیی,,,LOW,"پۆل «سیفەت» is really the part of speech «هاوەڵناو» — routed nowhere, needs a decision ; پۆل «هەست» has no home among the deck's ten (see unmapped.csv)",96560cf4-030d-4268-baea-87bb57cdf631,somaali,,,,,
4120,13606,ترس شکان,نەمانی ترس,بارودۆخی جەستەیی,چاوگ,چاوگ,زانستیی پزیشکی › بارودۆخی جەستەیی,,,HIGH,,96560cf4-030d-4268-baea-87bb57cdf631,somaali,,,,,
4121,13607,ترس لێ شکان,وە غیرەت کەوتن بەرامبەر جێ مەترسی,بارودۆخی جەستەیی | هەست,چاوگ,چاوگ,زانستیی پزیشکی › بارودۆخی جەستەیی,,,HIGH,پۆل «هەست» has no home among the deck's ten (see unmapped.csv),96560cf4-030d-4268-baea-87bb57cdf631,somaali,,,,,
4122,13608,ترس لێ نیشتن,تووشی ترس هاتن,بارودۆخی جەستەیی,چاوگ,چاوگ,زانستیی پزیشکی › بارودۆخی جەستەیی,,,HIGH,,96560cf4-030d-4268-baea-87bb57cdf631,somaali,,,,,
4123,13609,ترسناک,بە ترس,سیفەت,ئاوەڵناو,هاوەڵناو,,,,LOW,"پۆل «سیفەت» is really the part of speech «هاوەڵناو» — routed nowhere, needs a decision",96560cf4-030d-4268-baea-87bb57cdf631,somaali,,,,,
4124,13609,ترسناک,بە مەترسی,سیفەت,ئاوەڵناو,هاوەڵناو,,,,LOW,"پۆل «سیفەت» is really the part of speech «هاوەڵناو» — routed nowhere, needs a decision",96560cf4-030d-4268-baea-87bb57cdf631,somaali,,,,,
4125,13609,ترسناک,بە خۆف,سیفەت,ئاوەڵناو,هاوەڵناو,,,,LOW,"پۆل «سیفەت» is really the part of speech «هاوەڵناو» — routed nowhere, needs a decision",96560cf4-030d-4268-baea-87bb57cdf631,somaali,,,,,
4126,13610,ترس نانەبەر,ترساندن,ئەنجامدانی کارێک,کار,کار,,,,LOW,"پۆل «ئەنجامدانی کارێک» is really the part of speech «کار» — routed nowhere, needs a decision",96560cf4-030d-4268-baea-87bb57cdf631,somaali,,,,,
4127,13611,ترسنۆک,خوێڕی,سیفەت,ئاوەڵناو,هاوەڵناو,,,,LOW,"پۆل «سیفەت» is really the part of speech «هاوەڵناو» — routed nowhere, needs a decision",96560cf4-030d-4268-baea-87bb57cdf631,somaali,,,,,
4128,13612,ترس و لەرز,ترسانی زۆر,بارودۆخی جەستەیی,ناو,ناو,زانستیی پزیشکی › بارودۆخی جەستەیی,,,HIGH,,96560cf4-030d-4268-baea-87bb57cdf631,somaali,,,,,
4129,13613,ترسۆنەک,بێ ورە,سیفەت,ئاوەڵناو,هاوەڵناو,,,,LOW,"پۆل «سیفەت» is really the part of speech «هاوەڵناو» — routed nowhere, needs a decision",96560cf4-030d-4268-baea-87bb57cdf631,somaali,,,,,
4130,13613,ترسۆنەک,نەوێر,سیفەت,ئاوەڵناو,هاوەڵناو,,,,LOW,"پۆل «سیفەت» is really the part of speech «هاوەڵناو» — routed nowhere, needs a decision",96560cf4-030d-4268-baea-87bb57cdf631,somaali,,,,,
4131,13613,ترسۆنەک,ترسەنۆک,سیفەت,ئاوەڵناو,هاوەڵناو,,,,LOW,"پۆل «سیفەت» is really the part of speech «هاوەڵناو» — routed nowhere, needs a decision",96560cf4-030d-4268-baea-87bb57cdf631,somaali,,,,,
4132,13613,ترسۆنەک,بێ زات,سیفەت,ئاوەڵناو,هاوەڵناو,,,,LOW,"پۆل «سیفەت» is really the part of speech «هاوەڵناو» — routed nowhere, needs a decision",96560cf4-030d-4268-baea-87bb57cdf631,somaali,,,,,
4134,13614,ترسە ترس,وڵاتی بە ئاأاوەو پڕ لە مەترسی,شوێن | سیفەت,ئاوەڵناو,هاوەڵناو,ناو › شوێن,,,LOW,"پۆل «سیفەت» is really the part of speech «هاوەڵناو» — routed nowhere, needs a decision",96560cf4-030d-4268-baea-87bb57cdf631,somaali,,,,,
4135,13614,ترسە ترس,تێکەڵاوی خۆف و ترس: ( بە ترسە ترس هات),شوێن | سیفەت,ئاوەڵناو,هاوەڵناو,ناو › شوێن,,,LOW,"پۆل «سیفەت» is really the part of speech «هاوەڵناو» — routed nowhere, needs a decision",96560cf4-030d-4268-baea-87bb57cdf631,somaali,,,,,
4136,13614,ترسە ترس,منطقە نا ارام و برخطر,شوێن | سیفەت,ئاوەڵناو,هاوەڵناو,ناو › شوێن,,,LOW,"پۆل «سیفەت» is really the part of speech «هاوەڵناو» — routed nowhere, needs a decision",96560cf4-030d-4268-baea-87bb57cdf631,somaali,,,,,
4137,13615,ترسەنۆک,ترسۆنەک,سیفەت,ئاوەڵناو,هاوەڵناو,,,,LOW,"پۆل «سیفەت» is really the part of speech «هاوەڵناو» — routed nowhere, needs a decision",96560cf4-030d-4268-baea-87bb57cdf631,somaali,,,,,
4138,13616,ترسی,پەتی و ڕوت,سیفەت,ئاوەڵناو,هاوەڵناو,,,,LOW,"پۆل «سیفەت» is really the part of speech «هاوەڵناو» — routed nowhere, needs a decision",96560cf4-030d-4268-baea-87bb57cdf631,somaali,,,,,
4139,13616,ترسی,بۆ نان دەڵێن: (نانی بترسی تخۆن),سیفەت,ئاوەڵناو,هاوەڵناو,,,,LOW,"پۆل «سیفەت» is really the part of speech «هاوەڵناو» — routed nowhere, needs a decision",96560cf4-030d-4268-baea-87bb57cdf631,somaali,,,,,
4143,13617,ترسیان,ترسان,بارودۆخی جەستەیی | هەست,چاوگ,چاوگ,زانستیی پزیشکی › بارودۆخی جەستەیی,,,HIGH,پۆل «هەست» has no home among the deck's ten (see unmapped.csv),96560cf4-030d-4268-baea-87bb57cdf631,somaali,,,,,
4144,13617,ترسیان,نەوێران,بارودۆخی جەستەیی | هەست,چاوگ,چاوگ,زانستیی پزیشکی › بارودۆخی جەستەیی,,,HIGH,پۆل «هەست» has no home among the deck's ten (see unmapped.csv),96560cf4-030d-4268-baea-87bb57cdf631,somaali,,,,,
4145,13618,ترسین,ترسیان,سیفەت,ئاوەڵناو,هاوەڵناو,,,,LOW,"پۆل «سیفەت» is really the part of speech «هاوەڵناو» — routed nowhere, needs a decision",96560cf4-030d-4268-baea-87bb57cdf631,somaali,,,,,
4146,13619,ترسێن,ترسێنەر,سیفەت,ئاوەڵناو,هاوەڵناو,,,,LOW,"پۆل «سیفەت» is really the part of speech «هاوەڵناو» — routed nowhere, needs a decision",96560cf4-030d-4268-baea-87bb57cdf631,somaali,,,,,
4147,13619,ترسێن,زات بەر,سیفەت,ئاوەڵناو,هاوەڵناو,,,,LOW,"پۆل «سیفەت» is really the part of speech «هاوەڵناو» — routed nowhere, needs a decision",96560cf4-030d-4268-baea-87bb57cdf631,somaali,,,,,
4148,13619,ترسێن,زەندەق بەر,سیفەت,ئاوەڵناو,هاوەڵناو,,,,LOW,"پۆل «سیفەت» is really the part of speech «هاوەڵناو» — routed nowhere, needs a decision",96560cf4-030d-4268-baea-87bb57cdf631,somaali,,,,,
4150,13620,ترشقە,بروسکەی عاسمان,ڕووداوی سروشتی,ناو,ناو,,,,HIGH,پۆل «ڕووداوی سروشتی» has no home among the deck's ten (see unmapped.csv),96560cf4-030d-4268-baea-87bb57cdf631,somaali,,,,,
4151,13621,ترش و شیرن,مێخۆش,سیفەت,ئاوەڵناو,هاوەڵناو,,,,LOW,"پۆل «سیفەت» is really the part of speech «هاوەڵناو» — routed nowhere, needs a decision",96560cf4-030d-4268-baea-87bb57cdf631,somaali,,,,,
4152,13622,ترش و شیرین,ترش و شیرن,سیفەت,ئاوەڵناو,هاوەڵناو,,,,LOW,"پۆل «سیفەت» is really the part of speech «هاوەڵناو» — routed nowhere, needs a decision",96560cf4-030d-4268-baea-87bb57cdf631,somaali,,,,,
4153,13623,ترشۆک,گیایەکە ترش لە کێو و دەشت دەڕوێ,ڕووەك,ناو,ناو,ڕووەکناسی › ڕووەك,,,HIGH,,96560cf4-030d-4268-baea-87bb57cdf631,somaali,,,,,
4154,13624,ترشۆکە,ترشۆک,ڕووەك,ناو,ناو,ڕووەکناسی › ڕووەك,,,HIGH,,96560cf4-030d-4268-baea-87bb57cdf631,somaali,,,,,
4155,13625,دابا,ئەگەر خۆی داهیناباوە,ئەنجامدانی کارێک,,,,,,LOW,"word has no جۆری وشە at all ; پۆل «ئەنجامدانی کارێک» is really the part of speech «کار» — routed nowhere, needs a decision",fbaa1310-1a57-4439-b4e4-2b6fb312b455,banazhamad,,,,,
4156,13626,دابارا,لەسەرڕا هاتەخوار: (میوە دابارا),,کار,کار,,,,HIGH,,fbaa1310-1a57-4439-b4e4-2b6fb312b455,banazhamad,,,,,
4157,13627,داباران,بەرەوخوارهەڵڕژان,,چاوگ,چاوگ,,,,HIGH,,fbaa1310-1a57-4439-b4e4-2b6fb312b455,banazhamad,,,,,
4158,13627,داباران,لەهەمولاوە بۆهاتن: (هەرگوتم ترێ مشتەری داباران),,چاوگ,چاوگ,,,,HIGH,,fbaa1310-1a57-4439-b4e4-2b6fb312b455,banazhamad,,,,,
4160,13628,داباراندن,هەڵڕژاندن لەسەرەوە بۆخوار,,کار,کار,,,,HIGH,,fbaa1310-1a57-4439-b4e4-2b6fb312b455,banazhamad,,,,,
4161,13629,دابارانن,داباراندن,,,,,,,LOW,word has no جۆری وشە at all,fbaa1310-1a57-4439-b4e4-2b6fb312b455,banazhamad,,,,,
4162,13630,دابارین,داباران,,کار,کار,,,,HIGH,,fbaa1310-1a57-4439-b4e4-2b6fb312b455,banazhamad,,,,,
4163,13631,دابارێن,کەسێ کە بەرەوخوار هەڵدەڕێژێ,,کار,کار,,,,HIGH,,fbaa1310-1a57-4439-b4e4-2b6fb312b455,banazhamad,,,,,
4165,13632,داباش,لێکوڵینەوە,ئەنجامدانی کارێک,کار,کار,,,,LOW,"پۆل «ئەنجامدانی کارێک» is really the part of speech «کار» — routed nowhere, needs a decision",fbaa1310-1a57-4439-b4e4-2b6fb312b455,banazhamad,,,,,
4166,13632,داباش,تۆژینەوە,ئەنجامدانی کارێک,کار,کار,,,,LOW,"پۆل «ئەنجامدانی کارێک» is really the part of speech «کار» — routed nowhere, needs a decision",fbaa1310-1a57-4439-b4e4-2b6fb312b455,banazhamad,,,,,
4168,13633,دابڕ,کەرت,,ناو | ئاوەڵناو,,,,,LOW,word carries several parts of speech (ناو / هاوەڵناو); a sense may only have one,fbaa1310-1a57-4439-b4e4-2b6fb312b455,banazhamad,,,,,
4169,13633,دابڕ,کەر,,ناو | ئاوەڵناو,,,,,LOW,word carries several parts of speech (ناو / هاوەڵناو); a sense may only have one,fbaa1310-1a57-4439-b4e4-2b6fb312b455,banazhamad,,,,,
4170,13633,دابڕ,لەت,,ناو | ئاوەڵناو,,,,,LOW,word carries several parts of speech (ناو / هاوەڵناو); a sense may only have one,fbaa1310-1a57-4439-b4e4-2b6fb312b455,banazhamad,,,,,
4171,13633,دابڕ,لەت,,ناو | ئاوەڵناو,,,,,LOW,word carries several parts of speech (ناو / هاوەڵناو); a sense may only have one,fbaa1310-1a57-4439-b4e4-2b6fb312b455,banazhamad,,,,,
4172,13633,دابڕ,پارچە: (مەڕەکە دابڕدابڕبو),,ناو | ئاوەڵناو,,,,,LOW,word carries several parts of speech (ناو / هاوەڵناو); a sense may only have one,fbaa1310-1a57-4439-b4e4-2b6fb312b455,banazhamad,,,,,
4173,13634,دابڕان,لەت بون,,چاوگ,چاوگ,,,,HIGH,,fbaa1310-1a57-4439-b4e4-2b6fb312b455,banazhamad,,,,,
4174,13634,دابڕان,لێک جیابون,,چاوگ,چاوگ,,,,HIGH,,fbaa1310-1a57-4439-b4e4-2b6fb312b455,banazhamad,,,,,
4175,13635,دابڕانێ,ملە,,ناو,ناو,,,,HIGH,,fbaa1310-1a57-4439-b4e4-2b6fb312b455,banazhamad,,,,,
4176,13635,دابڕانێ,کێبەرکێ لە گوریس کێشاندا,,ناو,ناو,,,,HIGH,,fbaa1310-1a57-4439-b4e4-2b6fb312b455,banazhamad,,,,,
4177,13636,دابڕستن,شاڵاوبردن,,چاوگ,چاوگ,,,,HIGH,,fbaa1310-1a57-4439-b4e4-2b6fb312b455,banazhamad,,,,,
4178,13637,دابڕسکان,پەلاماربردن بۆ ڕفاندن,,چاوگ,چاوگ,,,,HIGH,,fbaa1310-1a57-4439-b4e4-2b6fb312b455,banazhamad,,,,,
4179,13638,دابڕسکین,دابڕسکان,,چاوگ,چاوگ,,,,HIGH,,fbaa1310-1a57-4439-b4e4-2b6fb312b455,banazhamad,,,,,
4180,13639,بابەلێ,باوکە چکۆلە، بۆ خۆشەویستی دەربڕین,سیفەت,ناو,ناو,,,,LOW,"پۆل «سیفەت» is really the part of speech «هاوەڵناو» — routed nowhere, needs a decision ; پۆل says «هاوەڵناو», جۆری وشە says «ناو» — they disagree",ebadd113-3f1e-45e8-8dab-cfe024e7156d,barzihiwa,,,,,
4181,13640,بابینی,هەڵامەت، پەسیو,نەخۆشی,ناو,ناو,زانستیی پزیشکی › نەخۆشی,,,HIGH,,ebadd113-3f1e-45e8-8dab-cfe024e7156d,barzihiwa,,,,,
4183,13641,بابێنی,کەلەپووری باوکی مردوو,کەرەستە,ناو,ناو,کولتووری › کەرەستە,,,HIGH,,ebadd113-3f1e-45e8-8dab-cfe024e7156d,barzihiwa,,,,,
4184,13641,بابێنی,میراتی باب,کەرەستە,ناو,ناو,کولتووری › کەرەستە,,,HIGH,,ebadd113-3f1e-45e8-8dab-cfe024e7156d,barzihiwa,,,,,
4185,13642,باپشکێو,چینچکە سڵاو، قینچکە سڵاو,نەخۆشی,ناو,ناو,زانستیی پزیشکی › نەخۆشی,,,HIGH,,ebadd113-3f1e-45e8-8dab-cfe024e7156d,barzihiwa,,,,,
4186,13643,باپوسکە,بابوسکە، کڕێوەی بەفر بە باوە,دۆخی کەشوھەوا,ناو,ناو,,,,HIGH,پۆل «دۆخی کەشوھەوا» has no home among the deck's ten (see unmapped.csv),ebadd113-3f1e-45e8-8dab-cfe024e7156d,barzihiwa,,,,,
4187,13644,باپوک,کڕێوە و تۆفی بەفر کە با ئەیهێنێ,دۆخی کەشوھەوا,ناو,ناو,,,,HIGH,پۆل «دۆخی کەشوھەوا» has no home among the deck's ten (see unmapped.csv),ebadd113-3f1e-45e8-8dab-cfe024e7156d,barzihiwa,,,,,
4189,13645,بابەر,دەرد لە سەرماوە,نەخۆشی,ناو,ناو,زانستیی پزیشکی › نەخۆشی,,,HIGH,,ebadd113-3f1e-45e8-8dab-cfe024e7156d,barzihiwa,,,,,
4190,13645,بابەر,سەرمابوون,نەخۆشی,ناو,ناو,زانستیی پزیشکی › نەخۆشی,,,HIGH,,ebadd113-3f1e-45e8-8dab-cfe024e7156d,barzihiwa,,,,,
4192,13646,باپەسیو,ئەنوایەک کە با نەیگرێتەوە,شوێن,ناو,ناو,ناو › شوێن,,,HIGH,,ebadd113-3f1e-45e8-8dab-cfe024e7156d,barzihiwa,,,,,
4193,13646,باپەسیو,پەنا با، با پەنا,شوێن,ناو,ناو,ناو › شوێن,,,HIGH,,ebadd113-3f1e-45e8-8dab-cfe024e7156d,barzihiwa,,,,,
4195,13647,باپێچ,ژان لە سک وەستان,نەخۆشی,ناو,ناو,زانستیی پزیشکی › نەخۆشی,,,HIGH,,ebadd113-3f1e-45e8-8dab-cfe024e7156d,barzihiwa,,,,,
4196,13647,باپێچ,شوێنێک کە زۆر باگر بێت,نەخۆشی,ناو,ناو,زانستیی پزیشکی › نەخۆشی,,,HIGH,,ebadd113-3f1e-45e8-8dab-cfe024e7156d,barzihiwa,,,,,
4197,13647,باپێچ,دل پیچە، بادگیر,نەخۆشی,ناو,ناو,زانستیی پزیشکی › نەخۆشی,,,HIGH,,ebadd113-3f1e-45e8-8dab-cfe024e7156d,barzihiwa,,,,,
4198,13648,باپێچک,شەتەکدان، توند بەستن,ئەنجامدانی کارێک,ناو,ناو,,,,LOW,"پۆل «ئەنجامدانی کارێک» is really the part of speech «کار» — routed nowhere, needs a decision ; پۆل says «کار», جۆری وشە says «ناو» — they disagree",ebadd113-3f1e-45e8-8dab-cfe024e7156d,barzihiwa,,,,,
4199,13648,باپێچک,گوریسپێچ,ئەنجامدانی کارێک,ناو,ناو,,,,LOW,"پۆل «ئەنجامدانی کارێک» is really the part of speech «کار» — routed nowhere, needs a decision ; پۆل says «کار», جۆری وشە says «ناو» — they disagree",ebadd113-3f1e-45e8-8dab-cfe024e7156d,barzihiwa,,,,,
4200,13649,باپێدان,بادان، گشتکردنی بەن و شتیتر,ئەنجامدانی کارێک,ناو,ناو,,,,LOW,"پۆل «ئەنجامدانی کارێک» is really the part of speech «کار» — routed nowhere, needs a decision ; پۆل says «کار», جۆری وشە says «ناو» — they disagree",ebadd113-3f1e-45e8-8dab-cfe024e7156d,barzihiwa,,,,,
4201,13650,باپیر,بابە گەورە، باپیرە,کەس,ناو,ناو,ناو › کەس,,,HIGH,,ebadd113-3f1e-45e8-8dab-cfe024e7156d,barzihiwa,,,,,
4202,13651,باپیری,جۆرێک لە هەنجیر,میوە,ناو,ناو,,,,HIGH,پۆل «میوە» has no home among the deck's ten (see unmapped.csv),ebadd113-3f1e-45e8-8dab-cfe024e7156d,barzihiwa,,,,,
4203,13652,باپیش,دەردی چاوهێشە,نەخۆشی,ناو,ناو,زانستیی پزیشکی › نەخۆشی,,,HIGH,,ebadd113-3f1e-45e8-8dab-cfe024e7156d,barzihiwa,,,,,
4204,13653,باپێشک,بای پێش باران,دۆخی کەشوھەوا,ناو,ناو,,,,HIGH,پۆل «دۆخی کەشوھەوا» has no home among the deck's ten (see unmapped.csv),ebadd113-3f1e-45e8-8dab-cfe024e7156d,barzihiwa,,,,,
4205,13654,باپیڤ,قسە زلی هیچ کارە,کەس,ئاوەڵناو,هاوەڵناو,ناو › کەس,,,HIGH,,ebadd113-3f1e-45e8-8dab-cfe024e7156d,barzihiwa,,,,,
4206,13654,باپیڤ,خۆهەڵکێشی بێ هونەر,کەس,ئاوەڵناو,هاوەڵناو,ناو › کەس,,,HIGH,,ebadd113-3f1e-45e8-8dab-cfe024e7156d,barzihiwa,,,,,
4208,13655,ترش,چێژەی دم کۆ رە کەر,خواردن | ڕووەك | سیفەت,ناو | ئاوەڵناو,,کولتووری › خواردن | ڕووەکناسی › ڕووەك,,,LOW,"word carries several parts of speech (ناو / هاوەڵناو); a sense may only have one ; پۆل «سیفەت» is really the part of speech «هاوەڵناو» — routed nowhere, needs a decision",96560cf4-030d-4268-baea-87bb57cdf631,somaali,,,,,
4209,13655,ترش,بەرانبەری شیرین,خواردن | ڕووەك | سیفەت,ناو | ئاوەڵناو,,کولتووری › خواردن | ڕووەکناسی › ڕووەك,,,LOW,"word carries several parts of speech (ناو / هاوەڵناو); a sense may only have one ; پۆل «سیفەت» is really the part of speech «هاوەڵناو» — routed nowhere, needs a decision",96560cf4-030d-4268-baea-87bb57cdf631,somaali,,,,,
4210,13655,ترش,سماق,خواردن | ڕووەك | سیفەت,ناو | ئاوەڵناو,,کولتووری › خواردن | ڕووەکناسی › ڕووەك,,,LOW,"word carries several parts of speech (ناو / هاوەڵناو); a sense may only have one ; پۆل «سیفەت» is really the part of speech «هاوەڵناو» — routed nowhere, needs a decision",96560cf4-030d-4268-baea-87bb57cdf631,somaali,,,,,
4211,13655,ترش,برێتی لە گرژی دم و چاو,خواردن | ڕووەك | سیفەت,ناو | ئاوەڵناو,,کولتووری › خواردن | ڕووەکناسی › ڕووەك,,,LOW,"word carries several parts of speech (ناو / هاوەڵناو); a sense may only have one ; پۆل «سیفەت» is really the part of speech «هاوەڵناو» — routed nowhere, needs a decision",96560cf4-030d-4268-baea-87bb57cdf631,somaali,,,,,
4214,13656,ترشاو,شتێ بە مانەوە ترش هەڵگەڕابێ,سیفەت,ئاوەڵناو,هاوەڵناو,,,,LOW,"پۆل «سیفەت» is really the part of speech «هاوەڵناو» — routed nowhere, needs a decision",96560cf4-030d-4268-baea-87bb57cdf631,somaali,,,,,
4215,13656,ترشاو,ئاوی چێژە ترش,سیفەت,ئاوەڵناو,هاوەڵناو,,,,LOW,"پۆل «سیفەت» is really the part of speech «هاوەڵناو» — routed nowhere, needs a decision",96560cf4-030d-4268-baea-87bb57cdf631,somaali,,,,,
4217,13657,دابڕکردن,جیاکردنەوەی کەم لە زۆر,ئەنجامدانی کارێک,چاوگ,چاوگ,,,,LOW,"پۆل «ئەنجامدانی کارێک» is really the part of speech «کار» — routed nowhere, needs a decision ; پۆل says «کار», جۆری وشە says «چاوگ» — they disagree",fbaa1310-1a57-4439-b4e4-2b6fb312b455,banazhamad,,,,,
4218,13657,دابڕکردن,بەزۆر گرتن و بردن,ئەنجامدانی کارێک,چاوگ,چاوگ,,,,LOW,"پۆل «ئەنجامدانی کارێک» is really the part of speech «کار» — routed nowhere, needs a decision ; پۆل says «کار», جۆری وشە says «چاوگ» — they disagree",fbaa1310-1a57-4439-b4e4-2b6fb312b455,banazhamad,,,,,
4220,13658,ترشاندن,ترش هەڵگێڕان,ئەنجامدانی کارێک,چاوگ,چاوگ,,,,LOW,"پۆل «ئەنجامدانی کارێک» is really the part of speech «کار» — routed nowhere, needs a decision ; پۆل says «کار», جۆری وشە says «چاوگ» — they disagree",96560cf4-030d-4268-baea-87bb57cdf631,somaali,,,,,
4221,13659,ترشانن,ترشاندن,ئەنجامدانی کارێک,چاوگ,چاوگ,,,,LOW,"پۆل «ئەنجامدانی کارێک» is really the part of speech «کار» — routed nowhere, needs a decision ; پۆل says «کار», جۆری وشە says «چاوگ» — they disagree",96560cf4-030d-4268-baea-87bb57cdf631,somaali,,,,,
4222,13660,ترشتە,تەشوێ بە ننا,کەرەستە,ناو,ناو,کولتووری › کەرەستە,,,HIGH,,96560cf4-030d-4268-baea-87bb57cdf631,somaali,,,,,
4223,13661,ترشک,خۆ رشت,خواردن,ناو,ناو,کولتووری › خواردن,,,HIGH,,96560cf4-030d-4268-baea-87bb57cdf631,somaali,,,,,
4224,13661,ترشک,مەرەگە,خواردن,ناو,ناو,کولتووری › خواردن,,,HIGH,,96560cf4-030d-4268-baea-87bb57cdf631,somaali,,,,,
4225,13661,ترشک,کفتەی ساوار و سڵق و سماق,خواردن,ناو,ناو,کولتووری › خواردن,,,HIGH,,96560cf4-030d-4268-baea-87bb57cdf631,somaali,,,,,
4227,13662,ترش و تاڵ,برێتی لە پیاوی ڕوو گرژ و ڕەزا گران,سیفەت,ئاوەڵناو,هاوەڵناو,,,,LOW,"پۆل «سیفەت» is really the part of speech «هاوەڵناو» — routed nowhere, needs a decision",96560cf4-030d-4268-baea-87bb57cdf631,somaali,,,,,
4228,13663,دابڕین,دابڕکردن,ئەنجامدانی کارێک,چاوگ,چاوگ,,,,LOW,"پۆل «ئەنجامدانی کارێک» is really the part of speech «کار» — routed nowhere, needs a decision ; پۆل says «کار», جۆری وشە says «چاوگ» — they disagree",fbaa1310-1a57-4439-b4e4-2b6fb312b455,banazhamad,,,,,
4229,13663,دابڕین,برینداربون بەهۆی توندبونی بەن لەئەندام,ئەنجامدانی کارێک,چاوگ,چاوگ,,,,LOW,"پۆل «ئەنجامدانی کارێک» is really the part of speech «کار» — routed nowhere, needs a decision ; پۆل says «کار», جۆری وشە says «چاوگ» — they disagree",fbaa1310-1a57-4439-b4e4-2b6fb312b455,banazhamad,,,,,
4230,13663,دابڕین,لەلەکردنی دار بەچەقۆ,ئەنجامدانی کارێک,چاوگ,چاوگ,,,,LOW,"پۆل «ئەنجامدانی کارێک» is really the part of speech «کار» — routed nowhere, needs a decision ; پۆل says «کار», جۆری وشە says «چاوگ» — they disagree",fbaa1310-1a57-4439-b4e4-2b6fb312b455,banazhamad,,,,,
4232,13663,دابڕین,زخمی شدن توسط طناب یا ریسمان,ئەنجامدانی کارێک,چاوگ,چاوگ,,,,LOW,"پۆل «ئەنجامدانی کارێک» is really the part of speech «کار» — routed nowhere, needs a decision ; پۆل says «کار», جۆری وشە says «چاوگ» — they disagree",fbaa1310-1a57-4439-b4e4-2b6fb312b455,banazhamad,,,,,
4233,13664,دابنارتن,چەقاندنی ریشەو نەمام,ئەنجامدانی کارێک,چاوگ,چاوگ,,,,LOW,"پۆل «ئەنجامدانی کارێک» is really the part of speech «کار» — routed nowhere, needs a decision ; پۆل says «کار», جۆری وشە says «چاوگ» — they disagree",fbaa1310-1a57-4439-b4e4-2b6fb312b455,banazhamad,,,,,
4234,13666,ترش و تەلاش,شیوی چەوەندەر و سماق,خواردن,ناو,ناو,کولتووری › خواردن,,,HIGH,,96560cf4-030d-4268-baea-87bb57cdf631,somaali,,,,,
4235,13666,ترش و تەلاش,ترش و چەوەندەر,خواردن,ناو,ناو,کولتووری › خواردن,,,HIGH,,96560cf4-030d-4268-baea-87bb57cdf631,somaali,,,,,
4236,13667,دابون,چەمینەوەیەکە دەست بگاتە سەر زەمین,ئەنجامدانی کارێک,چاوگ,چاوگ,,,,LOW,"پۆل «ئەنجامدانی کارێک» is really the part of speech «کار» — routed nowhere, needs a decision ; پۆل says «کار», جۆری وشە says «چاوگ» — they disagree",fbaa1310-1a57-4439-b4e4-2b6fb312b455,banazhamad,,,,,
4237,13668,ترشەڵۆک,ترشاوی کەف کردوی خراو بوگ,خواردن,ناو,ناو,کولتووری › خواردن,,,HIGH,,96560cf4-030d-4268-baea-87bb57cdf631,somaali,,,,,
4238,13669,ترشی,چێژەی ترش,خواردن | تام,ئاوەڵناو,هاوەڵناو,کولتووری › خواردن,,,HIGH,پۆل «تام» has no home among the deck's ten (see unmapped.csv),96560cf4-030d-4268-baea-87bb57cdf631,somaali,,,,,
4239,13669,ترشی,ترشیات,خواردن | تام,ئاوەڵناو,هاوەڵناو,کولتووری › خواردن,,,HIGH,پۆل «تام» has no home among the deck's ten (see unmapped.csv),96560cf4-030d-4268-baea-87bb57cdf631,somaali,,,,,
4241,13670,ترغەل,شل و شەویق,سیفەت,ئاوەڵناو,هاوەڵناو,,,,LOW,"پۆل «سیفەت» is really the part of speech «هاوەڵناو» — routed nowhere, needs a decision",96560cf4-030d-4268-baea-87bb57cdf631,somaali,,,,,
4242,13670,ترغەل,خۆ نەگرتوو,سیفەت,ئاوەڵناو,هاوەڵناو,,,,LOW,"پۆل «سیفەت» is really the part of speech «هاوەڵناو» — routed nowhere, needs a decision",96560cf4-030d-4268-baea-87bb57cdf631,somaali,,,,,
4243,13671,دایە,بچەمێوە,ئەنجامدانی کارێک,ناو,ناو,,,,LOW,"پۆل «ئەنجامدانی کارێک» is really the part of speech «کار» — routed nowhere, needs a decision ; پۆل says «کار», جۆری وشە says «ناو» — they disagree",fbaa1310-1a57-4439-b4e4-2b6fb312b455,banazhamad,,,,,
4244,13671,دایە,کۆم بوەرەو,ئەنجامدانی کارێک,ناو,ناو,,,,LOW,"پۆل «ئەنجامدانی کارێک» is really the part of speech «کار» — routed nowhere, needs a decision ; پۆل says «کار», جۆری وشە says «ناو» — they disagree",fbaa1310-1a57-4439-b4e4-2b6fb312b455,banazhamad,,,,,
4245,13671,دایە,عادەت وایە,ئەنجامدانی کارێک,ناو,ناو,,,,LOW,"پۆل «ئەنجامدانی کارێک» is really the part of speech «کار» — routed nowhere, needs a decision ; پۆل says «کار», جۆری وشە says «ناو» — they disagree",fbaa1310-1a57-4439-b4e4-2b6fb312b455,banazhamad,,,,,
4246,13671,دایە,ڕێوشوێنە,ئەنجامدانی کارێک,ناو,ناو,,,,LOW,"پۆل «ئەنجامدانی کارێک» is really the part of speech «کار» — routed nowhere, needs a decision ; پۆل says «کار», جۆری وشە says «ناو» — they disagree",fbaa1310-1a57-4439-b4e4-2b6fb312b455,banazhamad,,,,,
4248,13672,ترفاڵ,تڵپی دانەی ڕۆن لێگیراو,خواردن,ناو,ناو,کولتووری › خواردن,,,HIGH,,96560cf4-030d-4268-baea-87bb57cdf631,somaali,,,,,
4249,13673,دابەڕزان,هەڵمەت,ئەنجامدانی کارێک,چاوگ,چاوگ,,,,LOW,"پۆل «ئەنجامدانی کارێک» is really the part of speech «کار» — routed nowhere, needs a decision ; پۆل says «کار», جۆری وشە says «چاوگ» — they disagree",fbaa1310-1a57-4439-b4e4-2b6fb312b455,banazhamad,,,,,
4250,13673,دابەڕزان,هێرشی توند,ئەنجامدانی کارێک,چاوگ,چاوگ,,,,LOW,"پۆل «ئەنجامدانی کارێک» is really the part of speech «کار» — routed nowhere, needs a decision ; پۆل says «کار», جۆری وشە says «چاوگ» — they disagree",fbaa1310-1a57-4439-b4e4-2b6fb312b455,banazhamad,,,,,
4251,13674,دابەڕزاندن,هەڵمەتبردن بەرلە هەواڵان,ئەنجامدانی کارێک,چاوگ,چاوگ,,,,LOW,"پۆل «ئەنجامدانی کارێک» is really the part of speech «کار» — routed nowhere, needs a decision ; پۆل says «کار», جۆری وشە says «چاوگ» — they disagree",fbaa1310-1a57-4439-b4e4-2b6fb312b455,banazhamad,,,,,
4252,13675,ترفە,دەنگی داکەوتنی شتێک,دەنگ,ناو,ناو,,,,HIGH,پۆل «دەنگ» has no home among the deck's ten (see unmapped.csv),96560cf4-030d-4268-baea-87bb57cdf631,somaali,,,,,
4253,13675,ترفە,ترپە,دەنگ,ناو,ناو,,,,HIGH,پۆل «دەنگ» has no home among the deck's ten (see unmapped.csv),96560cf4-030d-4268-baea-87bb57cdf631,somaali,,,,,
4254,13676,دابەڕزین,دابەڕزان,ئەنجامدانی کارێک,چاوگ,چاوگ,,,,LOW,"پۆل «ئەنجامدانی کارێک» is really the part of speech «کار» — routed nowhere, needs a decision ; پۆل says «کار», جۆری وشە says «چاوگ» — they disagree",fbaa1310-1a57-4439-b4e4-2b6fb312b455,banazhamad,,,,,
4255,13677,ترقە,دەنگی بەرزی کەن,دەستەواژە | دەنگ,ناو,ناو,,,,HIGH,پۆل «دەستەواژە» has no home among the deck's ten (see unmapped.csv) ; پۆل «دەنگ» has no home among the deck's ten (see unmapped.csv),96560cf4-030d-4268-baea-87bb57cdf631,somaali,,,,,
4256,13677,ترقە,تریقەی پێکەنین,دەستەواژە | دەنگ,ناو,ناو,,,,HIGH,پۆل «دەستەواژە» has no home among the deck's ten (see unmapped.csv) ; پۆل «دەنگ» has no home among the deck's ten (see unmapped.csv),96560cf4-030d-4268-baea-87bb57cdf631,somaali,,,,,
4257,13678,ترک,لە ڕەگەزی تر کان,نەتەوە,ناو,ناو,,,,HIGH,پۆل «نەتەوە» has no home among the deck's ten (see unmapped.csv),96560cf4-030d-4268-baea-87bb57cdf631,somaali,,,,,
4258,13679,دابەز,بەرەوژێر داپەڕین: ( ئەم هەڵبەز دابەزەت لە چیە؟),ئەنجامدانی کارێک,کار,کار,,,,LOW,"پۆل «ئەنجامدانی کارێک» is really the part of speech «کار» — routed nowhere, needs a decision",fbaa1310-1a57-4439-b4e4-2b6fb312b455,banazhamad,,,,,
4259,13680,دابەزین,لەسەر سوار هاتنەخوار,ئەنجامدانی کارێک,چاوگ,چاوگ,,,,LOW,"پۆل «ئەنجامدانی کارێک» is really the part of speech «کار» — routed nowhere, needs a decision ; پۆل says «کار», جۆری وشە says «چاوگ» — they disagree",fbaa1310-1a57-4439-b4e4-2b6fb312b455,banazhamad,,,,,
4260,13681,دابەزێن,ئەوی سواران دێنێتە خوار,ئەنجامدانی کارێک,کار,کار,,,,LOW,"پۆل «ئەنجامدانی کارێک» is really the part of speech «کار» — routed nowhere, needs a decision",fbaa1310-1a57-4439-b4e4-2b6fb312b455,banazhamad,,,,,
4261,13682,ترکانە,هەوایەکی گۆرانی کۆنی کوردانەیە,دەنگ,ناو,ناو,,,,HIGH,پۆل «دەنگ» has no home among the deck's ten (see unmapped.csv),96560cf4-030d-4268-baea-87bb57cdf631,somaali,,,,,
4262,13683,ترکانی,جۆرێ هەڵپەڕکێ,هەڵپەڕکی,ناو,ناو,,,,HIGH,پۆل «هەڵپەڕکی» has no home among the deck's ten (see unmapped.csv),96560cf4-030d-4268-baea-87bb57cdf631,somaali,,,,,
4263,13684,دابەستن,قایمکردن,ئەنجامدانی کارێک,چاوگ,چاوگ,,,,LOW,"پۆل «ئەنجامدانی کارێک» is really the part of speech «کار» — routed nowhere, needs a decision ; پۆل says «کار», جۆری وشە says «چاوگ» — they disagree",fbaa1310-1a57-4439-b4e4-2b6fb312b455,banazhamad,,,,,
4264,13684,دابەستن,شەداندن,ئەنجامدانی کارێک,چاوگ,چاوگ,,,,LOW,"پۆل «ئەنجامدانی کارێک» is really the part of speech «کار» — routed nowhere, needs a decision ; پۆل says «کار», جۆری وشە says «چاوگ» — they disagree",fbaa1310-1a57-4439-b4e4-2b6fb312b455,banazhamad,,,,,
4265,13684,دابەستن,شەتەکدان,ئەنجامدانی کارێک,چاوگ,چاوگ,,,,LOW,"پۆل «ئەنجامدانی کارێک» is really the part of speech «کار» — routed nowhere, needs a decision ; پۆل says «کار», جۆری وشە says «چاوگ» — they disagree",fbaa1310-1a57-4439-b4e4-2b6fb312b455,banazhamad,,,,,
4266,13684,دابەستن,قامەت بەستن,ئەنجامدانی کارێک,چاوگ,چاوگ,,,,LOW,"پۆل «ئەنجامدانی کارێک» is really the part of speech «کار» — routed nowhere, needs a decision ; پۆل says «کار», جۆری وشە says «چاوگ» — they disagree",fbaa1310-1a57-4439-b4e4-2b6fb312b455,banazhamad,,,,,
4267,13684,دابەستن,دەستپێکردنی نوێژ و نیەت: ( نیەتی دابەست، نوێژی دابەست),ئەنجامدانی کارێک,چاوگ,چاوگ,,,,LOW,"پۆل «ئەنجامدانی کارێک» is really the part of speech «کار» — routed nowhere, needs a decision ; پۆل says «کار», جۆری وشە says «چاوگ» — they disagree",fbaa1310-1a57-4439-b4e4-2b6fb312b455,banazhamad,,,,,
4268,13684,دابەستن,حەیوان لەماڵ ڕاگرتن بۆ قەڵەوبون,ئەنجامدانی کارێک,چاوگ,چاوگ,,,,LOW,"پۆل «ئەنجامدانی کارێک» is really the part of speech «کار» — routed nowhere, needs a decision ; پۆل says «کار», جۆری وشە says «چاوگ» — they disagree",fbaa1310-1a57-4439-b4e4-2b6fb312b455,banazhamad,,,,,
4269,13684,دابەستن,نیر و ئامور سەرملی  گاخستن و ئامادەی جوت بون: ( جوتەکەم دابەست),ئەنجامدانی کارێک,چاوگ,چاوگ,,,,LOW,"پۆل «ئەنجامدانی کارێک» is really the part of speech «کار» — routed nowhere, needs a decision ; پۆل says «کار», جۆری وشە says «چاوگ» — they disagree",fbaa1310-1a57-4439-b4e4-2b6fb312b455,banazhamad,,,,,
4273,13685,ترکەش,خاڵیگە,,ناو,ناو,,,,HIGH,,96560cf4-030d-4268-baea-87bb57cdf631,somaali,,,,,
4274,13685,ترکەش,تەنشت,,ناو,ناو,,,,HIGH,,96560cf4-030d-4268-baea-87bb57cdf631,somaali,,,,,
4275,13685,ترکەش,تهیگاه,,ناو,ناو,,,,HIGH,,96560cf4-030d-4268-baea-87bb57cdf631,somaali,,,,,
4276,13686,دابەستە,حەیوانی لەماڵ ڕاگیراو بۆ قەڵەبون,سیفەت,ناو,ناو,,,,LOW,"پۆل «سیفەت» is really the part of speech «هاوەڵناو» — routed nowhere, needs a decision ; پۆل says «هاوەڵناو», جۆری وشە says «ناو» — they disagree",fbaa1310-1a57-4439-b4e4-2b6fb312b455,banazhamad,,,,,
4277,13687,دابەش,بەش کردن,,ناو,ناو,,,,HIGH,,fbaa1310-1a57-4439-b4e4-2b6fb312b455,banazhamad,,,,,
4278,13687,دابەش,بەش بەش کردن,,ناو,ناو,,,,HIGH,,fbaa1310-1a57-4439-b4e4-2b6fb312b455,banazhamad,,,,,
4279,13688,دابەش دابەش,پارچەپارچە,سیفەت,ئاوەڵناو,هاوەڵناو,,,,LOW,"پۆل «سیفەت» is really the part of speech «هاوەڵناو» — routed nowhere, needs a decision",fbaa1310-1a57-4439-b4e4-2b6fb312b455,banazhamad,,,,,
4280,13688,دابەش دابەش,جیاجیا,سیفەت,ئاوەڵناو,هاوەڵناو,,,,LOW,"پۆل «سیفەت» is really the part of speech «هاوەڵناو» — routed nowhere, needs a decision",fbaa1310-1a57-4439-b4e4-2b6fb312b455,banazhamad,,,,,
4281,13689,دابەشبون,جوێ جوێ و بەش بەش بون,ئەنجامدانی کارێک,چاوگ,چاوگ,,,,LOW,"پۆل «ئەنجامدانی کارێک» is really the part of speech «کار» — routed nowhere, needs a decision ; پۆل says «کار», جۆری وشە says «چاوگ» — they disagree",fbaa1310-1a57-4439-b4e4-2b6fb312b455,banazhamad,,,,,
4282,13690,دابەشکراو,پارچەپارچەکراو,ئەنجامدانی کارێک,کار,کار,,,,LOW,"پۆل «ئەنجامدانی کارێک» is really the part of speech «کار» — routed nowhere, needs a decision",fbaa1310-1a57-4439-b4e4-2b6fb312b455,banazhamad,,,,,
4283,13691,دابەشکردن,بەشکردن,ئەنجامدانی کارێک,چاوگ,چاوگ,,,,LOW,"پۆل «ئەنجامدانی کارێک» is really the part of speech «کار» — routed nowhere, needs a decision ; پۆل says «کار», جۆری وشە says «چاوگ» — they disagree",fbaa1310-1a57-4439-b4e4-2b6fb312b455,banazhamad,,,,,
4284,13692,دابەشکەر,کەسێ کە شتێ بەش بەش دەکا,سیفەت,ناو | ئاوەڵناو,,,,,LOW,"word carries several parts of speech (ناو / هاوەڵناو); a sense may only have one ; پۆل «سیفەت» is really the part of speech «هاوەڵناو» — routed nowhere, needs a decision",fbaa1310-1a57-4439-b4e4-2b6fb312b455,banazhamad,,,,,
4285,13693,دابەشین,دابەشکردن,ئەنجامدانی کارێک,چاوگ,چاوگ,,,,LOW,"پۆل «ئەنجامدانی کارێک» is really the part of speech «کار» — routed nowhere, needs a decision ; پۆل says «کار», جۆری وشە says «چاوگ» — they disagree",fbaa1310-1a57-4439-b4e4-2b6fb312b455,banazhamad,,,,,
4286,13694,دابەشینەوە,دابەشین,ئەنجامدانی کارێک,چاوگ,چاوگ,,,,LOW,"پۆل «ئەنجامدانی کارێک» is really the part of speech «کار» — routed nowhere, needs a decision ; پۆل says «کار», جۆری وشە says «چاوگ» — they disagree",fbaa1310-1a57-4439-b4e4-2b6fb312b455,banazhamad,,,,,
4287,13695,تڕکەن,کەسێ کە بای بە دەنگی زۆر لێ بەر دەبی,کەس | سیفەت,ناو | ئاوەڵناو,,ناو › کەس,,,LOW,"word carries several parts of speech (ناو / هاوەڵناو); a sense may only have one ; پۆل «سیفەت» is really the part of speech «هاوەڵناو» — routed nowhere, needs a decision",96560cf4-030d-4268-baea-87bb57cdf631,somaali,,,,,
4288,13695,تڕکەن,برێتی لە زەلامی خوێڕی,کەس | سیفەت,ناو | ئاوەڵناو,,ناو › کەس,,,LOW,"word carries several parts of speech (ناو / هاوەڵناو); a sense may only have one ; پۆل «سیفەت» is really the part of speech «هاوەڵناو» — routed nowhere, needs a decision",96560cf4-030d-4268-baea-87bb57cdf631,somaali,,,,,
4290,13696,دابەلاندن,قوتدان,ئەنجامدانی کارێک,چاوگ,چاوگ,,,,LOW,"پۆل «ئەنجامدانی کارێک» is really the part of speech «کار» — routed nowhere, needs a decision ; پۆل says «کار», جۆری وشە says «چاوگ» — they disagree",fbaa1310-1a57-4439-b4e4-2b6fb312b455,banazhamad,,,,,
4291,13696,دابەلاندن,قویتدان,ئەنجامدانی کارێک,چاوگ,چاوگ,,,,LOW,"پۆل «ئەنجامدانی کارێک» is really the part of speech «کار» — routed nowhere, needs a decision ; پۆل says «کار», جۆری وشە says «چاوگ» — they disagree",fbaa1310-1a57-4439-b4e4-2b6fb312b455,banazhamad,,,,,
4293,13697,دابەلین,دابەلاندن,ئەنجامدانی کارێک,چاوگ,چاوگ,,,,LOW,"پۆل «ئەنجامدانی کارێک» is really the part of speech «کار» — routed nowhere, needs a decision ; پۆل says «کار», جۆری وشە says «چاوگ» — they disagree",fbaa1310-1a57-4439-b4e4-2b6fb312b455,banazhamad,,,,,
4294,13698,ترگار,ترار,کەرەستە,ناو,ناو,کولتووری › کەرەستە,,,HIGH,,96560cf4-030d-4268-baea-87bb57cdf631,somaali,,,,,
4295,13699,تڕلەیلێ,بێهۆش و گەللایی,سیفەت,ئاوەڵناو,هاوەڵناو,,,,LOW,"پۆل «سیفەت» is really the part of speech «هاوەڵناو» — routed nowhere, needs a decision",96560cf4-030d-4268-baea-87bb57cdf631,somaali,,,,,
4296,13700,تڕلێدان,برێتی لە خۆ هەڵکێشان,ئەنجامدانی کارێک,چاوگ,چاوگ,,,,LOW,"پۆل «ئەنجامدانی کارێک» is really the part of speech «کار» — routed nowhere, needs a decision ; پۆل says «کار», جۆری وشە says «چاوگ» — they disagree",96560cf4-030d-4268-baea-87bb57cdf631,somaali,,,,,
4297,13701,دابێژ,دابێژەر,ئەنجامدانی کارێک,ئاوەڵناو,هاوەڵناو,,,,LOW,"پۆل «ئەنجامدانی کارێک» is really the part of speech «کار» — routed nowhere, needs a decision ; پۆل says «کار», جۆری وشە says «هاوەڵناو» — they disagree",fbaa1310-1a57-4439-b4e4-2b6fb312b455,banazhamad,,,,,
4298,13701,دابێژ,کەسێ کە ئارد یان دەخڵ بە هێڵەگ قەلبیردا دەکا,ئەنجامدانی کارێک,ئاوەڵناو,هاوەڵناو,,,,LOW,"پۆل «ئەنجامدانی کارێک» is really the part of speech «کار» — routed nowhere, needs a decision ; پۆل says «کار», جۆری وشە says «هاوەڵناو» — they disagree",fbaa1310-1a57-4439-b4e4-2b6fb312b455,banazhamad,,,,,
4300,13702,تڕن,برێتی لە بێکارەی خوێڕی,سیفەت,ئاوەڵناو,هاوەڵناو,,,,LOW,"پۆل «سیفەت» is really the part of speech «هاوەڵناو» — routed nowhere, needs a decision",96560cf4-030d-4268-baea-87bb57cdf631,somaali,,,,,
4301,13703,ترنج,میوەیەکە لە تیرەی نارنج و پڕتەقاڵ,میوە,ناو,ناو,,,,HIGH,پۆل «میوە» has no home among the deck's ten (see unmapped.csv),96560cf4-030d-4268-baea-87bb57cdf631,somaali,,,,,
4302,13703,ترنج,کەبات,میوە,ناو,ناو,,,,HIGH,پۆل «میوە» has no home among the deck's ten (see unmapped.csv),96560cf4-030d-4268-baea-87bb57cdf631,somaali,,,,,
4303,13704,دابێژان,بێشتن,ئەنجامدانی کارێک,چاوگ,چاوگ,,,,LOW,"پۆل «ئەنجامدانی کارێک» is really the part of speech «کار» — routed nowhere, needs a decision ; پۆل says «کار», جۆری وشە says «چاوگ» — they disagree",fbaa1310-1a57-4439-b4e4-2b6fb312b455,banazhamad,,,,,
4304,13705,دابێشتن,بێشتن,ئەنجامدانی کارێک,چاوگ,چاوگ,,,,LOW,"پۆل «ئەنجامدانی کارێک» is really the part of speech «کار» — routed nowhere, needs a decision ; پۆل says «کار», جۆری وشە says «چاوگ» — they disagree",fbaa1310-1a57-4439-b4e4-2b6fb312b455,banazhamad,,,,,
4305,13706,ترنجان,چوونە ناو شتێ بە گیڕە و زەحمەت,ئەنجامدانی کارێک,کار,کار,,,,LOW,"پۆل «ئەنجامدانی کارێک» is really the part of speech «کار» — routed nowhere, needs a decision",96560cf4-030d-4268-baea-87bb57cdf631,somaali,,,,,
4306,13707,ترنجاندن,بە زۆر خستنە ناو,ئەنجامدانی کارێک,چاوگ,چاوگ,,,,LOW,"پۆل «ئەنجامدانی کارێک» is really the part of speech «کار» — routed nowhere, needs a decision ; پۆل says «کار», جۆری وشە says «چاوگ» — they disagree",96560cf4-030d-4268-baea-87bb57cdf631,somaali,,,,,
4307,13708,دابێژدابێژ,کون کون وەک بێژنگ,کەرەستە,ئاوەڵناو,هاوەڵناو,کولتووری › کەرەستە,,,HIGH,,fbaa1310-1a57-4439-b4e4-2b6fb312b455,banazhamad,,,,,
4308,13709,ترنجو,تیغی تیژ,کەرەستە,ناو,ناو,کولتووری › کەرەستە,,,HIGH,,96560cf4-030d-4268-baea-87bb57cdf631,somaali,,,,,
4309,13710,ترنجۆک,گیایەکە بۆنی نارنج دەدات,ڕووەك,ناو,ناو,ڕووەکناسی › ڕووەك,,,HIGH,,96560cf4-030d-4268-baea-87bb57cdf631,somaali,,,,,
4310,13711,ترنجە,ناردیوان,,ناو,ناو,,,,HIGH,,96560cf4-030d-4268-baea-87bb57cdf631,somaali,,,,,
4312,13712,ترنجەبین,دەرمانێکە لە گیا و دڕوی وشتر خۆرە ساز دەبێ,دەرمان,ناو,ناو,,,,HIGH,پۆل «دەرمان» has no home among the deck's ten (see unmapped.csv),96560cf4-030d-4268-baea-87bb57cdf631,somaali,,,,,
4313,13713,ترنجەمین,ترنجەبین,دەرمان,ناو,ناو,,,,HIGH,پۆل «دەرمان» has no home among the deck's ten (see unmapped.csv),96560cf4-030d-4268-baea-87bb57cdf631,somaali,,,,,
4314,13714,ترنجیان,بەهێم لە ناو دولای شتێ دا گیر کردن,ئەنجامدانی کارێک,کار,کار,,,,LOW,"پۆل «ئەنجامدانی کارێک» is really the part of speech «کار» — routed nowhere, needs a decision",96560cf4-030d-4268-baea-87bb57cdf631,somaali,,,,,
4315,13714,ترنجیان,شکان یان برینداربوونی کەم,ئەنجامدانی کارێک,کار,کار,,,,LOW,"پۆل «ئەنجامدانی کارێک» is really the part of speech «کار» — routed nowhere, needs a decision",96560cf4-030d-4268-baea-87bb57cdf631,somaali,,,,,
4317,13715,دابێژراو,بەبێژنگ بێژراو,سیفەت,ئاوەڵناو,هاوەڵناو,,,,LOW,"پۆل «سیفەت» is really the part of speech «هاوەڵناو» — routed nowhere, needs a decision",fbaa1310-1a57-4439-b4e4-2b6fb312b455,banazhamad,,,,,
4319,13716,ترنگ,پایە,سیفەت,ئاوەڵناو,هاوەڵناو,,,,LOW,"پۆل «سیفەت» is really the part of speech «هاوەڵناو» — routed nowhere, needs a decision",96560cf4-030d-4268-baea-87bb57cdf631,somaali,,,,,
4320,13716,ترنگ,دەرەجە,سیفەت,ئاوەڵناو,هاوەڵناو,,,,LOW,"پۆل «سیفەت» is really the part of speech «هاوەڵناو» — routed nowhere, needs a decision",96560cf4-030d-4268-baea-87bb57cdf631,somaali,,,,,
4321,13716,ترنگ,پلە,سیفەت,ئاوەڵناو,هاوەڵناو,,,,LOW,"پۆل «سیفەت» is really the part of speech «هاوەڵناو» — routed nowhere, needs a decision",96560cf4-030d-4268-baea-87bb57cdf631,somaali,,,,,
4322,13716,ترنگ,پتە,سیفەت,ئاوەڵناو,هاوەڵناو,,,,LOW,"پۆل «سیفەت» is really the part of speech «هاوەڵناو» — routed nowhere, needs a decision",96560cf4-030d-4268-baea-87bb57cdf631,somaali,,,,,
4323,13716,ترنگ,پتکە,سیفەت,ئاوەڵناو,هاوەڵناو,,,,LOW,"پۆل «سیفەت» is really the part of speech «هاوەڵناو» — routed nowhere, needs a decision",96560cf4-030d-4268-baea-87bb57cdf631,somaali,,,,,
4324,13716,ترنگ,پیتکە,سیفەت,ئاوەڵناو,هاوەڵناو,,,,LOW,"پۆل «سیفەت» is really the part of speech «هاوەڵناو» — routed nowhere, needs a decision",96560cf4-030d-4268-baea-87bb57cdf631,somaali,,,,,
4326,13717,دابێژە,فرمان بە دابێژتن: (ئارد دابێژە بۆ نان),ئەنجامدانی کارێک,کار,کار,,,,LOW,"پۆل «ئەنجامدانی کارێک» is really the part of speech «کار» — routed nowhere, needs a decision",fbaa1310-1a57-4439-b4e4-2b6fb312b455,banazhamad,,,,,
4327,13718,ترنگە,دەنگی وێک کەوتنی زیو یان کانزای تر,دەنگ,ئاوەڵناو,هاوەڵناو,,,,HIGH,پۆل «دەنگ» has no home among the deck's ten (see unmapped.csv),96560cf4-030d-4268-baea-87bb57cdf631,somaali,,,,,
4328,13718,ترنگە,پتە,دەنگ,ئاوەڵناو,هاوەڵناو,,,,HIGH,پۆل «دەنگ» has no home among the deck's ten (see unmapped.csv),96560cf4-030d-4268-baea-87bb57cdf631,somaali,,,,,
4329,13718,ترنگە,پڵتۆک,دەنگ,ئاوەڵناو,هاوەڵناو,,,,HIGH,پۆل «دەنگ» has no home among the deck's ten (see unmapped.csv),96560cf4-030d-4268-baea-87bb57cdf631,somaali,,,,,
4331,13719,ترنوسفاو,زەردایی چەوری گۆشت لەسەر ئاوی شۆربا,خواردن,ناو,ناو,کولتووری › خواردن,,,HIGH,,96560cf4-030d-4268-baea-87bb57cdf631,somaali,,,,,
4332,13720,تڕنە,تڕن,,ناو,ناو,,,,HIGH,,96560cf4-030d-4268-baea-87bb57cdf631,somaali,,,,,
4333,13721,ترنیت,جۆرێ کۆتر,گیانلەبەر,ناو,ناو,,,,HIGH,پۆل «گیانلەبەر» has no home among the deck's ten (see unmapped.csv),96560cf4-030d-4268-baea-87bb57cdf631,somaali,,,,,
4334,13722,ترنیسق,کۆترە باریکە,گیانلەبەر,ناو,ناو,,,,HIGH,پۆل «گیانلەبەر» has no home among the deck's ten (see unmapped.csv),96560cf4-030d-4268-baea-87bb57cdf631,somaali,,,,,
4336,13723,تڕۆ,بێ ئابڕو,سیفەت,ئاوەڵناو,هاوەڵناو,,,,LOW,"پۆل «سیفەت» is really the part of speech «هاوەڵناو» — routed nowhere, needs a decision",96560cf4-030d-4268-baea-87bb57cdf631,somaali,,,,,
4337,13723,تڕۆ,دەرکراو بە سوکایەتی,سیفەت,ئاوەڵناو,هاوەڵناو,,,,LOW,"پۆل «سیفەت» is really the part of speech «هاوەڵناو» — routed nowhere, needs a decision",96560cf4-030d-4268-baea-87bb57cdf631,somaali,,,,,
4338,13723,تڕۆ,نالەبار و دژ,سیفەت,ئاوەڵناو,هاوەڵناو,,,,LOW,"پۆل «سیفەت» is really the part of speech «هاوەڵناو» — routed nowhere, needs a decision",96560cf4-030d-4268-baea-87bb57cdf631,somaali,,,,,
4341,13724,ترۆپک,دەندی کێو,شوێن,ناو,ناو,ناو › شوێن,,,HIGH,,96560cf4-030d-4268-baea-87bb57cdf631,somaali,,,,,
4342,13724,ترۆپک,بڵندترین شوێن لە دار,شوێن,ناو,ناو,ناو › شوێن,,,HIGH,,96560cf4-030d-4268-baea-87bb57cdf631,somaali,,,,,
4344,13725,تڕوتفاق,کەلوپەل و ئازوقەی ماڵ,دەستەواژە,ناو,ناو,,,,HIGH,پۆل «دەستەواژە» has no home among the deck's ten (see unmapped.csv),96560cf4-030d-4268-baea-87bb57cdf631,somaali,,,,,
4345,13726,تڕوزر,برێتی لە فیز و دەعیە و لە خۆبایی بوون,سیفەت,ناو | ئاوەڵناو,,,,,LOW,"word carries several parts of speech (ناو / هاوەڵناو); a sense may only have one ; پۆل «سیفەت» is really the part of speech «هاوەڵناو» — routed nowhere, needs a decision",96560cf4-030d-4268-baea-87bb57cdf631,somaali,,,,,
4346,13727,ترۆزی,ترێزو,خواردن,ناو,ناو,کولتووری › خواردن,,,HIGH,,96560cf4-030d-4268-baea-87bb57cdf631,somaali,,,,,
4347,13727,ترۆزی,چەمیلە,خواردن,ناو,ناو,کولتووری › خواردن,,,HIGH,,96560cf4-030d-4268-baea-87bb57cdf631,somaali,,,,,
4348,13728,تروسک,بریقە,سەوزە | سیفەت | ڕەنگ,ئاوەڵناو,هاوەڵناو,,,,LOW,"پۆل «سەوزە» has no home among the deck's ten (see unmapped.csv) ; پۆل «سیفەت» is really the part of speech «هاوەڵناو» — routed nowhere, needs a decision ; پۆل «ڕەنگ» has no home among the deck's ten (see unmapped.csv)",96560cf4-030d-4268-baea-87bb57cdf631,somaali,,,,,
4349,13728,تروسک,درەوشان,سەوزە | سیفەت | ڕەنگ,ئاوەڵناو,هاوەڵناو,,,,LOW,"پۆل «سەوزە» has no home among the deck's ten (see unmapped.csv) ; پۆل «سیفەت» is really the part of speech «هاوەڵناو» — routed nowhere, needs a decision ; پۆل «ڕەنگ» has no home among the deck's ten (see unmapped.csv)",96560cf4-030d-4268-baea-87bb57cdf631,somaali,,,,,
4350,13728,تروسک,درەوشە,سەوزە | سیفەت | ڕەنگ,ئاوەڵناو,هاوەڵناو,,,,LOW,"پۆل «سەوزە» has no home among the deck's ten (see unmapped.csv) ; پۆل «سیفەت» is really the part of speech «هاوەڵناو» — routed nowhere, needs a decision ; پۆل «ڕەنگ» has no home among the deck's ten (see unmapped.csv)",96560cf4-030d-4268-baea-87bb57cdf631,somaali,,,,,
4351,13728,تروسک,چالاک و مەزبوت,سەوزە | سیفەت | ڕەنگ,ئاوەڵناو,هاوەڵناو,,,,LOW,"پۆل «سەوزە» has no home among the deck's ten (see unmapped.csv) ; پۆل «سیفەت» is really the part of speech «هاوەڵناو» — routed nowhere, needs a decision ; پۆل «ڕەنگ» has no home among the deck's ten (see unmapped.csv)",96560cf4-030d-4268-baea-87bb57cdf631,somaali,,,,,
4352,13728,تروسک,ڕێک و لەبار و قەد باریک: (زۆر تەسک و تروسکە),سەوزە | سیفەت | ڕەنگ,ئاوەڵناو,هاوەڵناو,,,,LOW,"پۆل «سەوزە» has no home among the deck's ten (see unmapped.csv) ; پۆل «سیفەت» is really the part of speech «هاوەڵناو» — routed nowhere, needs a decision ; پۆل «ڕەنگ» has no home among the deck's ten (see unmapped.csv)",96560cf4-030d-4268-baea-87bb57cdf631,somaali,,,,,
4355,13729,تروسکان,بریقەدان,ئەنجامدانی کارێک | دەستەواژە,کار,کار,,,,LOW,"پۆل «ئەنجامدانی کارێک» is really the part of speech «کار» — routed nowhere, needs a decision ; پۆل «دەستەواژە» has no home among the deck's ten (see unmapped.csv)",96560cf4-030d-4268-baea-87bb57cdf631,somaali,,,,,
4356,13729,تروسکان,بریقانەوە,ئەنجامدانی کارێک | دەستەواژە,کار,کار,,,,LOW,"پۆل «ئەنجامدانی کارێک» is really the part of speech «کار» — routed nowhere, needs a decision ; پۆل «دەستەواژە» has no home among the deck's ten (see unmapped.csv)",96560cf4-030d-4268-baea-87bb57cdf631,somaali,,,,,
4357,13729,تروسکان,تروکانی چاو,ئەنجامدانی کارێک | دەستەواژە,کار,کار,,,,LOW,"پۆل «ئەنجامدانی کارێک» is really the part of speech «کار» — routed nowhere, needs a decision ; پۆل «دەستەواژە» has no home among the deck's ten (see unmapped.csv)",96560cf4-030d-4268-baea-87bb57cdf631,somaali,,,,,
4358,13729,تروسکان,پەلکی چاو بەسەر یەکا هینان,ئەنجامدانی کارێک | دەستەواژە,کار,کار,,,,LOW,"پۆل «ئەنجامدانی کارێک» is really the part of speech «کار» — routed nowhere, needs a decision ; پۆل «دەستەواژە» has no home among the deck's ten (see unmapped.csv)",96560cf4-030d-4268-baea-87bb57cdf631,somaali,,,,,
4359,13729,تروسکان,پێڵو لێکدان,ئەنجامدانی کارێک | دەستەواژە,کار,کار,,,,LOW,"پۆل «ئەنجامدانی کارێک» is really the part of speech «کار» — routed nowhere, needs a decision ; پۆل «دەستەواژە» has no home among the deck's ten (see unmapped.csv)",96560cf4-030d-4268-baea-87bb57cdf631,somaali,,,,,
4362,13730,تروسکانن,تروکاندنی پێڵوی چاو,ئەنجامدانی کارێک,چاوگ,چاوگ,,,,LOW,"پۆل «ئەنجامدانی کارێک» is really the part of speech «کار» — routed nowhere, needs a decision ; پۆل says «کار», جۆری وشە says «چاوگ» — they disagree",96560cf4-030d-4268-baea-87bb57cdf631,somaali,,,,,
4363,13730,تروسکانن,چاوتروکاندن,ئەنجامدانی کارێک,چاوگ,چاوگ,,,,LOW,"پۆل «ئەنجامدانی کارێک» is really the part of speech «کار» — routed nowhere, needs a decision ; پۆل says «کار», جۆری وشە says «چاوگ» — they disagree",96560cf4-030d-4268-baea-87bb57cdf631,somaali,,,,,
4364,13731,تروسکانەوە,بریقەدان,سیفەت | ئەنجامدانی کارێک,کار | ئاوەڵناو,,,,,LOW,"word carries several parts of speech (کار / هاوەڵناو); a sense may only have one ; پۆل «سیفەت» is really the part of speech «هاوەڵناو» — routed nowhere, needs a decision ; پۆل «ئەنجامدانی کارێک» is really the part of speech «کار» — routed nowhere, needs a decision",96560cf4-030d-4268-baea-87bb57cdf631,somaali,,,,,
4365,13731,تروسکانەوە,درەوشینەوە,سیفەت | ئەنجامدانی کارێک,کار | ئاوەڵناو,,,,,LOW,"word carries several parts of speech (کار / هاوەڵناو); a sense may only have one ; پۆل «سیفەت» is really the part of speech «هاوەڵناو» — routed nowhere, needs a decision ; پۆل «ئەنجامدانی کارێک» is really the part of speech «کار» — routed nowhere, needs a decision",96560cf4-030d-4268-baea-87bb57cdf631,somaali,,,,,
4366,13732,تروسکایی,روناکی زۆر کەم,سیفەت,ئاوەڵناو,هاوەڵناو,,,,LOW,"پۆل «سیفەت» is really the part of speech «هاوەڵناو» — routed nowhere, needs a decision",96560cf4-030d-4268-baea-87bb57cdf631,somaali,,,,,
4367,13732,تروسکایی,پیچەک ڕۆهنی,سیفەت,ئاوەڵناو,هاوەڵناو,,,,LOW,"پۆل «سیفەت» is really the part of speech «هاوەڵناو» — routed nowhere, needs a decision",96560cf4-030d-4268-baea-87bb57cdf631,somaali,,,,,
4369,13733,تروسکە,ڤریقە,سیفەت | ڕووداوی سروشتی,ناو | ئاوەڵناو,,,,,LOW,"word carries several parts of speech (ناو / هاوەڵناو); a sense may only have one ; پۆل «سیفەت» is really the part of speech «هاوەڵناو» — routed nowhere, needs a decision ; پۆل «ڕووداوی سروشتی» has no home among the deck's ten (see unmapped.csv)",96560cf4-030d-4268-baea-87bb57cdf631,somaali,,,,,
4370,13733,تروسکە,بروسکەی عاسمان,سیفەت | ڕووداوی سروشتی,ناو | ئاوەڵناو,,,,,LOW,"word carries several parts of speech (ناو / هاوەڵناو); a sense may only have one ; پۆل «سیفەت» is really the part of speech «هاوەڵناو» — routed nowhere, needs a decision ; پۆل «ڕووداوی سروشتی» has no home among the deck's ten (see unmapped.csv)",96560cf4-030d-4268-baea-87bb57cdf631,somaali,,,,,
4372,13734,تروسکیانەوە,بریقەدان,,کار,کار,,,,HIGH,,96560cf4-030d-4268-baea-87bb57cdf631,somaali,,,,,
4373,13734,تروسکیانەوە,درەوشینەوە,,کار,کار,,,,HIGH,,96560cf4-030d-4268-baea-87bb57cdf631,somaali,,,,,
4374,13735,تروشکان,توتەکان,ئەنجامدانی کارێک,کار,کار,,,,LOW,"پۆل «ئەنجامدانی کارێک» is really the part of speech «کار» — routed nowhere, needs a decision",96560cf4-030d-4268-baea-87bb57cdf631,somaali,,,,,
4375,13735,تروشکان,لەسەر چنگ ڕۆنیشتن,ئەنجامدانی کارێک,کار,کار,,,,LOW,"پۆل «ئەنجامدانی کارێک» is really the part of speech «کار» — routed nowhere, needs a decision",96560cf4-030d-4268-baea-87bb57cdf631,somaali,,,,,
4376,13735,تروشکان,دەگەڵ هەڵ دەیڵێن,ئەنجامدانی کارێک,کار,کار,,,,LOW,"پۆل «ئەنجامدانی کارێک» is really the part of speech «کار» — routed nowhere, needs a decision",96560cf4-030d-4268-baea-87bb57cdf631,somaali,,,,,
4377,13736,تروشکە,ترشۆکە,خواردن | ڕووەك,ناو,ناو,کولتووری › خواردن | ڕووەکناسی › ڕووەك,,,HIGH,,96560cf4-030d-4268-baea-87bb57cdf631,somaali,,,,,
4378,13736,تروشکە,ترشۆک,خواردن | ڕووەك,ناو,ناو,کولتووری › خواردن | ڕووەکناسی › ڕووەك,,,HIGH,,96560cf4-030d-4268-baea-87bb57cdf631,somaali,,,,,
4379,13737,تروشکیان,لەسەر چینگ دانیشتن,ئەنجامدانی کارێک,کار,کار,,,,LOW,"پۆل «ئەنجامدانی کارێک» is really the part of speech «کار» — routed nowhere, needs a decision",96560cf4-030d-4268-baea-87bb57cdf631,somaali,,,,,
4380,13737,تروشکیان,هەڵتوتەکان,ئەنجامدانی کارێک,کار,کار,,,,LOW,"پۆل «ئەنجامدانی کارێک» is really the part of speech «کار» — routed nowhere, needs a decision",96560cf4-030d-4268-baea-87bb57cdf631,somaali,,,,,
4381,13738,تڕوفیز,لوت بەرزی,سیفەت,ئاوەڵناو,هاوەڵناو,,,,LOW,"پۆل «سیفەت» is really the part of speech «هاوەڵناو» — routed nowhere, needs a decision",96560cf4-030d-4268-baea-87bb57cdf631,somaali,,,,,
4382,13738,تڕوفیز,دەعیە,سیفەت,ئاوەڵناو,هاوەڵناو,,,,LOW,"پۆل «سیفەت» is really the part of speech «هاوەڵناو» — routed nowhere, needs a decision",96560cf4-030d-4268-baea-87bb57cdf631,somaali,,,,,
4383,13739,ترۆقان,زۆر ترسان,ئەنجامدانی کارێک | هەست,کار,کار,,,,LOW,"پۆل «ئەنجامدانی کارێک» is really the part of speech «کار» — routed nowhere, needs a decision ; پۆل «هەست» has no home among the deck's ten (see unmapped.csv)",96560cf4-030d-4268-baea-87bb57cdf631,somaali,,,,,
4384,13739,ترۆقان,زەندەق چوون,ئەنجامدانی کارێک | هەست,کار,کار,,,,LOW,"پۆل «ئەنجامدانی کارێک» is really the part of speech «کار» — routed nowhere, needs a decision ; پۆل «هەست» has no home among the deck's ten (see unmapped.csv)",96560cf4-030d-4268-baea-87bb57cdf631,somaali,,,,,
4385,13739,ترۆقان,بازدان لە شەڕ,ئەنجامدانی کارێک | هەست,کار,کار,,,,LOW,"پۆل «ئەنجامدانی کارێک» is really the part of speech «کار» — routed nowhere, needs a decision ; پۆل «هەست» has no home among the deck's ten (see unmapped.csv)",96560cf4-030d-4268-baea-87bb57cdf631,somaali,,,,,
4386,13739,ترۆقان,هەڵآتن لەبەر نەیار,ئەنجامدانی کارێک | هەست,کار,کار,,,,LOW,"پۆل «ئەنجامدانی کارێک» is really the part of speech «کار» — routed nowhere, needs a decision ; پۆل «هەست» has no home among the deck's ten (see unmapped.csv)",96560cf4-030d-4268-baea-87bb57cdf631,somaali,,,,,
4387,13739,ترۆقان,زهرە ترک شدن,ئەنجامدانی کارێک | هەست,کار,کار,,,,LOW,"پۆل «ئەنجامدانی کارێک» is really the part of speech «کار» — routed nowhere, needs a decision ; پۆل «هەست» has no home among the deck's ten (see unmapped.csv)",96560cf4-030d-4268-baea-87bb57cdf631,somaali,,,,,
4388,13740,ترۆقانن,زەندەق بردن,ئەنجامدانی کارێک,چاوگ,چاوگ,,,,LOW,"پۆل «ئەنجامدانی کارێک» is really the part of speech «کار» — routed nowhere, needs a decision ; پۆل says «کار», جۆری وشە says «چاوگ» — they disagree",96560cf4-030d-4268-baea-87bb57cdf631,somaali,,,,,
4389,13740,ترۆقانن,ترساندن,ئەنجامدانی کارێک,چاوگ,چاوگ,,,,LOW,"پۆل «ئەنجامدانی کارێک» is really the part of speech «کار» — routed nowhere, needs a decision ; پۆل says «کار», جۆری وشە says «چاوگ» — they disagree",96560cf4-030d-4268-baea-87bb57cdf631,somaali,,,,,
4390,13740,ترۆقانن,شکاندن لەشەڕ,ئەنجامدانی کارێک,چاوگ,چاوگ,,,,LOW,"پۆل «ئەنجامدانی کارێک» is really the part of speech «کار» — routed nowhere, needs a decision ; پۆل says «کار», جۆری وشە says «چاوگ» — they disagree",96560cf4-030d-4268-baea-87bb57cdf631,somaali,,,,,
4391,13740,ترۆقانن,زهرە ترک کردن,ئەنجامدانی کارێک,چاوگ,چاوگ,,,,LOW,"پۆل «ئەنجامدانی کارێک» is really the part of speech «کار» — routed nowhere, needs a decision ; پۆل says «کار», جۆری وشە says «چاوگ» — they disagree",96560cf4-030d-4268-baea-87bb57cdf631,somaali,,,,,
4392,13741,ترۆقە,شکان لەشەڕ,,ناو,ناو,,,,HIGH,,96560cf4-030d-4268-baea-87bb57cdf631,somaali,,,,,
4393,13742,ترۆقیان,ترۆقان,هەست,ناو,ناو,,,,HIGH,پۆل «هەست» has no home among the deck's ten (see unmapped.csv),96560cf4-030d-4268-baea-87bb57cdf631,somaali,,,,,
4394,13743,تروم,ڕەسەن,دەستەواژە | نەتەوە,ناو,ناو,,,,HIGH,پۆل «دەستەواژە» has no home among the deck's ten (see unmapped.csv) ; پۆل «نەتەوە» has no home among the deck's ten (see unmapped.csv),96560cf4-030d-4268-baea-87bb57cdf631,somaali,,,,,
4395,13743,تروم,بنەچەکە,دەستەواژە | نەتەوە,ناو,ناو,,,,HIGH,پۆل «دەستەواژە» has no home among the deck's ten (see unmapped.csv) ; پۆل «نەتەوە» has no home among the deck's ten (see unmapped.csv),96560cf4-030d-4268-baea-87bb57cdf631,somaali,,,,,
4396,13743,تروم,نەژاد,دەستەواژە | نەتەوە,ناو,ناو,,,,HIGH,پۆل «دەستەواژە» has no home among the deck's ten (see unmapped.csv) ; پۆل «نەتەوە» has no home among the deck's ten (see unmapped.csv),96560cf4-030d-4268-baea-87bb57cdf631,somaali,,,,,
4397,13744,ترۆمبێل,ترومبیل,ئامێر,ناو,ناو,,,,HIGH,پۆل «ئامێر» has no home among the deck's ten (see unmapped.csv),96560cf4-030d-4268-baea-87bb57cdf631,somaali,,,,,
4398,13745,تروکان,لێکدانی پێلوی چاو,ئەنجامدانی کارێک,کار,کار,,,,LOW,"پۆل «ئەنجامدانی کارێک» is really the part of speech «کار» — routed nowhere, needs a decision",96560cf4-030d-4268-baea-87bb57cdf631,somaali,,,,,
4401,13746,تروکاندن,لێک نان و کردنەوەی پێلوی چاو,ئەنجامدانی کارێک,چاوگ,چاوگ,,,,LOW,"پۆل «ئەنجامدانی کارێک» is really the part of speech «کار» — routed nowhere, needs a decision ; پۆل says «کار», جۆری وشە says «چاوگ» — they disagree",96560cf4-030d-4268-baea-87bb57cdf631,somaali,,,,,
4402,13746,تروکاندن,شکانی دەنک بە دەندووک و بە ددان,ئەنجامدانی کارێک,چاوگ,چاوگ,,,,LOW,"پۆل «ئەنجامدانی کارێک» is really the part of speech «کار» — routed nowhere, needs a decision ; پۆل says «کار», جۆری وشە says «چاوگ» — they disagree",96560cf4-030d-4268-baea-87bb57cdf631,somaali,,,,,
4403,13746,تروکاندن,تێکوڵ شکاندنی هێلکە لەلایەن جوچکەوە,ئەنجامدانی کارێک,چاوگ,چاوگ,,,,LOW,"پۆل «ئەنجامدانی کارێک» is really the part of speech «کار» — routed nowhere, needs a decision ; پۆل says «کار», جۆری وشە says «چاوگ» — they disagree",96560cf4-030d-4268-baea-87bb57cdf631,somaali,,,,,
4404,13746,تروکاندن,بە دەندووک هێلکە شکاندنی مریشک,ئەنجامدانی کارێک,چاوگ,چاوگ,,,,LOW,"پۆل «ئەنجامدانی کارێک» is really the part of speech «کار» — routed nowhere, needs a decision ; پۆل says «کار», جۆری وشە says «چاوگ» — they disagree",96560cf4-030d-4268-baea-87bb57cdf631,somaali,,,,,
4408,13747,تڕۆکردن,ئاوڕ و بردن,ئەنجامدانی کارێک,کار,کار,,,,LOW,"پۆل «ئەنجامدانی کارێک» is really the part of speech «کار» — routed nowhere, needs a decision",96560cf4-030d-4268-baea-87bb57cdf631,somaali,,,,,
4409,13747,تڕۆکردن,دەرکردن بە سوکایەتی,ئەنجامدانی کارێک,کار,کار,,,,LOW,"پۆل «ئەنجامدانی کارێک» is really the part of speech «کار» — routed nowhere, needs a decision",96560cf4-030d-4268-baea-87bb57cdf631,somaali,,,,,
4410,13747,تڕۆکردن,رسوا کردن,ئەنجامدانی کارێک,کار,کار,,,,LOW,"پۆل «ئەنجامدانی کارێک» is really the part of speech «کار» — routed nowhere, needs a decision",96560cf4-030d-4268-baea-87bb57cdf631,somaali,,,,,
4411,13748,تروکە,بە حاستەم ڕووناکی چرا و ئاگر,سیفەت,ئاوەڵناو,هاوەڵناو,,,,LOW,"پۆل «سیفەت» is really the part of speech «هاوەڵناو» — routed nowhere, needs a decision",96560cf4-030d-4268-baea-87bb57cdf631,somaali,,,,,
4412,13748,تروکە,چاولێک نانێک,سیفەت,ئاوەڵناو,هاوەڵناو,,,,LOW,"پۆل «سیفەت» is really the part of speech «هاوەڵناو» — routed nowhere, needs a decision",96560cf4-030d-4268-baea-87bb57cdf631,somaali,,,,,
4414,13749,تڕؤڵ,زۆر تڕکەن,سیفەت,ئاوەڵناو,هاوەڵناو,,,,LOW,"پۆل «سیفەت» is really the part of speech «هاوەڵناو» — routed nowhere, needs a decision",96560cf4-030d-4268-baea-87bb57cdf631,somaali,,,,,
4415,13749,تڕؤڵ,پیس و چەپەڵ,سیفەت,ئاوەڵناو,هاوەڵناو,,,,LOW,"پۆل «سیفەت» is really the part of speech «هاوەڵناو» — routed nowhere, needs a decision",96560cf4-030d-4268-baea-87bb57cdf631,somaali,,,,,
4416,13749,تڕؤڵ,ریخ,سیفەت,ئاوەڵناو,هاوەڵناو,,,,LOW,"پۆل «سیفەت» is really the part of speech «هاوەڵناو» — routed nowhere, needs a decision",96560cf4-030d-4268-baea-87bb57cdf631,somaali,,,,,
4417,13749,تڕؤڵ,شیاکە,سیفەت,ئاوەڵناو,هاوەڵناو,,,,LOW,"پۆل «سیفەت» is really the part of speech «هاوەڵناو» — routed nowhere, needs a decision",96560cf4-030d-4268-baea-87bb57cdf631,somaali,,,,,
4420,13750,ترومبیل,ئوترومبیل,ئامێر,ناو,ناو,,,,HIGH,پۆل «ئامێر» has no home among the deck's ten (see unmapped.csv),96560cf4-030d-4268-baea-87bb57cdf631,somaali,,,,,
4421,13750,ترومبیل,ماشین,ئامێر,ناو,ناو,,,,HIGH,پۆل «ئامێر» has no home among the deck's ten (see unmapped.csv),96560cf4-030d-4268-baea-87bb57cdf631,somaali,,,,,
4422,13750,ترومبیل,سەیارە,ئامێر,ناو,ناو,,,,HIGH,پۆل «ئامێر» has no home among the deck's ten (see unmapped.csv),96560cf4-030d-4268-baea-87bb57cdf631,somaali,,,,,
4424,13751,ترومپا,ئامرازی ئاو لە بیر دەرخستن بە فیچقە,ئامێر,ناو,ناو,,,,HIGH,پۆل «ئامێر» has no home among the deck's ten (see unmapped.csv),96560cf4-030d-4268-baea-87bb57cdf631,somaali,,,,,
4425,13752,ترە,ترێ,میوە,ناو,ناو,,,,HIGH,پۆل «میوە» has no home among the deck's ten (see unmapped.csv),96560cf4-030d-4268-baea-87bb57cdf631,somaali,,,,,
4426,13752,ترە,هەنگور,میوە,ناو,ناو,,,,HIGH,پۆل «میوە» has no home among the deck's ten (see unmapped.csv),96560cf4-030d-4268-baea-87bb57cdf631,somaali,,,,,
4427,13752,ترە,تری,میوە,ناو,ناو,,,,HIGH,پۆل «میوە» has no home among the deck's ten (see unmapped.csv),96560cf4-030d-4268-baea-87bb57cdf631,somaali,,,,,
4428,13753,تڕە,برێتی لە پیاوی خوێڕی,سیفەت,ئاوەڵناو,هاوەڵناو,,,,LOW,"پۆل «سیفەت» is really the part of speech «هاوەڵناو» — routed nowhere, needs a decision",96560cf4-030d-4268-baea-87bb57cdf631,somaali,,,,,
4429,13754,تڕەتڕ,چەنەبازی و چەقەسرۆیی بێ مانا,سیفەت,ئاوەڵناو,هاوەڵناو,,,,LOW,"پۆل «سیفەت» is really the part of speech «هاوەڵناو» — routed nowhere, needs a decision",96560cf4-030d-4268-baea-87bb57cdf631,somaali,,,,,
4430,13755,دابێژتن,بێژتن,ئەنجامدانی کارێک,چاوگ,چاوگ,,,,LOW,"پۆل «ئەنجامدانی کارێک» is really the part of speech «کار» — routed nowhere, needs a decision ; پۆل says «کار», جۆری وشە says «چاوگ» — they disagree",fbaa1310-1a57-4439-b4e4-2b6fb312b455,banazhamad,,,,,
4431,13756,دابینکردن,پێکهێنان,ئەنجامدانی کارێک,کار,کار,,,,LOW,"پۆل «ئەنجامدانی کارێک» is really the part of speech «کار» — routed nowhere, needs a decision",fbaa1310-1a57-4439-b4e4-2b6fb312b455,banazhamad,,,,,
4432,13757,دابینی,ئارامی,بارودۆخی جەستەیی | هەست,ناو,ناو,زانستیی پزیشکی › بارودۆخی جەستەیی,,,HIGH,پۆل «هەست» has no home among the deck's ten (see unmapped.csv),fbaa1310-1a57-4439-b4e4-2b6fb312b455,banazhamad,,,,,
4433,13757,دابینی,هێمنایەتی,بارودۆخی جەستەیی | هەست,ناو,ناو,زانستیی پزیشکی › بارودۆخی جەستەیی,,,HIGH,پۆل «هەست» has no home among the deck's ten (see unmapped.csv),fbaa1310-1a57-4439-b4e4-2b6fb312b455,banazhamad,,,,,
4434,13758,داپ,داب,,ناو,ناو,,,,HIGH,,fbaa1310-1a57-4439-b4e4-2b6fb312b455,banazhamad,,,,,
4435,13759,داپاچەر,داپاچ,کەرەستە,ناو,ناو,کولتووری › کەرەستە,,,HIGH,,fbaa1310-1a57-4439-b4e4-2b6fb312b455,banazhamad,,,,,
4436,13760,داپاچین,داپاچ,کەرەستە,ناو,ناو,کولتووری › کەرەستە,,,HIGH,,fbaa1310-1a57-4439-b4e4-2b6fb312b455,banazhamad,,,,,
4437,13761,داپاچێن,داپاچ,کەرەستە,ناو,ناو,کولتووری › کەرەستە,,,HIGH,,fbaa1310-1a57-4439-b4e4-2b6fb312b455,banazhamad,,,,,
4438,13762,داپاڵین,پاڵاوتن,ئەنجامدانی کارێک,چاوگ,چاوگ,,,,LOW,"پۆل «ئەنجامدانی کارێک» is really the part of speech «کار» — routed nowhere, needs a decision ; پۆل says «کار», جۆری وشە says «چاوگ» — they disagree",fbaa1310-1a57-4439-b4e4-2b6fb312b455,banazhamad,,,,,
4439,13762,داپاڵین,بەتنۆک چکاندن,ئەنجامدانی کارێک,چاوگ,چاوگ,,,,LOW,"پۆل «ئەنجامدانی کارێک» is really the part of speech «کار» — routed nowhere, needs a decision ; پۆل says «کار», جۆری وشە says «چاوگ» — they disagree",fbaa1310-1a57-4439-b4e4-2b6fb312b455,banazhamad,,,,,
4441,13763,داپچڕین,داپچڕاندن,ئەنجامدانی کارێک,چاوگ,چاوگ,,,,LOW,"پۆل «ئەنجامدانی کارێک» is really the part of speech «کار» — routed nowhere, needs a decision ; پۆل says «کار», جۆری وشە says «چاوگ» — they disagree",fbaa1310-1a57-4439-b4e4-2b6fb312b455,banazhamad,,,,,
4442,13764,داپڕسکان,دابەڕزین,ئەنجامدانی کارێک,چاوگ,چاوگ,,,,LOW,"پۆل «ئەنجامدانی کارێک» is really the part of speech «کار» — routed nowhere, needs a decision ; پۆل says «کار», جۆری وشە says «چاوگ» — they disagree",fbaa1310-1a57-4439-b4e4-2b6fb312b455,banazhamad,,,,,
4443,13765,ئارگا,ئاورگ، ئاگردان,شوێن,ناو,ناو,ناو › شوێن,ڕەگەز=بێلایەن,,HIGH,,f65f7d2f-996a-4df7-a10e-c6e846940032,ahmadaziz,,,,,
4445,13766,ئارگۆن,سووڕ و گەشت لە ڕەنگی ئاگر,ڕەنگ,ئاوەڵناو,هاوەڵناو,,,,HIGH,پۆل «ڕەنگ» has no home among the deck's ten (see unmapped.csv),f65f7d2f-996a-4df7-a10e-c6e846940032,ahmadaziz,,,,,
4447,13767,ئارمانج,نیشانە، کێلک، دۆز، مەبەست، نیاز لە ژیانا,,ناو | ئاوەڵناو,,,,,LOW,word carries several parts of speech (ناو / هاوەڵناو); a sense may only have one,f65f7d2f-996a-4df7-a10e-c6e846940032,ahmadaziz,,,,,
4449,13768,حش,گیانەوەرێکی زەلامی تووکنی دڕندەیە، قەستەسەری پەز و هەنگوینە,ئاژەڵ,,,زیندەوەرزانی › ئاژەڵ,ڕەگەز=دوولایەن,,LOW,word has no جۆری وشە at all,d53e0d86-01bb-4950-863e-beb1e3d81ccf,shkoskur,,,,,
4450,13769,حشک,وشک. زوها,دۆخی ماددە,ئاوەڵناو | ئاوەڵکار,,,,,LOW,word carries several parts of speech (هاوەڵناو / هاوەڵکار); a sense may only have one ; پۆل «دۆخی ماددە» has no home among the deck's ten (see unmapped.csv),d53e0d86-01bb-4950-863e-beb1e3d81ccf,shkoskur,,,,,
4451,13770,حشکارە,وشکارۆ. چۆڵ. بیابانی بێئاو. داری گەندەڵ و ڕزیو,شوێن | گیانلەبەر | ئاژەڵ,ناو | ئاوەڵناو | ئاوەڵکار,,ناو › شوێن | زیندەوەرزانی › ئاژەڵ,ڕەگەز=دوولایەن,,LOW,word carries several parts of speech (ناو / هاوەڵناو / هاوەڵکار); a sense may only have one ; پۆل «گیانلەبەر» has no home among the deck's ten (see unmapped.csv),d53e0d86-01bb-4950-863e-beb1e3d81ccf,shkoskur,,,,,
4452,13771,حشکاوس,خەفتان. ئیشکاوس,,,,,,,LOW,word has no جۆری وشە at all,d53e0d86-01bb-4950-863e-beb1e3d81ccf,shkoskur,,,,,
4453,13772,حشکە,نەخۆشیی ڕەقبوونی مل و بناگوێ.,نەخۆشی | بارودۆخی جەستەیی,,,زانستیی پزیشکی › نەخۆشی | زانستیی پزیشکی › بارودۆخی جەستەیی,,,LOW,word has no جۆری وشە at all,d53e0d86-01bb-4950-863e-beb1e3d81ccf,shkoskur,,,,,
4454,13773,حشکەبەر,وشکەبەرد. دیوارێک بە بەرد دروست کرابێت بەبێ قور,ماددە,ناو,ناو,,,,HIGH,پۆل «ماددە» has no home among the deck's ten (see unmapped.csv),d53e0d86-01bb-4950-863e-beb1e3d81ccf,shkoskur,,,,,
4455,13774,حشکەدرۆ,درۆی زۆر ئاشکرا,سیفەت | دەستەواژە,,,,,,LOW,"word has no جۆری وشە at all ; پۆل «سیفەت» is really the part of speech «هاوەڵناو» — routed nowhere, needs a decision ; پۆل «دەستەواژە» has no home among the deck's ten (see unmapped.csv)",d53e0d86-01bb-4950-863e-beb1e3d81ccf,shkoskur,,,,,
4456,13775,حشکەمرۆ,ڕەزیل. قرچۆک. دەستنوقاو. ڕژد.,سیفەت | ئەنجامدانی کارێک,ئاوەڵناو | ئاوەڵکار,,,,,LOW,"word carries several parts of speech (هاوەڵناو / هاوەڵکار); a sense may only have one ; پۆل «سیفەت» is really the part of speech «هاوەڵناو» — routed nowhere, needs a decision ; پۆل «ئەنجامدانی کارێک» is really the part of speech «کار» — routed nowhere, needs a decision",d53e0d86-01bb-4950-863e-beb1e3d81ccf,shkoskur,,,,,
4457,13776,حشکەمز,کڕێی بێخواردن. وسکەمس,دەستەواژە,,,,,,LOW,word has no جۆری وشە at all ; پۆل «دەستەواژە» has no home among the deck's ten (see unmapped.csv),d53e0d86-01bb-4950-863e-beb1e3d81ccf,shkoskur,,,,,
4458,13777,حشکەکەل,جلک لەناو ئاودا کەوڵا بێت  بەبێ سابوون,جلوبەرگ,,,,,,LOW,word has no جۆری وشە at all ; پۆل «جلوبەرگ» has no home among the deck's ten (see unmapped.csv),d53e0d86-01bb-4950-863e-beb1e3d81ccf,shkoskur,,,,,
4459,13778,حشكەنمیژ,کەمنوێژ؛ کەسێک کەم نوێژ ئەنجام بدە.,سیفەت,,,,,,LOW,"word has no جۆری وشە at all ; پۆل «سیفەت» is really the part of speech «هاوەڵناو» — routed nowhere, needs a decision",d53e0d86-01bb-4950-863e-beb1e3d81ccf,shkoskur,,,,,
4460,13779,حلێب,ڕەوا. هەژمار,دەستەواژە,,,,,,LOW,word has no جۆری وشە at all ; پۆل «دەستەواژە» has no home among the deck's ten (see unmapped.csv),d53e0d86-01bb-4950-863e-beb1e3d81ccf,shkoskur,,,,,
4461,13780,داپڕوزقانن,داپڕوزقاندن,,چاوگ,چاوگ,,,,HIGH,,fbaa1310-1a57-4439-b4e4-2b6fb312b455,banazhamad,,,,,
4462,13781,داپڕوزقیان,داپڕوزقان,بارودۆخی جەستەیی | ڕووداوی سروشتی | گۆڕانی دۆخ,چاوگ,چاوگ,زانستیی پزیشکی › بارودۆخی جەستەیی,,,HIGH,پۆل «ڕووداوی سروشتی» has no home among the deck's ten (see unmapped.csv) ; پۆل «گۆڕانی دۆخ» has no home among the deck's ten (see unmapped.csv),fbaa1310-1a57-4439-b4e4-2b6fb312b455,banazhamad,,,,,
4463,13782,داپڕوزقین,داپڕوزقان,ئەنجامدانی کارێک,ناو | چاوگ,,,,,LOW,"word carries several parts of speech (ناو / چاوگ); a sense may only have one ; پۆل «ئەنجامدانی کارێک» is really the part of speech «کار» — routed nowhere, needs a decision",fbaa1310-1a57-4439-b4e4-2b6fb312b455,banazhamad,,,,,
4464,13783,داپڕوسکان,داپڕوسکان,گۆڕانی دۆخ,چاوگ,چاوگ,,,,HIGH,پۆل «گۆڕانی دۆخ» has no home among the deck's ten (see unmapped.csv),fbaa1310-1a57-4439-b4e4-2b6fb312b455,banazhamad,,,,,
4465,13784,داپڕوسکاندن,داپڕوزقاندن,ئەنجامدانی کارێک,چاوگ,چاوگ,,,,LOW,"پۆل «ئەنجامدانی کارێک» is really the part of speech «کار» — routed nowhere, needs a decision ; پۆل says «کار», جۆری وشە says «چاوگ» — they disagree",fbaa1310-1a57-4439-b4e4-2b6fb312b455,banazhamad,,,,,
4466,13784,داپڕوسکاندن,نگا: داپڕوزقاندن,ئەنجامدانی کارێک,چاوگ,چاوگ,,,,LOW,"پۆل «ئەنجامدانی کارێک» is really the part of speech «کار» — routed nowhere, needs a decision ; پۆل says «کار», جۆری وشە says «چاوگ» — they disagree",fbaa1310-1a57-4439-b4e4-2b6fb312b455,banazhamad,,,,,
4467,13785,داپژاندن,بەرەوژیر رشتنی شتی ورد,ئەنجامدانی کارێک,چاوگ,چاوگ,,,,LOW,"پۆل «ئەنجامدانی کارێک» is really the part of speech «کار» — routed nowhere, needs a decision ; پۆل says «کار», جۆری وشە says «چاوگ» — they disagree",fbaa1310-1a57-4439-b4e4-2b6fb312b455,banazhamad,,,,,
4468,13786,داپسکان,بەکزی کروشمەکردن,ئەنجامدانی کارێک,چاوگ,چاوگ,,,,LOW,"پۆل «ئەنجامدانی کارێک» is really the part of speech «کار» — routed nowhere, needs a decision ; پۆل says «کار», جۆری وشە says «چاوگ» — they disagree",fbaa1310-1a57-4439-b4e4-2b6fb312b455,banazhamad,,,,,
4469,13786,داپسکان,فس خواردنی مریشک بۆ کەڵەشێر,ئەنجامدانی کارێک,چاوگ,چاوگ,,,,LOW,"پۆل «ئەنجامدانی کارێک» is really the part of speech «کار» — routed nowhere, needs a decision ; پۆل says «کار», جۆری وشە says «چاوگ» — they disagree",fbaa1310-1a57-4439-b4e4-2b6fb312b455,banazhamad,,,,,
4470,13786,داپسکان,داتسیان,ئەنجامدانی کارێک,چاوگ,چاوگ,,,,LOW,"پۆل «ئەنجامدانی کارێک» is really the part of speech «کار» — routed nowhere, needs a decision ; پۆل says «کار», جۆری وشە says «چاوگ» — they disagree",fbaa1310-1a57-4439-b4e4-2b6fb312b455,banazhamad,,,,,
4471,13786,داپسکان,کِز کردن,ئەنجامدانی کارێک,چاوگ,چاوگ,,,,LOW,"پۆل «ئەنجامدانی کارێک» is really the part of speech «کار» — routed nowhere, needs a decision ; پۆل says «کار», جۆری وشە says «چاوگ» — they disagree",fbaa1310-1a57-4439-b4e4-2b6fb312b455,banazhamad,,,,,
4472,13787,داپلاندن,داپاڵین,ئەنجامدانی کارێک,چاوگ,چاوگ,,,,LOW,"پۆل «ئەنجامدانی کارێک» is really the part of speech «کار» — routed nowhere, needs a decision ; پۆل says «کار», جۆری وشە says «چاوگ» — they disagree",fbaa1310-1a57-4439-b4e4-2b6fb312b455,banazhamad,,,,,
4473,13788,داپلۆخان,پێست فڕێدان لەسووتان,ئەنجامدانی کارێک,چاوگ,چاوگ,,,,LOW,"پۆل «ئەنجامدانی کارێک» is really the part of speech «کار» — routed nowhere, needs a decision ; پۆل says «کار», جۆری وشە says «چاوگ» — they disagree",fbaa1310-1a57-4439-b4e4-2b6fb312b455,banazhamad,,,,,
4474,13789,داپڵۆخاندن,سوتاندنی پێست,ئەنجامدانی کارێک,چاوگ,چاوگ,,,,LOW,"پۆل «ئەنجامدانی کارێک» is really the part of speech «کار» — routed nowhere, needs a decision ; پۆل says «کار», جۆری وشە says «چاوگ» — they disagree",fbaa1310-1a57-4439-b4e4-2b6fb312b455,banazhamad,,,,,
4475,13790,داپڵۆخاو,پێست داماڵاو بەسووتان,سیفەت,ئاوەڵناو,هاوەڵناو,,,,LOW,"پۆل «سیفەت» is really the part of speech «هاوەڵناو» — routed nowhere, needs a decision",fbaa1310-1a57-4439-b4e4-2b6fb312b455,banazhamad,,,,,
4476,13791,داپڵۆخین,داپڵۆخان,ئەنجامدانی کارێک,چاوگ,چاوگ,,,,LOW,"پۆل «ئەنجامدانی کارێک» is really the part of speech «کار» — routed nowhere, needs a decision ; پۆل says «کار», جۆری وشە says «چاوگ» — they disagree",fbaa1310-1a57-4439-b4e4-2b6fb312b455,banazhamad,,,,,
4477,13792,داپڵۆخیو,داپڵۆخاو,سیفەت,ئاوەڵناو,هاوەڵناو,,,,LOW,"پۆل «سیفەت» is really the part of speech «هاوەڵناو» — routed nowhere, needs a decision",fbaa1310-1a57-4439-b4e4-2b6fb312b455,banazhamad,,,,,
4478,13793,داپڵۆسان,دارکاریکردنی خەست و لەسەریەک,ئەنجامدانی کارێک,چاوگ,چاوگ,,,,LOW,"پۆل «ئەنجامدانی کارێک» is really the part of speech «کار» — routed nowhere, needs a decision ; پۆل says «کار», جۆری وشە says «چاوگ» — they disagree",fbaa1310-1a57-4439-b4e4-2b6fb312b455,banazhamad,,,,,
4479,13794,داپڵۆساندن,داپڵۆسان,ئەنجامدانی کارێک,چاوگ,چاوگ,,,,LOW,"پۆل «ئەنجامدانی کارێک» is really the part of speech «کار» — routed nowhere, needs a decision ; پۆل says «کار», جۆری وشە says «چاوگ» — they disagree",fbaa1310-1a57-4439-b4e4-2b6fb312b455,banazhamad,,,,,
4480,13795,داپڵۆستن,داپڵۆسان,ئەنجامدانی کارێک,چاوگ,چاوگ,,,,LOW,"پۆل «ئەنجامدانی کارێک» is really the part of speech «کار» — routed nowhere, needs a decision ; پۆل says «کار», جۆری وشە says «چاوگ» — they disagree",fbaa1310-1a57-4439-b4e4-2b6fb312b455,banazhamad,,,,,
4481,13796,داپڵۆسکیان,رووتەەبوونی لک یان هێشو لەگەڵاو دەنک,ئەنجامدانی کارێک,چاوگ,چاوگ,,,,LOW,"پۆل «ئەنجامدانی کارێک» is really the part of speech «کار» — routed nowhere, needs a decision ; پۆل says «کار», جۆری وشە says «چاوگ» — they disagree",fbaa1310-1a57-4439-b4e4-2b6fb312b455,banazhamad,,,,,
4482,13797,ئارموش,ئاوریشم، ھەورێشم، ھەورەمیش، داوی لکاوی کرمی ئاوریشم، تاڵی حەریر,کەرەستە,ناو,ناو,کولتووری › کەرەستە,ڕەگەز=بێلایەن,,HIGH,,f65f7d2f-996a-4df7-a10e-c6e846940032,ahmadaziz,,,,,
4484,13798,ئارنج,مێخ زنجیر بۆ وڵاخ بەستنەوە، ئاخیە,کەرەستە,ناو,ناو,کولتووری › کەرەستە,ڕەگەز=بێلایەن,,HIGH,,f65f7d2f-996a-4df7-a10e-c6e846940032,ahmadaziz,,,,,
4486,13799,ئارنگ,دەردێکی ئاژەڵە، نەخۆشیەکە توشی حەیوەن دەبێ,نەخۆشی,ناو,ناو,زانستیی پزیشکی › نەخۆشی,ڕەگەز=بێلایەن,,HIGH,,f65f7d2f-996a-4df7-a10e-c6e846940032,ahmadaziz,,,,,
4487,13800,ئارو,خەیار، ھاروێ، ئاڵو، پوک، خەیار,میوە | ڕووەك,ناو,ناو,ڕووەکناسی › ڕووەك,ڕەگەز=بێلایەن,,HIGH,پۆل «میوە» has no home among the deck's ten (see unmapped.csv),f65f7d2f-996a-4df7-a10e-c6e846940032,ahmadaziz,,,,,
4489,13801,ئارۆ,ئمڕۆ، ئەوڕۆ، ئەمڕۆ، ڕۆژی نێوان دوێنێ و سبەینێ,کات,ئاوەڵکار,هاوەڵکار,,,,HIGH,پۆل «کات» has no home among the deck's ten (see unmapped.csv),f65f7d2f-996a-4df7-a10e-c6e846940032,ahmadaziz,,,,,
4490,13802,ئاروانە,وشتری چوار بەھار دیتو,ئاژەڵ,ناو,ناو,زیندەوەرزانی › ئاژەڵ,ڕەگەز=دوولایەن,,HIGH,,f65f7d2f-996a-4df7-a10e-c6e846940032,ahmadaziz,,,,,
4492,13803,ئاروشک,پژمین، ، پشمین، پنژین,ئەنجامدانی کارێک,کار,کار,,,,LOW,"پۆل «ئەنجامدانی کارێک» is really the part of speech «کار» — routed nowhere, needs a decision",f65f7d2f-996a-4df7-a10e-c6e846940032,ahmadaziz,,,,,
4494,13804,ئاروێ,ھاروێ، خەیار,میوە | ڕووەك,ناو,ناو,ڕووەکناسی › ڕووەك,ڕەگەز=بێلایەن,,HIGH,پۆل «میوە» has no home among the deck's ten (see unmapped.csv),f65f7d2f-996a-4df7-a10e-c6e846940032,ahmadaziz,,,,,
4495,13805,ترەختان,چوار ناڵە,کەرەستە,ناو,ناو,کولتووری › کەرەستە,,,HIGH,,96560cf4-030d-4268-baea-87bb57cdf631,somaali,,,,,
4496,13806,ترەقە,تریقەی پێکەنین,دەستەواژە | دەنگ,ناو | ئاوەڵناو,,,,,LOW,word carries several parts of speech (ناو / هاوەڵناو); a sense may only have one ; پۆل «دەستەواژە» has no home among the deck's ten (see unmapped.csv) ; پۆل «دەنگ» has no home among the deck's ten (see unmapped.csv),96560cf4-030d-4268-baea-87bb57cdf631,somaali,,,,,
4497,13806,ترەقە,دەنگی بەرزی خەنین,دەستەواژە | دەنگ,ناو | ئاوەڵناو,,,,,LOW,word carries several parts of speech (ناو / هاوەڵناو); a sense may only have one ; پۆل «دەستەواژە» has no home among the deck's ten (see unmapped.csv) ; پۆل «دەنگ» has no home among the deck's ten (see unmapped.csv),96560cf4-030d-4268-baea-87bb57cdf631,somaali,,,,,
4498,13806,ترەقە,حیلکە,دەستەواژە | دەنگ,ناو | ئاوەڵناو,,,,,LOW,word carries several parts of speech (ناو / هاوەڵناو); a sense may only have one ; پۆل «دەستەواژە» has no home among the deck's ten (see unmapped.csv) ; پۆل «دەنگ» has no home among the deck's ten (see unmapped.csv),96560cf4-030d-4268-baea-87bb57cdf631,somaali,,,,,
4499,13807,ترەقیان,لە تریقەدان,ئەنجامدانی کارێک,کار,کار,,,,LOW,"پۆل «ئەنجامدانی کارێک» is really the part of speech «کار» — routed nowhere, needs a decision",96560cf4-030d-4268-baea-87bb57cdf631,somaali,,,,,
4500,13807,ترەقیان,حیلکانەوە,ئەنجامدانی کارێک,کار,کار,,,,LOW,"پۆل «ئەنجامدانی کارێک» is really the part of speech «کار» — routed nowhere, needs a decision",96560cf4-030d-4268-baea-87bb57cdf631,somaali,,,,,
4501,13808,تڕەک,بێ کارە,کەس,ناو,ناو,ناو › کەس,,,HIGH,,96560cf4-030d-4268-baea-87bb57cdf631,somaali,,,,,
4502,13808,تڕەک,خوێڕی,کەس,ناو,ناو,ناو › کەس,,,HIGH,,96560cf4-030d-4268-baea-87bb57cdf631,somaali,,,,,
4503,13808,تڕەک,بێ ئابڕو,کەس,ناو,ناو,ناو › کەس,,,HIGH,,96560cf4-030d-4268-baea-87bb57cdf631,somaali,,,,,
4505,13809,ترەک,دەرز,,ناو,ناو,,,,HIGH,,96560cf4-030d-4268-baea-87bb57cdf631,somaali,,,,,
4506,13809,ترەک,درز,,ناو,ناو,,,,HIGH,,96560cf4-030d-4268-baea-87bb57cdf631,somaali,,,,,
4507,13809,ترەک,قەڵشی باریک,,ناو,ناو,,,,HIGH,,96560cf4-030d-4268-baea-87bb57cdf631,somaali,,,,,
4510,13810,ترەکان,درزبردن,,کار,کار,,,,HIGH,,96560cf4-030d-4268-baea-87bb57cdf631,somaali,,,,,
4511,13810,ترەکان,قەڵش بردن,,کار,کار,,,,HIGH,,96560cf4-030d-4268-baea-87bb57cdf631,somaali,,,,,
4512,13811,ترەکاندن,دەرز پێ بردن,ئەنجامدانی کارێک,چاوگ,چاوگ,,,,LOW,"پۆل «ئەنجامدانی کارێک» is really the part of speech «کار» — routed nowhere, needs a decision ; پۆل says «کار», جۆری وشە says «چاوگ» — they disagree",96560cf4-030d-4268-baea-87bb57cdf631,somaali,,,,,
4513,13811,ترەکاندن,قەڵشان,ئەنجامدانی کارێک,چاوگ,چاوگ,,,,LOW,"پۆل «ئەنجامدانی کارێک» is really the part of speech «کار» — routed nowhere, needs a decision ; پۆل says «کار», جۆری وشە says «چاوگ» — they disagree",96560cf4-030d-4268-baea-87bb57cdf631,somaali,,,,,
4514,13812,ترەکەلەک,برێتی لە کارێک کە سەر نەگری,سیفەت,ئاوەڵناو,هاوەڵناو,,,,LOW,"پۆل «سیفەت» is really the part of speech «هاوەڵناو» — routed nowhere, needs a decision",96560cf4-030d-4268-baea-87bb57cdf631,somaali,,,,,
4515,13813,ترەکیان,دەرزبردن,,کار,کار,,,,HIGH,,96560cf4-030d-4268-baea-87bb57cdf631,somaali,,,,,
4516,13813,ترەکیان,بێچوو هێنانی دەڵەسەگ,,کار,کار,,,,HIGH,,96560cf4-030d-4268-baea-87bb57cdf631,somaali,,,,,
4518,13814,ترەکین,ترەکیان,دەستەواژە,ناو | کار,,,,,LOW,word carries several parts of speech (ناو / کار); a sense may only have one ; پۆل «دەستەواژە» has no home among the deck's ten (see unmapped.csv),96560cf4-030d-4268-baea-87bb57cdf631,somaali,,,,,
4519,13815,تڕەمەڕۆ,بە گاڵتەوە ناوی تفەنگی خراپە,کەرەستە,ناو,ناو,کولتووری › کەرەستە,,,HIGH,,96560cf4-030d-4268-baea-87bb57cdf631,somaali,,,,,
4520,13816,ترەو,تووری سەوزی خواردن,خواردن,ناو,ناو,کولتووری › خواردن,,,HIGH,,96560cf4-030d-4268-baea-87bb57cdf631,somaali,,,,,
4522,13816,ترەو,تڤر,خواردن,ناو,ناو,کولتووری › خواردن,,,HIGH,,96560cf4-030d-4268-baea-87bb57cdf631,somaali,,,,,
4523,13817,ترەوکە,گیایەکی تام تیژە,ڕووەك,ناو,ناو,ڕووەکناسی › ڕووەك,,,HIGH,,96560cf4-030d-4268-baea-87bb57cdf631,somaali,,,,,
4524,13818,تڕهێو,ترحێو,دەستەواژە,ناو,ناو,,,,HIGH,پۆل «دەستەواژە» has no home among the deck's ten (see unmapped.csv),96560cf4-030d-4268-baea-87bb57cdf631,somaali,,,,,
4525,13819,ترێ,هەنگور,میوە,ناو,ناو,,,,HIGH,پۆل «میوە» has no home among the deck's ten (see unmapped.csv),96560cf4-030d-4268-baea-87bb57cdf631,somaali,,,,,
4526,13820,تری,هەنگور,میوە,ناو,ناو,,,,HIGH,پۆل «میوە» has no home among the deck's ten (see unmapped.csv),96560cf4-030d-4268-baea-87bb57cdf631,somaali,,,,,
4527,13821,تریاک,تلیاک,خواردن,ناو,ناو,کولتووری › خواردن,,,HIGH,,96560cf4-030d-4268-baea-87bb57cdf631,somaali,,,,,
4528,13821,تریاک,شیلەی قۆزەی خاشخاشە,خواردن,ناو,ناو,کولتووری › خواردن,,,HIGH,,96560cf4-030d-4268-baea-87bb57cdf631,somaali,,,,,
4529,13822,تریاک خۆر,تلیاک کێش,کەس,ناو,ناو,ناو › کەس,,,HIGH,,96560cf4-030d-4268-baea-87bb57cdf631,somaali,,,,,
4530,13822,تریاک خۆر,تلیاکی,کەس,ناو,ناو,ناو › کەس,,,HIGH,,96560cf4-030d-4268-baea-87bb57cdf631,somaali,,,,,
4531,13823,تلیاک کێس,تلیاک کێش,کەس,ناو,ناو,ناو › کەس,,,HIGH,,96560cf4-030d-4268-baea-87bb57cdf631,somaali,,,,,
4532,13824,تریاکی,تلیاک کێش,کەس,ناو,ناو,ناو › کەس,,,HIGH,,96560cf4-030d-4268-baea-87bb57cdf631,somaali,,,,,
4533,13825,تریان,قەرتاڵەی چکۆلەی میوە,کەرەستە,ناو,ناو,کولتووری › کەرەستە,,,HIGH,,96560cf4-030d-4268-baea-87bb57cdf631,somaali,,,,,
4534,13826,تریانە,تریان,کەرەستە,ناو,ناو,کولتووری › کەرەستە,,,HIGH,,96560cf4-030d-4268-baea-87bb57cdf631,somaali,,,,,
4535,13827,تریت,تێکوشین,خواردن,ناو,ناو,کولتووری › خواردن,,,HIGH,,96560cf4-030d-4268-baea-87bb57cdf631,somaali,,,,,
4536,13827,تریت,نانی وڵیو لە شۆربادا,خواردن,ناو,ناو,کولتووری › خواردن,,,HIGH,,96560cf4-030d-4268-baea-87bb57cdf631,somaali,,,,,
4537,13827,تریت,سەرکۆنە,خواردن,ناو,ناو,کولتووری › خواردن,,,HIGH,,96560cf4-030d-4268-baea-87bb57cdf631,somaali,,,,,
4538,13827,تریت,لۆمە,خواردن,ناو,ناو,کولتووری › خواردن,,,HIGH,,96560cf4-030d-4268-baea-87bb57cdf631,somaali,,,,,
4540,13828,تریتان,ترات,ئەنجامدانی کارێک,کار,کار,,,,LOW,"پۆل «ئەنجامدانی کارێک» is really the part of speech «کار» — routed nowhere, needs a decision",96560cf4-030d-4268-baea-87bb57cdf631,somaali,,,,,
4541,13829,تریتانێ,تراتێن,ئەنجامدانی کارێک,کار,کار,,,,LOW,"پۆل «ئەنجامدانی کارێک» is really the part of speech «کار» — routed nowhere, needs a decision",96560cf4-030d-4268-baea-87bb57cdf631,somaali,,,,,
4542,13830,تریزە,کونی قنگ,ئەندامی جەستە,ناو,ناو,زانستیی پزیشکی › ئەندامی جەستە,,,HIGH,,96560cf4-030d-4268-baea-87bb57cdf631,somaali,,,,,
4543,13831,تریسکە,تروسکە,ڕووداوی سروشتی,ناو,ناو,,,,HIGH,پۆل «ڕووداوی سروشتی» has no home among the deck's ten (see unmapped.csv),96560cf4-030d-4268-baea-87bb57cdf631,somaali,,,,,
4544,13832,تریسکە تریسک,بریقەی یەک لە دوو یەک,دەستەواژە,ناو | کار,,,,,LOW,word carries several parts of speech (ناو / کار); a sense may only have one ; پۆل «دەستەواژە» has no home among the deck's ten (see unmapped.csv),96560cf4-030d-4268-baea-87bb57cdf631,somaali,,,,,
4545,13833,ترێشتە,تەشوێ,کەرەستە,ناو,ناو,کولتووری › کەرەستە,,,HIGH,,96560cf4-030d-4268-baea-87bb57cdf631,somaali,,,,,
4546,13833,ترێشتە,تەمشوێ,کەرەستە,ناو,ناو,کولتووری › کەرەستە,,,HIGH,,96560cf4-030d-4268-baea-87bb57cdf631,somaali,,,,,
4547,13833,ترێشتە,تەپشو,کەرەستە,ناو,ناو,کولتووری › کەرەستە,,,HIGH,,96560cf4-030d-4268-baea-87bb57cdf631,somaali,,,,,
4548,13834,تریشقە,بروسکەی هەور,ڕووداوی سروشتی,ناو,ناو,,,,HIGH,پۆل «ڕووداوی سروشتی» has no home among the deck's ten (see unmapped.csv),96560cf4-030d-4268-baea-87bb57cdf631,somaali,,,,,
4549,13835,تریشکە,بروسکەی هەور,ڕووداوی سروشتی,ناو,ناو,,,,HIGH,پۆل «ڕووداوی سروشتی» has no home among the deck's ten (see unmapped.csv),96560cf4-030d-4268-baea-87bb57cdf631,somaali,,,,,
4550,13836,تریفە,لو لەناو گۆشتدا,نەخۆشی,ناو,ناو,زانستیی پزیشکی › نەخۆشی,,,HIGH,,96560cf4-030d-4268-baea-87bb57cdf631,somaali,,,,,
4551,13836,تریفە,نەخۆشیەکی ڕەشە وڵاخە,نەخۆشی,ناو,ناو,زانستیی پزیشکی › نەخۆشی,,,HIGH,,96560cf4-030d-4268-baea-87bb57cdf631,somaali,,,,,
4552,13837,ترێفە,تیشکی مانگ,,ناو,ناو,,,,HIGH,,96560cf4-030d-4268-baea-87bb57cdf631,somaali,,,,,
4553,13838,ئارۆک,کفتە ساوری پانکەڵە کە لە گەنمە کوتاویش دەیکەن,خواردن,ناو,ناو,کولتووری › خواردن,ڕەگەز=بێلایەن,,HIGH,,f65f7d2f-996a-4df7-a10e-c6e846940032,ahmadaziz,,,,,
4554,13839,ئارھان,ژان و ئێشی ئەندامی سوتاو,نەخۆشی,ئاوەڵناو,هاوەڵناو,زانستیی پزیشکی › نەخۆشی,,,HIGH,,f65f7d2f-996a-4df7-a10e-c6e846940032,ahmadaziz,,,,,
4556,13840,ئارھاندن,چزاندن، داغ کردن بە ئاگر,ئەنجامدانی کارێک,کار,کار,,,,LOW,"پۆل «ئەنجامدانی کارێک» is really the part of speech «کار» — routed nowhere, needs a decision",f65f7d2f-996a-4df7-a10e-c6e846940032,ahmadaziz,,,,,
4558,13841,ئارەزوو,ھێڤی، ئاوات، دڵخواز,هەست,ئاوەڵناو,هاوەڵناو,,,,HIGH,پۆل «هەست» has no home among the deck's ten (see unmapped.csv),f65f7d2f-996a-4df7-a10e-c6e846940032,ahmadaziz,,,,,
4560,13842,حلێرک,لوو,نەخۆشی,,,زانستیی پزیشکی › نەخۆشی,,,LOW,word has no جۆری وشە at all,d53e0d86-01bb-4950-863e-beb1e3d81ccf,shkoskur,,,,,
4561,13842,حلێرک,گرێ  لە گۆشتدا,نەخۆشی,,,زانستیی پزیشکی › نەخۆشی,,,LOW,word has no جۆری وشە at all,d53e0d86-01bb-4950-863e-beb1e3d81ccf,shkoskur,,,,,
4562,13842,حلێرک,تریفە,نەخۆشی,,,زانستیی پزیشکی › نەخۆشی,,,LOW,word has no جۆری وشە at all,d53e0d86-01bb-4950-863e-beb1e3d81ccf,shkoskur,,,,,
4563,13843,حلێرک,لوو,نەخۆشی,,,زانستیی پزیشکی › نەخۆشی,,,LOW,word has no جۆری وشە at all,d53e0d86-01bb-4950-863e-beb1e3d81ccf,shkoskur,,,,,
4564,13843,حلێرک,گرێ  لە گۆشتدا,نەخۆشی,,,زانستیی پزیشکی › نەخۆشی,,,LOW,word has no جۆری وشە at all,d53e0d86-01bb-4950-863e-beb1e3d81ccf,shkoskur,,,,,
4565,13843,حلێرک,تریفە,نەخۆشی,,,زانستیی پزیشکی › نەخۆشی,,,LOW,word has no جۆری وشە at all,d53e0d86-01bb-4950-863e-beb1e3d81ccf,shkoskur,,,,,
4566,13844,حلێو,حلێب,دەستەواژە,,,,,,LOW,word has no جۆری وشە at all ; پۆل «دەستەواژە» has no home among the deck's ten (see unmapped.csv),d53e0d86-01bb-4950-863e-beb1e3d81ccf,shkoskur,,,,,
4567,13845,حندەرحۆ,سیسۆ,کەرەستە | ئامێر,,,کولتووری › کەرەستە,,,LOW,word has no جۆری وشە at all ; پۆل «ئامێر» has no home among the deck's ten (see unmapped.csv),d53e0d86-01bb-4950-863e-beb1e3d81ccf,shkoskur,,,,,
4568,13845,حندەرحۆ,جێجڵقانە,کەرەستە | ئامێر,,,کولتووری › کەرەستە,,,LOW,word has no جۆری وشە at all ; پۆل «ئامێر» has no home among the deck's ten (see unmapped.csv),d53e0d86-01bb-4950-863e-beb1e3d81ccf,shkoskur,,,,,
4570,13846,حندۆلی,دۆدانە,,,,,,,LOW,word has no جۆری وشە at all,d53e0d86-01bb-4950-863e-beb1e3d81ccf,shkoskur,,,,,
4571,13847,حنگڵ,هەنگڵ,ئەندامی جەستە,ناو,ناو,زانستیی پزیشکی › ئەندامی جەستە,,,HIGH,,d53e0d86-01bb-4950-863e-beb1e3d81ccf,shkoskur,,,,,
4572,13847,حنگڵ,بنهەنگڵ,ئەندامی جەستە,ناو,ناو,زانستیی پزیشکی › ئەندامی جەستە,,,HIGH,,d53e0d86-01bb-4950-863e-beb1e3d81ccf,shkoskur,,,,,
4573,13847,حنگڵ,ژیرباخەڵ,ئەندامی جەستە,ناو,ناو,زانستیی پزیشکی › ئەندامی جەستە,,,HIGH,,d53e0d86-01bb-4950-863e-beb1e3d81ccf,shkoskur,,,,,
4574,13848,حوب,حەب,دەرمان,ناو,ناو,,,,HIGH,پۆل «دەرمان» has no home among the deck's ten (see unmapped.csv),d53e0d86-01bb-4950-863e-beb1e3d81ccf,shkoskur,,,,,
4575,13848,حوب,قورسی دەرمان,دەرمان,ناو,ناو,,,,HIGH,پۆل «دەرمان» has no home among the deck's ten (see unmapped.csv),d53e0d86-01bb-4950-863e-beb1e3d81ccf,shkoskur,,,,,
4576,13849,حوبێ,خەمەگرو,ئاژەڵ,ناو,ناو,زیندەوەرزانی › ئاژەڵ,ڕەگەز=دوولایەن,,HIGH,,d53e0d86-01bb-4950-863e-beb1e3d81ccf,shkoskur,,,,,
4577,13849,حوبێ,سەرمازەڵە,ئاژەڵ,ناو,ناو,زیندەوەرزانی › ئاژەڵ,ڕەگەز=دوولایەن,,HIGH,,d53e0d86-01bb-4950-863e-beb1e3d81ccf,shkoskur,,,,,
4578,13849,حوبێ,بزنمژە,ئاژەڵ,ناو,ناو,زیندەوەرزانی › ئاژەڵ,ڕەگەز=دوولایەن,,HIGH,,d53e0d86-01bb-4950-863e-beb1e3d81ccf,shkoskur,,,,,
4582,13850,حۆپ,ئەو وشەیەیە حوشتری پێ لێ دەخوڕن,دەستەواژە | ئاژەڵ,,,زیندەوەرزانی › ئاژەڵ,,,LOW,word has no جۆری وشە at all ; پۆل «دەستەواژە» has no home among the deck's ten (see unmapped.csv),d53e0d86-01bb-4950-863e-beb1e3d81ccf,shkoskur,,,,,
4580,13851,حوت,ناوی ئاژەڵێکە,کەس | مرۆڤ | ئاژەڵ,ناو | ئاوەڵناو,,ناو › کەس | کولتووری › مرۆڤ | زیندەوەرزانی › ئاژەڵ,,,LOW,word carries several parts of speech (ناو / هاوەڵناو); a sense may only have one,d53e0d86-01bb-4950-863e-beb1e3d81ccf,shkoskur,,,,,
4581,13851,حوت,کەسی قەڵەو و پان,کەس | مرۆڤ | ئاژەڵ,ناو | ئاوەڵناو,,ناو › کەس | کولتووری › مرۆڤ | زیندەوەرزانی › ئاژەڵ,,,LOW,word carries several parts of speech (ناو / هاوەڵناو); a sense may only have one,d53e0d86-01bb-4950-863e-beb1e3d81ccf,shkoskur,,,,,
4583,13852,حۆت,کەسێک کە تووکی سەریی وەریوە,کەس | مرۆڤ | بارودۆخی جەستەیی,ناو,ناو,ناو › کەس | کولتووری › مرۆڤ | زانستیی پزیشکی › بارودۆخی جەستەیی,,,HIGH,,d53e0d86-01bb-4950-863e-beb1e3d81ccf,shkoskur,,,,,
4584,13852,حۆت,سەر بێتووک,کەس | مرۆڤ | بارودۆخی جەستەیی,ناو,ناو,ناو › کەس | کولتووری › مرۆڤ | زانستیی پزیشکی › بارودۆخی جەستەیی,,,HIGH,,d53e0d86-01bb-4950-863e-beb1e3d81ccf,shkoskur,,,,,
4585,13854,حوج,ناوی پیاوێکی زۆر درێژە لەناو چێرۆکاندا,کەس,ناو,ناو,ناو › کەس,,,HIGH,,d53e0d86-01bb-4950-863e-beb1e3d81ccf,shkoskur,,,,,
4586,13854,حوج,باڵابەرزێکی ناشیرین,کەس,ناو,ناو,ناو › کەس,,,HIGH,,d53e0d86-01bb-4950-863e-beb1e3d81ccf,shkoskur,,,,,
4587,13855,حوججەت,تەوژم,باروودۆخ,ناو,ناو,,,,HIGH,پۆل «باروودۆخ» has no home among the deck's ten (see unmapped.csv),d53e0d86-01bb-4950-863e-beb1e3d81ccf,shkoskur,,,,,
4588,13855,حوججەت,نهێم,باروودۆخ,ناو,ناو,,,,HIGH,پۆل «باروودۆخ» has no home among the deck's ten (see unmapped.csv),d53e0d86-01bb-4950-863e-beb1e3d81ccf,shkoskur,,,,,
4589,13856,حوجرە,ئەو شوێنەی فەقێ تێیدا دەمێننەوە,شوێن,ناو,ناو,ناو › شوێن,ڕەگەز=بێلایەن,,HIGH,,d53e0d86-01bb-4950-863e-beb1e3d81ccf,shkoskur,,,,,
4590,13856,حوجرە,ژووری بچووک بچووک لە تەنیشت یەکدی بن,شوێن,ناو,ناو,ناو › شوێن,ڕەگەز=بێلایەن,,HIGH,,d53e0d86-01bb-4950-863e-beb1e3d81ccf,shkoskur,,,,,
4591,13857,حوحانە,جۆرێکی هەڵپەڕکێی کچۆڵانە,ئەنجامدانی کارێک,,,,,,LOW,"word has no جۆری وشە at all ; پۆل «ئەنجامدانی کارێک» is really the part of speech «کار» — routed nowhere, needs a decision",d53e0d86-01bb-4950-863e-beb1e3d81ccf,shkoskur,,,,,
4592,13858,داتکان,دڵۆپە دڵۆپە هاتنەخوار,ئەنجامدانی کارێک,چاوگ,چاوگ,,,,LOW,"پۆل «ئەنجامدانی کارێک» is really the part of speech «کار» — routed nowhere, needs a decision ; پۆل says «کار», جۆری وشە says «چاوگ» — they disagree",fbaa1310-1a57-4439-b4e4-2b6fb312b455,banazhamad,,,,,
4593,13859,داتکاندن,بەدڵۆپ رژاندن سەربەرەخوار,ئەنجامدانی کارێک,چاوگ,چاوگ,,,,LOW,"پۆل «ئەنجامدانی کارێک» is really the part of speech «کار» — routed nowhere, needs a decision ; پۆل says «کار», جۆری وشە says «چاوگ» — they disagree",fbaa1310-1a57-4439-b4e4-2b6fb312b455,banazhamad,,,,,
4594,13860,داتکانن,داتکاندن,ئەنجامدانی کارێک,چاوگ,چاوگ,,,,LOW,"پۆل «ئەنجامدانی کارێک» is really the part of speech «کار» — routed nowhere, needs a decision ; پۆل says «کار», جۆری وشە says «چاوگ» — they disagree",fbaa1310-1a57-4439-b4e4-2b6fb312b455,banazhamad,,,,,
4595,13861,داتڵیشانن,داتڵیشاندن,ئەنجامدانی کارێک,چاوگ,چاوگ,,,,LOW,"پۆل «ئەنجامدانی کارێک» is really the part of speech «کار» — routed nowhere, needs a decision ; پۆل says «کار», جۆری وشە says «چاوگ» — they disagree",fbaa1310-1a57-4439-b4e4-2b6fb312b455,banazhamad,,,,,
4596,13862,داتڵیشاو,دڕاو لەسەرەوە بۆ خوار,هەست,ئاوەڵناو,هاوەڵناو,,,,HIGH,پۆل «هەست» has no home among the deck's ten (see unmapped.csv),fbaa1310-1a57-4439-b4e4-2b6fb312b455,banazhamad,,,,,
4597,13863,داتڵیشیاگ,داتڵیشاو,سیفەت,ئاوەڵناو,هاوەڵناو,,,,LOW,"پۆل «سیفەت» is really the part of speech «هاوەڵناو» — routed nowhere, needs a decision",fbaa1310-1a57-4439-b4e4-2b6fb312b455,banazhamad,,,,,
4598,13864,داتڵیشیان,داتڵیشان,ئەنجامدانی کارێک,چاوگ,چاوگ,,,,LOW,"پۆل «ئەنجامدانی کارێک» is really the part of speech «کار» — routed nowhere, needs a decision ; پۆل says «کار», جۆری وشە says «چاوگ» — they disagree",fbaa1310-1a57-4439-b4e4-2b6fb312b455,banazhamad,,,,,
4599,13865,داتوروسکان,داتروسکان,بارودۆخی جەستەیی,چاوگ,چاوگ,زانستیی پزیشکی › بارودۆخی جەستەیی,,,HIGH,,fbaa1310-1a57-4439-b4e4-2b6fb312b455,banazhamad,,,,,
4600,13866,داتوروسکانن,داتروسکاندن,ئەنجامدانی کارێک,چاوگ,چاوگ,,,,LOW,"پۆل «ئەنجامدانی کارێک» is really the part of speech «کار» — routed nowhere, needs a decision ; پۆل says «کار», جۆری وشە says «چاوگ» — they disagree",fbaa1310-1a57-4439-b4e4-2b6fb312b455,banazhamad,,,,,
4601,13867,داتوڵان,توڵانەوە,ئەنجامدانی کارێک,چاوگ,چاوگ,,,,LOW,"پۆل «ئەنجامدانی کارێک» is really the part of speech «کار» — routed nowhere, needs a decision ; پۆل says «کار», جۆری وشە says «چاوگ» — they disagree",fbaa1310-1a57-4439-b4e4-2b6fb312b455,banazhamad,,,,,
4602,13868,داتوڵاو,لەبەریەک چووگ لەکوڵان,سیفەت,ئاوەڵناو,هاوەڵناو,,,,LOW,"پۆل «سیفەت» is really the part of speech «هاوەڵناو» — routed nowhere, needs a decision",fbaa1310-1a57-4439-b4e4-2b6fb312b455,banazhamad,,,,,
4603,13869,داتوڵین,حاڵەتی داتوڵان,ئەنجامدانی کارێک,چاوگ,چاوگ,,,,LOW,"پۆل «ئەنجامدانی کارێک» is really the part of speech «کار» — routed nowhere, needs a decision ; پۆل says «کار», جۆری وشە says «چاوگ» — they disagree",fbaa1310-1a57-4439-b4e4-2b6fb312b455,banazhamad,,,,,
4604,13870,داتەپان,قووپانی سەربان,ئەنجامدانی کارێک,چاوگ,چاوگ,,,,LOW,"پۆل «ئەنجامدانی کارێک» is really the part of speech «کار» — routed nowhere, needs a decision ; پۆل says «کار», جۆری وشە says «چاوگ» — they disagree",fbaa1310-1a57-4439-b4e4-2b6fb312b455,banazhamad,,,,,
4605,13870,داتەپان,کوتانەوە بەبێڵ و هەرچی,ئەنجامدانی کارێک,چاوگ,چاوگ,,,,LOW,"پۆل «ئەنجامدانی کارێک» is really the part of speech «کار» — routed nowhere, needs a decision ; پۆل says «کار», جۆری وشە says «چاوگ» — they disagree",fbaa1310-1a57-4439-b4e4-2b6fb312b455,banazhamad,,,,,
4607,13871,داتەپاو,زەوی و گڵی قوپاو,سیفەت,ئاوەڵناو,هاوەڵناو,,,,LOW,"پۆل «سیفەت» is really the part of speech «هاوەڵناو» — routed nowhere, needs a decision",fbaa1310-1a57-4439-b4e4-2b6fb312b455,banazhamad,,,,,
4608,13871,داتەپاو,کوتێنراو,سیفەت,ئاوەڵناو,هاوەڵناو,,,,LOW,"پۆل «سیفەت» is really the part of speech «هاوەڵناو» — routed nowhere, needs a decision",fbaa1310-1a57-4439-b4e4-2b6fb312b455,banazhamad,,,,,
4610,13872,داتەپکین,داتەپان,ئەنجامدانی کارێک,چاوگ,چاوگ,,,,LOW,"پۆل «ئەنجامدانی کارێک» is really the part of speech «کار» — routed nowhere, needs a decision ; پۆل says «کار», جۆری وشە says «چاوگ» — they disagree",fbaa1310-1a57-4439-b4e4-2b6fb312b455,banazhamad,,,,,
4611,13873,داتەپین,داتەپان,ئەنجامدانی کارێک,چاوگ,چاوگ,,,,LOW,"پۆل «ئەنجامدانی کارێک» is really the part of speech «کار» — routed nowhere, needs a decision ; پۆل says «کار», جۆری وشە says «چاوگ» — they disagree",fbaa1310-1a57-4439-b4e4-2b6fb312b455,banazhamad,,,,,
4612,13874,داتەقان,بەپەلەپەل دابێژران,ئەنجامدانی کارێک,چاوگ,چاوگ,,,,LOW,"پۆل «ئەنجامدانی کارێک» is really the part of speech «کار» — routed nowhere, needs a decision ; پۆل says «کار», جۆری وشە says «چاوگ» — they disagree",fbaa1310-1a57-4439-b4e4-2b6fb312b455,banazhamad,,,,,
4613,13875,داتەقاندن,دابێژتنی بەپەلەپەل,ئەنجامدانی کارێک,چاوگ,چاوگ,,,,LOW,"پۆل «ئەنجامدانی کارێک» is really the part of speech «کار» — routed nowhere, needs a decision ; پۆل says «کار», جۆری وشە says «چاوگ» — they disagree",fbaa1310-1a57-4439-b4e4-2b6fb312b455,banazhamad,,,,,
4615,13876,داتەکان,برێتی لەواڵابوونی دەفری وەک کیسەو جەواڵ بەهۆی راوەشاندن,ئەنجامدانی کارێک,کار,کار,,,,LOW,"پۆل «ئەنجامدانی کارێک» is really the part of speech «کار» — routed nowhere, needs a decision",fbaa1310-1a57-4439-b4e4-2b6fb312b455,banazhamad,,,,,
4616,13876,داتەکان,برێتی لە واڵابوونی دەفری وەک کیسەوجەواڵ بەهۆی ڕاوەشاندن,ئەنجامدانی کارێک,کار,کار,,,,LOW,"پۆل «ئەنجامدانی کارێک» is really the part of speech «کار» — routed nowhere, needs a decision",fbaa1310-1a57-4439-b4e4-2b6fb312b455,banazhamad,,,,,
4618,13877,داتەکاندن,لەسەرەوە بۆ خوار ڕاوەشاندن,ئەنجامدانی کارێک,کار,کار,,,,LOW,"پۆل «ئەنجامدانی کارێک» is really the part of speech «کار» — routed nowhere, needs a decision",fbaa1310-1a57-4439-b4e4-2b6fb312b455,banazhamad,,,,,
4619,13877,داتەکاندن,برێتی لە هیچ تێدا نەهێشتن,ئەنجامدانی کارێک,کار,کار,,,,LOW,"پۆل «ئەنجامدانی کارێک» is really the part of speech «کار» — routed nowhere, needs a decision",fbaa1310-1a57-4439-b4e4-2b6fb312b455,banazhamad,,,,,
4622,13879,داتەکاو,ڕاوەشاو لەسەرەوە بۆ خوار,سیفەت,ئاوەڵناو,هاوەڵناو,,,,LOW,"پۆل «سیفەت» is really the part of speech «هاوەڵناو» — routed nowhere, needs a decision",fbaa1310-1a57-4439-b4e4-2b6fb312b455,banazhamad,,,,,
4623,13880,داتەکیان,داتەکان,ئەنجامدانی کارێک,کار,کار,,,,LOW,"پۆل «ئەنجامدانی کارێک» is really the part of speech «کار» — routed nowhere, needs a decision",fbaa1310-1a57-4439-b4e4-2b6fb312b455,banazhamad,,,,,
4624,13881,ترێق,خەجاڵەت,دەستەواژە,ناو,ناو,,,,HIGH,پۆل «دەستەواژە» has no home among the deck's ten (see unmapped.csv),96560cf4-030d-4268-baea-87bb57cdf631,somaali,,,,,
4625,13881,ترێق,شەرم گرتوو,دەستەواژە,ناو,ناو,,,,HIGH,پۆل «دەستەواژە» has no home among the deck's ten (see unmapped.csv),96560cf4-030d-4268-baea-87bb57cdf631,somaali,,,,,
4626,13881,ترێق,بەشەرم دا کەوتوو,دەستەواژە,ناو,ناو,,,,HIGH,پۆل «دەستەواژە» has no home among the deck's ten (see unmapped.csv),96560cf4-030d-4268-baea-87bb57cdf631,somaali,,,,,
4628,13882,تریق,دەنگی پێکەنین,دەنگ,ناو,ناو,,,,HIGH,پۆل «دەنگ» has no home among the deck's ten (see unmapped.csv),96560cf4-030d-4268-baea-87bb57cdf631,somaali,,,,,
4629,13882,تریق,دەنگی خەنین,دەنگ,ناو,ناو,,,,HIGH,پۆل «دەنگ» has no home among the deck's ten (see unmapped.csv),96560cf4-030d-4268-baea-87bb57cdf631,somaali,,,,,
4630,13883,تریقانەوە,پێکەنین بە دەنگی بەرز,ئەنجامدانی کارێک,کار,کار,,,,LOW,"پۆل «ئەنجامدانی کارێک» is really the part of speech «کار» — routed nowhere, needs a decision",96560cf4-030d-4268-baea-87bb57cdf631,somaali,,,,,
4631,13884,تریقهۆڕ,حیلکە حیلکی زۆر,دەستەواژە,ناو,ناو,,,,HIGH,پۆل «دەستەواژە» has no home among the deck's ten (see unmapped.csv),96560cf4-030d-4268-baea-87bb57cdf631,somaali,,,,,
4632,13885,تریقە,تریق,دەستەواژە,ناو,ناو,,,,HIGH,پۆل «دەستەواژە» has no home among the deck's ten (see unmapped.csv),96560cf4-030d-4268-baea-87bb57cdf631,somaali,,,,,
4633,13886,تریقەتریق,تریقەی زۆر,دەنگ,ناو,ناو,,,,HIGH,پۆل «دەنگ» has no home among the deck's ten (see unmapped.csv),96560cf4-030d-4268-baea-87bb57cdf631,somaali,,,,,
4634,13887,تریکاندن,زریکاندن,ئەنجامدانی کارێک,چاوگ,چاوگ,,,,LOW,"پۆل «ئەنجامدانی کارێک» is really the part of speech «کار» — routed nowhere, needs a decision ; پۆل says «کار», جۆری وشە says «چاوگ» — they disagree",96560cf4-030d-4268-baea-87bb57cdf631,somaali,,,,,
4635,13887,تریکاندن,قیژاندن,ئەنجامدانی کارێک,چاوگ,چاوگ,,,,LOW,"پۆل «ئەنجامدانی کارێک» is really the part of speech «کار» — routed nowhere, needs a decision ; پۆل says «کار», جۆری وشە says «چاوگ» — they disagree",96560cf4-030d-4268-baea-87bb57cdf631,somaali,,,,,
4636,13887,تریکاندن,زیڕاندن,ئەنجامدانی کارێک,چاوگ,چاوگ,,,,LOW,"پۆل «ئەنجامدانی کارێک» is really the part of speech «کار» — routed nowhere, needs a decision ; پۆل says «کار», جۆری وشە says «چاوگ» — they disagree",96560cf4-030d-4268-baea-87bb57cdf631,somaali,,,,,
4637,13888,تریکانن,تریکاندن,ئەنجامدانی کارێک,چاوگ,چاوگ,,,,LOW,"پۆل «ئەنجامدانی کارێک» is really the part of speech «کار» — routed nowhere, needs a decision ; پۆل says «کار», جۆری وشە says «چاوگ» — they disagree",96560cf4-030d-4268-baea-87bb57cdf631,somaali,,,,,
4638,13889,تریکە,قیژە,دەنگ,ناو,ناو,,,,HIGH,پۆل «دەنگ» has no home among the deck's ten (see unmapped.csv),96560cf4-030d-4268-baea-87bb57cdf631,somaali,,,,,
4639,13889,تریکە,زیڕە,دەنگ,ناو,ناو,,,,HIGH,پۆل «دەنگ» has no home among the deck's ten (see unmapped.csv),96560cf4-030d-4268-baea-87bb57cdf631,somaali,,,,,
4640,13889,تریکە,زریکە,دەنگ,ناو,ناو,,,,HIGH,پۆل «دەنگ» has no home among the deck's ten (see unmapped.csv),96560cf4-030d-4268-baea-87bb57cdf631,somaali,,,,,
4641,13890,تری مارا,رێزەڵەمارانە,,ناو,ناو,,,,HIGH,,96560cf4-030d-4268-baea-87bb57cdf631,somaali,,,,,
4642,13891,تڕین,بای بە دەنگ بەردان,ئەنجامدانی کارێک | بارودۆخی جەستەیی,ناو,ناو,زانستیی پزیشکی › بارودۆخی جەستەیی,,,LOW,"پۆل «ئەنجامدانی کارێک» is really the part of speech «کار» — routed nowhere, needs a decision ; پۆل says «کار», جۆری وشە says «ناو» — they disagree",96560cf4-030d-4268-baea-87bb57cdf631,somaali,,,,,
4643,13892,ترینە,دۆڵاش,,ناو,ناو,,,,HIGH,,96560cf4-030d-4268-baea-87bb57cdf631,somaali,,,,,
4644,13893,تز,دەڵان,,ناو,ناو,,,,HIGH,,96560cf4-030d-4268-baea-87bb57cdf631,somaali,,,,,
4645,13893,تز,تەڕەشوع,,ناو,ناو,,,,HIGH,,96560cf4-030d-4268-baea-87bb57cdf631,somaali,,,,,
4646,13893,تز,نمدانەوە,,ناو,ناو,,,,HIGH,,96560cf4-030d-4268-baea-87bb57cdf631,somaali,,,,,
4647,13894,تزبی,تەزبیح,کەرەستە,ناو,ناو,کولتووری › کەرەستە,,,HIGH,,96560cf4-030d-4268-baea-87bb57cdf631,somaali,,,,,
4648,13894,تزبی,لیز گەموروی گەمەی دەستی پیاوان,کەرەستە,ناو,ناو,کولتووری › کەرەستە,,,HIGH,,96560cf4-030d-4268-baea-87bb57cdf631,somaali,,,,,
4649,13895,تژە,پڕ,,ناو,ناو,,,,HIGH,,96560cf4-030d-4268-baea-87bb57cdf631,somaali,,,,,
4650,13895,تژە,لیپاولیپ,,ناو,ناو,,,,HIGH,,96560cf4-030d-4268-baea-87bb57cdf631,somaali,,,,,
4651,13895,تژە,دارمال,,ناو,ناو,,,,HIGH,,96560cf4-030d-4268-baea-87bb57cdf631,somaali,,,,,
4653,13896,تژی,تژە,,ناو,ناو,,,,HIGH,,96560cf4-030d-4268-baea-87bb57cdf631,somaali,,,,,
4654,13896,تژی,کوڕە بەش,,ناو,ناو,,,,HIGH,,96560cf4-030d-4268-baea-87bb57cdf631,somaali,,,,,
4655,13896,تژی,چالەکە,,ناو,ناو,,,,HIGH,,96560cf4-030d-4268-baea-87bb57cdf631,somaali,,,,,
4656,13896,تژی,تژە,,ناو,ناو,,,,HIGH,,96560cf4-030d-4268-baea-87bb57cdf631,somaali,,,,,
4657,13897,تس,فس,,ناو,ناو,,,,HIGH,,96560cf4-030d-4268-baea-87bb57cdf631,somaali,,,,,
4658,13897,تس,بای بیدەنگی قنگ,,ناو,ناو,,,,HIGH,,96560cf4-030d-4268-baea-87bb57cdf631,somaali,,,,,
4659,13898,تس بەردان,تسین,ئەنجامدانی کارێک,کار,کار,,,,LOW,"پۆل «ئەنجامدانی کارێک» is really the part of speech «کار» — routed nowhere, needs a decision",96560cf4-030d-4268-baea-87bb57cdf631,somaali,,,,,
4660,13899,تس دان,بەردانی فس,ئەنجامدانی کارێک,کار,کار,,,,LOW,"پۆل «ئەنجامدانی کارێک» is really the part of speech «کار» — routed nowhere, needs a decision",96560cf4-030d-4268-baea-87bb57cdf631,somaali,,,,,
4661,13900,تس دان,بەردانی فس,ئەنجامدانی کارێک,کار,کار,,,,LOW,"پۆل «ئەنجامدانی کارێک» is really the part of speech «کار» — routed nowhere, needs a decision",96560cf4-030d-4268-baea-87bb57cdf631,somaali,,,,,
4662,13901,تس دان,بەردانی فس,ئەنجامدانی کارێک,کار,کار,,,,LOW,"پۆل «ئەنجامدانی کارێک» is really the part of speech «کار» — routed nowhere, needs a decision",96560cf4-030d-4268-baea-87bb57cdf631,somaali,,,,,
4663,13902,تس دان,بەردانی فس,ئەنجامدانی کارێک,کار,کار,,,,LOW,"پۆل «ئەنجامدانی کارێک» is really the part of speech «کار» — routed nowhere, needs a decision",96560cf4-030d-4268-baea-87bb57cdf631,somaali,,,,,
4664,13903,تسقل,بەرێکە دار مازوو دەیگرێ,ڕووەك,ناو,ناو,ڕووەکناسی › ڕووەك,,,HIGH,,96560cf4-030d-4268-baea-87bb57cdf631,somaali,,,,,
4665,13903,تسقل,قسقل,ڕووەك,ناو,ناو,ڕووەکناسی › ڕووەك,,,HIGH,,96560cf4-030d-4268-baea-87bb57cdf631,somaali,,,,,
4666,13904,تسقلە گورگانە,گیایەکە بەرەکەی لە قسقل دەکا,ڕووەك,ناو,ناو,ڕووەکناسی › ڕووەك,,,HIGH,,96560cf4-030d-4268-baea-87bb57cdf631,somaali,,,,,
4668,13905,تسکل,تسقل,,,,,,,LOW,word has no جۆری وشە at all,96560cf4-030d-4268-baea-87bb57cdf631,somaali,,,,,
4669,13906,ڕا,تەگبیر,ئامراز,پێشگر,,کولتووری › ئامراز,ڕەگەز=نێر,,LOW,جۆری وشە «پێشگر» has no equivalent among the seven,79dd71fd-aaa5-4f5a-9211-101eeda2d0b8,taraakoy,,,,,
4670,13906,ڕا,بیروڕا,ئامراز,پێشگر,,کولتووری › ئامراز,ڕەگەز=نێر,,LOW,جۆری وشە «پێشگر» has no equivalent among the seven,79dd71fd-aaa5-4f5a-9211-101eeda2d0b8,taraakoy,,,,,
4671,13906,ڕا,شیان,ئامراز,پێشگر,,کولتووری › ئامراز,ڕەگەز=نێر,,LOW,جۆری وشە «پێشگر» has no equivalent among the seven,79dd71fd-aaa5-4f5a-9211-101eeda2d0b8,taraakoy,,,,,
4672,13906,ڕا,رات ناکەوێ,ئامراز,پێشگر,,کولتووری › ئامراز,ڕەگەز=نێر,,LOW,جۆری وشە «پێشگر» has no equivalent among the seven,79dd71fd-aaa5-4f5a-9211-101eeda2d0b8,taraakoy,,,,,
4673,13906,ڕا,رێگە,ئامراز,پێشگر,,کولتووری › ئامراز,ڕەگەز=نێر,,LOW,جۆری وشە «پێشگر» has no equivalent among the seven,79dd71fd-aaa5-4f5a-9211-101eeda2d0b8,taraakoy,,,,,
4674,13906,ڕا,بۆچی,ئامراز,پێشگر,,کولتووری › ئامراز,ڕەگەز=نێر,,LOW,جۆری وشە «پێشگر» has no equivalent among the seven,79dd71fd-aaa5-4f5a-9211-101eeda2d0b8,taraakoy,,,,,
4675,13906,ڕا,ئەرا,ئامراز,پێشگر,,کولتووری › ئامراز,ڕەگەز=نێر,,LOW,جۆری وشە «پێشگر» has no equivalent among the seven,79dd71fd-aaa5-4f5a-9211-101eeda2d0b8,taraakoy,,,,,
4676,13906,ڕا,جار,ئامراز,پێشگر,,کولتووری › ئامراز,ڕەگەز=نێر,,LOW,جۆری وشە «پێشگر» has no equivalent among the seven,79dd71fd-aaa5-4f5a-9211-101eeda2d0b8,taraakoy,,,,,
4677,13906,ڕا,کەرەت,ئامراز,پێشگر,,کولتووری › ئامراز,ڕەگەز=نێر,,LOW,جۆری وشە «پێشگر» has no equivalent among the seven,79dd71fd-aaa5-4f5a-9211-101eeda2d0b8,taraakoy,,,,,
4678,13906,ڕا,دەحفە,ئامراز,پێشگر,,کولتووری › ئامراز,ڕەگەز=نێر,,LOW,جۆری وشە «پێشگر» has no equivalent among the seven,79dd71fd-aaa5-4f5a-9211-101eeda2d0b8,taraakoy,,,,,
4679,13906,ڕا,ئەم را,ئامراز,پێشگر,,کولتووری › ئامراز,ڕەگەز=نێر,,LOW,جۆری وشە «پێشگر» has no equivalent among the seven,79dd71fd-aaa5-4f5a-9211-101eeda2d0b8,taraakoy,,,,,
4680,13906,ڕا,پێ رازی بون,ئامراز,پێشگر,,کولتووری › ئامراز,ڕەگەز=نێر,,LOW,جۆری وشە «پێشگر» has no equivalent among the seven,79dd71fd-aaa5-4f5a-9211-101eeda2d0b8,taraakoy,,,,,
4681,13906,ڕا,ڕام لێ نیە,ئامراز,پێشگر,,کولتووری › ئامراز,ڕەگەز=نێر,,LOW,جۆری وشە «پێشگر» has no equivalent among the seven,79dd71fd-aaa5-4f5a-9211-101eeda2d0b8,taraakoy,,,,,
4682,13906,ڕا,رادە،راخە,ئامراز,پێشگر,,کولتووری › ئامراز,ڕەگەز=نێر,,LOW,جۆری وشە «پێشگر» has no equivalent among the seven,79dd71fd-aaa5-4f5a-9211-101eeda2d0b8,taraakoy,,,,,
4683,13906,ڕا,بڵند,ئامراز,پێشگر,,کولتووری › ئامراز,ڕەگەز=نێر,,LOW,جۆری وشە «پێشگر» has no equivalent among the seven,79dd71fd-aaa5-4f5a-9211-101eeda2d0b8,taraakoy,,,,,
4684,13906,ڕا,رابە,ئامراز,پێشگر,,کولتووری › ئامراز,ڕەگەز=نێر,,LOW,جۆری وشە «پێشگر» has no equivalent among the seven,79dd71fd-aaa5-4f5a-9211-101eeda2d0b8,taraakoy,,,,,
4685,13906,ڕا,هەڵاتن,ئامراز,پێشگر,,کولتووری › ئامراز,ڕەگەز=نێر,,LOW,جۆری وشە «پێشگر» has no equivalent among the seven,79dd71fd-aaa5-4f5a-9211-101eeda2d0b8,taraakoy,,,,,
4686,13906,ڕا,غاردان,ئامراز,پێشگر,,کولتووری › ئامراز,ڕەگەز=نێر,,LOW,جۆری وشە «پێشگر» has no equivalent among the seven,79dd71fd-aaa5-4f5a-9211-101eeda2d0b8,taraakoy,,,,,
4687,13906,ڕا,راکە,ئامراز,پێشگر,,کولتووری › ئامراز,ڕەگەز=نێر,,LOW,جۆری وشە «پێشگر» has no equivalent among the seven,79dd71fd-aaa5-4f5a-9211-101eeda2d0b8,taraakoy,,,,,
4688,13906,ڕا,دەگەڵی,ئامراز,پێشگر,,کولتووری › ئامراز,ڕەگەز=نێر,,LOW,جۆری وشە «پێشگر» has no equivalent among the seven,79dd71fd-aaa5-4f5a-9211-101eeda2d0b8,taraakoy,,,,,
4689,13906,ڕا,بەمن را,ئامراز,پێشگر,,کولتووری › ئامراز,ڕەگەز=نێر,,LOW,جۆری وشە «پێشگر» has no equivalent among the seven,79dd71fd-aaa5-4f5a-9211-101eeda2d0b8,taraakoy,,,,,
4690,13906,ڕا,لایەن,ئامراز,پێشگر,,کولتووری › ئامراز,ڕەگەز=نێر,,LOW,جۆری وشە «پێشگر» has no equivalent among the seven,79dd71fd-aaa5-4f5a-9211-101eeda2d0b8,taraakoy,,,,,
4691,13906,ڕا,لە تۆرا بۆمن,ئامراز,پێشگر,,کولتووری › ئامراز,ڕەگەز=نێر,,LOW,جۆری وشە «پێشگر» has no equivalent among the seven,79dd71fd-aaa5-4f5a-9211-101eeda2d0b8,taraakoy,,,,,
4692,13906,ڕا,چاوێری,ئامراز,پێشگر,,کولتووری › ئامراز,ڕەگەز=نێر,,LOW,جۆری وشە «پێشگر» has no equivalent among the seven,79dd71fd-aaa5-4f5a-9211-101eeda2d0b8,taraakoy,,,,,
4693,13906,ڕا,لێی راکەوتم,ئامراز,پێشگر,,کولتووری › ئامراز,ڕەگەز=نێر,,LOW,جۆری وشە «پێشگر» has no equivalent among the seven,79dd71fd-aaa5-4f5a-9211-101eeda2d0b8,taraakoy,,,,,
4694,13906,ڕا,بزانم چ دەکا,ئامراز,پێشگر,,کولتووری › ئامراز,ڕەگەز=نێر,,LOW,جۆری وشە «پێشگر» has no equivalent among the seven,79dd71fd-aaa5-4f5a-9211-101eeda2d0b8,taraakoy,,,,,
4695,13906,ڕا,هێشتن,ئامراز,پێشگر,,کولتووری › ئامراز,ڕەگەز=نێر,,LOW,جۆری وشە «پێشگر» has no equivalent among the seven,79dd71fd-aaa5-4f5a-9211-101eeda2d0b8,taraakoy,,,,,
4696,13906,ڕا,لای خۆتی راگرە,ئامراز,پێشگر,,کولتووری › ئامراز,ڕەگەز=نێر,,LOW,جۆری وشە «پێشگر» has no equivalent among the seven,79dd71fd-aaa5-4f5a-9211-101eeda2d0b8,taraakoy,,,,,
4697,13906,ڕا,چەقین,ئامراز,پێشگر,,کولتووری › ئامراز,ڕەگەز=نێر,,LOW,جۆری وشە «پێشگر» has no equivalent among the seven,79dd71fd-aaa5-4f5a-9211-101eeda2d0b8,taraakoy,,,,,
4698,13906,ڕا,دروێکم دەپێ ڕاچوە,ئامراز,پێشگر,,کولتووری › ئامراز,ڕەگەز=نێر,,LOW,جۆری وشە «پێشگر» has no equivalent among the seven,79dd71fd-aaa5-4f5a-9211-101eeda2d0b8,taraakoy,,,,,
4699,13906,ڕا,ناوەوە,ئامراز,پێشگر,,کولتووری › ئامراز,ڕەگەز=نێر,,LOW,جۆری وشە «پێشگر» has no equivalent among the seven,79dd71fd-aaa5-4f5a-9211-101eeda2d0b8,taraakoy,,,,,
4700,13906,ڕا,دەستم دەو کونە راکرد,ئامراز,پێشگر,,کولتووری › ئامراز,ڕەگەز=نێر,,LOW,جۆری وشە «پێشگر» has no equivalent among the seven,79dd71fd-aaa5-4f5a-9211-101eeda2d0b8,taraakoy,,,,,
4701,13906,ڕا,فێربون,ئامراز,پێشگر,,کولتووری › ئامراز,ڕەگەز=نێر,,LOW,جۆری وشە «پێشگر» has no equivalent among the seven,79dd71fd-aaa5-4f5a-9211-101eeda2d0b8,taraakoy,,,,,
4702,13906,ڕا,راهاتن,ئامراز,پێشگر,,کولتووری › ئامراز,ڕەگەز=نێر,,LOW,جۆری وشە «پێشگر» has no equivalent among the seven,79dd71fd-aaa5-4f5a-9211-101eeda2d0b8,taraakoy,,,,,
4705,13906,ڕا,لياقت,ئامراز,پێشگر,,کولتووری › ئامراز,ڕەگەز=نێر,,LOW,جۆری وشە «پێشگر» has no equivalent among the seven,79dd71fd-aaa5-4f5a-9211-101eeda2d0b8,taraakoy,,,,,
4722,13907,تسکە تسک,دەنگی لیکدانی شیران,دەنگ,ناو,ناو,,,,HIGH,پۆل «دەنگ» has no home among the deck's ten (see unmapped.csv),96560cf4-030d-4268-baea-87bb57cdf631,somaali,,,,,
4724,13908,تسکەن,تسن,سیفەت,ئاوەڵناو,هاوەڵناو,,,,LOW,"پۆل «سیفەت» is really the part of speech «هاوەڵناو» — routed nowhere, needs a decision",96560cf4-030d-4268-baea-87bb57cdf631,somaali,,,,,
4725,13908,تسکەن,ئەوی زۆر تس بەردەدا,سیفەت,ئاوەڵناو,هاوەڵناو,,,,LOW,"پۆل «سیفەت» is really the part of speech «هاوەڵناو» — routed nowhere, needs a decision",96560cf4-030d-4268-baea-87bb57cdf631,somaali,,,,,
4726,13908,تسکەن,فسۆک,سیفەت,ئاوەڵناو,هاوەڵناو,,,,LOW,"پۆل «سیفەت» is really the part of speech «هاوەڵناو» — routed nowhere, needs a decision",96560cf4-030d-4268-baea-87bb57cdf631,somaali,,,,,
4727,13908,تسکەن,برێتی لە ترسەنۆک,سیفەت,ئاوەڵناو,هاوەڵناو,,,,LOW,"پۆل «سیفەت» is really the part of speech «هاوەڵناو» — routed nowhere, needs a decision",96560cf4-030d-4268-baea-87bb57cdf631,somaali,,,,,
4729,13909,تسکەندن,بەڕەڵاکردنی تس,ئەنجامدانی کارێک,کار,کار,,,,LOW,"پۆل «ئەنجامدانی کارێک» is really the part of speech «کار» — routed nowhere, needs a decision",96560cf4-030d-4268-baea-87bb57cdf631,somaali,,,,,
4730,13909,تسکەندن,تسین,ئەنجامدانی کارێک,کار,کار,,,,LOW,"پۆل «ئەنجامدانی کارێک» is really the part of speech «کار» — routed nowhere, needs a decision",96560cf4-030d-4268-baea-87bb57cdf631,somaali,,,,,
4731,13910,تسلە گورگانە,تسقلە گورگانە,,ناو,ناو,,,,HIGH,,96560cf4-030d-4268-baea-87bb57cdf631,somaali,,,,,
4732,13911,تسن,تسکەن,سیفەت,ئاوەڵناو,هاوەڵناو,,,,LOW,"پۆل «سیفەت» is really the part of speech «هاوەڵناو» — routed nowhere, needs a decision",96560cf4-030d-4268-baea-87bb57cdf631,somaali,,,,,
4733,13911,تسن,برێتی لە بێکارە و خوێڕی,سیفەت,ئاوەڵناو,هاوەڵناو,,,,LOW,"پۆل «سیفەت» is really the part of speech «هاوەڵناو» — routed nowhere, needs a decision",96560cf4-030d-4268-baea-87bb57cdf631,somaali,,,,,
4735,13912,تسە,جۆرێ کارگی خراپ,ڕووەك,ناو,ناو,ڕووەکناسی › ڕووەك,,,HIGH,,96560cf4-030d-4268-baea-87bb57cdf631,somaali,,,,,
4736,13913,تسەک,پاڵا,کەرەستە,ناو,ناو,کولتووری › کەرەستە,,,HIGH,,96560cf4-030d-4268-baea-87bb57cdf631,somaali,,,,,
4737,13913,تسەک,پێڵاو,کەرەستە,ناو,ناو,کولتووری › کەرەستە,,,HIGH,,96560cf4-030d-4268-baea-87bb57cdf631,somaali,,,,,
4738,13913,تسەک,هەرچی پا دادەپۆشی,کەرەستە,ناو,ناو,کولتووری › کەرەستە,,,HIGH,,96560cf4-030d-4268-baea-87bb57cdf631,somaali,,,,,
4739,13914,تسە گورگانە,داپیرۆشک,ڕووەك,ناو,ناو,ڕووەکناسی › ڕووەك,,,HIGH,,96560cf4-030d-4268-baea-87bb57cdf631,somaali,,,,,
4740,13915,رائاو,ئاوەرۆ,شوێن,ناو,ناو,ناو › شوێن,ڕەگەز=نێر,,HIGH,,79dd71fd-aaa5-4f5a-9211-101eeda2d0b8,taraakoy,,,,,
4741,13915,رائاو,رێگەی سەفەر بە ئاوا,شوێن,ناو,ناو,ناو › شوێن,ڕەگەز=نێر,,HIGH,,79dd71fd-aaa5-4f5a-9211-101eeda2d0b8,taraakoy,,,,,
4742,13915,رائاو,ئاوەرێ,شوێن,ناو,ناو,ناو › شوێن,ڕەگەز=نێر,,HIGH,,79dd71fd-aaa5-4f5a-9211-101eeda2d0b8,taraakoy,,,,,
4745,13916,تسی,ترسی,,ناو,ناو,,,,HIGH,,96560cf4-030d-4268-baea-87bb57cdf631,somaali,,,,,
4746,13916,تسی,پەتی,,ناو,ناو,,,,HIGH,,96560cf4-030d-4268-baea-87bb57cdf631,somaali,,,,,
4747,13916,تسی,نانی وشکی بێ پێخۆر,,ناو,ناو,,,,HIGH,,96560cf4-030d-4268-baea-87bb57cdf631,somaali,,,,,
4748,13917,تسین,تس دان,ئەنجامدانی کارێک,کار,کار,,,,LOW,"پۆل «ئەنجامدانی کارێک» is really the part of speech «کار» — routed nowhere, needs a decision",96560cf4-030d-4268-baea-87bb57cdf631,somaali,,,,,
4749,13917,تسین,سواربوونی کەڵەشێر لە مریشک,ئەنجامدانی کارێک,کار,کار,,,,LOW,"پۆل «ئەنجامدانی کارێک» is really the part of speech «کار» — routed nowhere, needs a decision",96560cf4-030d-4268-baea-87bb57cdf631,somaali,,,,,
4750,13917,تسین,چسیدن,ئەنجامدانی کارێک,کار,کار,,,,LOW,"پۆل «ئەنجامدانی کارێک» is really the part of speech «کار» — routed nowhere, needs a decision",96560cf4-030d-4268-baea-87bb57cdf631,somaali,,,,,
4751,13918,تش,ترش,خواردن | تام,ناو,ناو,کولتووری › خواردن,,,HIGH,پۆل «تام» has no home among the deck's ten (see unmapped.csv),96560cf4-030d-4268-baea-87bb57cdf631,somaali,,,,,
4752,13919,تشاو,شیوی مزراویلکە,خواردن,ناو,ناو,کولتووری › خواردن,,,HIGH,,96560cf4-030d-4268-baea-87bb57cdf631,somaali,,,,,
4753,13920,تشت,چشت,,ناو,ناو,,,,HIGH,,96560cf4-030d-4268-baea-87bb57cdf631,somaali,,,,,
4754,13920,تشت,شت,,ناو,ناو,,,,HIGH,,96560cf4-030d-4268-baea-87bb57cdf631,somaali,,,,,
4755,13921,رائەسپارسە,کەسێک کە بە وەڵامێکەوە ناردراوە,ئەنجامدانی کارێک,,,,,,LOW,"word has no جۆری وشە at all ; پۆل «ئەنجامدانی کارێک» is really the part of speech «کار» — routed nowhere, needs a decision",79dd71fd-aaa5-4f5a-9211-101eeda2d0b8,taraakoy,,,,,
4758,13922,تشتانۆک,مەتەڵۆکە,,ناو,ناو,,,,HIGH,,96560cf4-030d-4268-baea-87bb57cdf631,somaali,,,,,
4759,13923,تشتیر,چوێشتیر,گیانلەبەر,ناو,ناو,,,,HIGH,پۆل «گیانلەبەر» has no home among the deck's ten (see unmapped.csv),96560cf4-030d-4268-baea-87bb57cdf631,somaali,,,,,
4760,13923,تشتیر,بزنی دوو ساڵە,گیانلەبەر,ناو,ناو,,,,HIGH,پۆل «گیانلەبەر» has no home among the deck's ten (see unmapped.csv),96560cf4-030d-4268-baea-87bb57cdf631,somaali,,,,,
4761,13924,تسوێ,تێسو,ڕووەك,ناو,ناو,ڕووەکناسی › ڕووەك,,,HIGH,,96560cf4-030d-4268-baea-87bb57cdf631,somaali,,,,,
4762,13924,تسوێ,تیسوێ,ڕووەك,ناو,ناو,ڕووەکناسی › ڕووەك,,,HIGH,,96560cf4-030d-4268-baea-87bb57cdf631,somaali,,,,,
4763,13924,تسوێ,گیایەکی دڕک دارە کە دەخورێ، بنەکەی وەک ئەسپۆن کەف دەکا,ڕووەك,ناو,ناو,ڕووەکناسی › ڕووەك,,,HIGH,,96560cf4-030d-4268-baea-87bb57cdf631,somaali,,,,,
4764,13925,ترین,پاشگر بە واتای زۆر زۆرتر: (نزیکترین، دورترین),کەرەستە,ئامرازی ناساند,,کولتووری › کەرەستە,,,LOW,جۆری وشە «ئامرازی ناساند» has no equivalent among the seven,96560cf4-030d-4268-baea-87bb57cdf631,somaali,,,,,
4765,13925,ترین,تەندور,کەرەستە,ئامرازی ناساند,,کولتووری › کەرەستە,,,LOW,جۆری وشە «ئامرازی ناساند» has no equivalent among the seven,96560cf4-030d-4268-baea-87bb57cdf631,somaali,,,,,
4766,13925,ترین,تەنور,کەرەستە,ئامرازی ناساند,,کولتووری › کەرەستە,,,LOW,جۆری وشە «ئامرازی ناساند» has no equivalent among the seven,96560cf4-030d-4268-baea-87bb57cdf631,somaali,,,,,
4768,13926,رائەنگاوتن,راستە و راست درێژکردنی شتێ بەسەر بۆشای دا,,,,,,,LOW,word has no جۆری وشە at all,79dd71fd-aaa5-4f5a-9211-101eeda2d0b8,taraakoy,,,,,
4769,13926,رائەنگاوتن,تەناف,,,,,,,LOW,word has no جۆری وشە at all,79dd71fd-aaa5-4f5a-9211-101eeda2d0b8,taraakoy,,,,,
4770,13927,تشرین,ناوی دو مانگی رۆمی,وەرز و مانگەکان,ناو,ناو,,,,HIGH,پۆل «وەرز و مانگەکان» has no home among the deck's ten (see unmapped.csv),96560cf4-030d-4268-baea-87bb57cdf631,somaali,,,,,
4771,13928,تشڵەکەین,شیوی سماق,خواردن,ناو,ناو,کولتووری › خواردن,,,HIGH,,96560cf4-030d-4268-baea-87bb57cdf631,somaali,,,,,
4772,13928,تشڵەکەین,ترشاو,خواردن,ناو,ناو,کولتووری › خواردن,,,HIGH,,96560cf4-030d-4268-baea-87bb57cdf631,somaali,,,,,
4773,13929,تشین,چێشتی بەپەلە و سماق,خواردن,ناو,ناو,کولتووری › خواردن,,,HIGH,,96560cf4-030d-4268-baea-87bb57cdf631,somaali,,,,,
4774,13929,تشین,شیوی لەتکەنۆک و ترش,خواردن,ناو,ناو,کولتووری › خواردن,,,HIGH,,96560cf4-030d-4268-baea-87bb57cdf631,somaali,,,,,
4775,13930,تف,ئاوی دەم,,ناو,ناو,,,,HIGH,,96560cf4-030d-4268-baea-87bb57cdf631,somaali,,,,,
4776,13930,تف,وشەی توڕەیی و وەڕەزی,,ناو,ناو,,,,HIGH,,96560cf4-030d-4268-baea-87bb57cdf631,somaali,,,,,
4779,13931,تفاق,زەخیرەی بژێوی زستان,خواردن,ناو,ناو,کولتووری › خواردن,,,HIGH,,96560cf4-030d-4268-baea-87bb57cdf631,somaali,,,,,
4780,13931,تفاق,کاو گیای ماڵات بۆ زستان,خواردن,ناو,ناو,کولتووری › خواردن,,,HIGH,,96560cf4-030d-4268-baea-87bb57cdf631,somaali,,,,,
4781,13931,تفاق,یەکیەتی,خواردن,ناو,ناو,کولتووری › خواردن,,,HIGH,,96560cf4-030d-4268-baea-87bb57cdf631,somaali,,,,,
4784,13932,تفانە دەم یەک,برێتی لە کەین و بەین کردن,ئەنجامدانی کارێک,کار,کار,,,,LOW,"پۆل «ئەنجامدانی کارێک» is really the part of speech «کار» — routed nowhere, needs a decision",96560cf4-030d-4268-baea-87bb57cdf631,somaali,,,,,
4785,13933,تفانەوە,لە دەم دەرهاویشتنی خۆراک,ئەنجامدانی کارێک,کار,کار,,,,LOW,"پۆل «ئەنجامدانی کارێک» is really the part of speech «کار» — routed nowhere, needs a decision",96560cf4-030d-4268-baea-87bb57cdf631,somaali,,,,,
4786,13934,تفت,تامی گیر,سیفەت | تام,ئاوەڵناو,هاوەڵناو,,,,LOW,"پۆل «سیفەت» is really the part of speech «هاوەڵناو» — routed nowhere, needs a decision ; پۆل «تام» has no home among the deck's ten (see unmapped.csv)",96560cf4-030d-4268-baea-87bb57cdf631,somaali,,,,,
4787,13934,تفت,چێژەی نیوە تاڵ و تیژ,سیفەت | تام,ئاوەڵناو,هاوەڵناو,,,,LOW,"پۆل «سیفەت» is really the part of speech «هاوەڵناو» — routed nowhere, needs a decision ; پۆل «تام» has no home among the deck's ten (see unmapped.csv)",96560cf4-030d-4268-baea-87bb57cdf631,somaali,,,,,
4788,13934,تفت,شیرنی ئاماڵ تاڵ,سیفەت | تام,ئاوەڵناو,هاوەڵناو,,,,LOW,"پۆل «سیفەت» is really the part of speech «هاوەڵناو» — routed nowhere, needs a decision ; پۆل «تام» has no home among the deck's ten (see unmapped.csv)",96560cf4-030d-4268-baea-87bb57cdf631,somaali,,,,,
4789,13935,تفتی,گیرایی تام,خواردن | سیفەت | تام,ئاوەڵناو,هاوەڵناو,کولتووری › خواردن,,,LOW,"پۆل «سیفەت» is really the part of speech «هاوەڵناو» — routed nowhere, needs a decision ; پۆل «تام» has no home among the deck's ten (see unmapped.csv)",96560cf4-030d-4268-baea-87bb57cdf631,somaali,,,,,
4790,13935,تفتی,تاڵایی ئاماڵ شیرنی,خواردن | سیفەت | تام,ئاوەڵناو,هاوەڵناو,کولتووری › خواردن,,,LOW,"پۆل «سیفەت» is really the part of speech «هاوەڵناو» — routed nowhere, needs a decision ; پۆل «تام» has no home among the deck's ten (see unmapped.csv)",96560cf4-030d-4268-baea-87bb57cdf631,somaali,,,,,
4791,13935,تفتی,دانولەی گەنم,خواردن | سیفەت | تام,ئاوەڵناو,هاوەڵناو,کولتووری › خواردن,,,LOW,"پۆل «سیفەت» is really the part of speech «هاوەڵناو» — routed nowhere, needs a decision ; پۆل «تام» has no home among the deck's ten (see unmapped.csv)",96560cf4-030d-4268-baea-87bb57cdf631,somaali,,,,,
4794,13936,تفت رەوەن,شاتوو,میوە,ناو,ناو,,,,HIGH,پۆل «میوە» has no home among the deck's ten (see unmapped.csv),96560cf4-030d-4268-baea-87bb57cdf631,somaali,,,,,
4795,13936,تفت رەوەن,گاتوو,میوە,ناو,ناو,,,,HIGH,پۆل «میوە» has no home among the deck's ten (see unmapped.csv),96560cf4-030d-4268-baea-87bb57cdf631,somaali,,,,,
4796,13937,تفسک,هەنجیرە کێویلکە,میوە,ناو,ناو,,,,HIGH,پۆل «میوە» has no home among the deck's ten (see unmapped.csv),96560cf4-030d-4268-baea-87bb57cdf631,somaali,,,,,
4797,13938,تفقی,قەڵەو,سیفەت,ئاوەڵناو,هاوەڵناو,,,,LOW,"پۆل «سیفەت» is really the part of speech «هاوەڵناو» — routed nowhere, needs a decision",96560cf4-030d-4268-baea-87bb57cdf631,somaali,,,,,
4798,13938,تفقی,تێر گۆشت,سیفەت,ئاوەڵناو,هاوەڵناو,,,,LOW,"پۆل «سیفەت» is really the part of speech «هاوەڵناو» — routed nowhere, needs a decision",96560cf4-030d-4268-baea-87bb57cdf631,somaali,,,,,
4799,13938,تفقی,پڕ گۆشت,سیفەت,ئاوەڵناو,هاوەڵناو,,,,LOW,"پۆل «سیفەت» is really the part of speech «هاوەڵناو» — routed nowhere, needs a decision",96560cf4-030d-4268-baea-87bb57cdf631,somaali,,,,,
4801,13939,رائەنگێوە,دارمان بەسەر خانو,باروودۆخ,ناو,ناو,,ڕەگەز=بێلایەن,,HIGH,پۆل «باروودۆخ» has no home among the deck's ten (see unmapped.csv),79dd71fd-aaa5-4f5a-9211-101eeda2d0b8,taraakoy,,,,,
4802,13939,رائەنگێوە,رائەنگاوت,باروودۆخ,ناو,ناو,,ڕەگەز=بێلایەن,,HIGH,پۆل «باروودۆخ» has no home among the deck's ten (see unmapped.csv),79dd71fd-aaa5-4f5a-9211-101eeda2d0b8,taraakoy,,,,,
4804,13940,رابارتن,بەسەر بردن,ئەنجامدانی کارێک,,,,,,LOW,"word has no جۆری وشە at all ; پۆل «ئەنجامدانی کارێک» is really the part of speech «کار» — routed nowhere, needs a decision",79dd71fd-aaa5-4f5a-9211-101eeda2d0b8,taraakoy,,,,,
4805,13940,رابارتن,گوزەران کردن,ئەنجامدانی کارێک,,,,,,LOW,"word has no جۆری وشە at all ; پۆل «ئەنجامدانی کارێک» is really the part of speech «کار» — routed nowhere, needs a decision",79dd71fd-aaa5-4f5a-9211-101eeda2d0b8,taraakoy,,,,,
4807,13941,رابر,رێگر,ئەنجامدانی کارێک,کار,کار,,ڕەگەز=بێلایەن,,LOW,"پۆل «ئەنجامدانی کارێک» is really the part of speech «کار» — routed nowhere, needs a decision",79dd71fd-aaa5-4f5a-9211-101eeda2d0b8,taraakoy,,,,,
4808,13941,رابر,گۆران,ئەنجامدانی کارێک,کار,کار,,ڕەگەز=بێلایەن,,LOW,"پۆل «ئەنجامدانی کارێک» is really the part of speech «کار» — routed nowhere, needs a decision",79dd71fd-aaa5-4f5a-9211-101eeda2d0b8,taraakoy,,,,,
4809,13941,رابر,چەتە,ئەنجامدانی کارێک,کار,کار,,ڕەگەز=بێلایەن,,LOW,"پۆل «ئەنجامدانی کارێک» is really the part of speech «کار» — routed nowhere, needs a decision",79dd71fd-aaa5-4f5a-9211-101eeda2d0b8,taraakoy,,,,,
4811,13942,حود,دەفری لچ ولێو شکاوی لە سواڵەت,کەرەستە,,,کولتووری › کەرەستە,,,LOW,word has no جۆری وشە at all,d53e0d86-01bb-4950-863e-beb1e3d81ccf,shkoskur,,,,,
4812,13943,حورگ,ورگ,ئەندامی جەستە,ناو,ناو,زانستیی پزیشکی › ئەندامی جەستە,,,HIGH,,d53e0d86-01bb-4950-863e-beb1e3d81ccf,shkoskur,,,,,
4813,13943,حورگ,عور,ئەندامی جەستە,ناو,ناو,زانستیی پزیشکی › ئەندامی جەستە,,,HIGH,,d53e0d86-01bb-4950-863e-beb1e3d81ccf,shkoskur,,,,,
4814,13943,حورگ,مەدە,ئەندامی جەستە,ناو,ناو,زانستیی پزیشکی › ئەندامی جەستە,,,HIGH,,d53e0d86-01bb-4950-863e-beb1e3d81ccf,shkoskur,,,,,
4815,13944,حورگش,ناوزگ,ئەندامی جەستە,ناو,ناو,زانستیی پزیشکی › ئەندامی جەستە,,,HIGH,,d53e0d86-01bb-4950-863e-beb1e3d81ccf,shkoskur,,,,,
4816,13944,حورگش,هەناو,ئەندامی جەستە,ناو,ناو,زانستیی پزیشکی › ئەندامی جەستە,,,HIGH,,d53e0d86-01bb-4950-863e-beb1e3d81ccf,shkoskur,,,,,
4817,13945,حورمەت,ڕێزو قەدر,سیفەت,ناو | ئاوەڵناو | ئاوەڵکار,,,ڕەگەز=مێ,,LOW,"word carries several parts of speech (ناو / هاوەڵناو / هاوەڵکار); a sense may only have one ; پۆل «سیفەت» is really the part of speech «هاوەڵناو» — routed nowhere, needs a decision",d53e0d86-01bb-4950-863e-beb1e3d81ccf,shkoskur,,,,,
4818,13946,حورمێ,کاتێک ژن بانگی مێردەکی بکات، ئەو وشیەی بۆ بەکار دێنێت.,دەستەواژە,وردە وشە | ئامرازی ناساند,,,,,LOW,"جۆری وشە «وردە وشە, ئامرازی ناساند» has no equivalent among the seven ; پۆل «دەستەواژە» has no home among the deck's ten (see unmapped.csv)",d53e0d86-01bb-4950-863e-beb1e3d81ccf,shkoskur,,,,,
4819,13947,حۆری,دروستکراوێکی تایبەتی ناو بەهەشتن؛  دەدرێن بەوانەی چوونەتە ناوی.,سیفەت,ناو | ئاوەڵناو,,,ڕەگەز=مێ,,LOW,"word carries several parts of speech (ناو / هاوەڵناو); a sense may only have one ; پۆل «سیفەت» is really the part of speech «هاوەڵناو» — routed nowhere, needs a decision",d53e0d86-01bb-4950-863e-beb1e3d81ccf,shkoskur,,,,,
4820,13948,حوزم,شەرم,سیفەت,ئاوەڵناو | ئاوەڵکار,,,,,LOW,"word carries several parts of speech (هاوەڵناو / هاوەڵکار); a sense may only have one ; پۆل «سیفەت» is really the part of speech «هاوەڵناو» — routed nowhere, needs a decision",d53e0d86-01bb-4950-863e-beb1e3d81ccf,shkoskur,,,,,
4821,13948,حوزم,سەنگین,سیفەت,ئاوەڵناو | ئاوەڵکار,,,,,LOW,"word carries several parts of speech (هاوەڵناو / هاوەڵکار); a sense may only have one ; پۆل «سیفەت» is really the part of speech «هاوەڵناو» — routed nowhere, needs a decision",d53e0d86-01bb-4950-863e-beb1e3d81ccf,shkoskur,,,,,
4822,13949,حوزەیران,ناوی مانگی شەشی ساڵی زایینییە,کات | وەرز و مانگەکان,,,,,,LOW,word has no جۆری وشە at all ; پۆل «کات» has no home among the deck's ten (see unmapped.csv) ; پۆل «وەرز و مانگەکان» has no home among the deck's ten (see unmapped.csv),d53e0d86-01bb-4950-863e-beb1e3d81ccf,shkoskur,,,,,
4823,13950,حوسنی,ناوە بۆ  پیاوان و ژنان,کەس | مرۆڤ,ناو,ناو,ناو › کەس | کولتووری › مرۆڤ,ڕەگەز=دوولایەن,,HIGH,,d53e0d86-01bb-4950-863e-beb1e3d81ccf,shkoskur,,,,,
4824,13951,حوسە,ناوی کوتکراوەی حوسێنە,,ناو | بانگکردن | وردە وشە,ناو,,,,HIGH,,d53e0d86-01bb-4950-863e-beb1e3d81ccf,shkoskur,,,,,
4825,13952,حوسێن,ناوە بۆ پیاوان,کەس | مرۆڤ,ناو,ناو,ناو › کەس | کولتووری › مرۆڤ,ڕەگەز=نێر,,HIGH,,d53e0d86-01bb-4950-863e-beb1e3d81ccf,shkoskur,,,,,
4826,13952,حوسێن,ناوی کچەزایەکی پێغەمبەرە (د.خ),کەس | مرۆڤ,ناو,ناو,ناو › کەس | کولتووری › مرۆڤ,ڕەگەز=نێر,,HIGH,,d53e0d86-01bb-4950-863e-beb1e3d81ccf,shkoskur,,,,,
4827,13953,حوشتر,ناوی ئاژەڵێکە (وشتر),سیفەت | ئاژەڵ,ناو,ناو,زیندەوەرزانی › ئاژەڵ,ڕەگەز=بێلایەن,,LOW,"پۆل «سیفەت» is really the part of speech «هاوەڵناو» — routed nowhere, needs a decision ; پۆل says «هاوەڵناو», جۆری وشە says «ناو» — they disagree",d53e0d86-01bb-4950-863e-beb1e3d81ccf,shkoskur,,,,,
4828,13954,حوشترئالوک,وشترخۆرە,گیانلەبەر | ئاژەڵ,ناو,ناو,زیندەوەرزانی › ئاژەڵ,ڕەگەز=دوولایەن,,HIGH,پۆل «گیانلەبەر» has no home among the deck's ten (see unmapped.csv),d53e0d86-01bb-4950-863e-beb1e3d81ccf,shkoskur,,,,,
4829,13955,حوشترخان,شوێنی مانەوەی وشتر,شوێن,ناو,ناو,ناو › شوێن,ڕەگەز=بێلایەن,,HIGH,,d53e0d86-01bb-4950-863e-beb1e3d81ccf,shkoskur,,,,,
4830,13956,حوشتر خوا,بالوک,دەستەواژە | ئاژەڵ,ناو,ناو,زیندەوەرزانی › ئاژەڵ,ڕەگەز=دوولایەن,,HIGH,پۆل «دەستەواژە» has no home among the deck's ten (see unmapped.csv),d53e0d86-01bb-4950-863e-beb1e3d81ccf,shkoskur,,,,,
4831,13956,حوشتر خوا,تاجی مام ئەحمەدە,دەستەواژە | ئاژەڵ,ناو,ناو,زیندەوەرزانی › ئاژەڵ,ڕەگەز=دوولایەن,,HIGH,پۆل «دەستەواژە» has no home among the deck's ten (see unmapped.csv),d53e0d86-01bb-4950-863e-beb1e3d81ccf,shkoskur,,,,,
4832,13957,حوشترخۆرکە,وشترخۆرە,ئاژەڵ,ناو,ناو,زیندەوەرزانی › ئاژەڵ,ڕەگەز=دوولایەن,,HIGH,,d53e0d86-01bb-4950-863e-beb1e3d81ccf,shkoskur,,,,,
4833,13958,حوشتردانە,جۆرێکی گەنمە,خواردن | ڕووەك | گژوگیا | دانەوێڵە,ناو,ناو,کولتووری › خواردن | ڕووەکناسی › ڕووەك,,,HIGH,پۆل «گژوگیا» has no home among the deck's ten (see unmapped.csv) ; پۆل «دانەوێڵە» has no home among the deck's ten (see unmapped.csv),d53e0d86-01bb-4950-863e-beb1e3d81ccf,shkoskur,,,,,
4834,13959,حوشترمرخ,جۆرێکی ئاژەڵە، گەورەیە و لە مریسک دەچێت و نافڕێت.,گیانلەبەر | ئاژەڵ,ناو,ناو,زیندەوەرزانی › ئاژەڵ,ڕەگەز=دوولایەن,,HIGH,پۆل «گیانلەبەر» has no home among the deck's ten (see unmapped.csv),d53e0d86-01bb-4950-863e-beb1e3d81ccf,shkoskur,,,,,
4835,13960,حوشترمەل,وشترمرخ,گیانلەبەر | ئاژەڵ,ناو,ناو,زیندەوەرزانی › ئاژەڵ,ڕەگەز=دوولایەن,,HIGH,پۆل «گیانلەبەر» has no home among the deck's ten (see unmapped.csv),d53e0d86-01bb-4950-863e-beb1e3d81ccf,shkoskur,,,,,
4836,13961,حوشترەوان,وشترەوان,پیشە,ناو,ناو,,ڕەگەز=دوولایەن,,HIGH,پۆل «پیشە» has no home among the deck's ten (see unmapped.csv),d53e0d86-01bb-4950-863e-beb1e3d81ccf,shkoskur,,,,,
4837,13961,حوشترەوان,ئەو کەسەی وشتر بەخێو دەکات,پیشە,ناو,ناو,,ڕەگەز=دوولایەن,,HIGH,پۆل «پیشە» has no home among the deck's ten (see unmapped.csv),d53e0d86-01bb-4950-863e-beb1e3d81ccf,shkoskur,,,,,
4838,13962,حۆق,هیڵنجدان بۆ ڕشانەوە,نەخۆشی | بارودۆخی جەستەیی,ناو,ناو,زانستیی پزیشکی › نەخۆشی | زانستیی پزیشکی › بارودۆخی جەستەیی,,,HIGH,,d53e0d86-01bb-4950-863e-beb1e3d81ccf,shkoskur,,,,,
4839,13963,حۆقە,دەنگی گامێش,یەکەی پێوانە | دەنگی ئاژەڵ,ناو,ناو,,,,HIGH,پۆل «یەکەی پێوانە» has no home among the deck's ten (see unmapped.csv) ; پۆل «دەنگی ئاژەڵ» has no home among the deck's ten (see unmapped.csv),d53e0d86-01bb-4950-863e-beb1e3d81ccf,shkoskur,,,,,
4840,13963,حۆقە,پێوانەیەکە بۆ کێشانو قورسانی کە ٣ بۆ ٤ کیلۆ دەبێت,یەکەی پێوانە | دەنگی ئاژەڵ,ناو,ناو,,,,HIGH,پۆل «یەکەی پێوانە» has no home among the deck's ten (see unmapped.csv) ; پۆل «دەنگی ئاژەڵ» has no home among the deck's ten (see unmapped.csv),d53e0d86-01bb-4950-863e-beb1e3d81ccf,shkoskur,,,,,
4841,13963,حۆقە,داوەت,یەکەی پێوانە | دەنگی ئاژەڵ,ناو,ناو,,,,HIGH,پۆل «یەکەی پێوانە» has no home among the deck's ten (see unmapped.csv) ; پۆل «دەنگی ئاژەڵ» has no home among the deck's ten (see unmapped.csv),d53e0d86-01bb-4950-863e-beb1e3d81ccf,shkoskur,,,,,
4842,13963,حۆقە,دەوێت,یەکەی پێوانە | دەنگی ئاژەڵ,ناو,ناو,,,,HIGH,پۆل «یەکەی پێوانە» has no home among the deck's ten (see unmapped.csv) ; پۆل «دەنگی ئاژەڵ» has no home among the deck's ten (see unmapped.csv),d53e0d86-01bb-4950-863e-beb1e3d81ccf,shkoskur,,,,,
4843,13964,حۆقەی ئەسنەبوڵ,پێوانەیەکە بەرانبەر ٧٥ گرامە,یەکەی پێوانە,ناو,ناو,,,,HIGH,پۆل «یەکەی پێوانە» has no home among the deck's ten (see unmapped.csv),d53e0d86-01bb-4950-863e-beb1e3d81ccf,shkoskur,,,,,
4844,13965,حۆقەی تریاک,لە ئامرازی تریاکە,ئامراز,ناو,ناو,کولتووری › ئامراز,,,HIGH,,d53e0d86-01bb-4950-863e-beb1e3d81ccf,shkoskur,,,,,
4845,13966,حوکم,بڕیاڕدان بۆ شتێک,ئەنجامدانی کارێک | دەستەواژە,ناو,ناو,,,,LOW,"پۆل «ئەنجامدانی کارێک» is really the part of speech «کار» — routed nowhere, needs a decision ; پۆل «دەستەواژە» has no home among the deck's ten (see unmapped.csv) ; پۆل says «کار», جۆری وشە says «ناو» — they disagree",d53e0d86-01bb-4950-863e-beb1e3d81ccf,shkoskur,,,,,
4846,13966,حوکم,بڕیاری قازی,ئەنجامدانی کارێک | دەستەواژە,ناو,ناو,,,,LOW,"پۆل «ئەنجامدانی کارێک» is really the part of speech «کار» — routed nowhere, needs a decision ; پۆل «دەستەواژە» has no home among the deck's ten (see unmapped.csv) ; پۆل says «کار», جۆری وشە says «ناو» — they disagree",d53e0d86-01bb-4950-863e-beb1e3d81ccf,shkoskur,,,,,
4847,13966,حوکم,دەستەواژەیەکی یاسای و شەرعییە بۆ دەرکردی بڕیاریک بەکاری دەهێنن,ئەنجامدانی کارێک | دەستەواژە,ناو,ناو,,,,LOW,"پۆل «ئەنجامدانی کارێک» is really the part of speech «کار» — routed nowhere, needs a decision ; پۆل «دەستەواژە» has no home among the deck's ten (see unmapped.csv) ; پۆل says «کار», جۆری وشە says «ناو» — they disagree",d53e0d86-01bb-4950-863e-beb1e3d81ccf,shkoskur,,,,,
4848,13967,حۆل,گێل,سیفەت | دەستەواژە,ناو | ئاوەڵناو | ئاوەڵکار,,,,,LOW,"word carries several parts of speech (ناو / هاوەڵناو / هاوەڵکار); a sense may only have one ; پۆل «سیفەت» is really the part of speech «هاوەڵناو» — routed nowhere, needs a decision ; پۆل «دەستەواژە» has no home among the deck's ten (see unmapped.csv)",d53e0d86-01bb-4950-863e-beb1e3d81ccf,shkoskur,,,,,
4849,13967,حۆل,درێژی پێنەکەوتوو,سیفەت | دەستەواژە,ناو | ئاوەڵناو | ئاوەڵکار,,,,,LOW,"word carries several parts of speech (ناو / هاوەڵناو / هاوەڵکار); a sense may only have one ; پۆل «سیفەت» is really the part of speech «هاوەڵناو» — routed nowhere, needs a decision ; پۆل «دەستەواژە» has no home among the deck's ten (see unmapped.csv)",d53e0d86-01bb-4950-863e-beb1e3d81ccf,shkoskur,,,,,
4850,13967,حۆل,وڕ,سیفەت | دەستەواژە,ناو | ئاوەڵناو | ئاوەڵکار,,,,,LOW,"word carries several parts of speech (ناو / هاوەڵناو / هاوەڵکار); a sense may only have one ; پۆل «سیفەت» is really the part of speech «هاوەڵناو» — routed nowhere, needs a decision ; پۆل «دەستەواژە» has no home among the deck's ten (see unmapped.csv)",d53e0d86-01bb-4950-863e-beb1e3d81ccf,shkoskur,,,,,
4851,13968,ز,لە,دەستەواژە,وردە وشە,,,,,LOW,جۆری وشە «وردە وشە» has no equivalent among the seven ; پۆل «دەستەواژە» has no home among the deck's ten (see unmapped.csv),5f16fc33-8c0b-4cb7-85ab-cf91afdbbcd3,bilalhama,,,,,
4852,13968,ز,جە,دەستەواژە,وردە وشە,,,,,LOW,جۆری وشە «وردە وشە» has no equivalent among the seven ; پۆل «دەستەواژە» has no home among the deck's ten (see unmapped.csv),5f16fc33-8c0b-4cb7-85ab-cf91afdbbcd3,bilalhama,,,,,
4853,13968,ز,ژ,دەستەواژە,وردە وشە,,,,,LOW,جۆری وشە «وردە وشە» has no equivalent among the seven ; پۆل «دەستەواژە» has no home among the deck's ten (see unmapped.csv),5f16fc33-8c0b-4cb7-85ab-cf91afdbbcd3,bilalhama,,,,,
4855,13969,تفک,کوانو,شوێن | کەرەستە,ناو,ناو,ناو › شوێن | کولتووری › کەرەستە,,,HIGH,,96560cf4-030d-4268-baea-87bb57cdf631,somaali,,,,,
4856,13969,تفک,وەجاغ,شوێن | کەرەستە,ناو,ناو,ناو › شوێن | کولتووری › کەرەستە,,,HIGH,,96560cf4-030d-4268-baea-87bb57cdf631,somaali,,,,,
4857,13969,تفک,ئاگردان,شوێن | کەرەستە,ناو,ناو,ناو › شوێن | کولتووری › کەرەستە,,,HIGH,,96560cf4-030d-4268-baea-87bb57cdf631,somaali,,,,,
4858,13969,تفک,پەڵەی دەم و چاو,شوێن | کەرەستە,ناو,ناو,ناو › شوێن | کولتووری › کەرەستە,,,HIGH,,96560cf4-030d-4268-baea-87bb57cdf631,somaali,,,,,
4859,13969,تفک,تفەنگ,شوێن | کەرەستە,ناو,ناو,ناو › شوێن | کولتووری › کەرەستە,,,HIGH,,96560cf4-030d-4268-baea-87bb57cdf631,somaali,,,,,
4862,13970,تف کردن,تف هاویشتن,ئەنجامدانی کارێک,کار,کار,,,,LOW,"پۆل «ئەنجامدانی کارێک» is really the part of speech «کار» — routed nowhere, needs a decision",96560cf4-030d-4268-baea-87bb57cdf631,somaali,,,,,
4863,13970,تف کردن,تەڕ کردن بە تف,ئەنجامدانی کارێک,کار,کار,,,,LOW,"پۆل «ئەنجامدانی کارێک» is really the part of speech «کار» — routed nowhere, needs a decision",96560cf4-030d-4268-baea-87bb57cdf631,somaali,,,,,
4865,13971,تف کردنەوە,لە دەم دەرهاویشتنی خۆراک,ئەنجامدانی کارێک,کار,کار,,,,LOW,"پۆل «ئەنجامدانی کارێک» is really the part of speech «کار» — routed nowhere, needs a decision",96560cf4-030d-4268-baea-87bb57cdf631,somaali,,,,,
4866,13972,تف کرن,تف کردن,ئەنجامدانی کارێک,کار,کار,,,,LOW,"پۆل «ئەنجامدانی کارێک» is really the part of speech «کار» — routed nowhere, needs a decision",96560cf4-030d-4268-baea-87bb57cdf631,somaali,,,,,
4867,13973,تف کرنەوە,تف کردنەوە,ئەنجامدانی کارێک,کار,کار,,,,LOW,"پۆل «ئەنجامدانی کارێک» is really the part of speech «کار» — routed nowhere, needs a decision",96560cf4-030d-4268-baea-87bb57cdf631,somaali,,,,,
4868,13974,تفکێ,دژنامێکی ژنانەیە,,ناو,ناو,,ڕەگەز=مێ,,HIGH,,96560cf4-030d-4268-baea-87bb57cdf631,somaali,,,,,
4869,13975,تفلێکردن,هاویشتنی تف نۆ شتێکی پیس یان ناحەز,ئەنجامدانی کارێک,کار,کار,,,,LOW,"پۆل «ئەنجامدانی کارێک» is really the part of speech «کار» — routed nowhere, needs a decision",96560cf4-030d-4268-baea-87bb57cdf631,somaali,,,,,
4870,13976,تفنک,لوت,ئەندامی جەستە,ناو,ناو,زانستیی پزیشکی › ئەندامی جەستە,,,HIGH,,96560cf4-030d-4268-baea-87bb57cdf631,somaali,,,,,
4871,13976,تفنک,کەپۆ,ئەندامی جەستە,ناو,ناو,زانستیی پزیشکی › ئەندامی جەستە,,,HIGH,,96560cf4-030d-4268-baea-87bb57cdf631,somaali,,,,,
4872,13976,تفنک,بێقڵ,ئەندامی جەستە,ناو,ناو,زانستیی پزیشکی › ئەندامی جەستە,,,HIGH,,96560cf4-030d-4268-baea-87bb57cdf631,somaali,,,,,
4873,13976,تفنک,کەپ,ئەندامی جەستە,ناو,ناو,زانستیی پزیشکی › ئەندامی جەستە,,,HIGH,,96560cf4-030d-4268-baea-87bb57cdf631,somaali,,,,,
4874,13977,داتەکین,داتەکان,ئەنجامدانی کارێک,چاوگ,چاوگ,,,,LOW,"پۆل «ئەنجامدانی کارێک» is really the part of speech «کار» — routed nowhere, needs a decision ; پۆل says «کار», جۆری وشە says «چاوگ» — they disagree",fbaa1310-1a57-4439-b4e4-2b6fb312b455,banazhamad,,,,,
4875,13978,داتەکیو,داتەکاو,سیفەت,ئاوەڵناو,هاوەڵناو,,,,LOW,"پۆل «سیفەت» is really the part of speech «هاوەڵناو» — routed nowhere, needs a decision",fbaa1310-1a57-4439-b4e4-2b6fb312b455,banazhamad,,,,,
4876,13979,داتەکیو,داتەکاو,سیفەت,ئاوەڵناو,هاوەڵناو,,,,LOW,"پۆل «سیفەت» is really the part of speech «هاوەڵناو» — routed nowhere, needs a decision",fbaa1310-1a57-4439-b4e4-2b6fb312b455,banazhamad,,,,,
4877,13980,داتەمریاگ,دامرکاو,سیفەت,ئاوەڵناو,هاوەڵناو,,,,LOW,"پۆل «سیفەت» is really the part of speech «هاوەڵناو» — routed nowhere, needs a decision",fbaa1310-1a57-4439-b4e4-2b6fb312b455,banazhamad,,,,,
4878,13980,داتەمریاگ,بێدەنگ و ئارام دانیشتو,سیفەت,ئاوەڵناو,هاوەڵناو,,,,LOW,"پۆل «سیفەت» is really the part of speech «هاوەڵناو» — routed nowhere, needs a decision",fbaa1310-1a57-4439-b4e4-2b6fb312b455,banazhamad,,,,,
4879,13981,داتەمریان,داسەکنان,گۆڕانی دۆخ,چاوگ,چاوگ,,,,HIGH,پۆل «گۆڕانی دۆخ» has no home among the deck's ten (see unmapped.csv),fbaa1310-1a57-4439-b4e4-2b6fb312b455,banazhamad,,,,,
4880,13981,داتەمریان,دامرکان,گۆڕانی دۆخ,چاوگ,چاوگ,,,,HIGH,پۆل «گۆڕانی دۆخ» has no home among the deck's ten (see unmapped.csv),fbaa1310-1a57-4439-b4e4-2b6fb312b455,banazhamad,,,,,
4881,13981,داتەمریان,هەدادان,گۆڕانی دۆخ,چاوگ,چاوگ,,,,HIGH,پۆل «گۆڕانی دۆخ» has no home among the deck's ten (see unmapped.csv),fbaa1310-1a57-4439-b4e4-2b6fb312b455,banazhamad,,,,,
4882,13982,داتەمین,خەمباری,باروودۆخ,چاوگ,چاوگ,,,,HIGH,پۆل «باروودۆخ» has no home among the deck's ten (see unmapped.csv),fbaa1310-1a57-4439-b4e4-2b6fb312b455,banazhamad,,,,,
4883,13982,داتەمین,مەینەتباری,باروودۆخ,چاوگ,چاوگ,,,,HIGH,پۆل «باروودۆخ» has no home among the deck's ten (see unmapped.csv),fbaa1310-1a57-4439-b4e4-2b6fb312b455,banazhamad,,,,,
4884,13983,داجوین,بزوتنەوە,ئەنجامدانی کارێک,چاوگ,چاوگ,,,,LOW,"پۆل «ئەنجامدانی کارێک» is really the part of speech «کار» — routed nowhere, needs a decision ; پۆل says «کار», جۆری وشە says «چاوگ» — they disagree",fbaa1310-1a57-4439-b4e4-2b6fb312b455,banazhamad,,,,,
4885,13983,داجوین,حەرەکەتکردن,ئەنجامدانی کارێک,چاوگ,چاوگ,,,,LOW,"پۆل «ئەنجامدانی کارێک» is really the part of speech «کار» — routed nowhere, needs a decision ; پۆل says «کار», جۆری وشە says «چاوگ» — they disagree",fbaa1310-1a57-4439-b4e4-2b6fb312b455,banazhamad,,,,,
4886,13984,داچاندن,تۆم بەزەویەوە کردن.,ئەنجامدانی کارێک,چاوگ,چاوگ,,,,LOW,"پۆل «ئەنجامدانی کارێک» is really the part of speech «کار» — routed nowhere, needs a decision ; پۆل says «کار», جۆری وشە says «چاوگ» — they disagree",fbaa1310-1a57-4439-b4e4-2b6fb312b455,banazhamad,,,,,
4887,13984,داچاندن,ئارد کەم کەم بەسەر ڕۆندا کردن.,ئەنجامدانی کارێک,چاوگ,چاوگ,,,,LOW,"پۆل «ئەنجامدانی کارێک» is really the part of speech «کار» — routed nowhere, needs a decision ; پۆل says «کار», جۆری وشە says «چاوگ» — they disagree",fbaa1310-1a57-4439-b4e4-2b6fb312b455,banazhamad,,,,,
4889,13985,تفو,وشەی جوێن و ناخۆشەویستی,دەنگ,ئامرازی ناساند,,,,,LOW,جۆری وشە «ئامرازی ناساند» has no equivalent among the seven ; پۆل «دەنگ» has no home among the deck's ten (see unmapped.csv),96560cf4-030d-4268-baea-87bb57cdf631,somaali,,,,,
4891,13986,تفە,بەری داری توو,میوە | درەخت,ناو,ناو,,,,HIGH,پۆل «میوە» has no home among the deck's ten (see unmapped.csv) ; پۆل «درەخت» has no home among the deck's ten (see unmapped.csv),96560cf4-030d-4268-baea-87bb57cdf631,somaali,,,,,
4892,13986,تفە,توو,میوە | درەخت,ناو,ناو,,,,HIGH,پۆل «میوە» has no home among the deck's ten (see unmapped.csv) ; پۆل «درەخت» has no home among the deck's ten (see unmapped.csv),96560cf4-030d-4268-baea-87bb57cdf631,somaali,,,,,
4893,13986,تفە,داری توو,میوە | درەخت,ناو,ناو,,,,HIGH,پۆل «میوە» has no home among the deck's ten (see unmapped.csv) ; پۆل «درەخت» has no home among the deck's ten (see unmapped.csv),96560cf4-030d-4268-baea-87bb57cdf631,somaali,,,,,
4894,13986,تفە,تفێ,میوە | درەخت,ناو,ناو,,,,HIGH,پۆل «میوە» has no home among the deck's ten (see unmapped.csv) ; پۆل «درەخت» has no home among the deck's ten (see unmapped.csv),96560cf4-030d-4268-baea-87bb57cdf631,somaali,,,,,
4895,13987,تفەدەست,وچانێکی کەم,کات,ناو,ناو,,,,HIGH,پۆل «کات» has no home among the deck's ten (see unmapped.csv),96560cf4-030d-4268-baea-87bb57cdf631,somaali,,,,,
4896,13987,تفەدەست,زاراوەی دابڕانە: ( با تفەدەستێ بکەین),کات,ناو,ناو,,,,HIGH,پۆل «کات» has no home among the deck's ten (see unmapped.csv),96560cf4-030d-4268-baea-87bb57cdf631,somaali,,,,,
4897,13988,تفەرەوەن,گاتوو,میوە,ناو,ناو,,,,HIGH,پۆل «میوە» has no home among the deck's ten (see unmapped.csv),96560cf4-030d-4268-baea-87bb57cdf631,somaali,,,,,
4898,13988,تفەرەوەن,شاتوو,میوە,ناو,ناو,,,,HIGH,پۆل «میوە» has no home among the deck's ten (see unmapped.csv),96560cf4-030d-4268-baea-87bb57cdf631,somaali,,,,,
4899,13988,تفەرەوەن,توەڕەشە,میوە,ناو,ناو,,,,HIGH,پۆل «میوە» has no home among the deck's ten (see unmapped.csv),96560cf4-030d-4268-baea-87bb57cdf631,somaali,,,,,
4900,13989,تفەسیاوێ,گاتوو,میوە,ناو,ناو,,,,HIGH,پۆل «میوە» has no home among the deck's ten (see unmapped.csv),96560cf4-030d-4268-baea-87bb57cdf631,somaali,,,,,
4901,13990,تفەک,تفەنگ,کەرەستە,ناو,ناو,کولتووری › کەرەستە,,,HIGH,,96560cf4-030d-4268-baea-87bb57cdf631,somaali,,,,,
4902,13991,تفەن,تفەنگ,کەرەستە,ناو,ناو,کولتووری › کەرەستە,,,HIGH,,96560cf4-030d-4268-baea-87bb57cdf631,somaali,,,,,
4903,13992,داچزاندن,داغ بە ئەندامی لەشەوە نان.,ئەنجامدانی کارێک,چاوگ,چاوگ,,,,LOW,"پۆل «ئەنجامدانی کارێک» is really the part of speech «کار» — routed nowhere, needs a decision ; پۆل says «کار», جۆری وشە says «چاوگ» — they disagree",fbaa1310-1a57-4439-b4e4-2b6fb312b455,banazhamad,,,,,
4904,13993,تفەنگ,چەکی گەرمی لولە درێژی گوللەخڕی پچوک,کەرەستە,ناو,ناو,کولتووری › کەرەستە,,,HIGH,,96560cf4-030d-4268-baea-87bb57cdf631,somaali,,,,,
4905,13994,داچکاندن,هەڵواسین,ئەنجامدانی کارێک,چاوگ,چاوگ,,,,LOW,"پۆل «ئەنجامدانی کارێک» is really the part of speech «کار» — routed nowhere, needs a decision ; پۆل says «کار», جۆری وشە says «چاوگ» — they disagree",fbaa1310-1a57-4439-b4e4-2b6fb312b455,banazhamad,,,,,
4906,13994,داچکاندن,دالەقاندن,ئەنجامدانی کارێک,چاوگ,چاوگ,,,,LOW,"پۆل «ئەنجامدانی کارێک» is really the part of speech «کار» — routed nowhere, needs a decision ; پۆل says «کار», جۆری وشە says «چاوگ» — they disagree",fbaa1310-1a57-4439-b4e4-2b6fb312b455,banazhamad,,,,,
4907,13995,تفەنگاوێژ,مەودای هەرەت کردنی گوللە,کەس,ناو,ناو,ناو › کەس,,,HIGH,,96560cf4-030d-4268-baea-87bb57cdf631,somaali,,,,,
4908,13995,تفەنگاوێژ,کەسێ کە تفەنگ دەهاوێژێ,کەس,ناو,ناو,ناو › کەس,,,HIGH,,96560cf4-030d-4268-baea-87bb57cdf631,somaali,,,,,
4910,13996,تفەنگ تەقێن,ئەوی تفەنگ دەهاوێژێ,کەس,ناو,ناو,ناو › کەس,,,HIGH,,96560cf4-030d-4268-baea-87bb57cdf631,somaali,,,,,
4911,13997,داچڵەکان,ڕاچڵەکین لەترسان یان لەخەبەری سەمەوە,بارودۆخی جەستەیی,چاوگ,چاوگ,زانستیی پزیشکی › بارودۆخی جەستەیی,,,HIGH,,fbaa1310-1a57-4439-b4e4-2b6fb312b455,banazhamad,,,,,
4912,13998,رابرد,بەسەرچوو,,,,,,,LOW,word has no جۆری وشە at all,79dd71fd-aaa5-4f5a-9211-101eeda2d0b8,taraakoy,,,,,
4913,13998,رابرد,بهورد,,,,,,,LOW,word has no جۆری وشە at all,79dd71fd-aaa5-4f5a-9211-101eeda2d0b8,taraakoy,,,,,
4914,13998,رابرد,بوری,,,,,,,LOW,word has no جۆری وشە at all,79dd71fd-aaa5-4f5a-9211-101eeda2d0b8,taraakoy,,,,,
4916,13999,داچڵەکاندن,بونەهۆی داچڵەکان,ئەنجامدانی کارێک,چاوگ,چاوگ,,,,LOW,"پۆل «ئەنجامدانی کارێک» is really the part of speech «کار» — routed nowhere, needs a decision ; پۆل says «کار», جۆری وشە says «چاوگ» — they disagree",fbaa1310-1a57-4439-b4e4-2b6fb312b455,banazhamad,,,,,
4917,14000,داچڵەکانن,داچڵەکاندن,ئەنجامدانی کارێک,چاوگ,چاوگ,,,,LOW,"پۆل «ئەنجامدانی کارێک» is really the part of speech «کار» — routed nowhere, needs a decision ; پۆل says «کار», جۆری وشە says «چاوگ» — they disagree",fbaa1310-1a57-4439-b4e4-2b6fb312b455,banazhamad,,,,,
4918,14001,تفەنگ چی,خاوەن تفەنگ لە شەڕدا,کەس,ناو,ناو,ناو › کەس,,,HIGH,,96560cf4-030d-4268-baea-87bb57cdf631,somaali,,,,,
4919,14001,تفەنگ چی,چەکدار,کەس,ناو,ناو,ناو › کەس,,,HIGH,,96560cf4-030d-4268-baea-87bb57cdf631,somaali,,,,,
4920,14002,تفەنگساز,توکمەچی,کەس | گژوگیا,ناو,ناو,ناو › کەس,,,HIGH,پۆل «گژوگیا» has no home among the deck's ten (see unmapped.csv),96560cf4-030d-4268-baea-87bb57cdf631,somaali,,,,,
4921,14002,تفەنگساز,شیرگەر,کەس | گژوگیا,ناو,ناو,ناو › کەس,,,HIGH,پۆل «گژوگیا» has no home among the deck's ten (see unmapped.csv),96560cf4-030d-4268-baea-87bb57cdf631,somaali,,,,,
4922,14003,داچڵەکاو,شڵەژاو,سیفەت,ئاوەڵناو,هاوەڵناو,,,,LOW,"پۆل «سیفەت» is really the part of speech «هاوەڵناو» — routed nowhere, needs a decision",fbaa1310-1a57-4439-b4e4-2b6fb312b455,banazhamad,,,,,
4923,14003,داچڵەکاو,لەناکاو لەرزیو لە ترسان یان لە خەبەری سەیر و سەمەرەو ناخۆش,سیفەت,ئاوەڵناو,هاوەڵناو,,,,LOW,"پۆل «سیفەت» is really the part of speech «هاوەڵناو» — routed nowhere, needs a decision",fbaa1310-1a57-4439-b4e4-2b6fb312b455,banazhamad,,,,,
4924,14004,تفێ,توو,میوە,ناو,ناو,,,,HIGH,پۆل «میوە» has no home among the deck's ten (see unmapped.csv),96560cf4-030d-4268-baea-87bb57cdf631,somaali,,,,,
4925,14004,تفێ,تفە,میوە,ناو,ناو,,,,HIGH,پۆل «میوە» has no home among the deck's ten (see unmapped.csv),96560cf4-030d-4268-baea-87bb57cdf631,somaali,,,,,
4926,14005,داچڵەکیان,داچڵەکان,بارودۆخی جەستەیی,چاوگ,چاوگ,زانستیی پزیشکی › بارودۆخی جەستەیی,,,HIGH,,fbaa1310-1a57-4439-b4e4-2b6fb312b455,banazhamad,,,,,
4927,14006,تفیریک,گوێزەبانە,کات,ناو,ناو,,,,HIGH,پۆل «کات» has no home among the deck's ten (see unmapped.csv),96560cf4-030d-4268-baea-87bb57cdf631,somaali,,,,,
4928,14006,تفیریک,حەوتەی لە دایک بوونی منداڵ,کات,ناو,ناو,,,,HIGH,پۆل «کات» has no home among the deck's ten (see unmapped.csv),96560cf4-030d-4268-baea-87bb57cdf631,somaali,,,,,
4929,14007,تفینەوە,تف کردنەوە,ئەنجامدانی کارێک,کار,کار,,,,LOW,"پۆل «ئەنجامدانی کارێک» is really the part of speech «کار» — routed nowhere, needs a decision",96560cf4-030d-4268-baea-87bb57cdf631,somaali,,,,,
4930,14008,تڤر,تووری خواردن,سەوزە,ناو,ناو,,,,HIGH,پۆل «سەوزە» has no home among the deck's ten (see unmapped.csv),96560cf4-030d-4268-baea-87bb57cdf631,somaali,,,,,
4931,14008,تڤر,ترپ,سەوزە,ناو,ناو,,,,HIGH,پۆل «سەوزە» has no home among the deck's ten (see unmapped.csv),96560cf4-030d-4268-baea-87bb57cdf631,somaali,,,,,
4932,14009,داچڵەکین,داچڵەکان,بارودۆخی جەستەیی,چاوگ,چاوگ,زانستیی پزیشکی › بارودۆخی جەستەیی,,,HIGH,,fbaa1310-1a57-4439-b4e4-2b6fb312b455,banazhamad,,,,,
4933,14009,داچڵەکین,داچڵەکیان,بارودۆخی جەستەیی,چاوگ,چاوگ,زانستیی پزیشکی › بارودۆخی جەستەیی,,,HIGH,,fbaa1310-1a57-4439-b4e4-2b6fb312b455,banazhamad,,,,,
4934,14010,تڤیرک,کۆترە باریکە,باڵندە,ناو,ناو,زیندەوەرزانی › باڵندە,,,HIGH,,96560cf4-030d-4268-baea-87bb57cdf631,somaali,,,,,
4935,14011,داچڵەکیو,داچڵەکاو,سیفەت,ئاوەڵناو,هاوەڵناو,,,,LOW,"پۆل «سیفەت» is really the part of speech «هاوەڵناو» — routed nowhere, needs a decision",fbaa1310-1a57-4439-b4e4-2b6fb312b455,banazhamad,,,,,
4936,14012,رابردن,بەسەرچون,ئەنجامدانی کارێک,کار,کار,,ڕەگەز=بێلایەن,,LOW,"پۆل «ئەنجامدانی کارێک» is really the part of speech «کار» — routed nowhere, needs a decision",79dd71fd-aaa5-4f5a-9211-101eeda2d0b8,taraakoy,,,,,
4937,14012,رابردن,هاتن و رۆشتن,ئەنجامدانی کارێک,کار,کار,,ڕەگەز=بێلایەن,,LOW,"پۆل «ئەنجامدانی کارێک» is really the part of speech «کار» — routed nowhere, needs a decision",79dd71fd-aaa5-4f5a-9211-101eeda2d0b8,taraakoy,,,,,
4940,14013,داچناو,زەوی تۆو پێوەکراو,سیفەت,ئاوەڵناو,هاوەڵناو,,,,LOW,"پۆل «سیفەت» is really the part of speech «هاوەڵناو» — routed nowhere, needs a decision",fbaa1310-1a57-4439-b4e4-2b6fb312b455,banazhamad,,,,,
4941,14014,داچنراو,داچناو,سیفەت,ئاوەڵناو,هاوەڵناو,,,,LOW,"پۆل «سیفەت» is really the part of speech «هاوەڵناو» — routed nowhere, needs a decision",fbaa1310-1a57-4439-b4e4-2b6fb312b455,banazhamad,,,,,
4942,14015,داچنین,ڕێزکردنی شت بەتەنیشت یەکەوە بە ڕێکوپێکی، لەسەریەک هەڵچنین ( دەوری و قاپەکان لەسەر سفرە داچنە، کتێبەکان لەسەر رفە داچنە),ئەنجامدانی کارێک,چاوگ,چاوگ,,,,LOW,"پۆل «ئەنجامدانی کارێک» is really the part of speech «کار» — routed nowhere, needs a decision ; پۆل says «کار», جۆری وشە says «چاوگ» — they disagree",fbaa1310-1a57-4439-b4e4-2b6fb312b455,banazhamad,,,,,
4943,14016,داچۆڕان,هاتنەخواری ئاوی کەم لەسەرەوژێرەوە,ئەنجامدانی کارێک,,,,,,LOW,"word has no جۆری وشە at all ; پۆل «ئەنجامدانی کارێک» is really the part of speech «کار» — routed nowhere, needs a decision",fbaa1310-1a57-4439-b4e4-2b6fb312b455,banazhamad,,,,,
4944,14016,داچۆڕان,خەلاس بونی ئاو لە دەفرا,ئەنجامدانی کارێک,,,,,,LOW,"word has no جۆری وشە at all ; پۆل «ئەنجامدانی کارێک» is really the part of speech «کار» — routed nowhere, needs a decision",fbaa1310-1a57-4439-b4e4-2b6fb312b455,banazhamad,,,,,
4946,14017,داچۆڕاندن,بەتاڵکردنی ئاو,ئەنجامدانی کارێک,چاوگ,چاوگ,,,,LOW,"پۆل «ئەنجامدانی کارێک» is really the part of speech «کار» — routed nowhere, needs a decision ; پۆل says «کار», جۆری وشە says «چاوگ» — they disagree",fbaa1310-1a57-4439-b4e4-2b6fb312b455,banazhamad,,,,,
4947,14018,داچۆڕانن,داچۆڕاندن,ئەنجامدانی کارێک,چاوگ,چاوگ,,,,LOW,"پۆل «ئەنجامدانی کارێک» is really the part of speech «کار» — routed nowhere, needs a decision ; پۆل says «کار», جۆری وشە says «چاوگ» — they disagree",fbaa1310-1a57-4439-b4e4-2b6fb312b455,banazhamad,,,,,
4948,14019,داچۆڕیان,داچۆران,ئەنجامدانی کارێک,چاوگ,چاوگ,,,,LOW,"پۆل «ئەنجامدانی کارێک» is really the part of speech «کار» — routed nowhere, needs a decision ; پۆل says «کار», جۆری وشە says «چاوگ» — they disagree",fbaa1310-1a57-4439-b4e4-2b6fb312b455,banazhamad,,,,,
4949,14020,رابردو,روداوی نەماوە,کات,کار,کار,,ڕەگەز=بێلایەن,,HIGH,پۆل «کات» has no home among the deck's ten (see unmapped.csv),79dd71fd-aaa5-4f5a-9211-101eeda2d0b8,taraakoy,,,,,
4950,14020,رابردو,گوزەراو,کات,کار,کار,,ڕەگەز=بێلایەن,,HIGH,پۆل «کات» has no home among the deck's ten (see unmapped.csv),79dd71fd-aaa5-4f5a-9211-101eeda2d0b8,taraakoy,,,,,
4951,14020,رابردو,بوردە,کات,کار,کار,,ڕەگەز=بێلایەن,,HIGH,پۆل «کات» has no home among the deck's ten (see unmapped.csv),79dd71fd-aaa5-4f5a-9211-101eeda2d0b8,taraakoy,,,,,
4953,14021,داچۆڕین,داچۆڕان,ئەنجامدانی کارێک,چاوگ,چاوگ,,,,LOW,"پۆل «ئەنجامدانی کارێک» is really the part of speech «کار» — routed nowhere, needs a decision ; پۆل says «کار», جۆری وشە says «چاوگ» — they disagree",fbaa1310-1a57-4439-b4e4-2b6fb312b455,banazhamad,,,,,
4954,14022,رابردە,رابردو,کات,کار,کار,,ڕەگەز=بێلایەن,,HIGH,پۆل «کات» has no home among the deck's ten (see unmapped.csv),79dd71fd-aaa5-4f5a-9211-101eeda2d0b8,taraakoy,,,,,
4956,14023,داچون,نەویبون و قوپانەوە ( سەربانەکە داچوە، هەویرەکە داچوە),ڕوودانی کار,چاوگ,چاوگ,,,,HIGH,پۆل «ڕوودانی کار» has no home among the deck's ten (see unmapped.csv),fbaa1310-1a57-4439-b4e4-2b6fb312b455,banazhamad,,,,,
4957,14024,رابگار,ڕێبوار,کەس,ئاوەڵکار,هاوەڵکار,ناو › کەس,ڕەگەز=دوولایەن,,HIGH,,79dd71fd-aaa5-4f5a-9211-101eeda2d0b8,taraakoy,,,,,
4958,14024,رابگار,کەسێ لە ڕێگە دەڕوا,کەس,ئاوەڵکار,هاوەڵکار,ناو › کەس,ڕەگەز=دوولایەن,,HIGH,,79dd71fd-aaa5-4f5a-9211-101eeda2d0b8,taraakoy,,,,,
4962,14025,داچەقاندن,کردەی داچەقان,ئەنجامدانی کارێک,چاوگ,چاوگ,,,,LOW,"پۆل «ئەنجامدانی کارێک» is really the part of speech «کار» — routed nowhere, needs a decision ; پۆل says «کار», جۆری وشە says «چاوگ» — they disagree",fbaa1310-1a57-4439-b4e4-2b6fb312b455,banazhamad,,,,,
4963,14026,داچەقاو,بەرکاری داچەقاو,سیفەت,ئاوەڵناو,هاوەڵناو,,,,LOW,"پۆل «سیفەت» is really the part of speech «هاوەڵناو» — routed nowhere, needs a decision",fbaa1310-1a57-4439-b4e4-2b6fb312b455,banazhamad,,,,,
4964,14027,داچەقیاگ,داچەقاو,سیفەت,ئاوەڵناو,هاوەڵناو,,,,LOW,"پۆل «سیفەت» is really the part of speech «هاوەڵناو» — routed nowhere, needs a decision",fbaa1310-1a57-4439-b4e4-2b6fb312b455,banazhamad,,,,,
4965,14028,داچەقیاو,داچەقاو,سیفەت,ئاوەڵناو,هاوەڵناو,,,,LOW,"پۆل «سیفەت» is really the part of speech «هاوەڵناو» — routed nowhere, needs a decision",fbaa1310-1a57-4439-b4e4-2b6fb312b455,banazhamad,,,,,
4966,14029,داچەقین,داچەقان,ئەنجامدانی کارێک,چاوگ,چاوگ,,,,LOW,"پۆل «ئەنجامدانی کارێک» is really the part of speech «کار» — routed nowhere, needs a decision ; پۆل says «کار», جۆری وشە says «چاوگ» — they disagree",fbaa1310-1a57-4439-b4e4-2b6fb312b455,banazhamad,,,,,
4967,14030,رابگردن,رابردن,کات,کار,کار,,ڕەگەز=بێلایەن,,HIGH,پۆل «کات» has no home among the deck's ten (see unmapped.csv),79dd71fd-aaa5-4f5a-9211-101eeda2d0b8,taraakoy,,,,,
4969,14031,رابواردن,رابارتن,ئەنجامدانی کارێک,,,,,,LOW,"word has no جۆری وشە at all ; پۆل «ئەنجامدانی کارێک» is really the part of speech «کار» — routed nowhere, needs a decision",79dd71fd-aaa5-4f5a-9211-101eeda2d0b8,taraakoy,,,,,
4970,14031,رابواردن,بریتیە لە زۆر خۆش ژیان,ئەنجامدانی کارێک,,,,,,LOW,"word has no جۆری وشە at all ; پۆل «ئەنجامدانی کارێک» is really the part of speech «کار» — routed nowhere, needs a decision",79dd71fd-aaa5-4f5a-9211-101eeda2d0b8,taraakoy,,,,,
4973,14032,تڤری,تەوەرەی ئاش,کەرەستە,ناو,ناو,کولتووری › کەرەستە,,,HIGH,,96560cf4-030d-4268-baea-87bb57cdf631,somaali,,,,,
4974,14032,تڤری,ئەو خڕەی بستەی لەسەرە,کەرەستە,ناو,ناو,کولتووری › کەرەستە,,,HIGH,,96560cf4-030d-4268-baea-87bb57cdf631,somaali,,,,,
4975,14033,تڤنگ,قسەی گاڵتە پێ کردن,,ناو,ناو,,,,HIGH,,96560cf4-030d-4268-baea-87bb57cdf631,somaali,,,,,
4976,14034,تڤیلک,کۆترە باریکە,باڵندە,ناو,ناو,زیندەوەرزانی › باڵندە,,,HIGH,,96560cf4-030d-4268-baea-87bb57cdf631,somaali,,,,,
4977,14035,تک,دەنگی دڵۆپە,سەوزە | دەنگ,ناو,ناو,,,,HIGH,پۆل «سەوزە» has no home among the deck's ten (see unmapped.csv) ; پۆل «دەنگ» has no home among the deck's ten (see unmapped.csv),96560cf4-030d-4268-baea-87bb57cdf631,somaali,,,,,
4978,14036,تکا,ئەرجو,ئەنجامدانی کارێک,,,,,,LOW,"word has no جۆری وشە at all ; پۆل «ئەنجامدانی کارێک» is really the part of speech «کار» — routed nowhere, needs a decision",96560cf4-030d-4268-baea-87bb57cdf631,somaali,,,,,
4979,14036,تکا,پاڕانەوە بۆ کارێک,ئەنجامدانی کارێک,,,,,,LOW,"word has no جۆری وشە at all ; پۆل «ئەنجامدانی کارێک» is really the part of speech «کار» — routed nowhere, needs a decision",96560cf4-030d-4268-baea-87bb57cdf631,somaali,,,,,
4980,14036,تکا,خوایشت,ئەنجامدانی کارێک,,,,,,LOW,"word has no جۆری وشە at all ; پۆل «ئەنجامدانی کارێک» is really the part of speech «کار» — routed nowhere, needs a decision",96560cf4-030d-4268-baea-87bb57cdf631,somaali,,,,,
4982,14037,تکاکار,پاڕێڕەوە,کەس,ناو,ناو,ناو › کەس,,,HIGH,,96560cf4-030d-4268-baea-87bb57cdf631,somaali,,,,,
4983,14037,تکاکار,خوایش کار,کەس,ناو,ناو,ناو › کەس,,,HIGH,,96560cf4-030d-4268-baea-87bb57cdf631,somaali,,,,,
4985,14038,تکاکردن,وەپاڕان,ئەنجامدانی کارێک,کار,کار,,,,LOW,"پۆل «ئەنجامدانی کارێک» is really the part of speech «کار» — routed nowhere, needs a decision",96560cf4-030d-4268-baea-87bb57cdf631,somaali,,,,,
4986,14038,تکاکردن,ئەرجوکردن,ئەنجامدانی کارێک,کار,کار,,,,LOW,"پۆل «ئەنجامدانی کارێک» is really the part of speech «کار» — routed nowhere, needs a decision",96560cf4-030d-4268-baea-87bb57cdf631,somaali,,,,,
4987,14039,تکان,چۆڕە,شوێن,ناو | کار,,ناو › شوێن,,,LOW,word carries several parts of speech (ناو / کار); a sense may only have one,96560cf4-030d-4268-baea-87bb57cdf631,somaali,,,,,
4988,14039,تکان,چۆڕ هاتنە خوار,شوێن,ناو | کار,,ناو › شوێن,,,LOW,word carries several parts of speech (ناو / کار); a sense may only have one,96560cf4-030d-4268-baea-87bb57cdf631,somaali,,,,,
4989,14039,تکان,چکان,شوێن,ناو | کار,,ناو › شوێن,,,LOW,word carries several parts of speech (ناو / کار); a sense may only have one,96560cf4-030d-4268-baea-87bb57cdf631,somaali,,,,,
4990,14039,تکان,دوکان,شوێن,ناو | کار,,ناو › شوێن,,,LOW,word carries several parts of speech (ناو / کار); a sense may only have one,96560cf4-030d-4268-baea-87bb57cdf631,somaali,,,,,
4991,14039,تکان,جێگەی فرۆشتن,شوێن,ناو | کار,,ناو › شوێن,,,LOW,word carries several parts of speech (ناو / کار); a sense may only have one,96560cf4-030d-4268-baea-87bb57cdf631,somaali,,,,,
4993,14040,تکاندن,چکاندن,,چاوگ,چاوگ,,,,HIGH,,96560cf4-030d-4268-baea-87bb57cdf631,somaali,,,,,
4994,14040,تکاندن,تنۆک تنۆک ڕژاندن,,چاوگ,چاوگ,,,,HIGH,,96560cf4-030d-4268-baea-87bb57cdf631,somaali,,,,,
4995,14041,تکانن,تکاندن,,چاوگ,چاوگ,,,,HIGH,,96560cf4-030d-4268-baea-87bb57cdf631,somaali,,,,,
4996,14042,تکاو,چەکاو,شوێن,ناو,ناو,ناو › شوێن,,,HIGH,,96560cf4-030d-4268-baea-87bb57cdf631,somaali,,,,,
4997,14042,تکاو,تنۆکەی داڕژاو,شوێن,ناو,ناو,ناو › شوێن,,,HIGH,,96560cf4-030d-4268-baea-87bb57cdf631,somaali,,,,,
4998,14042,تکاو,زنە,شوێن,ناو,ناو,ناو › شوێن,,,HIGH,,96560cf4-030d-4268-baea-87bb57cdf631,somaali,,,,,
4999,14042,تکاو,شوێنێ کە ئاوی کەمی لێدەردەچێ,شوێن,ناو,ناو,ناو › شوێن,,,HIGH,,96560cf4-030d-4268-baea-87bb57cdf631,somaali,,,,,
5001,14043,تککە,کەبابی پلەگۆشت,خواردن,ناو,ناو,کولتووری › خواردن,,,HIGH,,96560cf4-030d-4268-baea-87bb57cdf631,somaali,,,,,
5002,14043,تککە,قوژباشی,خواردن,ناو,ناو,کولتووری › خواردن,,,HIGH,,96560cf4-030d-4268-baea-87bb57cdf631,somaali,,,,,
5003,14044,تکە,تککە,خواردن,ناو,ناو,کولتووری › خواردن,,,HIGH,,96560cf4-030d-4268-baea-87bb57cdf631,somaali,,,,,
5004,14044,تکە,چکەی ناو بەتنۆکە داڕژان,خواردن,ناو,ناو,کولتووری › خواردن,,,HIGH,,96560cf4-030d-4268-baea-87bb57cdf631,somaali,,,,,
5005,14044,تکە,بزوتنەوە: (مناڵەکە هێند گریا لە تکە کەوت,خواردن,ناو,ناو,کولتووری › خواردن,,,HIGH,,96560cf4-030d-4268-baea-87bb57cdf631,somaali,,,,,
5008,14045,تکین,چکەکردن,,کار,کار,,,,HIGH,,96560cf4-030d-4268-baea-87bb57cdf631,somaali,,,,,
5009,14046,تکێن,ڕژێن بە دڵۆپ,,کار,کار,,,,HIGH,,96560cf4-030d-4268-baea-87bb57cdf631,somaali,,,,,
5010,14047,تگر,زۆر سارد,دۆخی کەشوھەوا,ناو | ئاوەڵناو,,,,,LOW,word carries several parts of speech (ناو / هاوەڵناو); a sense may only have one ; پۆل «دۆخی کەشوھەوا» has no home among the deck's ten (see unmapped.csv),96560cf4-030d-4268-baea-87bb57cdf631,somaali,,,,,
5011,14047,تگر,تەرزە,دۆخی کەشوھەوا,ناو | ئاوەڵناو,,,,,LOW,word carries several parts of speech (ناو / هاوەڵناو); a sense may only have one ; پۆل «دۆخی کەشوھەوا» has no home among the deck's ten (see unmapped.csv),96560cf4-030d-4268-baea-87bb57cdf631,somaali,,,,,
5012,14047,تگر,تەزرە,دۆخی کەشوھەوا,ناو | ئاوەڵناو,,,,,LOW,word carries several parts of speech (ناو / هاوەڵناو); a sense may only have one ; پۆل «دۆخی کەشوھەوا» has no home among the deck's ten (see unmapped.csv),96560cf4-030d-4268-baea-87bb57cdf631,somaali,,,,,
5013,14047,تگر,تەیرۆک,دۆخی کەشوھەوا,ناو | ئاوەڵناو,,,,,LOW,word carries several parts of speech (ناو / هاوەڵناو); a sense may only have one ; پۆل «دۆخی کەشوھەوا» has no home among the deck's ten (see unmapped.csv),96560cf4-030d-4268-baea-87bb57cdf631,somaali,,,,,
5015,14048,تگل,بەران,ئاژەڵ,ناو,ناو,زیندەوەرزانی › ئاژەڵ,ڕەگەز=نێر,,HIGH,,96560cf4-030d-4268-baea-87bb57cdf631,somaali,,,,,
5016,14048,تگل,مەڕی نێر,ئاژەڵ,ناو,ناو,زیندەوەرزانی › ئاژەڵ,ڕەگەز=نێر,,HIGH,,96560cf4-030d-4268-baea-87bb57cdf631,somaali,,,,,
5017,14049,تگە,نێری,ئاژەڵ,ناو,ناو,زیندەوەرزانی › ئاژەڵ,ڕەگەز=نێر,,HIGH,,96560cf4-030d-4268-baea-87bb57cdf631,somaali,,,,,
5018,14049,تگە,نێرە بزن,ئاژەڵ,ناو,ناو,زیندەوەرزانی › ئاژەڵ,ڕەگەز=نێر,,HIGH,,96560cf4-030d-4268-baea-87bb57cdf631,somaali,,,,,
5019,14049,تگە,سابرێن,ئاژەڵ,ناو,ناو,زیندەوەرزانی › ئاژەڵ,ڕەگەز=نێر,,HIGH,,96560cf4-030d-4268-baea-87bb57cdf631,somaali,,,,,
5021,14050,تل,ورگ,ئەندامی جەستە,ناو,ناو,زانستیی پزیشکی › ئەندامی جەستە,,,HIGH,,96560cf4-030d-4268-baea-87bb57cdf631,somaali,,,,,
5022,14050,تل,عور,ئەندامی جەستە,ناو,ناو,زانستیی پزیشکی › ئەندامی جەستە,,,HIGH,,96560cf4-030d-4268-baea-87bb57cdf631,somaali,,,,,
5023,14050,تل,گیماڵ,ئەندامی جەستە,ناو,ناو,زانستیی پزیشکی › ئەندامی جەستە,,,HIGH,,96560cf4-030d-4268-baea-87bb57cdf631,somaali,,,,,
5024,14050,تل,بزوتن لەسەر لا,ئەندامی جەستە,ناو,ناو,زانستیی پزیشکی › ئەندامی جەستە,,,HIGH,,96560cf4-030d-4268-baea-87bb57cdf631,somaali,,,,,
5025,14050,تل,خلار,ئەندامی جەستە,ناو,ناو,زانستیی پزیشکی › ئەندامی جەستە,,,HIGH,,96560cf4-030d-4268-baea-87bb57cdf631,somaali,,,,,
5026,14050,تل,گلار,ئەندامی جەستە,ناو,ناو,زانستیی پزیشکی › ئەندامی جەستە,,,HIGH,,96560cf4-030d-4268-baea-87bb57cdf631,somaali,,,,,
5027,14050,تل,قامک,ئەندامی جەستە,ناو,ناو,زانستیی پزیشکی › ئەندامی جەستە,,,HIGH,,96560cf4-030d-4268-baea-87bb57cdf631,somaali,,,,,
5028,14050,تل,ئەنگوست,ئەندامی جەستە,ناو,ناو,زانستیی پزیشکی › ئەندامی جەستە,,,HIGH,,96560cf4-030d-4268-baea-87bb57cdf631,somaali,,,,,
5029,14050,تل,تبل,ئەندامی جەستە,ناو,ناو,زانستیی پزیشکی › ئەندامی جەستە,,,HIGH,,96560cf4-030d-4268-baea-87bb57cdf631,somaali,,,,,
5030,14050,تل,کلک,ئەندامی جەستە,ناو,ناو,زانستیی پزیشکی › ئەندامی جەستە,,,HIGH,,96560cf4-030d-4268-baea-87bb57cdf631,somaali,,,,,
5033,14051,تڵ,چڵ,ئەندامی جەستە | ئاژەڵ | گژوگیا,ناو,ناو,زانستیی پزیشکی › ئەندامی جەستە | زیندەوەرزانی › ئاژەڵ,,,HIGH,پۆل «گژوگیا» has no home among the deck's ten (see unmapped.csv),96560cf4-030d-4268-baea-87bb57cdf631,somaali,,,,,
5034,14051,تڵ,لقی گیا,ئەندامی جەستە | ئاژەڵ | گژوگیا,ناو,ناو,زانستیی پزیشکی › ئەندامی جەستە | زیندەوەرزانی › ئاژەڵ,,,HIGH,پۆل «گژوگیا» has no home among the deck's ten (see unmapped.csv),96560cf4-030d-4268-baea-87bb57cdf631,somaali,,,,,
5035,14051,تڵ,قل,ئەندامی جەستە | ئاژەڵ | گژوگیا,ناو,ناو,زانستیی پزیشکی › ئەندامی جەستە | زیندەوەرزانی › ئاژەڵ,,,HIGH,پۆل «گژوگیا» has no home among the deck's ten (see unmapped.csv),96560cf4-030d-4268-baea-87bb57cdf631,somaali,,,,,
5036,14051,تڵ,پشکەڵی کار و بەرخ,ئەندامی جەستە | ئاژەڵ | گژوگیا,ناو,ناو,زانستیی پزیشکی › ئەندامی جەستە | زیندەوەرزانی › ئاژەڵ,,,HIGH,پۆل «گژوگیا» has no home among the deck's ten (see unmapped.csv),96560cf4-030d-4268-baea-87bb57cdf631,somaali,,,,,
5037,14051,تڵ,توڵەقەندی,ئەندامی جەستە | ئاژەڵ | گژوگیا,ناو,ناو,زانستیی پزیشکی › ئەندامی جەستە | زیندەوەرزانی › ئاژەڵ,,,HIGH,پۆل «گژوگیا» has no home among the deck's ten (see unmapped.csv),96560cf4-030d-4268-baea-87bb57cdf631,somaali,,,,,
5038,14051,تڵ,تاکی بێ وێنە,ئەندامی جەستە | ئاژەڵ | گژوگیا,ناو,ناو,زانستیی پزیشکی › ئەندامی جەستە | زیندەوەرزانی › ئاژەڵ,,,HIGH,پۆل «گژوگیا» has no home among the deck's ten (see unmapped.csv),96560cf4-030d-4268-baea-87bb57cdf631,somaali,,,,,
5039,14051,تڵ,هەڵبژاردە,ئەندامی جەستە | ئاژەڵ | گژوگیا,ناو,ناو,زانستیی پزیشکی › ئەندامی جەستە | زیندەوەرزانی › ئاژەڵ,,,HIGH,پۆل «گژوگیا» has no home among the deck's ten (see unmapped.csv),96560cf4-030d-4268-baea-87bb57cdf631,somaali,,,,,
5040,14051,تڵ,زگ,ئەندامی جەستە | ئاژەڵ | گژوگیا,ناو,ناو,زانستیی پزیشکی › ئەندامی جەستە | زیندەوەرزانی › ئاژەڵ,,,HIGH,پۆل «گژوگیا» has no home among the deck's ten (see unmapped.csv),96560cf4-030d-4268-baea-87bb57cdf631,somaali,,,,,
5041,14051,تڵ,سک,ئەندامی جەستە | ئاژەڵ | گژوگیا,ناو,ناو,زانستیی پزیشکی › ئەندامی جەستە | زیندەوەرزانی › ئاژەڵ,,,HIGH,پۆل «گژوگیا» has no home among the deck's ten (see unmapped.csv),96560cf4-030d-4268-baea-87bb57cdf631,somaali,,,,,
5047,14052,یاب,دەستکەوت (نایاب),دەستەواژە,ئاوەڵناو,هاوەڵناو,,,,HIGH,پۆل «دەستەواژە» has no home among the deck's ten (see unmapped.csv),d641c5d5-6362-478e-b261-1d3ba03b0e00,sirwan,,,,,
5048,14053,تلار,گلارەوە بوو,سیفەت | باروودۆخ,ناو | ئاوەڵناو,,,,,LOW,"word carries several parts of speech (ناو / هاوەڵناو); a sense may only have one ; پۆل «سیفەت» is really the part of speech «هاوەڵناو» — routed nowhere, needs a decision ; پۆل «باروودۆخ» has no home among the deck's ten (see unmapped.csv)",96560cf4-030d-4268-baea-87bb57cdf631,somaali,,,,,
5049,14053,تلار,خلۆر,سیفەت | باروودۆخ,ناو | ئاوەڵناو,,,,,LOW,"word carries several parts of speech (ناو / هاوەڵناو); a sense may only have one ; پۆل «سیفەت» is really the part of speech «هاوەڵناو» — routed nowhere, needs a decision ; پۆل «باروودۆخ» has no home among the deck's ten (see unmapped.csv)",96560cf4-030d-4268-baea-87bb57cdf631,somaali,,,,,
5050,14053,تلار,درێژ ڕاکشاو,سیفەت | باروودۆخ,ناو | ئاوەڵناو,,,,,LOW,"word carries several parts of speech (ناو / هاوەڵناو); a sense may only have one ; پۆل «سیفەت» is really the part of speech «هاوەڵناو» — routed nowhere, needs a decision ; پۆل «باروودۆخ» has no home among the deck's ten (see unmapped.csv)",96560cf4-030d-4268-baea-87bb57cdf631,somaali,,,,,
5051,14053,تلار,خۆ درێژکردوو,سیفەت | باروودۆخ,ناو | ئاوەڵناو,,,,,LOW,"word carries several parts of speech (ناو / هاوەڵناو); a sense may only have one ; پۆل «سیفەت» is really the part of speech «هاوەڵناو» — routed nowhere, needs a decision ; پۆل «باروودۆخ» has no home among the deck's ten (see unmapped.csv)",96560cf4-030d-4268-baea-87bb57cdf631,somaali,,,,,
5052,14053,تلار,تەمەڵ و تەوەزەل,سیفەت | باروودۆخ,ناو | ئاوەڵناو,,,,,LOW,"word carries several parts of speech (ناو / هاوەڵناو); a sense may only have one ; پۆل «سیفەت» is really the part of speech «هاوەڵناو» — routed nowhere, needs a decision ; پۆل «باروودۆخ» has no home among the deck's ten (see unmapped.csv)",96560cf4-030d-4268-baea-87bb57cdf631,somaali,,,,,
5055,14054,تلاسان,لەڕێگە کلابون,,ناو,ناو,,,,HIGH,,96560cf4-030d-4268-baea-87bb57cdf631,somaali,,,,,
5056,14055,تلان,تل خواردن,ئەنجامدانی کارێک,کار,کار,,,,LOW,"پۆل «ئەنجامدانی کارێک» is really the part of speech «کار» — routed nowhere, needs a decision",96560cf4-030d-4268-baea-87bb57cdf631,somaali,,,,,
5057,14055,تلان,کلان,ئەنجامدانی کارێک,کار,کار,,,,LOW,"پۆل «ئەنجامدانی کارێک» is really the part of speech «کار» — routed nowhere, needs a decision",96560cf4-030d-4268-baea-87bb57cdf631,somaali,,,,,
5058,14055,تلان,لەسەر لا گەڕان,ئەنجامدانی کارێک,کار,کار,,,,LOW,"پۆل «ئەنجامدانی کارێک» is really the part of speech «کار» — routed nowhere, needs a decision",96560cf4-030d-4268-baea-87bb57cdf631,somaali,,,,,
5059,14056,تلاندنەوە,لەسەر لس سوڕاندن,ئەنجامدانی کارێک,چاوگ,چاوگ,,,,LOW,"پۆل «ئەنجامدانی کارێک» is really the part of speech «کار» — routed nowhere, needs a decision ; پۆل says «کار», جۆری وشە says «چاوگ» — they disagree",96560cf4-030d-4268-baea-87bb57cdf631,somaali,,,,,
5060,14056,تلاندنەوە,بزواتن,ئەنجامدانی کارێک,چاوگ,چاوگ,,,,LOW,"پۆل «ئەنجامدانی کارێک» is really the part of speech «کار» — routed nowhere, needs a decision ; پۆل says «کار», جۆری وشە says «چاوگ» — they disagree",96560cf4-030d-4268-baea-87bb57cdf631,somaali,,,,,
5061,14057,تلاننەوە,تلاندنەوە,ئەنجامدانی کارێک,کار,کار,,,,LOW,"پۆل «ئەنجامدانی کارێک» is really the part of speech «کار» — routed nowhere, needs a decision",96560cf4-030d-4268-baea-87bb57cdf631,somaali,,,,,
5062,14058,یاباش,لەسەرخۆ,,ئاوەڵکار,هاوەڵکار,,,,HIGH,,d641c5d5-6362-478e-b261-1d3ba03b0e00,sirwan,,,,,
5063,14058,یاباش,هێدیکا ،سەبرۆکە,,ئاوەڵکار,هاوەڵکار,,,,HIGH,,d641c5d5-6362-478e-b261-1d3ba03b0e00,sirwan,,,,,
5064,14059,یابان,بیابان،سارا،چۆلگە,شوێن,ناو,ناو,ناو › شوێن,,,HIGH,,d641c5d5-6362-478e-b261-1d3ba03b0e00,sirwan,,,,,
5065,14060,یابانراچەرایش,ژیان لە بیابان،دور لە ئاوای ڕابواردن,شوێن,ناو,ناو,ناو › شوێن,,,HIGH,,d641c5d5-6362-478e-b261-1d3ba03b0e00,sirwan,,,,,
5066,14061,یابان کەوتش,وەچۆل کەوتن،دانە سارا,دەستەواژە,ئاوەڵناو,هاوەڵناو,,,,HIGH,پۆل «دەستەواژە» has no home among the deck's ten (see unmapped.csv),d641c5d5-6362-478e-b261-1d3ba03b0e00,sirwan,,,,,
5067,14062,یابانی,بیابانی،چۆلپەرست,سیفەت,ئاوەڵناو,هاوەڵناو,,,,LOW,"پۆل «سیفەت» is really the part of speech «هاوەڵناو» — routed nowhere, needs a decision",d641c5d5-6362-478e-b261-1d3ba03b0e00,sirwan,,,,,
5068,14063,تلانەوە,لەسەر لابزوتن,ئەنجامدانی کارێک,کار,کار,,,,LOW,"پۆل «ئەنجامدانی کارێک» is really the part of speech «کار» — routed nowhere, needs a decision",96560cf4-030d-4268-baea-87bb57cdf631,somaali,,,,,
5069,14064,تلاوتل,لەسەر تەنیشت گەڕان,ئەنجامدانی کارێک,کار,کار,,,,LOW,"پۆل «ئەنجامدانی کارێک» is really the part of speech «کار» — routed nowhere, needs a decision",96560cf4-030d-4268-baea-87bb57cdf631,somaali,,,,,
5070,14064,تلاوتل,لا وەلا ڕۆیشتن,ئەنجامدانی کارێک,کار,کار,,,,LOW,"پۆل «ئەنجامدانی کارێک» is really the part of speech «کار» — routed nowhere, needs a decision",96560cf4-030d-4268-baea-87bb57cdf631,somaali,,,,,
5071,14065,تڵژین,بژاردە,ئەنجامدانی کارێک,کار,کار,,,,LOW,"پۆل «ئەنجامدانی کارێک» is really the part of speech «کار» — routed nowhere, needs a decision",96560cf4-030d-4268-baea-87bb57cdf631,somaali,,,,,
5072,14065,تڵژین,هەڵبژاردە,ئەنجامدانی کارێک,کار,کار,,,,LOW,"پۆل «ئەنجامدانی کارێک» is really the part of speech «کار» — routed nowhere, needs a decision",96560cf4-030d-4268-baea-87bb57cdf631,somaali,,,,,
5073,14065,تڵژین,نەقاندی,ئەنجامدانی کارێک,کار,کار,,,,LOW,"پۆل «ئەنجامدانی کارێک» is really the part of speech «کار» — routed nowhere, needs a decision",96560cf4-030d-4268-baea-87bb57cdf631,somaali,,,,,
5075,14066,تلبونەوە,گلارەوەبون,,چاوگ,چاوگ,,,,HIGH,,96560cf4-030d-4268-baea-87bb57cdf631,somaali,,,,,
5076,14066,تلبونەوە,خلۆربوونەوە,,چاوگ,چاوگ,,,,HIGH,,96560cf4-030d-4268-baea-87bb57cdf631,somaali,,,,,
5077,14067,رابوردو,رابردو,ڕەنگ,ئاوەڵناو,هاوەڵناو,,ڕەگەز=بێلایەن,,HIGH,پۆل «ڕەنگ» has no home among the deck's ten (see unmapped.csv),79dd71fd-aaa5-4f5a-9211-101eeda2d0b8,taraakoy,,,,,
5078,14067,رابوردو,رابردە,ڕەنگ,ئاوەڵناو,هاوەڵناو,,ڕەگەز=بێلایەن,,HIGH,پۆل «ڕەنگ» has no home among the deck's ten (see unmapped.csv),79dd71fd-aaa5-4f5a-9211-101eeda2d0b8,taraakoy,,,,,
5080,14068,رابوردە,رابردو,کات,ئاوەڵناو,هاوەڵناو,,ڕەگەز=بێلایەن,,HIGH,پۆل «کات» has no home among the deck's ten (see unmapped.csv),79dd71fd-aaa5-4f5a-9211-101eeda2d0b8,taraakoy,,,,,
5081,14068,رابوردە,رابردە,کات,ئاوەڵناو,هاوەڵناو,,ڕەگەز=بێلایەن,,HIGH,پۆل «کات» has no home among the deck's ten (see unmapped.csv),79dd71fd-aaa5-4f5a-9211-101eeda2d0b8,taraakoy,,,,,
5083,14069,تڵپ,ڕەشایی خەڵک لە دوورەوە,کەرەستە | سیفەت,ناو | کار | ئاوەڵناو,,کولتووری › کەرەستە,,,LOW,"word carries several parts of speech (ناو / کار / هاوەڵناو); a sense may only have one ; پۆل «سیفەت» is really the part of speech «هاوەڵناو» — routed nowhere, needs a decision",96560cf4-030d-4268-baea-87bb57cdf631,somaali,,,,,
5084,14069,تڵپ,تڵتەی ڕۆن لێ گیراو,کەرەستە | سیفەت,ناو | کار | ئاوەڵناو,,کولتووری › کەرەستە,,,LOW,"word carries several parts of speech (ناو / کار / هاوەڵناو); a sense may only have one ; پۆل «سیفەت» is really the part of speech «هاوەڵناو» — routed nowhere, needs a decision",96560cf4-030d-4268-baea-87bb57cdf631,somaali,,,,,
5085,14069,تڵپ,سنگ کوتان لە شیوەندا,کەرەستە | سیفەت,ناو | کار | ئاوەڵناو,,کولتووری › کەرەستە,,,LOW,"word carries several parts of speech (ناو / کار / هاوەڵناو); a sense may only have one ; پۆل «سیفەت» is really the part of speech «هاوەڵناو» — routed nowhere, needs a decision",96560cf4-030d-4268-baea-87bb57cdf631,somaali,,,,,
5088,14070,رابوری,رابردە,کات,ناو,ناو,,ڕەگەز=بێلایەن,,HIGH,پۆل «کات» has no home among the deck's ten (see unmapped.csv),79dd71fd-aaa5-4f5a-9211-101eeda2d0b8,taraakoy,,,,,
5090,14071,رابورین,رابارتن,ئەنجامدانی کارێک,کار,کار,,ڕەگەز=بێلایەن,,LOW,"پۆل «ئەنجامدانی کارێک» is really the part of speech «کار» — routed nowhere, needs a decision",79dd71fd-aaa5-4f5a-9211-101eeda2d0b8,taraakoy,,,,,
5091,14071,رابورین,رابواردن,ئەنجامدانی کارێک,کار,کار,,ڕەگەز=بێلایەن,,LOW,"پۆل «ئەنجامدانی کارێک» is really the part of speech «کار» — routed nowhere, needs a decision",79dd71fd-aaa5-4f5a-9211-101eeda2d0b8,taraakoy,,,,,
5093,14072,تڵپە,تڵتە نیشتووی پاڵێوراو,دەنگ,ناو,ناو,,,,HIGH,پۆل «دەنگ» has no home among the deck's ten (see unmapped.csv),96560cf4-030d-4268-baea-87bb57cdf631,somaali,,,,,
5094,14072,تڵپە,دەنگی کەوتنی زل و نەرم,دەنگ,ناو,ناو,,,,HIGH,پۆل «دەنگ» has no home among the deck's ten (see unmapped.csv),96560cf4-030d-4268-baea-87bb57cdf631,somaali,,,,,
5096,14073,تلتای,گلارەوەبون,,چاوگ,چاوگ,,,,HIGH,,96560cf4-030d-4268-baea-87bb57cdf631,somaali,,,,,
5097,14073,تلتای,خلۆربوونەوە,,چاوگ,چاوگ,,,,HIGH,,96560cf4-030d-4268-baea-87bb57cdf631,somaali,,,,,
5098,14074,تڵتە,نیشتوی پاڵێوراو,ماددە,ناو,ناو,,,,HIGH,پۆل «ماددە» has no home among the deck's ten (see unmapped.csv),96560cf4-030d-4268-baea-87bb57cdf631,somaali,,,,,
5099,14074,تڵتە,تڵف,ماددە,ناو,ناو,,,,HIGH,پۆل «ماددە» has no home among the deck's ten (see unmapped.csv),96560cf4-030d-4268-baea-87bb57cdf631,somaali,,,,,
5100,14075,رابون,هەستان,,کار,کار,,ڕەگەز=بێلایەن,,HIGH,,79dd71fd-aaa5-4f5a-9211-101eeda2d0b8,taraakoy,,,,,
5101,14075,رابون,بەرزەوەبون,,کار,کار,,ڕەگەز=بێلایەن,,HIGH,,79dd71fd-aaa5-4f5a-9211-101eeda2d0b8,taraakoy,,,,,
5103,14076,تڵخ,ڕەشی ئاماڵ زەرد,سیفەت,ئاوەڵناو,هاوەڵناو,,,,LOW,"پۆل «سیفەت» is really the part of speech «هاوەڵناو» — routed nowhere, needs a decision",96560cf4-030d-4268-baea-87bb57cdf631,somaali,,,,,
5104,14076,تڵخ,تاڵی ئاماڵ شیرن,سیفەت,ئاوەڵناو,هاوەڵناو,,,,LOW,"پۆل «سیفەت» is really the part of speech «هاوەڵناو» — routed nowhere, needs a decision",96560cf4-030d-4268-baea-87bb57cdf631,somaali,,,,,
5106,14077,رابەر,شارەزی پێشرەو,کەس | ئەنجامدانی کارێک,کار,کار,ناو › کەس,,,LOW,"پۆل «ئەنجامدانی کارێک» is really the part of speech «کار» — routed nowhere, needs a decision",79dd71fd-aaa5-4f5a-9211-101eeda2d0b8,taraakoy,,,,,
5107,14077,رابەر,رێبەر,کەس | ئەنجامدانی کارێک,کار,کار,ناو › کەس,,,LOW,"پۆل «ئەنجامدانی کارێک» is really the part of speech «کار» — routed nowhere, needs a decision",79dd71fd-aaa5-4f5a-9211-101eeda2d0b8,taraakoy,,,,,
5109,14078,تلدان,بزاوتن لەسەر تەنیشت,ئەنجامدانی کارێک,چاوگ,چاوگ,,,,LOW,"پۆل «ئەنجامدانی کارێک» is really the part of speech «کار» — routed nowhere, needs a decision ; پۆل says «کار», جۆری وشە says «چاوگ» — they disagree",96560cf4-030d-4268-baea-87bb57cdf631,somaali,,,,,
5110,14078,تلدان,پەڕێنی دەمار,ئەنجامدانی کارێک,چاوگ,چاوگ,,,,LOW,"پۆل «ئەنجامدانی کارێک» is really the part of speech «کار» — routed nowhere, needs a decision ; پۆل says «کار», جۆری وشە says «چاوگ» — they disagree",96560cf4-030d-4268-baea-87bb57cdf631,somaali,,,,,
5111,14078,تلدان,لێدانی توندی ڕەگ,ئەنجامدانی کارێک,چاوگ,چاوگ,,,,LOW,"پۆل «ئەنجامدانی کارێک» is really the part of speech «کار» — routed nowhere, needs a decision ; پۆل says «کار», جۆری وشە says «چاوگ» — they disagree",96560cf4-030d-4268-baea-87bb57cdf631,somaali,,,,,
5113,14079,تلف,تڵپە,مرۆڤ,ناو,ناو,کولتووری › مرۆڤ,,,HIGH,,96560cf4-030d-4268-baea-87bb57cdf631,somaali,,,,,
5114,14079,تلف,مناڵی ساوا,مرۆڤ,ناو,ناو,کولتووری › مرۆڤ,,,HIGH,,96560cf4-030d-4268-baea-87bb57cdf631,somaali,,,,,
5116,14080,تڵفار,تڵپە,,ناو,ناو,,,,HIGH,,96560cf4-030d-4268-baea-87bb57cdf631,somaali,,,,,
5117,14080,تڵفار,تڵتە,,ناو,ناو,,,,HIGH,,96560cf4-030d-4268-baea-87bb57cdf631,somaali,,,,,
5118,14081,رابەری,شارەزایی کردن,کەس,ناو,ناو,ناو › کەس,ڕەگەز=بێلایەن,,HIGH,,79dd71fd-aaa5-4f5a-9211-101eeda2d0b8,taraakoy,,,,,
5119,14081,رابەری,بەڵەدی کردن,کەس,ناو,ناو,ناو › کەس,ڕەگەز=بێلایەن,,HIGH,,79dd71fd-aaa5-4f5a-9211-101eeda2d0b8,taraakoy,,,,,
5121,14082,تڵفە,تڵفار,,ناو,ناو,,,,HIGH,,96560cf4-030d-4268-baea-87bb57cdf631,somaali,,,,,
5122,14083,تڵقر,شڵقە,دەنگ,ناو,ناو,,,,HIGH,پۆل «دەنگ» has no home among the deck's ten (see unmapped.csv),96560cf4-030d-4268-baea-87bb57cdf631,somaali,,,,,
5123,14083,تڵقر,دەنگی مەشکە لە کاتی ژاندندا,دەنگ,ناو,ناو,,,,HIGH,پۆل «دەنگ» has no home among the deck's ten (see unmapped.csv),96560cf4-030d-4268-baea-87bb57cdf631,somaali,,,,,
5124,14084,تڵقەتڵق,شڵقەی زۆر,دەنگ,ناو,ناو,,,,HIGH,پۆل «دەنگ» has no home among the deck's ten (see unmapped.csv),96560cf4-030d-4268-baea-87bb57cdf631,somaali,,,,,
5125,14085,رابەزاندن,شەرە چەقە,ئەنجامدانی کارێک,,,,,,LOW,"word has no جۆری وشە at all ; پۆل «ئەنجامدانی کارێک» is really the part of speech «کار» — routed nowhere, needs a decision",79dd71fd-aaa5-4f5a-9211-101eeda2d0b8,taraakoy,,,,,
5126,14085,رابەزاندن,شەڕو هەرای هەر بەدەم,ئەنجامدانی کارێک,,,,,,LOW,"word has no جۆری وشە at all ; پۆل «ئەنجامدانی کارێک» is really the part of speech «کار» — routed nowhere, needs a decision",79dd71fd-aaa5-4f5a-9211-101eeda2d0b8,taraakoy,,,,,
5128,14086,رابەستن,بەخۆوە قایم کردن,ئەنجامدانی کارێک,کار,کار,,ڕەگەز=بێلایەن,,LOW,"پۆل «ئەنجامدانی کارێک» is really the part of speech «کار» — routed nowhere, needs a decision",79dd71fd-aaa5-4f5a-9211-101eeda2d0b8,taraakoy,,,,,
5129,14086,رابەستن,فیشەکدانی رابەست,ئەنجامدانی کارێک,کار,کار,,ڕەگەز=بێلایەن,,LOW,"پۆل «ئەنجامدانی کارێک» is really the part of speech «کار» — routed nowhere, needs a decision",79dd71fd-aaa5-4f5a-9211-101eeda2d0b8,taraakoy,,,,,
5133,14087,تلک,زەنگەتەترێ,میوە,ناو,ناو,,,,HIGH,پۆل «میوە» has no home among the deck's ten (see unmapped.csv),96560cf4-030d-4268-baea-87bb57cdf631,somaali,,,,,
5134,14087,تلک,هێشووی گچکە لە هێشووی گەورە,میوە,ناو,ناو,,,,HIGH,پۆل «میوە» has no home among the deck's ten (see unmapped.csv),96560cf4-030d-4268-baea-87bb57cdf631,somaali,,,,,
5132,14088,تلکردن,بزواندن بە پاڵ,ئەنجامدانی کارێک,کار,کار,,,,LOW,"پۆل «ئەنجامدانی کارێک» is really the part of speech «کار» — routed nowhere, needs a decision",96560cf4-030d-4268-baea-87bb57cdf631,somaali,,,,,
5135,14089,تلکردنەوە,خلۆرکردنەوە,ئەنجامدانی کارێک,کار,کار,,,,LOW,"پۆل «ئەنجامدانی کارێک» is really the part of speech «کار» — routed nowhere, needs a decision",96560cf4-030d-4268-baea-87bb57cdf631,somaali,,,,,
5136,14089,تلکردنەوە,گلۆرکردنەوە,ئەنجامدانی کارێک,کار,کار,,,,LOW,"پۆل «ئەنجامدانی کارێک» is really the part of speech «کار» — routed nowhere, needs a decision",96560cf4-030d-4268-baea-87bb57cdf631,somaali,,,,,
5137,14090,تللور,لەسەر سک ڕاکسان,ئەنجامدانی کارێک,کار,کار,,,,LOW,"پۆل «ئەنجامدانی کارێک» is really the part of speech «کار» — routed nowhere, needs a decision",96560cf4-030d-4268-baea-87bb57cdf631,somaali,,,,,
5138,14091,تڵماسک,زەنگەتەترێ,میوە,ناو,ناو,,,,HIGH,پۆل «میوە» has no home among the deck's ten (see unmapped.csv),96560cf4-030d-4268-baea-87bb57cdf631,somaali,,,,,
5139,14091,تڵماسک,تلک,میوە,ناو,ناو,,,,HIGH,پۆل «میوە» has no home among the deck's ten (see unmapped.csv),96560cf4-030d-4268-baea-87bb57cdf631,somaali,,,,,
5140,14092,تڵۆخ,زەنبیلەی دەسکدار,کەرەستە,ناو,ناو,کولتووری › کەرەستە,,,HIGH,,96560cf4-030d-4268-baea-87bb57cdf631,somaali,,,,,
5141,14092,تڵۆخ,ژنی بێ شەرم و زمان درێژ,کەرەستە,ناو,ناو,کولتووری › کەرەستە,,,HIGH,,96560cf4-030d-4268-baea-87bb57cdf631,somaali,,,,,
5143,14093,تلوخوێ,زۆر سوێر,سیفەت | تام,ئاوەڵناو,هاوەڵناو,,,,LOW,"پۆل «سیفەت» is really the part of speech «هاوەڵناو» — routed nowhere, needs a decision ; پۆل «تام» has no home among the deck's ten (see unmapped.csv)",96560cf4-030d-4268-baea-87bb57cdf631,somaali,,,,,
5144,14093,تلوخوێ,پڕخوێ,سیفەت | تام,ئاوەڵناو,هاوەڵناو,,,,LOW,"پۆل «سیفەت» is really the part of speech «هاوەڵناو» — routed nowhere, needs a decision ; پۆل «تام» has no home among the deck's ten (see unmapped.csv)",96560cf4-030d-4268-baea-87bb57cdf631,somaali,,,,,
5145,14094,تلوور,باڵداران,بەرگ | باڵندە,ناو,ناو,زیندەوەرزانی › باڵندە,,,HIGH,پۆل «بەرگ» has no home among the deck's ten (see unmapped.csv),96560cf4-030d-4268-baea-87bb57cdf631,somaali,,,,,
5146,14095,تلۆر,گلۆر,سیفەت,ئاوەڵناو,هاوەڵناو,,,,LOW,"پۆل «سیفەت» is really the part of speech «هاوەڵناو» — routed nowhere, needs a decision",96560cf4-030d-4268-baea-87bb57cdf631,somaali,,,,,
5147,14095,تلۆر,درێژ ڕاکشاو لەسەر تەنیشت,سیفەت,ئاوەڵناو,هاوەڵناو,,,,LOW,"پۆل «سیفەت» is really the part of speech «هاوەڵناو» — routed nowhere, needs a decision",96560cf4-030d-4268-baea-87bb57cdf631,somaali,,,,,
5149,14096,رابێژ,تەکبیر,کەس,ناو,ناو,ناو › کەس,ڕەگەز=دوولایەن,,HIGH,,79dd71fd-aaa5-4f5a-9211-101eeda2d0b8,taraakoy,,,,,
5151,14097,رابێژگە,کۆڕی تەکبیر لە کارێ کردن,شوێن,ناو,ناو,ناو › شوێن,ڕەگەز=مێ,,HIGH,,79dd71fd-aaa5-4f5a-9211-101eeda2d0b8,taraakoy,,,,,
5153,14098,رابێژەک,رابێژ,کەس,ناو,ناو,ناو › کەس,ڕەگەز=مێ,,HIGH,,79dd71fd-aaa5-4f5a-9211-101eeda2d0b8,taraakoy,,,,,
5155,14099,رابین,رابون,ئەنجامدانی کارێک,کار,کار,,ڕەگەز=بێلایەن,,LOW,"پۆل «ئەنجامدانی کارێک» is really the part of speech «کار» — routed nowhere, needs a decision",79dd71fd-aaa5-4f5a-9211-101eeda2d0b8,taraakoy,,,,,
5157,14100,رابینی,برواپێکردن,ئەنجامدانی کارێک,کار,کار,,,,LOW,"پۆل «ئەنجامدانی کارێک» is really the part of speech «کار» — routed nowhere, needs a decision",79dd71fd-aaa5-4f5a-9211-101eeda2d0b8,taraakoy,,,,,
5158,14100,رابینی,باوەڕپێهێنان,ئەنجامدانی کارێک,کار,کار,,,,LOW,"پۆل «ئەنجامدانی کارێک» is really the part of speech «کار» — routed nowhere, needs a decision",79dd71fd-aaa5-4f5a-9211-101eeda2d0b8,taraakoy,,,,,
5159,14100,رابینی,تێ رادیوی,ئەنجامدانی کارێک,کار,کار,,,,LOW,"پۆل «ئەنجامدانی کارێک» is really the part of speech «کار» — routed nowhere, needs a decision",79dd71fd-aaa5-4f5a-9211-101eeda2d0b8,taraakoy,,,,,
5162,14101,رابینین,تێ رادین,ئەنجامدانی کارێک,کار,کار,,ڕەگەز=بێلایەن,,LOW,"پۆل «ئەنجامدانی کارێک» is really the part of speech «کار» — routed nowhere, needs a decision",79dd71fd-aaa5-4f5a-9211-101eeda2d0b8,taraakoy,,,,,
5163,14101,رابینین,بروایی,ئەنجامدانی کارێک,کار,کار,,ڕەگەز=بێلایەن,,LOW,"پۆل «ئەنجامدانی کارێک» is really the part of speech «کار» — routed nowhere, needs a decision",79dd71fd-aaa5-4f5a-9211-101eeda2d0b8,taraakoy,,,,,
5166,14102,راپسان,لە پڕ جیابونەوە,ئەنجامدانی کارێک,,,,ڕەگەز=بێلایەن,,LOW,"word has no جۆری وشە at all ; پۆل «ئەنجامدانی کارێک» is really the part of speech «کار» — routed nowhere, needs a decision",79dd71fd-aaa5-4f5a-9211-101eeda2d0b8,taraakoy,,,,,
5167,14102,راپسان,راسان,ئەنجامدانی کارێک,,,,ڕەگەز=بێلایەن,,LOW,"word has no جۆری وشە at all ; پۆل «ئەنجامدانی کارێک» is really the part of speech «کار» — routed nowhere, needs a decision",79dd71fd-aaa5-4f5a-9211-101eeda2d0b8,taraakoy,,,,,
5170,14103,راپسکان,لەپڕ بەهێز و جیابونەوە,ئەنجامدانی کارێک,کار,کار,,ڕەگەز=بێلایەن,,LOW,"پۆل «ئەنجامدانی کارێک» is really the part of speech «کار» — routed nowhere, needs a decision",79dd71fd-aaa5-4f5a-9211-101eeda2d0b8,taraakoy,,,,,
5172,14104,تلۆربوونەوە,تلۆر,,چاوگ,چاوگ,,,,HIGH,,96560cf4-030d-4268-baea-87bb57cdf631,somaali,,,,,
5173,14105,تلۆق,بلۆق,,ناو,ناو,,,,HIGH,,96560cf4-030d-4268-baea-87bb57cdf631,somaali,,,,,
5174,14106,تلۆڤە,بەسەر یەکدا هەڵچنراو,,چاوگ,چاوگ,,,,HIGH,,96560cf4-030d-4268-baea-87bb57cdf631,somaali,,,,,
5175,14106,تلۆڤە,بەسەر یەکدا کراو,,چاوگ,چاوگ,,,,HIGH,,96560cf4-030d-4268-baea-87bb57cdf631,somaali,,,,,
5176,14106,تلۆڤە,قەڵاقوچکە,,چاوگ,چاوگ,,,,HIGH,,96560cf4-030d-4268-baea-87bb57cdf631,somaali,,,,,
5177,14107,تلۆل,قوڕ و چڵپاو,,ناو,ناو,,,,HIGH,,96560cf4-030d-4268-baea-87bb57cdf631,somaali,,,,,
5178,14107,تلۆل,لیتە,,ناو,ناو,,,,HIGH,,96560cf4-030d-4268-baea-87bb57cdf631,somaali,,,,,
5179,14108,تلۆل,هەڵوای بە ئاردی برینج,خواردن,ناو,ناو,کولتووری › خواردن,,,HIGH,,96560cf4-030d-4268-baea-87bb57cdf631,somaali,,,,,
5180,14109,تڵە,سوتانەوەی برین,نەخۆشی | ئاژەڵ,ناو,ناو,زانستیی پزیشکی › نەخۆشی | زیندەوەرزانی › ئاژەڵ,,,HIGH,,96560cf4-030d-4268-baea-87bb57cdf631,somaali,,,,,
5181,14109,تڵە,بڵێسەی ئاگر,نەخۆشی | ئاژەڵ,ناو,ناو,زانستیی پزیشکی › نەخۆشی | زیندەوەرزانی › ئاژەڵ,,,HIGH,,96560cf4-030d-4268-baea-87bb57cdf631,somaali,,,,,
5182,14109,تڵە,سەگی چکۆلەی ڕاو,نەخۆشی | ئاژەڵ,ناو,ناو,زانستیی پزیشکی › نەخۆشی | زیندەوەرزانی › ئاژەڵ,,,HIGH,,96560cf4-030d-4268-baea-87bb57cdf631,somaali,,,,,
5185,14110,زا,فرزەند,ئەندامی جەستە | بارودۆخی جەستەیی,ناو,ناو,زانستیی پزیشکی › ئەندامی جەستە | زانستیی پزیشکی › بارودۆخی جەستەیی,ڕەگەز=مێ,,HIGH,,5f16fc33-8c0b-4cb7-85ab-cf91afdbbcd3,bilalhama,,,,,
5186,14110,زا,بێچوی مەڕ و بزن,ئەندامی جەستە | بارودۆخی جەستەیی,ناو,ناو,زانستیی پزیشکی › ئەندامی جەستە | زانستیی پزیشکی › بارودۆخی جەستەیی,ڕەگەز=مێ,,HIGH,,5f16fc33-8c0b-4cb7-85ab-cf91afdbbcd3,bilalhama,,,,,
5187,14110,زا,زان,ئەندامی جەستە | بارودۆخی جەستەیی,ناو,ناو,زانستیی پزیشکی › ئەندامی جەستە | زانستیی پزیشکی › بارودۆخی جەستەیی,ڕەگەز=مێ,,HIGH,,5f16fc33-8c0b-4cb7-85ab-cf91afdbbcd3,bilalhama,,,,,
5188,14110,زا,مناڵ بون,ئەندامی جەستە | بارودۆخی جەستەیی,ناو,ناو,زانستیی پزیشکی › ئەندامی جەستە | زانستیی پزیشکی › بارودۆخی جەستەیی,ڕەگەز=مێ,,HIGH,,5f16fc33-8c0b-4cb7-85ab-cf91afdbbcd3,bilalhama,,,,,
5189,14110,زا,مناڵی بو,ئەندامی جەستە | بارودۆخی جەستەیی,ناو,ناو,زانستیی پزیشکی › ئەندامی جەستە | زانستیی پزیشکی › بارودۆخی جەستەیی,ڕەگەز=مێ,,HIGH,,5f16fc33-8c0b-4cb7-85ab-cf91afdbbcd3,bilalhama,,,,,
5190,14110,زا,بێچوی بو,ئەندامی جەستە | بارودۆخی جەستەیی,ناو,ناو,زانستیی پزیشکی › ئەندامی جەستە | زانستیی پزیشکی › بارودۆخی جەستەیی,ڕەگەز=مێ,,HIGH,,5f16fc33-8c0b-4cb7-85ab-cf91afdbbcd3,bilalhama,,,,,
5191,14110,زا,کەوایە,ئەندامی جەستە | بارودۆخی جەستەیی,ناو,ناو,زانستیی پزیشکی › ئەندامی جەستە | زانستیی پزیشکی › بارودۆخی جەستەیی,ڕەگەز=مێ,,HIGH,,5f16fc33-8c0b-4cb7-85ab-cf91afdbbcd3,bilalhama,,,,,
5192,14110,زا,دەی سا,ئەندامی جەستە | بارودۆخی جەستەیی,ناو,ناو,زانستیی پزیشکی › ئەندامی جەستە | زانستیی پزیشکی › بارودۆخی جەستەیی,ڕەگەز=مێ,,HIGH,,5f16fc33-8c0b-4cb7-85ab-cf91afdbbcd3,bilalhama,,,,,
5194,14110,زا,وشک,ئەندامی جەستە | بارودۆخی جەستەیی,ناو,ناو,زانستیی پزیشکی › ئەندامی جەستە | زانستیی پزیشکی › بارودۆخی جەستەیی,ڕەگەز=مێ,,HIGH,,5f16fc33-8c0b-4cb7-85ab-cf91afdbbcd3,bilalhama,,,,,
5195,14110,زا,نۆبە لە قوماردا,ئەندامی جەستە | بارودۆخی جەستەیی,ناو,ناو,زانستیی پزیشکی › ئەندامی جەستە | زانستیی پزیشکی › بارودۆخی جەستەیی,ڕەگەز=مێ,,HIGH,,5f16fc33-8c0b-4cb7-85ab-cf91afdbbcd3,bilalhama,,,,,
5200,14111,تڵەتڵ,گڕپەو بڵێسەی توندی ئاگر,سیفەت,ئاوەڵناو,هاوەڵناو,,,,LOW,"پۆل «سیفەت» is really the part of speech «هاوەڵناو» — routed nowhere, needs a decision",96560cf4-030d-4268-baea-87bb57cdf631,somaali,,,,,
5201,14112,زاب,سەکۆ,,ناو,ناو,,ڕەگەز=نێر,,HIGH,,5f16fc33-8c0b-4cb7-85ab-cf91afdbbcd3,bilalhama,,,,,
5202,14112,زاب,دکە,,ناو,ناو,,ڕەگەز=نێر,,HIGH,,5f16fc33-8c0b-4cb7-85ab-cf91afdbbcd3,bilalhama,,,,,
5204,14113,تڵەتڵە,سوتانەوەی برین,دەستەواژە,,,,,,LOW,word has no جۆری وشە at all ; پۆل «دەستەواژە» has no home among the deck's ten (see unmapped.csv),96560cf4-030d-4268-baea-87bb57cdf631,somaali,,,,,
5205,14114,تلەک,قوچەی دورمان,کەرەستە,ناو,ناو,کولتووری › کەرەستە,,,HIGH,,96560cf4-030d-4268-baea-87bb57cdf631,somaali,,,,,
5206,14114,تلەک,ئەنگوستەوانە,کەرەستە,ناو,ناو,کولتووری › کەرەستە,,,HIGH,,96560cf4-030d-4268-baea-87bb57cdf631,somaali,,,,,
5207,14115,زابت,ئەفسەر,پیشە,ناو,ناو,,ڕەگەز=نێر,,HIGH,پۆل «پیشە» has no home among the deck's ten (see unmapped.csv),5f16fc33-8c0b-4cb7-85ab-cf91afdbbcd3,bilalhama,,,,,
5209,14115,زابت,افسر,پیشە,ناو,ناو,,ڕەگەز=نێر,,HIGH,پۆل «پیشە» has no home among the deck's ten (see unmapped.csv),5f16fc33-8c0b-4cb7-85ab-cf91afdbbcd3,bilalhama,,,,,
5210,14116,تلهی,قامک,ئەندامی جەستە,ناو,ناو,زانستیی پزیشکی › ئەندامی جەستە,,,HIGH,,96560cf4-030d-4268-baea-87bb57cdf631,somaali,,,,,
5211,14116,تلهی,تلی,ئەندامی جەستە,ناو,ناو,زانستیی پزیشکی › ئەندامی جەستە,,,HIGH,,96560cf4-030d-4268-baea-87bb57cdf631,somaali,,,,,
5212,14116,تلهی,ئەنگوست,ئەندامی جەستە,ناو,ناو,زانستیی پزیشکی › ئەندامی جەستە,,,HIGH,,96560cf4-030d-4268-baea-87bb57cdf631,somaali,,,,,
5213,14116,تلهی,کلک,ئەندامی جەستە,ناو,ناو,زانستیی پزیشکی › ئەندامی جەستە,,,HIGH,,96560cf4-030d-4268-baea-87bb57cdf631,somaali,,,,,
5214,14117,تلی,تلهی,ئەندامی جەستە,ناو,ناو,زانستیی پزیشکی › ئەندامی جەستە,,,HIGH,,96560cf4-030d-4268-baea-87bb57cdf631,somaali,,,,,
5215,14118,تلیا,ئاسودە,سیفەت | هەست,ئاوەڵناو,هاوەڵناو,,,,LOW,"پۆل «سیفەت» is really the part of speech «هاوەڵناو» — routed nowhere, needs a decision ; پۆل «هەست» has no home among the deck's ten (see unmapped.csv)",96560cf4-030d-4268-baea-87bb57cdf631,somaali,,,,,
5216,14118,تلیا,رەحەت,سیفەت | هەست,ئاوەڵناو,هاوەڵناو,,,,LOW,"پۆل «سیفەت» is really the part of speech «هاوەڵناو» — routed nowhere, needs a decision ; پۆل «هەست» has no home among the deck's ten (see unmapped.csv)",96560cf4-030d-4268-baea-87bb57cdf631,somaali,,,,,
5217,14119,داچەقێن,ئەوەی دادەچەقێنێ,ئەنجامدانی کارێک,کار,کار,,,,LOW,"پۆل «ئەنجامدانی کارێک» is really the part of speech «کار» — routed nowhere, needs a decision",fbaa1310-1a57-4439-b4e4-2b6fb312b455,banazhamad,,,,,
5218,14120,تلیاک,تریاک,دەرمان,ناو,ناو,,,,HIGH,پۆل «دەرمان» has no home among the deck's ten (see unmapped.csv),96560cf4-030d-4268-baea-87bb57cdf631,somaali,,,,,
5219,14121,تلیاک خۆر,تریاکی,کەس,ناو,ناو,ناو › کەس,,,HIGH,,96560cf4-030d-4268-baea-87bb57cdf631,somaali,,,,,
5221,14122,تلیاکی,تریاکی,کەس,ناو,ناو,ناو › کەس,,,HIGH,,96560cf4-030d-4268-baea-87bb57cdf631,somaali,,,,,
5222,14123,تلیاگ,تل بردوو,,ناو,ناو,,,,HIGH,,96560cf4-030d-4268-baea-87bb57cdf631,somaali,,,,,
5223,14123,تلیاگ,رەت بردە,,ناو,ناو,,,,HIGH,,96560cf4-030d-4268-baea-87bb57cdf631,somaali,,,,,
5224,14123,تلیاگ,جوڵاو,,ناو,ناو,,,,HIGH,,96560cf4-030d-4268-baea-87bb57cdf631,somaali,,,,,
5225,14124,تلیان,تریان,کەرەستە,ناو,ناو,کولتووری › کەرەستە,,,HIGH,,96560cf4-030d-4268-baea-87bb57cdf631,somaali,,,,,
5226,14124,تلیان,رەت بردن,کەرەستە,ناو,ناو,کولتووری › کەرەستە,,,HIGH,,96560cf4-030d-4268-baea-87bb57cdf631,somaali,,,,,
5228,14125,داچەقان,سیسبون و ملکزبون,ئەنجامدانی کارێک | ڕوودانی کار,کار,کار,,,,LOW,"پۆل «ئەنجامدانی کارێک» is really the part of speech «کار» — routed nowhere, needs a decision ; پۆل «ڕوودانی کار» has no home among the deck's ten (see unmapped.csv)",fbaa1310-1a57-4439-b4e4-2b6fb312b455,banazhamad,,,,,
5229,14126,تلیان,هێشتن,,کار,کار,,,,HIGH,,96560cf4-030d-4268-baea-87bb57cdf631,somaali,,,,,
5230,14126,تلیان,واز لێ هێنان,,کار,کار,,,,HIGH,,96560cf4-030d-4268-baea-87bb57cdf631,somaali,,,,,
5231,14126,تلیان,هێڵان,,کار,کار,,,,HIGH,,96560cf4-030d-4268-baea-87bb57cdf631,somaali,,,,,
5233,14127,تلیانە,قەرتاڵە,کەرەستە,ناو,ناو,کولتووری › کەرەستە,,,HIGH,,96560cf4-030d-4268-baea-87bb57cdf631,somaali,,,,,
5234,14127,تلیانە,سەبەتەی میوە چنی,کەرەستە,ناو,ناو,کولتووری › کەرەستە,,,HIGH,,96560cf4-030d-4268-baea-87bb57cdf631,somaali,,,,,
5235,14127,تلیانە,تریان,کەرەستە,ناو,ناو,کولتووری › کەرەستە,,,HIGH,,96560cf4-030d-4268-baea-87bb57cdf631,somaali,,,,,
5236,14128,داچەقاو,سیس هەڵگەڕاو,سیفەت,ئاوەڵناو,هاوەڵناو,,,,LOW,"پۆل «سیفەت» is really the part of speech «هاوەڵناو» — routed nowhere, needs a decision",fbaa1310-1a57-4439-b4e4-2b6fb312b455,banazhamad,,,,,
5237,14128,داچەقاو,مل داخستو لە کزیان,سیفەت,ئاوەڵناو,هاوەڵناو,,,,LOW,"پۆل «سیفەت» is really the part of speech «هاوەڵناو» — routed nowhere, needs a decision",fbaa1310-1a57-4439-b4e4-2b6fb312b455,banazhamad,,,,,
5238,14129,تڵیت,تێکوشیو,خواردن,ناو,ناو,کولتووری › خواردن,,,HIGH,,96560cf4-030d-4268-baea-87bb57cdf631,somaali,,,,,
5239,14129,تڵیت,نانی وڵیو لە چێشتا,خواردن,ناو,ناو,کولتووری › خواردن,,,HIGH,,96560cf4-030d-4268-baea-87bb57cdf631,somaali,,,,,
5240,14129,تڵیت,تریت,خواردن,ناو,ناو,کولتووری › خواردن,,,HIGH,,96560cf4-030d-4268-baea-87bb57cdf631,somaali,,,,,
5241,14130,تلێر,تلۆر,سیفەت,ئاوەڵناو,هاوەڵناو,,,,LOW,"پۆل «سیفەت» is really the part of speech «هاوەڵناو» — routed nowhere, needs a decision",96560cf4-030d-4268-baea-87bb57cdf631,somaali,,,,,
5242,14131,داچەکین,داچەکان,ئەنجامدانی کارێک,کار,کار,,,,LOW,"پۆل «ئەنجامدانی کارێک» is really the part of speech «کار» — routed nowhere, needs a decision",fbaa1310-1a57-4439-b4e4-2b6fb312b455,banazhamad,,,,,
5243,14132,داچەلاندن,دالەقاندن,ئەنجامدانی کارێک,کار,کار,,,,LOW,"پۆل «ئەنجامدانی کارێک» is really the part of speech «کار» — routed nowhere, needs a decision",fbaa1310-1a57-4439-b4e4-2b6fb312b455,banazhamad,,,,,
5244,14132,داچەلاندن,بەرەوژێر هەڵواسین,ئەنجامدانی کارێک,کار,کار,,,,LOW,"پۆل «ئەنجامدانی کارێک» is really the part of speech «کار» — routed nowhere, needs a decision",fbaa1310-1a57-4439-b4e4-2b6fb312b455,banazhamad,,,,,
5245,14132,داچەلاندن,شۆڕەوکردن,ئەنجامدانی کارێک,کار,کار,,,,LOW,"پۆل «ئەنجامدانی کارێک» is really the part of speech «کار» — routed nowhere, needs a decision",fbaa1310-1a57-4439-b4e4-2b6fb312b455,banazhamad,,,,,
5246,14133,داچەندراو,زەوینی تۆم پێوەکراو,سیفەت,ئاوەڵناو,هاوەڵناو,,,,LOW,"پۆل «سیفەت» is really the part of speech «هاوەڵناو» — routed nowhere, needs a decision",fbaa1310-1a57-4439-b4e4-2b6fb312b455,banazhamad,,,,,
5247,14134,داچەنراو,داچەنراو,سیفەت,ئاوەڵناو,هاوەڵناو,,,,LOW,"پۆل «سیفەت» is really the part of speech «هاوەڵناو» — routed nowhere, needs a decision",fbaa1310-1a57-4439-b4e4-2b6fb312b455,banazhamad,,,,,
5248,14135,داچەندن,تۆمپێدانی زەوی,ئەنجامدانی کارێک,کار,کار,,,,LOW,"پۆل «ئەنجامدانی کارێک» is really the part of speech «کار» — routed nowhere, needs a decision",fbaa1310-1a57-4439-b4e4-2b6fb312b455,banazhamad,,,,,
5249,14136,داچەنن,داچەندن,ئەنجامدانی کارێک,کار,کار,,,,LOW,"پۆل «ئەنجامدانی کارێک» is really the part of speech «کار» — routed nowhere, needs a decision",fbaa1310-1a57-4439-b4e4-2b6fb312b455,banazhamad,,,,,
5250,14137,داچەنەچەن,هێندە مەڵێ,ئەنجامدانی کارێک,کار,کار,,,,LOW,"پۆل «ئەنجامدانی کارێک» is really the part of speech «کار» — routed nowhere, needs a decision",fbaa1310-1a57-4439-b4e4-2b6fb312b455,banazhamad,,,,,
5251,14137,داچەنەچەن,چەقەمەکە,ئەنجامدانی کارێک,کار,کار,,,,LOW,"پۆل «ئەنجامدانی کارێک» is really the part of speech «کار» — routed nowhere, needs a decision",fbaa1310-1a57-4439-b4e4-2b6fb312b455,banazhamad,,,,,
5252,14137,داچەنەچەن,وسکوت بە,ئەنجامدانی کارێک,کار,کار,,,,LOW,"پۆل «ئەنجامدانی کارێک» is really the part of speech «کار» — routed nowhere, needs a decision",fbaa1310-1a57-4439-b4e4-2b6fb312b455,banazhamad,,,,,
5253,14138,داچین,بابڕوین,ئەنجامدانی کارێک,کار,کار,,,,LOW,"پۆل «ئەنجامدانی کارێک» is really the part of speech «کار» — routed nowhere, needs a decision",fbaa1310-1a57-4439-b4e4-2b6fb312b455,banazhamad,,,,,
5254,14139,داچێن,ئەوی تۆم ئەپاشێ,ئەنجامدانی کارێک,کار,کار,,,,LOW,"پۆل «ئەنجامدانی کارێک» is really the part of speech «کار» — routed nowhere, needs a decision",fbaa1310-1a57-4439-b4e4-2b6fb312b455,banazhamad,,,,,
5255,14140,داچێنراو,تۆم پێوەکراو,سیفەت,ئاوەڵناو,هاوەڵناو,,,,LOW,"پۆل «سیفەت» is really the part of speech «هاوەڵناو» — routed nowhere, needs a decision",fbaa1310-1a57-4439-b4e4-2b6fb312b455,banazhamad,,,,,
5256,14140,داچێنراو,داچناو,سیفەت,ئاوەڵناو,هاوەڵناو,,,,LOW,"پۆل «سیفەت» is really the part of speech «هاوەڵناو» — routed nowhere, needs a decision",fbaa1310-1a57-4439-b4e4-2b6fb312b455,banazhamad,,,,,
5257,14141,داچێنراو,داچناو,سیفەت,ئاوەڵناو,هاوەڵناو,,,,LOW,"پۆل «سیفەت» is really the part of speech «هاوەڵناو» — routed nowhere, needs a decision",fbaa1310-1a57-4439-b4e4-2b6fb312b455,banazhamad,,,,,
5258,14142,داحبا,جانەوەری دڕندە,ئاژەڵ,ناو,ناو,زیندەوەرزانی › ئاژەڵ,,,HIGH,,fbaa1310-1a57-4439-b4e4-2b6fb312b455,banazhamad,,,,,
5259,14142,داحبا,جانەوەرێ کە ناناسرێ,ئاژەڵ,ناو,ناو,زیندەوەرزانی › ئاژەڵ,,,HIGH,,fbaa1310-1a57-4439-b4e4-2b6fb312b455,banazhamad,,,,,
5260,14142,داحبا,دەعبا,ئاژەڵ,ناو,ناو,زیندەوەرزانی › ئاژەڵ,,,HIGH,,fbaa1310-1a57-4439-b4e4-2b6fb312b455,banazhamad,,,,,
5261,14142,داحبا,داعبا,ئاژەڵ,ناو,ناو,زیندەوەرزانی › ئاژەڵ,,,HIGH,,fbaa1310-1a57-4439-b4e4-2b6fb312b455,banazhamad,,,,,
5265,14143,داخدار,خەمبار,هەست,ئاوەڵناو,هاوەڵناو,,,,HIGH,پۆل «هەست» has no home among the deck's ten (see unmapped.csv),fbaa1310-1a57-4439-b4e4-2b6fb312b455,banazhamad,,,,,
5266,14143,داخدار,دڵبکوڵ,هەست,ئاوەڵناو,هاوەڵناو,,,,HIGH,پۆل «هەست» has no home among the deck's ten (see unmapped.csv),fbaa1310-1a57-4439-b4e4-2b6fb312b455,banazhamad,,,,,
5268,14144,تلێران,گلاربوونەوە,سیفەت,ئاوەڵناو | چاوگ,,,,,LOW,"word carries several parts of speech (هاوەڵناو / چاوگ); a sense may only have one ; پۆل «سیفەت» is really the part of speech «هاوەڵناو» — routed nowhere, needs a decision",96560cf4-030d-4268-baea-87bb57cdf631,somaali,,,,,
5269,14145,تلی ڕێڤیک,جۆرێ ترێ,میوە,ناو,ناو,,,,HIGH,پۆل «میوە» has no home among the deck's ten (see unmapped.csv),96560cf4-030d-4268-baea-87bb57cdf631,somaali,,,,,
5270,14146,تلیس,تەڕی تەواو تەڕ,سیفەت,ئاوەڵناو,هاوەڵناو,,,,LOW,"پۆل «سیفەت» is really the part of speech «هاوەڵناو» — routed nowhere, needs a decision",96560cf4-030d-4268-baea-87bb57cdf631,somaali,,,,,
5271,14147,تڵیس,تلیس,سیفەت,ئاوەڵناو,هاوەڵناو,,,,LOW,"پۆل «سیفەت» is really the part of speech «هاوەڵناو» — routed nowhere, needs a decision",96560cf4-030d-4268-baea-87bb57cdf631,somaali,,,,,
5272,14148,تلیسان,تەواو تەڕبوون,,چاوگ,چاوگ,,,,HIGH,,96560cf4-030d-4268-baea-87bb57cdf631,somaali,,,,,
5273,14149,تلیساندن,تەواو تەڕکردن,ئەنجامدانی کارێک,چاوگ,چاوگ,,,,LOW,"پۆل «ئەنجامدانی کارێک» is really the part of speech «کار» — routed nowhere, needs a decision ; پۆل says «کار», جۆری وشە says «چاوگ» — they disagree",96560cf4-030d-4268-baea-87bb57cdf631,somaali,,,,,
5274,14150,تلیساندنەوە,تلیساندن,ئەنجامدانی کارێک,چاوگ,چاوگ,,,,LOW,"پۆل «ئەنجامدانی کارێک» is really the part of speech «کار» — routed nowhere, needs a decision ; پۆل says «کار», جۆری وشە says «چاوگ» — they disagree",96560cf4-030d-4268-baea-87bb57cdf631,somaali,,,,,
5275,14150,تلیساندنەوە,بە تەڕکردنی زۆر لە کارخستن,ئەنجامدانی کارێک,چاوگ,چاوگ,,,,LOW,"پۆل «ئەنجامدانی کارێک» is really the part of speech «کار» — routed nowhere, needs a decision ; پۆل says «کار», جۆری وشە says «چاوگ» — they disagree",96560cf4-030d-4268-baea-87bb57cdf631,somaali,,,,,
5277,14151,تلیسانەوە,لە تەڕیان لە کەڵک کەوتن,,چاوگ,چاوگ,,,,HIGH,,96560cf4-030d-4268-baea-87bb57cdf631,somaali,,,,,
5278,14152,تڵیسانەوە,تلیسانەوە,,چاوگ,چاوگ,,,,HIGH,,96560cf4-030d-4268-baea-87bb57cdf631,somaali,,,,,
5279,14153,تلیساو,بە تەواوی تەڕبووگ,سیفەت,ئاوەڵناو,هاوەڵناو,,,,LOW,"پۆل «سیفەت» is really the part of speech «هاوەڵناو» — routed nowhere, needs a decision",96560cf4-030d-4268-baea-87bb57cdf631,somaali,,,,,
5280,14154,تڵیساوە,تلیساو,سیفەت,ئاوەڵناو,هاوەڵناو,,,,LOW,"پۆل «سیفەت» is really the part of speech «هاوەڵناو» — routed nowhere, needs a decision",96560cf4-030d-4268-baea-87bb57cdf631,somaali,,,,,
5281,14155,تلیسک,زەنگەتە,سیفەت,ئاوەڵناو,هاوەڵناو,,,,LOW,"پۆل «سیفەت» is really the part of speech «هاوەڵناو» — routed nowhere, needs a decision",96560cf4-030d-4268-baea-87bb57cdf631,somaali,,,,,
5282,14156,داخرا,بۆ دەرکو پەنجەرە دەڵێن:  پێوەدرا، بەسترا، قفڵدرا,ئەنجامدانی کارێک,کار,کار,,,,LOW,"پۆل «ئەنجامدانی کارێک» is really the part of speech «کار» — routed nowhere, needs a decision",fbaa1310-1a57-4439-b4e4-2b6fb312b455,banazhamad,,,,,
5283,14156,داخرا,بۆ بەرەو نوین دەڵێن: راخرا، ( فەرش راخرا),ئەنجامدانی کارێک,کار,کار,,,,LOW,"پۆل «ئەنجامدانی کارێک» is really the part of speech «کار» — routed nowhere, needs a decision",fbaa1310-1a57-4439-b4e4-2b6fb312b455,banazhamad,,,,,
5285,14157,داخراو,پێوەدراو,ئەنجامدانی کارێک,,,,,,LOW,"word has no جۆری وشە at all ; پۆل «ئەنجامدانی کارێک» is really the part of speech «کار» — routed nowhere, needs a decision",fbaa1310-1a57-4439-b4e4-2b6fb312b455,banazhamad,,,,,
5286,14157,داخراو,قفڵکراو,ئەنجامدانی کارێک,,,,,,LOW,"word has no جۆری وشە at all ; پۆل «ئەنجامدانی کارێک» is really the part of speech «کار» — routed nowhere, needs a decision",fbaa1310-1a57-4439-b4e4-2b6fb312b455,banazhamad,,,,,
5287,14157,داخراو,راخراو,ئەنجامدانی کارێک,,,,,,LOW,"word has no جۆری وشە at all ; پۆل «ئەنجامدانی کارێک» is really the part of speech «کار» — routed nowhere, needs a decision",fbaa1310-1a57-4439-b4e4-2b6fb312b455,banazhamad,,,,,
5291,14158,داخرپان,داخرپیان,ئەنجامدانی کارێک,کار,کار,,,,LOW,"پۆل «ئەنجامدانی کارێک» is really the part of speech «کار» — routed nowhere, needs a decision",fbaa1310-1a57-4439-b4e4-2b6fb312b455,banazhamad,,,,,
5292,14159,داخرپیان,دڵەکوتە,بارودۆخی جەستەیی,کار,کار,زانستیی پزیشکی › بارودۆخی جەستەیی,,,HIGH,,fbaa1310-1a57-4439-b4e4-2b6fb312b455,banazhamad,,,,,
5293,14159,داخرپیان,شڵەژان,بارودۆخی جەستەیی,کار,کار,زانستیی پزیشکی › بارودۆخی جەستەیی,,,HIGH,,fbaa1310-1a57-4439-b4e4-2b6fb312b455,banazhamad,,,,,
5294,14160,داخریاگ,داخراو,سیفەت,ئاوەڵناو,هاوەڵناو,,,,LOW,"پۆل «سیفەت» is really the part of speech «هاوەڵناو» — routed nowhere, needs a decision",fbaa1310-1a57-4439-b4e4-2b6fb312b455,banazhamad,,,,,
5295,14161,داخزان,بەخشکە هاتنەخوار,ئەنجامدانی کارێک,,,,,,LOW,"word has no جۆری وشە at all ; پۆل «ئەنجامدانی کارێک» is really the part of speech «کار» — routed nowhere, needs a decision",fbaa1310-1a57-4439-b4e4-2b6fb312b455,banazhamad,,,,,
5296,14162,داخزاو,بەخشکە داکەتو,سیفەت,ئاوەڵناو,هاوەڵناو,,,,LOW,"پۆل «سیفەت» is really the part of speech «هاوەڵناو» — routed nowhere, needs a decision",fbaa1310-1a57-4439-b4e4-2b6fb312b455,banazhamad,,,,,
5297,14163,داخزین,داخزان,باروودۆخ,,,,,,LOW,word has no جۆری وشە at all ; پۆل «باروودۆخ» has no home among the deck's ten (see unmapped.csv),fbaa1310-1a57-4439-b4e4-2b6fb312b455,banazhamad,,,,,
5298,14164,راپسکاندن,رفاندنی لەناکاو,ئەنجامدانی کارێک,کار,کار,,ڕەگەز=بێلایەن,,LOW,"پۆل «ئەنجامدانی کارێک» is really the part of speech «کار» — routed nowhere, needs a decision",79dd71fd-aaa5-4f5a-9211-101eeda2d0b8,taraakoy,,,,,
5300,14165,راپۆر,ئاخن,ئەنجامدانی کارێک,,,,,,LOW,"word has no جۆری وشە at all ; پۆل «ئەنجامدانی کارێک» is really the part of speech «کار» — routed nowhere, needs a decision",79dd71fd-aaa5-4f5a-9211-101eeda2d0b8,taraakoy,,,,,
5301,14165,راپۆر,پەستوان,ئەنجامدانی کارێک,,,,,,LOW,"word has no جۆری وشە at all ; پۆل «ئەنجامدانی کارێک» is really the part of speech «کار» — routed nowhere, needs a decision",79dd71fd-aaa5-4f5a-9211-101eeda2d0b8,taraakoy,,,,,
5302,14165,راپۆر,خستنە ناو بە نهێم,ئەنجامدانی کارێک,,,,,,LOW,"word has no جۆری وشە at all ; پۆل «ئەنجامدانی کارێک» is really the part of speech «کار» — routed nowhere, needs a decision",79dd71fd-aaa5-4f5a-9211-101eeda2d0b8,taraakoy,,,,,
5303,14165,راپۆر,خەبەری روداو بۆ پیاوی لەخۆی گەورەتر,ئەنجامدانی کارێک,,,,,,LOW,"word has no جۆری وشە at all ; پۆل «ئەنجامدانی کارێک» is really the part of speech «کار» — routed nowhere, needs a decision",79dd71fd-aaa5-4f5a-9211-101eeda2d0b8,taraakoy,,,,,
5307,14166,راپۆراندن,پەستاوتن,ئەنجامدانی کارێک,ناو,ناو,,ڕەگەز=نێر,,LOW,"پۆل «ئەنجامدانی کارێک» is really the part of speech «کار» — routed nowhere, needs a decision ; پۆل says «کار», جۆری وشە says «ناو» — they disagree",79dd71fd-aaa5-4f5a-9211-101eeda2d0b8,taraakoy,,,,,
5308,14166,راپۆراندن,بەزۆر دەناونان,ئەنجامدانی کارێک,ناو,ناو,,ڕەگەز=نێر,,LOW,"پۆل «ئەنجامدانی کارێک» is really the part of speech «کار» — routed nowhere, needs a decision ; پۆل says «کار», جۆری وشە says «ناو» — they disagree",79dd71fd-aaa5-4f5a-9211-101eeda2d0b8,taraakoy,,,,,
5309,14166,راپۆراندن,ئاخنین,ئەنجامدانی کارێک,ناو,ناو,,ڕەگەز=نێر,,LOW,"پۆل «ئەنجامدانی کارێک» is really the part of speech «کار» — routed nowhere, needs a decision ; پۆل says «کار», جۆری وشە says «ناو» — they disagree",79dd71fd-aaa5-4f5a-9211-101eeda2d0b8,taraakoy,,,,,
5312,14167,راپۆرت,خەبەری روداو,ئەنجامدانی کارێک,,,,,,LOW,"word has no جۆری وشە at all ; پۆل «ئەنجامدانی کارێک» is really the part of speech «کار» — routed nowhere, needs a decision",79dd71fd-aaa5-4f5a-9211-101eeda2d0b8,taraakoy,,,,,
5313,14167,راپۆرت,راپۆر,ئەنجامدانی کارێک,,,,,,LOW,"word has no جۆری وشە at all ; پۆل «ئەنجامدانی کارێک» is really the part of speech «کار» — routed nowhere, needs a decision",79dd71fd-aaa5-4f5a-9211-101eeda2d0b8,taraakoy,,,,,
5315,14168,راپۆرتچی,کەسێ کە خەبەری روداو بۆ گەورە دەنوسێ,کەس,ناو,ناو,ناو › کەس,,,HIGH,,79dd71fd-aaa5-4f5a-9211-101eeda2d0b8,taraakoy,,,,,
5317,14169,راپەر,توندوتۆڵی,ئەنجامدانی کارێک,ناو,ناو,,ڕەگەز=نێر,,LOW,"پۆل «ئەنجامدانی کارێک» is really the part of speech «کار» — routed nowhere, needs a decision ; پۆل says «کار», جۆری وشە says «ناو» — they disagree",79dd71fd-aaa5-4f5a-9211-101eeda2d0b8,taraakoy,,,,,
5318,14169,راپەر,گورج و گۆڵی,ئەنجامدانی کارێک,ناو,ناو,,ڕەگەز=نێر,,LOW,"پۆل «ئەنجامدانی کارێک» is really the part of speech «کار» — routed nowhere, needs a decision ; پۆل says «کار», جۆری وشە says «ناو» — they disagree",79dd71fd-aaa5-4f5a-9211-101eeda2d0b8,taraakoy,,,,,
5319,14169,راپەر,چالاکی,ئەنجامدانی کارێک,ناو,ناو,,ڕەگەز=نێر,,LOW,"پۆل «ئەنجامدانی کارێک» is really the part of speech «کار» — routed nowhere, needs a decision ; پۆل says «کار», جۆری وشە says «ناو» — they disagree",79dd71fd-aaa5-4f5a-9211-101eeda2d0b8,taraakoy,,,,,
5321,14170,داخکردن,بەئاسانی سورەوەبو چزاندن,ئەنجامدانی کارێک,چاوگ,چاوگ,,,,LOW,"پۆل «ئەنجامدانی کارێک» is really the part of speech «کار» — routed nowhere, needs a decision ; پۆل says «کار», جۆری وشە says «چاوگ» — they disagree",fbaa1310-1a57-4439-b4e4-2b6fb312b455,banazhamad,,,,,
5322,14170,داخکردن,چۆقاندنی ڕۆن,ئەنجامدانی کارێک,چاوگ,چاوگ,,,,LOW,"پۆل «ئەنجامدانی کارێک» is really the part of speech «کار» — routed nowhere, needs a decision ; پۆل says «کار», جۆری وشە says «چاوگ» — they disagree",fbaa1310-1a57-4439-b4e4-2b6fb312b455,banazhamad,,,,,
5323,14170,داخکردن,بریتی لە فریودان و زیانلێدان,ئەنجامدانی کارێک,چاوگ,چاوگ,,,,LOW,"پۆل «ئەنجامدانی کارێک» is really the part of speech «کار» — routed nowhere, needs a decision ; پۆل says «کار», جۆری وشە says «چاوگ» — they disagree",fbaa1310-1a57-4439-b4e4-2b6fb312b455,banazhamad,,,,,
5327,14171,داخگە,جێگەی داخکردنی ماڵات,شوێن,ناو,ناو,ناو › شوێن,,,HIGH,,fbaa1310-1a57-4439-b4e4-2b6fb312b455,banazhamad,,,,,
5329,14172,داخڵ,ژورەوە,شوێن,ئاوەڵکار,هاوەڵکار,ناو › شوێن,,,HIGH,,fbaa1310-1a57-4439-b4e4-2b6fb312b455,banazhamad,,,,,
5330,14172,داخڵ,ناوەوە,شوێن,ئاوەڵکار,هاوەڵکار,ناو › شوێن,,,HIGH,,fbaa1310-1a57-4439-b4e4-2b6fb312b455,banazhamad,,,,,
5331,14172,داخڵ,ناو,شوێن,ئاوەڵکار,هاوەڵکار,ناو › شوێن,,,HIGH,,fbaa1310-1a57-4439-b4e4-2b6fb312b455,banazhamad,,,,,
5333,14173,تڵیش,دادڕاو: (کراسەکەم تڵیش تڵیش بوو,سیفەت,ئاوەڵناو,هاوەڵناو,,,,LOW,"پۆل «سیفەت» is really the part of speech «هاوەڵناو» — routed nowhere, needs a decision",96560cf4-030d-4268-baea-87bb57cdf631,somaali,,,,,
5334,14173,تڵیش,پارچەی ناسک لە دار: (دارەکە تڵیشی لێ بۆتەوە),سیفەت,ئاوەڵناو,هاوەڵناو,,,,LOW,"پۆل «سیفەت» is really the part of speech «هاوەڵناو» — routed nowhere, needs a decision",96560cf4-030d-4268-baea-87bb57cdf631,somaali,,,,,
5335,14173,تڵیش,قەڵشین: (دار تڵیشی برد),سیفەت,ئاوەڵناو,هاوەڵناو,,,,LOW,"پۆل «سیفەت» is really the part of speech «هاوەڵناو» — routed nowhere, needs a decision",96560cf4-030d-4268-baea-87bb57cdf631,somaali,,,,,
5339,14174,تڵیشان,دڕان,,,,,,,LOW,word has no جۆری وشە at all,96560cf4-030d-4268-baea-87bb57cdf631,somaali,,,,,
5340,14174,تڵیشان,دەرز و قڵشت بردن,,,,,,,LOW,word has no جۆری وشە at all,96560cf4-030d-4268-baea-87bb57cdf631,somaali,,,,,
5342,14175,تڵیشاندن,دڕاندن,ئەنجامدانی کارێک,چاوگ,چاوگ,,,,LOW,"پۆل «ئەنجامدانی کارێک» is really the part of speech «کار» — routed nowhere, needs a decision ; پۆل says «کار», جۆری وشە says «چاوگ» — they disagree",96560cf4-030d-4268-baea-87bb57cdf631,somaali,,,,,
5343,14175,تڵیشاندن,درزپێدان,ئەنجامدانی کارێک,چاوگ,چاوگ,,,,LOW,"پۆل «ئەنجامدانی کارێک» is really the part of speech «کار» — routed nowhere, needs a decision ; پۆل says «کار», جۆری وشە says «چاوگ» — they disagree",96560cf4-030d-4268-baea-87bb57cdf631,somaali,,,,,
5344,14176,تڵیشانن,تڵیشاندن,ئەنجامدانی کارێک,چاوگ,چاوگ,,,,LOW,"پۆل «ئەنجامدانی کارێک» is really the part of speech «کار» — routed nowhere, needs a decision ; پۆل says «کار», جۆری وشە says «چاوگ» — they disagree",96560cf4-030d-4268-baea-87bb57cdf631,somaali,,,,,
5345,14177,تڵیشاو,دادڕاو,سیفەت,ئاوەڵناو,هاوەڵناو,,,,LOW,"پۆل «سیفەت» is really the part of speech «هاوەڵناو» — routed nowhere, needs a decision",96560cf4-030d-4268-baea-87bb57cdf631,somaali,,,,,
5346,14177,تڵیشاو,قەڵشاو,سیفەت,ئاوەڵناو,هاوەڵناو,,,,LOW,"پۆل «سیفەت» is really the part of speech «هاوەڵناو» — routed nowhere, needs a decision",96560cf4-030d-4268-baea-87bb57cdf631,somaali,,,,,
5348,14178,داخڵە,قوتوی دراوی دوکاندار,کەرەستە,ناو,ناو,کولتووری › کەرەستە,,,HIGH,,fbaa1310-1a57-4439-b4e4-2b6fb312b455,banazhamad,,,,,
5350,14179,تڵیش بردن,قەڵشین,,چاوگ,چاوگ,,,,HIGH,,96560cf4-030d-4268-baea-87bb57cdf631,somaali,,,,,
5351,14180,راپەراندن,کار پێک هێنان بە مەزبوتی,ئەنجامدانی کارێک,کار,کار,,ڕەگەز=بێلایەن,,LOW,"پۆل «ئەنجامدانی کارێک» is really the part of speech «کار» — routed nowhere, needs a decision",79dd71fd-aaa5-4f5a-9211-101eeda2d0b8,taraakoy,,,,,
5352,14180,راپەراندن,ئەنجامدان بە ئازایانە,ئەنجامدانی کارێک,کار,کار,,ڕەگەز=بێلایەن,,LOW,"پۆل «ئەنجامدانی کارێک» is really the part of speech «کار» — routed nowhere, needs a decision",79dd71fd-aaa5-4f5a-9211-101eeda2d0b8,taraakoy,,,,,
5353,14180,راپەراندن,لەخەو هەڵستاندن,ئەنجامدانی کارێک,کار,کار,,ڕەگەز=بێلایەن,,LOW,"پۆل «ئەنجامدانی کارێک» is really the part of speech «کار» — routed nowhere, needs a decision",79dd71fd-aaa5-4f5a-9211-101eeda2d0b8,taraakoy,,,,,
5354,14180,راپەراندن,ژخەو راکرن,ئەنجامدانی کارێک,کار,کار,,ڕەگەز=بێلایەن,,LOW,"پۆل «ئەنجامدانی کارێک» is really the part of speech «کار» — routed nowhere, needs a decision",79dd71fd-aaa5-4f5a-9211-101eeda2d0b8,taraakoy,,,,,
5358,14181,تڵیشە بەرد,پارچەی ناسکی لە بەرد پەڕیو,,ناو,ناو,,,,HIGH,,96560cf4-030d-4268-baea-87bb57cdf631,somaali,,,,,
5359,14182,تڵیشیان,تڵیشان,,چاوگ,چاوگ,,,,HIGH,,96560cf4-030d-4268-baea-87bb57cdf631,somaali,,,,,
5360,14183,تلی لی,هەلهەلە,دەنگ,ناو,ناو,,,,HIGH,پۆل «دەنگ» has no home among the deck's ten (see unmapped.csv),96560cf4-030d-4268-baea-87bb57cdf631,somaali,,,,,
5361,14183,تلی لی,بەهۆی زمان لە ناو دەمدا دەنگی شادی دەردەبڕین,دەنگ,ناو,ناو,,,,HIGH,پۆل «دەنگ» has no home among the deck's ten (see unmapped.csv),96560cf4-030d-4268-baea-87bb57cdf631,somaali,,,,,
5362,14184,تلی لی لی,هەراو هوریای شادومانی,دەنگ,ناو,ناو,,,,HIGH,پۆل «دەنگ» has no home among the deck's ten (see unmapped.csv),96560cf4-030d-4268-baea-87bb57cdf631,somaali,,,,,
5363,14185,تلێن,خلۆرکەرەوە,کەرەستە | ئامێر,ناو,ناو,کولتووری › کەرەستە,,,HIGH,پۆل «ئامێر» has no home among the deck's ten (see unmapped.csv),96560cf4-030d-4268-baea-87bb57cdf631,somaali,,,,,
5364,14185,تلێن,گلێن,کەرەستە | ئامێر,ناو,ناو,کولتووری › کەرەستە,,,HIGH,پۆل «ئامێر» has no home among the deck's ten (see unmapped.csv),96560cf4-030d-4268-baea-87bb57cdf631,somaali,,,,,
5365,14185,تلێن,جوڵێن,کەرەستە | ئامێر,ناو,ناو,کولتووری › کەرەستە,,,HIGH,پۆل «ئامێر» has no home among the deck's ten (see unmapped.csv),96560cf4-030d-4268-baea-87bb57cdf631,somaali,,,,,
5367,14186,داخلەدڵ,توڕە لە ڕوداوێ,هەست,ئاوەڵناو,هاوەڵناو,,,,HIGH,پۆل «هەست» has no home among the deck's ten (see unmapped.csv),fbaa1310-1a57-4439-b4e4-2b6fb312b455,banazhamad,,,,,
5369,14187,تڵین,هێڵان,ئەنجامدانی کارێک,چاوگ,چاوگ,,,,LOW,"پۆل «ئەنجامدانی کارێک» is really the part of speech «کار» — routed nowhere, needs a decision ; پۆل says «کار», جۆری وشە says «چاوگ» — they disagree",96560cf4-030d-4268-baea-87bb57cdf631,somaali,,,,,
5370,14187,تڵین,هێشتن,ئەنجامدانی کارێک,چاوگ,چاوگ,,,,LOW,"پۆل «ئەنجامدانی کارێک» is really the part of speech «کار» — routed nowhere, needs a decision ; پۆل says «کار», جۆری وشە says «چاوگ» — they disagree",96560cf4-030d-4268-baea-87bb57cdf631,somaali,,,,,
5371,14187,تڵین,خەڵتان,ئەنجامدانی کارێک,چاوگ,چاوگ,,,,LOW,"پۆل «ئەنجامدانی کارێک» is really the part of speech «کار» — routed nowhere, needs a decision ; پۆل says «کار», جۆری وشە says «چاوگ» — they disagree",96560cf4-030d-4268-baea-87bb57cdf631,somaali,,,,,
5372,14187,تڵین,ئاڵودە بوون,ئەنجامدانی کارێک,چاوگ,چاوگ,,,,LOW,"پۆل «ئەنجامدانی کارێک» is really the part of speech «کار» — routed nowhere, needs a decision ; پۆل says «کار», جۆری وشە says «چاوگ» — they disagree",96560cf4-030d-4268-baea-87bb57cdf631,somaali,,,,,
5374,14188,تڵینگ,نێفەک,,ناو,ناو,,,,HIGH,,96560cf4-030d-4268-baea-87bb57cdf631,somaali,,,,,
5375,14189,تم,گش,سیفەت,ناو,ناو,,,,LOW,"پۆل «سیفەت» is really the part of speech «هاوەڵناو» — routed nowhere, needs a decision ; پۆل says «هاوەڵناو», جۆری وشە says «ناو» — they disagree",96560cf4-030d-4268-baea-87bb57cdf631,somaali,,,,,
5376,14189,تم,هەموو,سیفەت,ناو,ناو,,,,LOW,"پۆل «سیفەت» is really the part of speech «هاوەڵناو» — routed nowhere, needs a decision ; پۆل says «هاوەڵناو», جۆری وشە says «ناو» — they disagree",96560cf4-030d-4268-baea-87bb57cdf631,somaali,,,,,
5377,14189,تم,هەمی,سیفەت,ناو,ناو,,,,LOW,"پۆل «سیفەت» is really the part of speech «هاوەڵناو» — routed nowhere, needs a decision ; پۆل says «هاوەڵناو», جۆری وشە says «ناو» — they disagree",96560cf4-030d-4268-baea-87bb57cdf631,somaali,,,,,
5378,14189,تم,تێکڕا,سیفەت,ناو,ناو,,,,LOW,"پۆل «سیفەت» is really the part of speech «هاوەڵناو» — routed nowhere, needs a decision ; پۆل says «هاوەڵناو», جۆری وشە says «ناو» — they disagree",96560cf4-030d-4268-baea-87bb57cdf631,somaali,,,,,
5379,14189,تم,خوارو داهاتوو,سیفەت,ناو,ناو,,,,LOW,"پۆل «سیفەت» is really the part of speech «هاوەڵناو» — routed nowhere, needs a decision ; پۆل says «هاوەڵناو», جۆری وشە says «ناو» — they disagree",96560cf4-030d-4268-baea-87bb57cdf631,somaali,,,,,
5382,14190,راپەرکاندن,پێ هەڵچون بە دارو چیا,ئەنجامدانی کارێک,,,,ڕەگەز=بێلایەن,,LOW,"word has no جۆری وشە at all ; پۆل «ئەنجامدانی کارێک» is really the part of speech «کار» — routed nowhere, needs a decision",79dd71fd-aaa5-4f5a-9211-101eeda2d0b8,taraakoy,,,,,
5383,14190,راپەرکاندن,چەمۆڵە دادانی سەگ و ....,ئەنجامدانی کارێک,,,,ڕەگەز=بێلایەن,,LOW,"word has no جۆری وشە at all ; پۆل «ئەنجامدانی کارێک» is really the part of speech «کار» — routed nowhere, needs a decision",79dd71fd-aaa5-4f5a-9211-101eeda2d0b8,taraakoy,,,,,
5386,14191,تما,تەماحکار,کەس | سیفەت,ناو | ئاوەڵناو,,ناو › کەس,,,LOW,"word carries several parts of speech (ناو / هاوەڵناو); a sense may only have one ; پۆل «سیفەت» is really the part of speech «هاوەڵناو» — routed nowhere, needs a decision",96560cf4-030d-4268-baea-87bb57cdf631,somaali,,,,,
5387,14191,تما,چاونەزێر,کەس | سیفەت,ناو | ئاوەڵناو,,ناو › کەس,,,LOW,"word carries several parts of speech (ناو / هاوەڵناو); a sense may only have one ; پۆل «سیفەت» is really the part of speech «هاوەڵناو» — routed nowhere, needs a decision",96560cf4-030d-4268-baea-87bb57cdf631,somaali,,,,,
5400,14192,تماشا,ڕوانین,ئەنجامدانی کارێک,کار,کار,,,,LOW,"پۆل «ئەنجامدانی کارێک» is really the part of speech «کار» — routed nowhere, needs a decision",96560cf4-030d-4268-baea-87bb57cdf631,somaali,,,,,
5401,14192,تماشا,چاولێکردن,ئەنجامدانی کارێک,کار,کار,,,,LOW,"پۆل «ئەنجامدانی کارێک» is really the part of speech «کار» — routed nowhere, needs a decision",96560cf4-030d-4268-baea-87bb57cdf631,somaali,,,,,
5402,14192,تماشا,تواشا,ئەنجامدانی کارێک,کار,کار,,,,LOW,"پۆل «ئەنجامدانی کارێک» is really the part of speech «کار» — routed nowhere, needs a decision",96560cf4-030d-4268-baea-87bb57cdf631,somaali,,,,,
5403,14192,تماشا,نۆڕین,ئەنجامدانی کارێک,کار,کار,,,,LOW,"پۆل «ئەنجامدانی کارێک» is really the part of speech «کار» — routed nowhere, needs a decision",96560cf4-030d-4268-baea-87bb57cdf631,somaali,,,,,
5404,14192,تماشا,مەیزەکردن,ئەنجامدانی کارێک,کار,کار,,,,LOW,"پۆل «ئەنجامدانی کارێک» is really the part of speech «کار» — routed nowhere, needs a decision",96560cf4-030d-4268-baea-87bb57cdf631,somaali,,,,,
5405,14192,تماشا,بڕوانە,ئەنجامدانی کارێک,کار,کار,,,,LOW,"پۆل «ئەنجامدانی کارێک» is really the part of speech «کار» — routed nowhere, needs a decision",96560cf4-030d-4268-baea-87bb57cdf631,somaali,,,,,
5407,14193,داخم,حەیف,هەست,ناو,ناو,,,,HIGH,پۆل «هەست» has no home among the deck's ten (see unmapped.csv),fbaa1310-1a57-4439-b4e4-2b6fb312b455,banazhamad,,,,,
5408,14193,داخم,مخابن,هەست,ناو,ناو,,,,HIGH,پۆل «هەست» has no home among the deck's ten (see unmapped.csv),fbaa1310-1a57-4439-b4e4-2b6fb312b455,banazhamad,,,,,
5411,14194,تماق,ئاوخۆرە,کەرەستە,ناو,ناو,کولتووری › کەرەستە,,,HIGH,,96560cf4-030d-4268-baea-87bb57cdf631,somaali,,,,,
5412,14194,تماق,دەفری ئاو خواردنەوە,کەرەستە,ناو,ناو,کولتووری › کەرەستە,,,HIGH,,96560cf4-030d-4268-baea-87bb57cdf631,somaali,,,,,
5413,14194,تماق,زەرک,کەرەستە,ناو,ناو,کولتووری › کەرەستە,,,HIGH,,96560cf4-030d-4268-baea-87bb57cdf631,somaali,,,,,
5414,14194,تماق,شەربە,کەرەستە,ناو,ناو,کولتووری › کەرەستە,,,HIGH,,96560cf4-030d-4268-baea-87bb57cdf631,somaali,,,,,
5416,14195,تمام,تەواو,سیفەت,ئاوەڵناو,هاوەڵناو,,,,LOW,"پۆل «سیفەت» is really the part of speech «هاوەڵناو» — routed nowhere, needs a decision",96560cf4-030d-4268-baea-87bb57cdf631,somaali,,,,,
5417,14195,تمام,گش,سیفەت,ئاوەڵناو,هاوەڵناو,,,,LOW,"پۆل «سیفەت» is really the part of speech «هاوەڵناو» — routed nowhere, needs a decision",96560cf4-030d-4268-baea-87bb57cdf631,somaali,,,,,
5418,14196,راپەرکاندن,تێ رادیوی,,,,,,,LOW,word has no جۆری وشە at all,79dd71fd-aaa5-4f5a-9211-101eeda2d0b8,taraakoy,,,,,
5419,14196,راپەرکاندن,تێ رادیتن,,,,,,,LOW,word has no جۆری وشە at all,79dd71fd-aaa5-4f5a-9211-101eeda2d0b8,taraakoy,,,,,
5420,14196,راپەرکاندن,شایان زانین,,,,,,,LOW,word has no جۆری وشە at all,79dd71fd-aaa5-4f5a-9211-101eeda2d0b8,taraakoy,,,,,
5424,14197,تمام,تەواو,سیفەت,ئاوەڵناو,هاوەڵناو,,,,LOW,"پۆل «سیفەت» is really the part of speech «هاوەڵناو» — routed nowhere, needs a decision",96560cf4-030d-4268-baea-87bb57cdf631,somaali,,,,,
5425,14197,تمام,گش,سیفەت,ئاوەڵناو,هاوەڵناو,,,,LOW,"پۆل «سیفەت» is really the part of speech «هاوەڵناو» — routed nowhere, needs a decision",96560cf4-030d-4268-baea-87bb57cdf631,somaali,,,,,
5427,14198,داخۆ,ئایاکو؟,وشەی پرس,هیتر,,,,,LOW,جۆری وشە «هیتر» has no equivalent among the seven ; پۆل «وشەی پرس» has no home among the deck's ten (see unmapped.csv),fbaa1310-1a57-4439-b4e4-2b6fb312b455,banazhamad,,,,,
5428,14198,داخۆ,ئایا؟,وشەی پرس,هیتر,,,,,LOW,جۆری وشە «هیتر» has no equivalent among the seven ; پۆل «وشەی پرس» has no home among the deck's ten (see unmapped.csv),fbaa1310-1a57-4439-b4e4-2b6fb312b455,banazhamad,,,,,
5429,14198,داخۆ,تۆ بێژی؟,وشەی پرس,هیتر,,,,,LOW,جۆری وشە «هیتر» has no equivalent among the seven ; پۆل «وشەی پرس» has no home among the deck's ten (see unmapped.csv),fbaa1310-1a57-4439-b4e4-2b6fb312b455,banazhamad,,,,,
5431,14199,داخوا,داخۆ؟,وشەی پرس,هیتر,,,,,LOW,جۆری وشە «هیتر» has no equivalent among the seven ; پۆل «وشەی پرس» has no home among the deck's ten (see unmapped.csv),fbaa1310-1a57-4439-b4e4-2b6fb312b455,banazhamad,,,,,
5433,14200,دادانەوە,بەردانەوەی پەردە,ئەنجامدانی کارێک,کار,کار,,,,LOW,"پۆل «ئەنجامدانی کارێک» is really the part of speech «کار» — routed nowhere, needs a decision",fbaa1310-1a57-4439-b4e4-2b6fb312b455,banazhamad,,,,,
5434,14200,دادانەوە,کون و کەلێن بەقوڕ گرتن,ئەنجامدانی کارێک,کار,کار,,,,LOW,"پۆل «ئەنجامدانی کارێک» is really the part of speech «کار» — routed nowhere, needs a decision",fbaa1310-1a57-4439-b4e4-2b6fb312b455,banazhamad,,,,,
5436,14201,دادبەر,گلی کار,مرۆڤ,ناو,ناو,کولتووری › مرۆڤ,,,HIGH,,fbaa1310-1a57-4439-b4e4-2b6fb312b455,banazhamad,,,,,
5437,14201,دادبەر,شکایەتکەر,مرۆڤ,ناو,ناو,کولتووری › مرۆڤ,,,HIGH,,fbaa1310-1a57-4439-b4e4-2b6fb312b455,banazhamad,,,,,
5439,14202,داخواز,پێویست,کەس,ناو,ناو,ناو › کەس,,,HIGH,,fbaa1310-1a57-4439-b4e4-2b6fb312b455,banazhamad,,,,,
5440,14202,داخواز,پێداویستی,کەس,ناو,ناو,ناو › کەس,,,HIGH,,fbaa1310-1a57-4439-b4e4-2b6fb312b455,banazhamad,,,,,
5441,14202,داخواز,داواکار,کەس,ناو,ناو,ناو › کەس,,,HIGH,,fbaa1310-1a57-4439-b4e4-2b6fb312b455,banazhamad,,,,,
5442,14202,داخواز,خوازەر,کەس,ناو,ناو,ناو › کەس,,,HIGH,,fbaa1310-1a57-4439-b4e4-2b6fb312b455,banazhamad,,,,,
5445,14203,تماندن,داهێنان,,,,,,,LOW,word has no جۆری وشە at all,96560cf4-030d-4268-baea-87bb57cdf631,somaali,,,,,
5446,14203,تماندن,خوارەوە کردن,,,,,,,LOW,word has no جۆری وشە at all,96560cf4-030d-4268-baea-87bb57cdf631,somaali,,,,,
5448,14204,تماو,داهاتوو,نەخۆشی | کات,ناو,ناو,زانستیی پزیشکی › نەخۆشی,,,HIGH,پۆل «کات» has no home among the deck's ten (see unmapped.csv),96560cf4-030d-4268-baea-87bb57cdf631,somaali,,,,,
5449,14204,تماو,خوارەوە بووگ,نەخۆشی | کات,ناو,ناو,زانستیی پزیشکی › نەخۆشی,,,HIGH,پۆل «کات» has no home among the deck's ten (see unmapped.csv),96560cf4-030d-4268-baea-87bb57cdf631,somaali,,,,,
5450,14204,تماو,پەسیو,نەخۆشی | کات,ناو,ناو,زانستیی پزیشکی › نەخۆشی,,,HIGH,پۆل «کات» has no home among the deck's ten (see unmapped.csv),96560cf4-030d-4268-baea-87bb57cdf631,somaali,,,,,
5451,14204,تماو,هەڵامەت,نەخۆشی | کات,ناو,ناو,زانستیی پزیشکی › نەخۆشی,,,HIGH,پۆل «کات» has no home among the deck's ten (see unmapped.csv),96560cf4-030d-4268-baea-87bb57cdf631,somaali,,,,,
5454,14205,تماوی,پەسیو گرتی,کەس | سیفەت,ناو,ناو,ناو › کەس,,,LOW,"پۆل «سیفەت» is really the part of speech «هاوەڵناو» — routed nowhere, needs a decision ; پۆل says «هاوەڵناو», جۆری وشە says «ناو» — they disagree",96560cf4-030d-4268-baea-87bb57cdf631,somaali,,,,,
5455,14205,تماوی,هەڵامەت دار,کەس | سیفەت,ناو,ناو,ناو › کەس,,,LOW,"پۆل «سیفەت» is really the part of speech «هاوەڵناو» — routed nowhere, needs a decision ; پۆل says «هاوەڵناو», جۆری وشە says «ناو» — they disagree",96560cf4-030d-4268-baea-87bb57cdf631,somaali,,,,,
5457,14206,تمتم,زەوینی رەقەن,سیفەت,ناو | ئاوەڵناو,,,,,LOW,"word carries several parts of speech (ناو / هاوەڵناو); a sense may only have one ; پۆل «سیفەت» is really the part of speech «هاوەڵناو» — routed nowhere, needs a decision",96560cf4-030d-4268-baea-87bb57cdf631,somaali,,,,,
5458,14206,تمتم,زەمینێ کە بنی تەختە بەرد بێ,سیفەت,ناو | ئاوەڵناو,,,,,LOW,"word carries several parts of speech (ناو / هاوەڵناو); a sense may only have one ; پۆل «سیفەت» is really the part of speech «هاوەڵناو» — routed nowhere, needs a decision",96560cf4-030d-4268-baea-87bb57cdf631,somaali,,,,,
5460,14207,تمتمان,تمتم,سیفەت,ناو | ئاوەڵناو,,,,,LOW,"word carries several parts of speech (ناو / هاوەڵناو); a sense may only have one ; پۆل «سیفەت» is really the part of speech «هاوەڵناو» — routed nowhere, needs a decision",96560cf4-030d-4268-baea-87bb57cdf631,somaali,,,,,
5462,14208,تمتمە,نوکە مەزرەقی لە ئاسن,کەرەستە,ناو,ناو,کولتووری › کەرەستە,,,HIGH,,96560cf4-030d-4268-baea-87bb57cdf631,somaali,,,,,
5463,14209,تمتیل,بیچم,ئەندامی جەستە,ناو,ناو,زانستیی پزیشکی › ئەندامی جەستە,,,HIGH,,96560cf4-030d-4268-baea-87bb57cdf631,somaali,,,,,
5464,14209,تمتیل,سەروشکڵ,ئەندامی جەستە,ناو,ناو,زانستیی پزیشکی › ئەندامی جەستە,,,HIGH,,96560cf4-030d-4268-baea-87bb57cdf631,somaali,,,,,
5465,14209,تمتیل,کورتە چیرۆک,ئەندامی جەستە,ناو,ناو,زانستیی پزیشکی › ئەندامی جەستە,,,HIGH,,96560cf4-030d-4268-baea-87bb57cdf631,somaali,,,,,
5468,14210,تممی,هەمیشەیی,سیفەت,ئاوەڵناو,هاوەڵناو,,,,LOW,"پۆل «سیفەت» is really the part of speech «هاوەڵناو» — routed nowhere, needs a decision",96560cf4-030d-4268-baea-87bb57cdf631,somaali,,,,,
5469,14210,تممی,بێ بڕانەوە,سیفەت,ئاوەڵناو,هاوەڵناو,,,,LOW,"پۆل «سیفەت» is really the part of speech «هاوەڵناو» — routed nowhere, needs a decision",96560cf4-030d-4268-baea-87bb57cdf631,somaali,,,,,
5471,14211,تموتم,بێ کەم و زیاد,سیفەت,ئاوەڵناو,هاوەڵناو,,,,LOW,"پۆل «سیفەت» is really the part of speech «هاوەڵناو» — routed nowhere, needs a decision",96560cf4-030d-4268-baea-87bb57cdf631,somaali,,,,,
5472,14211,تموتم,هەمیشە,سیفەت,ئاوەڵناو,هاوەڵناو,,,,LOW,"پۆل «سیفەت» is really the part of speech «هاوەڵناو» — routed nowhere, needs a decision",96560cf4-030d-4268-baea-87bb57cdf631,somaali,,,,,
5475,14212,تمەز,بە مەزەننە,سیفەت,ئاوەڵناو,هاوەڵناو,,,,LOW,"پۆل «سیفەت» is really the part of speech «هاوەڵناو» — routed nowhere, needs a decision",96560cf4-030d-4268-baea-87bb57cdf631,somaali,,,,,
5476,14212,تمەز,وا دیار ئەدا,سیفەت,ئاوەڵناو,هاوەڵناو,,,,LOW,"پۆل «سیفەت» is really the part of speech «هاوەڵناو» — routed nowhere, needs a decision",96560cf4-030d-4268-baea-87bb57cdf631,somaali,,,,,
5477,14212,تمەز,خویایە,سیفەت,ئاوەڵناو,هاوەڵناو,,,,LOW,"پۆل «سیفەت» is really the part of speech «هاوەڵناو» — routed nowhere, needs a decision",96560cf4-030d-4268-baea-87bb57cdf631,somaali,,,,,
5480,14213,تمەن,دەقڕانی سکەی ئێران,کەرەستە,ناو,ناو,کولتووری › کەرەستە,,,HIGH,,96560cf4-030d-4268-baea-87bb57cdf631,somaali,,,,,
5482,14214,داخوازی,پێویستی,چەمک,ناو,ناو,,,,HIGH,پۆل «چەمک» has no home among the deck's ten (see unmapped.csv),fbaa1310-1a57-4439-b4e4-2b6fb312b455,banazhamad,,,,,
5483,14214,داخوازی,موردنیاز بودن,چەمک,ناو,ناو,,,,HIGH,پۆل «چەمک» has no home among the deck's ten (see unmapped.csv),fbaa1310-1a57-4439-b4e4-2b6fb312b455,banazhamad,,,,,
5484,14215,داخواستن,خواست,چەمک,چاوگ,چاوگ,,,,HIGH,پۆل «چەمک» has no home among the deck's ten (see unmapped.csv),fbaa1310-1a57-4439-b4e4-2b6fb312b455,banazhamad,,,,,
5485,14215,داخواستن,ویستن,چەمک,چاوگ,چاوگ,,,,HIGH,پۆل «چەمک» has no home among the deck's ten (see unmapped.csv),fbaa1310-1a57-4439-b4e4-2b6fb312b455,banazhamad,,,,,
5487,14216,داخو دوخان,خەم و خەفەت,هەست,ناو,ناو,,,,HIGH,پۆل «هەست» has no home among the deck's ten (see unmapped.csv),fbaa1310-1a57-4439-b4e4-2b6fb312b455,banazhamad,,,,,
5488,14216,داخو دوخان,دەردومەینەت,هەست,ناو,ناو,,,,HIGH,پۆل «هەست» has no home among the deck's ten (see unmapped.csv),fbaa1310-1a57-4439-b4e4-2b6fb312b455,banazhamad,,,,,
5489,14216,داخو دوخان,کوڵوکەسەر,هەست,ناو,ناو,,,,HIGH,پۆل «هەست» has no home among the deck's ten (see unmapped.csv),fbaa1310-1a57-4439-b4e4-2b6fb312b455,banazhamad,,,,,
5490,14216,داخو دوخان,غم و غضە,هەست,ناو,ناو,,,,HIGH,پۆل «هەست» has no home among the deck's ten (see unmapped.csv),fbaa1310-1a57-4439-b4e4-2b6fb312b455,banazhamad,,,,,
5492,14217,داخ و دەرد,داخو دوخان,هەست,ناو,ناو,,,,HIGH,پۆل «هەست» has no home among the deck's ten (see unmapped.csv),fbaa1310-1a57-4439-b4e4-2b6fb312b455,banazhamad,,,,,
5494,14218,داخوران,وردەوردە کەمبوونەوەی کەنداڵ لەدەم ئاو یان کەمکردنی بنی دیوار,ئەنجامدانی کارێک,چاوگ,چاوگ,,,,LOW,"پۆل «ئەنجامدانی کارێک» is really the part of speech «کار» — routed nowhere, needs a decision ; پۆل says «کار», جۆری وشە says «چاوگ» — they disagree",fbaa1310-1a57-4439-b4e4-2b6fb312b455,banazhamad,,,,,
5495,14218,داخوران,تحلیل رفتن,ئەنجامدانی کارێک,چاوگ,چاوگ,,,,LOW,"پۆل «ئەنجامدانی کارێک» is really the part of speech «کار» — routed nowhere, needs a decision ; پۆل says «کار», جۆری وشە says «چاوگ» — they disagree",fbaa1310-1a57-4439-b4e4-2b6fb312b455,banazhamad,,,,,
5496,14219,داخورپان,داخرپیان,ئەنجامدانی کارێک,چاوگ,چاوگ,,,,LOW,"پۆل «ئەنجامدانی کارێک» is really the part of speech «کار» — routed nowhere, needs a decision ; پۆل says «کار», جۆری وشە says «چاوگ» — they disagree",fbaa1310-1a57-4439-b4e4-2b6fb312b455,banazhamad,,,,,
5498,14220,داخورپاندن,شڵەژانی مرۆ بەترساندن یان بەخەبەری ناخۆشپێدان.,ئەنجامدانی کارێک,چاوگ,چاوگ,,,,LOW,"پۆل «ئەنجامدانی کارێک» is really the part of speech «کار» — routed nowhere, needs a decision ; پۆل says «کار», جۆری وشە says «چاوگ» — they disagree",fbaa1310-1a57-4439-b4e4-2b6fb312b455,banazhamad,,,,,
5500,14221,داخورپیان,داخرپیان,ئەنجامدانی کارێک,چاوگ,چاوگ,,,,LOW,"پۆل «ئەنجامدانی کارێک» is really the part of speech «کار» — routed nowhere, needs a decision ; پۆل says «کار», جۆری وشە says «چاوگ» — they disagree",fbaa1310-1a57-4439-b4e4-2b6fb312b455,banazhamad,,,,,
5502,14222,داخورپین,داخرپیان,ئەنجامدانی کارێک,چاوگ,چاوگ,,,,LOW,"پۆل «ئەنجامدانی کارێک» is really the part of speech «کار» — routed nowhere, needs a decision ; پۆل says «کار», جۆری وشە says «چاوگ» — they disagree",fbaa1310-1a57-4439-b4e4-2b6fb312b455,banazhamad,,,,,
5504,14223,داخوڕین,تێ خوڕین,ئەنجامدانی کارێک,کار,کار,,,,LOW,"پۆل «ئەنجامدانی کارێک» is really the part of speech «کار» — routed nowhere, needs a decision",fbaa1310-1a57-4439-b4e4-2b6fb312b455,banazhamad,,,,,
5505,14223,داخوڕین,بەخۆ هەڵگوتن,ئەنجامدانی کارێک,کار,کار,,,,LOW,"پۆل «ئەنجامدانی کارێک» is really the part of speech «کار» — routed nowhere, needs a decision",fbaa1310-1a57-4439-b4e4-2b6fb312b455,banazhamad,,,,,
5508,14224,داخۆزین,هاتنەخوار لە سواری,ئەنجامدانی کارێک,کار,کار,,,,LOW,"پۆل «ئەنجامدانی کارێک» is really the part of speech «کار» — routed nowhere, needs a decision",fbaa1310-1a57-4439-b4e4-2b6fb312b455,banazhamad,,,,,
5509,14224,داخۆزین,دابەزین,ئەنجامدانی کارێک,کار,کار,,,,LOW,"پۆل «ئەنجامدانی کارێک» is really the part of speech «کار» — routed nowhere, needs a decision",fbaa1310-1a57-4439-b4e4-2b6fb312b455,banazhamad,,,,,
5510,14224,داخۆزین,داوەزین,ئەنجامدانی کارێک,کار,کار,,,,LOW,"پۆل «ئەنجامدانی کارێک» is really the part of speech «کار» — routed nowhere, needs a decision",fbaa1310-1a57-4439-b4e4-2b6fb312b455,banazhamad,,,,,
5512,14225,داخۆزین,داخۆزین,ئەنجامدانی کارێک,کار,کار,,,,LOW,"پۆل «ئەنجامدانی کارێک» is really the part of speech «کار» — routed nowhere, needs a decision",fbaa1310-1a57-4439-b4e4-2b6fb312b455,banazhamad,,,,,
5514,14226,داخەر,کەسێ کاری داخستن دەکا,ئەنجامدانی کارێک,,,,,,LOW,"word has no جۆری وشە at all ; پۆل «ئەنجامدانی کارێک» is really the part of speech «کار» — routed nowhere, needs a decision",fbaa1310-1a57-4439-b4e4-2b6fb312b455,banazhamad,,,,,
5516,14227,تن,پاشگری کاری ڕابردوو بۆ کەسی سێهەم لە دوای پیتی بزاوتن دێت: (دخوتن، دچیتن، ناباتن),سیفەت | ئەندامی جەستە,ناو | ئاوەڵناو | ئامرازی ناساند,,زانستیی پزیشکی › ئەندامی جەستە,,,LOW,"word carries several parts of speech (ناو / هاوەڵناو); a sense may only have one ; پۆل «سیفەت» is really the part of speech «هاوەڵناو» — routed nowhere, needs a decision",96560cf4-030d-4268-baea-87bb57cdf631,somaali,,,,,
5517,14227,تن,قنگ,سیفەت | ئەندامی جەستە,ناو | ئاوەڵناو | ئامرازی ناساند,,زانستیی پزیشکی › ئەندامی جەستە,,,LOW,"word carries several parts of speech (ناو / هاوەڵناو); a sense may only have one ; پۆل «سیفەت» is really the part of speech «هاوەڵناو» — routed nowhere, needs a decision",96560cf4-030d-4268-baea-87bb57cdf631,somaali,,,,,
5518,14227,تن,قایم و شەداندی,سیفەت | ئەندامی جەستە,ناو | ئاوەڵناو | ئامرازی ناساند,,زانستیی پزیشکی › ئەندامی جەستە,,,LOW,"word carries several parts of speech (ناو / هاوەڵناو); a sense may only have one ; پۆل «سیفەت» is really the part of speech «هاوەڵناو» — routed nowhere, needs a decision",96560cf4-030d-4268-baea-87bb57cdf631,somaali,,,,,
5519,14227,تن,توند,سیفەت | ئەندامی جەستە,ناو | ئاوەڵناو | ئامرازی ناساند,,زانستیی پزیشکی › ئەندامی جەستە,,,LOW,"word carries several parts of speech (ناو / هاوەڵناو); a sense may only have one ; پۆل «سیفەت» is really the part of speech «هاوەڵناو» — routed nowhere, needs a decision",96560cf4-030d-4268-baea-87bb57cdf631,somaali,,,,,
5523,14228,تناز,خۆشاندان بە ناز و قەمزەوە: (تنازادکی),ئەندامی جەستە,,,زانستیی پزیشکی › ئەندامی جەستە,,,LOW,word has no جۆری وشە at all,96560cf4-030d-4268-baea-87bb57cdf631,somaali,,,,,
5524,14228,تناز,گاڵتە,ئەندامی جەستە,,,زانستیی پزیشکی › ئەندامی جەستە,,,LOW,word has no جۆری وشە at all,96560cf4-030d-4268-baea-87bb57cdf631,somaali,,,,,
5525,14228,تناز,تیز,ئەندامی جەستە,,,زانستیی پزیشکی › ئەندامی جەستە,,,LOW,word has no جۆری وشە at all,96560cf4-030d-4268-baea-87bb57cdf631,somaali,,,,,
5528,14229,تنراو,تەندراو,سیفەت,ئاوەڵناو,هاوەڵناو,,,,LOW,"پۆل «سیفەت» is really the part of speech «هاوەڵناو» — routed nowhere, needs a decision",96560cf4-030d-4268-baea-87bb57cdf631,somaali,,,,,
5529,14229,تنراو,تەناو,سیفەت,ئاوەڵناو,هاوەڵناو,,,,LOW,"پۆل «سیفەت» is really the part of speech «هاوەڵناو» — routed nowhere, needs a decision",96560cf4-030d-4268-baea-87bb57cdf631,somaali,,,,,
5530,14229,تنراو,ڕایەڵی پۆتێوەدراو,سیفەت,ئاوەڵناو,هاوەڵناو,,,,LOW,"پۆل «سیفەت» is really the part of speech «هاوەڵناو» — routed nowhere, needs a decision",96560cf4-030d-4268-baea-87bb57cdf631,somaali,,,,,
5533,14230,تنگێللە,تنگێڵە,کەرەستە | جلوبەرگ,ناو,ناو,کولتووری › کەرەستە,,,HIGH,پۆل «جلوبەرگ» has no home among the deck's ten (see unmapped.csv),96560cf4-030d-4268-baea-87bb57cdf631,somaali,,,,,
5535,14231,تنگێڵە,مەشکەی پڕاوپڕ لە ئاو,کەرەستە,ناو,ناو,کولتووری › کەرەستە,,,HIGH,,96560cf4-030d-4268-baea-87bb57cdf631,somaali,,,,,
5536,14231,تنگێڵە,برێتی لە زۆر خۆری زگ هەڵامساو,کەرەستە,ناو,ناو,کولتووری › کەرەستە,,,HIGH,,96560cf4-030d-4268-baea-87bb57cdf631,somaali,,,,,
5539,14232,تننە,هیچ شت نییە,سیفەت,ئاوەڵناو,هاوەڵناو,,,,LOW,"پۆل «سیفەت» is really the part of speech «هاوەڵناو» — routed nowhere, needs a decision",96560cf4-030d-4268-baea-87bb57cdf631,somaali,,,,,
5540,14232,تننە,هەر نییە,سیفەت,ئاوەڵناو,هاوەڵناو,,,,LOW,"پۆل «سیفەت» is really the part of speech «هاوەڵناو» — routed nowhere, needs a decision",96560cf4-030d-4268-baea-87bb57cdf631,somaali,,,,,
5541,14232,تننە,هیچ نییە,سیفەت,ئاوەڵناو,هاوەڵناو,,,,LOW,"پۆل «سیفەت» is really the part of speech «هاوەڵناو» — routed nowhere, needs a decision",96560cf4-030d-4268-baea-87bb57cdf631,somaali,,,,,
5543,14233,تنۆک,دڵۆپ,سیفەت,ناو | ئاوەڵناو,,,,,LOW,"word carries several parts of speech (ناو / هاوەڵناو); a sense may only have one ; پۆل «سیفەت» is really the part of speech «هاوەڵناو» — routed nowhere, needs a decision",96560cf4-030d-4268-baea-87bb57cdf631,somaali,,,,,
5544,14233,تنۆک,قەترە,سیفەت,ناو | ئاوەڵناو,,,,,LOW,"word carries several parts of speech (ناو / هاوەڵناو); a sense may only have one ; پۆل «سیفەت» is really the part of speech «هاوەڵناو» — routed nowhere, needs a decision",96560cf4-030d-4268-baea-87bb57cdf631,somaali,,,,,
5545,14233,تنۆک,تاریکی زۆر تاریک,سیفەت,ناو | ئاوەڵناو,,,,,LOW,"word carries several parts of speech (ناو / هاوەڵناو); a sense may only have one ; پۆل «سیفەت» is really the part of speech «هاوەڵناو» — routed nowhere, needs a decision",96560cf4-030d-4268-baea-87bb57cdf631,somaali,,,,,
5548,14234,تنووک,زۆر تاریک: (شەوێکی تاریک و تنووکە,سیفەت,ئاوەڵناو,هاوەڵناو,,,,LOW,"پۆل «سیفەت» is really the part of speech «هاوەڵناو» — routed nowhere, needs a decision",96560cf4-030d-4268-baea-87bb57cdf631,somaali,,,,,
5550,14235,تنۆکە,دەرپێی زۆرکن و کورت,سیفەت | جلوبەرگ,ناو | ئاوەڵناو,,,,,LOW,"word carries several parts of speech (ناو / هاوەڵناو); a sense may only have one ; پۆل «سیفەت» is really the part of speech «هاوەڵناو» — routed nowhere, needs a decision ; پۆل «جلوبەرگ» has no home among the deck's ten (see unmapped.csv)",96560cf4-030d-4268-baea-87bb57cdf631,somaali,,,,,
5551,14235,تنۆکە,دەرپێی لە قن هاڵاو,سیفەت | جلوبەرگ,ناو | ئاوەڵناو,,,,,LOW,"word carries several parts of speech (ناو / هاوەڵناو); a sense may only have one ; پۆل «سیفەت» is really the part of speech «هاوەڵناو» — routed nowhere, needs a decision ; پۆل «جلوبەرگ» has no home among the deck's ten (see unmapped.csv)",96560cf4-030d-4268-baea-87bb57cdf631,somaali,,,,,
5552,14235,تنۆکە,دڵۆپ,سیفەت | جلوبەرگ,ناو | ئاوەڵناو,,,,,LOW,"word carries several parts of speech (ناو / هاوەڵناو); a sense may only have one ; پۆل «سیفەت» is really the part of speech «هاوەڵناو» — routed nowhere, needs a decision ; پۆل «جلوبەرگ» has no home among the deck's ten (see unmapped.csv)",96560cf4-030d-4268-baea-87bb57cdf631,somaali,,,,,
5553,14235,تنۆکە,تنۆک,سیفەت | جلوبەرگ,ناو | ئاوەڵناو,,,,,LOW,"word carries several parts of speech (ناو / هاوەڵناو); a sense may only have one ; پۆل «سیفەت» is really the part of speech «هاوەڵناو» — routed nowhere, needs a decision ; پۆل «جلوبەرگ» has no home among the deck's ten (see unmapped.csv)",96560cf4-030d-4268-baea-87bb57cdf631,somaali,,,,,
5556,14236,تنە,نیە,سیفەت,ئاوەڵناو,هاوەڵناو,,,,LOW,"پۆل «سیفەت» is really the part of speech «هاوەڵناو» — routed nowhere, needs a decision",96560cf4-030d-4268-baea-87bb57cdf631,somaali,,,,,
5559,14237,تۆ,ڕاناوی کەسی ڕوبەڕوو: ( من نایەم تۆ وەرە),خواردن | کەرەستە,ناو | ئاوەڵناو | جێناو,,کولتووری › خواردن | کولتووری › کەرەستە,,,LOW,word carries several parts of speech (ناو / هاوەڵناو / جێناو); a sense may only have one,96560cf4-030d-4268-baea-87bb57cdf631,somaali,,,,,
5560,14237,تۆ,یەک لا,خواردن | کەرەستە,ناو | ئاوەڵناو | جێناو,,کولتووری › خواردن | کولتووری › کەرەستە,,,LOW,word carries several parts of speech (ناو / هاوەڵناو / جێناو); a sense may only have one,96560cf4-030d-4268-baea-87bb57cdf631,somaali,,,,,
5561,14237,تۆ,یەک قەد: (بە تۆی کراس و دەرپێ دەرپەڕی),خواردن | کەرەستە,ناو | ئاوەڵناو | جێناو,,کولتووری › خواردن | کولتووری › کەرەستە,,,LOW,word carries several parts of speech (ناو / هاوەڵناو / جێناو); a sense may only have one,96560cf4-030d-4268-baea-87bb57cdf631,somaali,,,,,
5562,14237,تۆ,تۆی شیر,خواردن | کەرەستە,ناو | ئاوەڵناو | جێناو,,کولتووری › خواردن | کولتووری › کەرەستە,,,LOW,word carries several parts of speech (ناو / هاوەڵناو / جێناو); a sense may only have one,96560cf4-030d-4268-baea-87bb57cdf631,somaali,,,,,
5563,14237,تۆ,قەیماغ,خواردن | کەرەستە,ناو | ئاوەڵناو | جێناو,,کولتووری › خواردن | کولتووری › کەرەستە,,,LOW,word carries several parts of speech (ناو / هاوەڵناو / جێناو); a sense may only have one,96560cf4-030d-4268-baea-87bb57cdf631,somaali,,,,,
5564,14237,تۆ,تۆم,خواردن | کەرەستە,ناو | ئاوەڵناو | جێناو,,کولتووری › خواردن | کولتووری › کەرەستە,,,LOW,word carries several parts of speech (ناو / هاوەڵناو / جێناو); a sense may only have one,96560cf4-030d-4268-baea-87bb57cdf631,somaali,,,,,
5565,14237,تۆ,تۆوی سەوزی دەخڵ,خواردن | کەرەستە,ناو | ئاوەڵناو | جێناو,,کولتووری › خواردن | کولتووری › کەرەستە,,,LOW,word carries several parts of speech (ناو / هاوەڵناو / جێناو); a sense may only have one,96560cf4-030d-4268-baea-87bb57cdf631,somaali,,,,,
5566,14237,تۆ,توخم,خواردن | کەرەستە,ناو | ئاوەڵناو | جێناو,,کولتووری › خواردن | کولتووری › کەرەستە,,,LOW,word carries several parts of speech (ناو / هاوەڵناو / جێناو); a sense may only have one,96560cf4-030d-4268-baea-87bb57cdf631,somaali,,,,,
5567,14237,تۆ,جۆر,خواردن | کەرەستە,ناو | ئاوەڵناو | جێناو,,کولتووری › خواردن | کولتووری › کەرەستە,,,LOW,word carries several parts of speech (ناو / هاوەڵناو / جێناو); a sense may only have one,96560cf4-030d-4268-baea-87bb57cdf631,somaali,,,,,
5568,14237,تۆ,نەوع: (چتۆ؟ڤتۆ؟),خواردن | کەرەستە,ناو | ئاوەڵناو | جێناو,,کولتووری › خواردن | کولتووری › کەرەستە,,,LOW,word carries several parts of speech (ناو / هاوەڵناو / جێناو); a sense may only have one,96560cf4-030d-4268-baea-87bb57cdf631,somaali,,,,,
5576,14238,تو,ڕاناوی ڕووبەڕوو,سیفەت,ئاوەڵناو | جێناو,,,,,LOW,"word carries several parts of speech (هاوەڵناو / جێناو); a sense may only have one ; پۆل «سیفەت» is really the part of speech «هاوەڵناو» — routed nowhere, needs a decision",96560cf4-030d-4268-baea-87bb57cdf631,somaali,,,,,
5577,14238,تو,هیچ: (تو جاران: هیچ جاران),سیفەت,ئاوەڵناو | جێناو,,,,,LOW,"word carries several parts of speech (هاوەڵناو / جێناو); a sense may only have one ; پۆل «سیفەت» is really the part of speech «هاوەڵناو» — routed nowhere, needs a decision",96560cf4-030d-4268-baea-87bb57cdf631,somaali,,,,,
5578,14238,تو,تفێ,سیفەت,ئاوەڵناو | جێناو,,,,,LOW,"word carries several parts of speech (هاوەڵناو / جێناو); a sense may only have one ; پۆل «سیفەت» is really the part of speech «هاوەڵناو» — routed nowhere, needs a decision",96560cf4-030d-4268-baea-87bb57cdf631,somaali,,,,,
5580,14238,تو,هیچ,سیفەت,ئاوەڵناو | جێناو,,,,,LOW,"word carries several parts of speech (هاوەڵناو / جێناو); a sense may only have one ; پۆل «سیفەت» is really the part of speech «هاوەڵناو» — routed nowhere, needs a decision",96560cf4-030d-4268-baea-87bb57cdf631,somaali,,,,,
5582,14239,توا,پارچەی بڕاوی ناسک لە گۆشت یان لە چەرم,خواردن | ئەنجامدانی کارێک,,,کولتووری › خواردن,,,LOW,"word has no جۆری وشە at all ; پۆل «ئەنجامدانی کارێک» is really the part of speech «کار» — routed nowhere, needs a decision",96560cf4-030d-4268-baea-87bb57cdf631,somaali,,,,,
5583,14239,توا,دەیەوێ: دەخوازێ,خواردن | ئەنجامدانی کارێک,,,کولتووری › خواردن,,,LOW,"word has no جۆری وشە at all ; پۆل «ئەنجامدانی کارێک» is really the part of speech «کار» — routed nowhere, needs a decision",96560cf4-030d-4268-baea-87bb57cdf631,somaali,,,,,
5586,14240,توار,مەل,باڵندە,ناو,ناو,زیندەوەرزانی › باڵندە,,,HIGH,,96560cf4-030d-4268-baea-87bb57cdf631,somaali,,,,,
5587,14240,توار,باڵدار,باڵندە,ناو,ناو,زیندەوەرزانی › باڵندە,,,HIGH,,96560cf4-030d-4268-baea-87bb57cdf631,somaali,,,,,
5588,14240,توار,پەڕندە: (تەیر و توارێکی زۆری لێ کۆبۆتەوە),باڵندە,ناو,ناو,زیندەوەرزانی › باڵندە,,,HIGH,,96560cf4-030d-4268-baea-87bb57cdf631,somaali,,,,,
5590,14241,تواشا,تماشا,ئەنجامدانی کارێک,کار,کار,,,,LOW,"پۆل «ئەنجامدانی کارێک» is really the part of speech «کار» — routed nowhere, needs a decision",96560cf4-030d-4268-baea-87bb57cdf631,somaali,,,,,
5592,14242,تواشاخانە,تەماشاخانە,شوێن,ناو,ناو,ناو › شوێن,,,HIGH,,96560cf4-030d-4268-baea-87bb57cdf631,somaali,,,,,
5593,14242,تواشاخانە,جێگەی شاندانی شتی دڵخواز,شوێن,ناو,ناو,ناو › شوێن,,,HIGH,,96560cf4-030d-4268-baea-87bb57cdf631,somaali,,,,,
5595,14243,توال,توار,باڵندە,ناو,ناو,زیندەوەرزانی › باڵندە,,,HIGH,,96560cf4-030d-4268-baea-87bb57cdf631,somaali,,,,,
5597,14244,توالێت,قژی سەر توێڵ,ئەندامی جەستە,ناو,ناو,زانستیی پزیشکی › ئەندامی جەستە,,,HIGH,,96560cf4-030d-4268-baea-87bb57cdf631,somaali,,,,,
5598,14244,توالێت,کاکۆڵی سەر هەنیە,ئەندامی جەستە,ناو,ناو,زانستیی پزیشکی › ئەندامی جەستە,,,HIGH,,96560cf4-030d-4268-baea-87bb57cdf631,somaali,,,,,
5599,14244,توالێت,گودلە,ئەندامی جەستە,ناو,ناو,زانستیی پزیشکی › ئەندامی جەستە,,,HIGH,,96560cf4-030d-4268-baea-87bb57cdf631,somaali,,,,,
5601,14245,توام,دەمەوێ,ئەنجامدانی کارێک,کار,کار,,,,LOW,"پۆل «ئەنجامدانی کارێک» is really the part of speech «کار» — routed nowhere, needs a decision",96560cf4-030d-4268-baea-87bb57cdf631,somaali,,,,,
5602,14245,توام,گەرەکمە,ئەنجامدانی کارێک,کار,کار,,,,LOW,"پۆل «ئەنجامدانی کارێک» is really the part of speech «کار» — routed nowhere, needs a decision",96560cf4-030d-4268-baea-87bb57cdf631,somaali,,,,,
5603,14245,توام,دەخوازم,ئەنجامدانی کارێک,کار,کار,,,,LOW,"پۆل «ئەنجامدانی کارێک» is really the part of speech «کار» — routed nowhere, needs a decision",96560cf4-030d-4268-baea-87bb57cdf631,somaali,,,,,
5605,14246,توان,ویستن,سیفەت,ئاوەڵناو | چاوگ,,,,,LOW,"word carries several parts of speech (هاوەڵناو / چاوگ); a sense may only have one ; پۆل «سیفەت» is really the part of speech «هاوەڵناو» — routed nowhere, needs a decision",96560cf4-030d-4268-baea-87bb57cdf631,somaali,,,,,
5606,14246,توان,خواستن,سیفەت,ئاوەڵناو | چاوگ,,,,,LOW,"word carries several parts of speech (هاوەڵناو / چاوگ); a sense may only have one ; پۆل «سیفەت» is really the part of speech «هاوەڵناو» — routed nowhere, needs a decision",96560cf4-030d-4268-baea-87bb57cdf631,somaali,,,,,
5607,14246,توان,هێز,سیفەت,ئاوەڵناو | چاوگ,,,,,LOW,"word carries several parts of speech (هاوەڵناو / چاوگ); a sense may only have one ; پۆل «سیفەت» is really the part of speech «هاوەڵناو» — routed nowhere, needs a decision",96560cf4-030d-4268-baea-87bb57cdf631,somaali,,,,,
5608,14246,توان,تاقەت,سیفەت,ئاوەڵناو | چاوگ,,,,,LOW,"word carries several parts of speech (هاوەڵناو / چاوگ); a sense may only have one ; پۆل «سیفەت» is really the part of speech «هاوەڵناو» — routed nowhere, needs a decision",96560cf4-030d-4268-baea-87bb57cdf631,somaali,,,,,
5609,14246,توان,تابشت,سیفەت,ئاوەڵناو | چاوگ,,,,,LOW,"word carries several parts of speech (هاوەڵناو / چاوگ); a sense may only have one ; پۆل «سیفەت» is really the part of speech «هاوەڵناو» — routed nowhere, needs a decision",96560cf4-030d-4268-baea-87bb57cdf631,somaali,,,,,
5612,14247,توانا,بەهێز,مرۆڤ | سیفەت,ناو | ئاوەڵناو,,کولتووری › مرۆڤ,ڕەگەز=نێر,,LOW,"word carries several parts of speech (ناو / هاوەڵناو); a sense may only have one ; پۆل «سیفەت» is really the part of speech «هاوەڵناو» — routed nowhere, needs a decision",96560cf4-030d-4268-baea-87bb57cdf631,somaali,,,,,
5613,14247,توانا,بە وزە,مرۆڤ | سیفەت,ناو | ئاوەڵناو,,کولتووری › مرۆڤ,ڕەگەز=نێر,,LOW,"word carries several parts of speech (ناو / هاوەڵناو); a sense may only have one ; پۆل «سیفەت» is really the part of speech «هاوەڵناو» — routed nowhere, needs a decision",96560cf4-030d-4268-baea-87bb57cdf631,somaali,,,,,
5614,14247,توانا,بە تاقەت,مرۆڤ | سیفەت,ناو | ئاوەڵناو,,کولتووری › مرۆڤ,ڕەگەز=نێر,,LOW,"word carries several parts of speech (ناو / هاوەڵناو); a sense may only have one ; پۆل «سیفەت» is really the part of speech «هاوەڵناو» — routed nowhere, needs a decision",96560cf4-030d-4268-baea-87bb57cdf631,somaali,,,,,
5616,14248,توانایی,هێز,سیفەت,ئاوەڵناو,هاوەڵناو,,,,LOW,"پۆل «سیفەت» is really the part of speech «هاوەڵناو» — routed nowhere, needs a decision",96560cf4-030d-4268-baea-87bb57cdf631,somaali,,,,,
5617,14248,توانایی,تابشت,سیفەت,ئاوەڵناو,هاوەڵناو,,,,LOW,"پۆل «سیفەت» is really the part of speech «هاوەڵناو» — routed nowhere, needs a decision",96560cf4-030d-4268-baea-87bb57cdf631,somaali,,,,,
5619,14249,توانج,سەرکۆنە,ئەنجامدانی کارێک,ئاوەڵناو,هاوەڵناو,,,,LOW,"پۆل «ئەنجامدانی کارێک» is really the part of speech «کار» — routed nowhere, needs a decision ; پۆل says «کار», جۆری وشە says «هاوەڵناو» — they disagree",96560cf4-030d-4268-baea-87bb57cdf631,somaali,,,,,
5620,14249,توانج,تانە,ئەنجامدانی کارێک,ئاوەڵناو,هاوەڵناو,,,,LOW,"پۆل «ئەنجامدانی کارێک» is really the part of speech «کار» — routed nowhere, needs a decision ; پۆل says «کار», جۆری وشە says «هاوەڵناو» — they disagree",96560cf4-030d-4268-baea-87bb57cdf631,somaali,,,,,
5621,14249,توانج,تیز,ئەنجامدانی کارێک,ئاوەڵناو,هاوەڵناو,,,,LOW,"پۆل «ئەنجامدانی کارێک» is really the part of speech «کار» — routed nowhere, needs a decision ; پۆل says «کار», جۆری وشە says «هاوەڵناو» — they disagree",96560cf4-030d-4268-baea-87bb57cdf631,somaali,,,,,
5624,14250,تواندنەوە,تاواندنەوە,,کار,کار,,,,HIGH,,96560cf4-030d-4268-baea-87bb57cdf631,somaali,,,,,
5625,14250,تواندنەوە,حەلاندن,,کار,کار,,,,HIGH,,96560cf4-030d-4268-baea-87bb57cdf631,somaali,,,,,
5627,14251,تواننەوە,تواندنەوە,ئەنجامدانی کارێک,کار,کار,,,,LOW,"پۆل «ئەنجامدانی کارێک» is really the part of speech «کار» — routed nowhere, needs a decision",96560cf4-030d-4268-baea-87bb57cdf631,somaali,,,,,
5629,14252,توانەوە,تاوانەوە,دۆخی ماددە,چاوگ,چاوگ,,,,HIGH,پۆل «دۆخی ماددە» has no home among the deck's ten (see unmapped.csv),96560cf4-030d-4268-baea-87bb57cdf631,somaali,,,,,
5630,14252,توانەوە,لە ڕەقیەوە بوونە ئاو,دۆخی ماددە,چاوگ,چاوگ,,,,HIGH,پۆل «دۆخی ماددە» has no home among the deck's ten (see unmapped.csv),96560cf4-030d-4268-baea-87bb57cdf631,somaali,,,,,
5631,14252,توانەوە,حەل بوون,دۆخی ماددە,چاوگ,چاوگ,,,,HIGH,پۆل «دۆخی ماددە» has no home among the deck's ten (see unmapped.csv),96560cf4-030d-4268-baea-87bb57cdf631,somaali,,,,,
5633,14253,توانست,توان,,ناو,ناو,,,,HIGH,,96560cf4-030d-4268-baea-87bb57cdf631,somaali,,,,,
5634,14253,توانست,تابشت,,ناو,ناو,,,,HIGH,,96560cf4-030d-4268-baea-87bb57cdf631,somaali,,,,,
5635,14253,توانست,تاقەت,,ناو,ناو,,,,HIGH,,96560cf4-030d-4268-baea-87bb57cdf631,somaali,,,,,
5637,14254,توانستن,توانین,,چاوگ,چاوگ,,,,HIGH,,96560cf4-030d-4268-baea-87bb57cdf631,somaali,,,,,
5638,14254,توانستن,لە وزەدا بوون,,چاوگ,چاوگ,,,,HIGH,,96560cf4-030d-4268-baea-87bb57cdf631,somaali,,,,,
5640,14255,توانشت,توانست,,چاوگ,چاوگ,,,,HIGH,,96560cf4-030d-4268-baea-87bb57cdf631,somaali,,,,,
5642,14256,توانین,توانست,,چاوگ,چاوگ,,,,HIGH,,96560cf4-030d-4268-baea-87bb57cdf631,somaali,,,,,
5644,14257,توایهم,عافەرەم,,ناو,ناو,,,,HIGH,,96560cf4-030d-4268-baea-87bb57cdf631,somaali,,,,,
5645,14257,توایهم,بارە قەڵلا,,ناو,ناو,,,,HIGH,,96560cf4-030d-4268-baea-87bb57cdf631,somaali,,,,,
5646,14257,توایهم,چاکت کرد,,ناو,ناو,,,,HIGH,,96560cf4-030d-4268-baea-87bb57cdf631,somaali,,,,,
5648,14258,تۆبرە,تورەکە,کەرەستە,ناو,ناو,کولتووری › کەرەستە,,,HIGH,,96560cf4-030d-4268-baea-87bb57cdf631,somaali,,,,,
5649,14258,تۆبرە,قوماشی هەڵدوراو بۆ شت تێکردن,کەرەستە,ناو,ناو,کولتووری › کەرەستە,,,HIGH,,96560cf4-030d-4268-baea-87bb57cdf631,somaali,,,,,
5650,14258,تۆبرە,توری وڵاغ,کەرەستە,ناو,ناو,کولتووری › کەرەستە,,,HIGH,,96560cf4-030d-4268-baea-87bb57cdf631,somaali,,,,,
5651,14258,تۆبرە,تورەکەی لەوەڕی جارەوێ,کەرەستە,ناو,ناو,کولتووری › کەرەستە,,,HIGH,,96560cf4-030d-4268-baea-87bb57cdf631,somaali,,,,,
5652,14258,تۆبرە,تور بێنی وەک خورجی وەرزێڕ بۆ تۆم تێدا بردن,کەرەستە,ناو,ناو,کولتووری › کەرەستە,,,HIGH,,96560cf4-030d-4268-baea-87bb57cdf631,somaali,,,,,
5656,14259,تۆبە,پەژیوان بوون لە گوناح,,,,,,,LOW,word has no جۆری وشە at all,96560cf4-030d-4268-baea-87bb57cdf631,somaali,,,,,
5658,14260,تۆبەدار,لەخوا ترس: (خاتونێ ئەز تۆبەدارم),کەس,ناو,ناو,ناو › کەس,,,HIGH,,96560cf4-030d-4268-baea-87bb57cdf631,somaali,,,,,
5660,14261,توبەرە,توربێن,کەرەستە,ناو,ناو,کولتووری › کەرەستە,,,HIGH,,96560cf4-030d-4268-baea-87bb57cdf631,somaali,,,,,
5661,14261,توبەرە,ئاڵقەی دانە لغاو کەلچی ژێر وی ئەسپ دەگرێ,کەرەستە,ناو,ناو,کولتووری › کەرەستە,,,HIGH,,96560cf4-030d-4268-baea-87bb57cdf631,somaali,,,,,
5664,14262,تۆبەکار,لەخوا ترس و بەدین,کەس | ئەنجامدانی کارێک,ناو | کار,,ناو › کەس,,,LOW,"word carries several parts of speech (ناو / کار); a sense may only have one ; پۆل «ئەنجامدانی کارێک» is really the part of speech «کار» — routed nowhere, needs a decision",96560cf4-030d-4268-baea-87bb57cdf631,somaali,,,,,
5665,14262,تۆبەکار,تۆبەدار: (بابچینە سەر وەیس بە تۆبەکاری/ تۆبە لە هەر شت غەیری دڵداری) «فۆلکلۆر»,کەس | ئەنجامدانی کارێک,ناو | کار,,ناو › کەس,,,LOW,"word carries several parts of speech (ناو / کار); a sense may only have one ; پۆل «ئەنجامدانی کارێک» is really the part of speech «کار» — routed nowhere, needs a decision",96560cf4-030d-4268-baea-87bb57cdf631,somaali,,,,,
5667,14263,تۆپ,کۆمەڵ و پڕایی,کەرەستە | سیفەت | ئامراز,ناو | ئاوەڵناو,,کولتووری › کەرەستە | کولتووری › ئامراز,,,LOW,"word carries several parts of speech (ناو / هاوەڵناو); a sense may only have one ; پۆل «سیفەت» is really the part of speech «هاوەڵناو» — routed nowhere, needs a decision",96560cf4-030d-4268-baea-87bb57cdf631,somaali,,,,,
5668,14263,تۆپ,گردەڵی ئاسیاو کە پەڕەی لێدراوە,کەرەستە | سیفەت | ئامراز,ناو | ئاوەڵناو,,کولتووری › کەرەستە | کولتووری › ئامراز,,,LOW,"word carries several parts of speech (ناو / هاوەڵناو); a sense may only have one ; پۆل «سیفەت» is really the part of speech «هاوەڵناو» — routed nowhere, needs a decision",96560cf4-030d-4268-baea-87bb57cdf631,somaali,,,,,
5669,14263,تۆپ,ئەو شتە گردەی بە دەست یا بە پا بازی پێ دەکەن,کەرەستە | سیفەت | ئامراز,ناو | ئاوەڵناو,,کولتووری › کەرەستە | کولتووری › ئامراز,,,LOW,"word carries several parts of speech (ناو / هاوەڵناو); a sense may only have one ; پۆل «سیفەت» is really the part of speech «هاوەڵناو» — routed nowhere, needs a decision",96560cf4-030d-4268-baea-87bb57cdf631,somaali,,,,,
5670,14263,تۆپ,تفەنگی لولە ئەستوری گوللە درشت,کەرەستە | سیفەت | ئامراز,ناو | ئاوەڵناو,,کولتووری › کەرەستە | کولتووری › ئامراز,,,LOW,"word carries several parts of speech (ناو / هاوەڵناو); a sense may only have one ; پۆل «سیفەت» is really the part of speech «هاوەڵناو» — routed nowhere, needs a decision",96560cf4-030d-4268-baea-87bb57cdf631,somaali,,,,,
5671,14263,تۆپ,قوماشی بەسەریەکدا قەدکراو بە لوولە یان لەسەر تەختە,کەرەستە | سیفەت | ئامراز,ناو | ئاوەڵناو,,کولتووری › کەرەستە | کولتووری › ئامراز,,,LOW,"word carries several parts of speech (ناو / هاوەڵناو); a sense may only have one ; پۆل «سیفەت» is really the part of speech «هاوەڵناو» — routed nowhere, needs a decision",96560cf4-030d-4268-baea-87bb57cdf631,somaali,,,,,
5672,14263,تۆپ,برێتی لە درۆی گەورە,کەرەستە | سیفەت | ئامراز,ناو | ئاوەڵناو,,کولتووری › کەرەستە | کولتووری › ئامراز,,,LOW,"word carries several parts of speech (ناو / هاوەڵناو); a sense may only have one ; پۆل «سیفەت» is really the part of speech «هاوەڵناو» — routed nowhere, needs a decision",96560cf4-030d-4268-baea-87bb57cdf631,somaali,,,,,
5673,14263,تۆپ,خڕ,کەرەستە | سیفەت | ئامراز,ناو | ئاوەڵناو,,کولتووری › کەرەستە | کولتووری › ئامراز,,,LOW,"word carries several parts of speech (ناو / هاوەڵناو); a sense may only have one ; پۆل «سیفەت» is really the part of speech «هاوەڵناو» — routed nowhere, needs a decision",96560cf4-030d-4268-baea-87bb57cdf631,somaali,,,,,
5674,14263,تۆپ,گڕۆوەر,کەرەستە | سیفەت | ئامراز,ناو | ئاوەڵناو,,کولتووری › کەرەستە | کولتووری › ئامراز,,,LOW,"word carries several parts of speech (ناو / هاوەڵناو); a sense may only have one ; پۆل «سیفەت» is really the part of speech «هاوەڵناو» — routed nowhere, needs a decision",96560cf4-030d-4268-baea-87bb57cdf631,somaali,,,,,
5675,14263,تۆپ,گرد,کەرەستە | سیفەت | ئامراز,ناو | ئاوەڵناو,,کولتووری › کەرەستە | کولتووری › ئامراز,,,LOW,"word carries several parts of speech (ناو / هاوەڵناو); a sense may only have one ; پۆل «سیفەت» is really the part of speech «هاوەڵناو» — routed nowhere, needs a decision",96560cf4-030d-4268-baea-87bb57cdf631,somaali,,,,,
5684,14264,تۆپان,سەکەت بوون,باروودۆخ,چاوگ,چاوگ,,,,HIGH,پۆل «باروودۆخ» has no home among the deck's ten (see unmapped.csv),96560cf4-030d-4268-baea-87bb57cdf631,somaali,,,,,
5685,14264,تۆپان,کەوتین,باروودۆخ,چاوگ,چاوگ,,,,HIGH,پۆل «باروودۆخ» has no home among the deck's ten (see unmapped.csv),96560cf4-030d-4268-baea-87bb57cdf631,somaali,,,,,
5686,14264,تۆپان,مردار بوونی حەیوانێ کەنگۆشتی ناخورێ,باروودۆخ,چاوگ,چاوگ,,,,HIGH,پۆل «باروودۆخ» has no home among the deck's ten (see unmapped.csv),96560cf4-030d-4268-baea-87bb57cdf631,somaali,,,,,
5688,14265,تۆپاندن,سەکەت کردن,,چاوگ,چاوگ,,,,HIGH,,96560cf4-030d-4268-baea-87bb57cdf631,somaali,,,,,
5689,14265,تۆپاندن,کەوتاندن,,چاوگ,چاوگ,,,,HIGH,,96560cf4-030d-4268-baea-87bb57cdf631,somaali,,,,,
5690,14265,تۆپاندن,تەمێ کردن,,چاوگ,چاوگ,,,,HIGH,,96560cf4-030d-4268-baea-87bb57cdf631,somaali,,,,,
5691,14265,تۆپاندن,لێدانی زۆر,,چاوگ,چاوگ,,,,HIGH,,96560cf4-030d-4268-baea-87bb57cdf631,somaali,,,,,
5694,14266,تۆپانن,تۆپاندن,ئەنجامدانی کارێک,چاوگ,چاوگ,,,,LOW,"پۆل «ئەنجامدانی کارێک» is really the part of speech «کار» — routed nowhere, needs a decision ; پۆل says «کار», جۆری وشە says «چاوگ» — they disagree",96560cf4-030d-4268-baea-87bb57cdf631,somaali,,,,,
5696,14267,تۆپانێ,گەمە بە تۆپ کردن,ئەنجامدانی کارێک,ناو | کار,,,,,LOW,"word carries several parts of speech (ناو / کار); a sense may only have one ; پۆل «ئەنجامدانی کارێک» is really the part of speech «کار» — routed nowhere, needs a decision",96560cf4-030d-4268-baea-87bb57cdf631,somaali,,,,,
5697,14267,تۆپانێ,تۆپێن,ئەنجامدانی کارێک,ناو | کار,,,,,LOW,"word carries several parts of speech (ناو / کار); a sense may only have one ; پۆل «ئەنجامدانی کارێک» is really the part of speech «کار» — routed nowhere, needs a decision",96560cf4-030d-4268-baea-87bb57cdf631,somaali,,,,,
5698,14267,تۆپانێ,تۆپێنە,ئەنجامدانی کارێک,ناو | کار,,,,,LOW,"word carries several parts of speech (ناو / کار); a sense may only have one ; پۆل «ئەنجامدانی کارێک» is really the part of speech «کار» — routed nowhere, needs a decision",96560cf4-030d-4268-baea-87bb57cdf631,somaali,,,,,
5700,14268,تۆپ تۆپێن,تۆپانێ,,ناو,ناو,,,,HIGH,,96560cf4-030d-4268-baea-87bb57cdf631,somaali,,,,,
5702,14269,تۆپتاو,ئەو دارەی کە لە گەمەدا لە تۆپی ئەدەن,کەرەستە,ناو,ناو,کولتووری › کەرەستە,,,HIGH,,96560cf4-030d-4268-baea-87bb57cdf631,somaali,,,,,
5704,14270,تۆپچی,تۆپ تەقێن,کەس | مرۆڤ,ناو,ناو,ناو › کەس | کولتووری › مرۆڤ,,,HIGH,,96560cf4-030d-4268-baea-87bb57cdf631,somaali,,,,,
5705,14270,تۆپچی,درۆزل,کەس | مرۆڤ,ناو,ناو,ناو › کەس | کولتووری › مرۆڤ,,,HIGH,,96560cf4-030d-4268-baea-87bb57cdf631,somaali,,,,,
5708,14271,تۆپدان,شکست پێدان,ئەنجامدانی کارێک,چاوگ,چاوگ,,,,LOW,"پۆل «ئەنجامدانی کارێک» is really the part of speech «کار» — routed nowhere, needs a decision ; پۆل says «کار», جۆری وشە says «چاوگ» — they disagree",96560cf4-030d-4268-baea-87bb57cdf631,somaali,,,,,
5710,14272,تۆپز,کوتەکی سەر بە بزمار قیرتی هەڵسوراو,کەرەستە,ناو,ناو,کولتووری › کەرەستە,,,HIGH,,96560cf4-030d-4268-baea-87bb57cdf631,somaali,,,,,
5712,14273,تۆپشک,گیایەکە,گژوگیا,ناو,ناو,,,,HIGH,پۆل «گژوگیا» has no home among the deck's ten (see unmapped.csv),96560cf4-030d-4268-baea-87bb57cdf631,somaali,,,,,
5716,14274,تۆپقاڕ,گەمەی تۆپێن کە بە دار لە تۆپ دەدرێ,ئەنجامدانی کارێک,ناو,ناو,,,,LOW,"پۆل «ئەنجامدانی کارێک» is really the part of speech «کار» — routed nowhere, needs a decision ; پۆل says «کار», جۆری وشە says «ناو» — they disagree",96560cf4-030d-4268-baea-87bb57cdf631,somaali,,,,,
5718,14275,تۆپقاڕێن,تۆپقاڕ,ئەنجامدانی کارێک,ناو,ناو,,,,LOW,"پۆل «ئەنجامدانی کارێک» is really the part of speech «کار» — routed nowhere, needs a decision ; پۆل says «کار», جۆری وشە says «ناو» — they disagree",96560cf4-030d-4268-baea-87bb57cdf631,somaali,,,,,
5720,14276,تۆپکەشی,خاوێن کردنەوەی گونجە بەداری سەر بە پەڕۆ,ئەنجامدانی کارێک,کار,کار,,,,LOW,"پۆل «ئەنجامدانی کارێک» is really the part of speech «کار» — routed nowhere, needs a decision",96560cf4-030d-4268-baea-87bb57cdf631,somaali,,,,,
5722,14277,تۆپلاخ,بەسەر یەکا کۆم بوو,سیفەت,ئاوەڵناو,هاوەڵناو,,,,LOW,"پۆل «سیفەت» is really the part of speech «هاوەڵناو» — routed nowhere, needs a decision",96560cf4-030d-4268-baea-87bb57cdf631,somaali,,,,,
5723,14277,تۆپلاخ,بەسەریەکا هاتوو,سیفەت,ئاوەڵناو,هاوەڵناو,,,,LOW,"پۆل «سیفەت» is really the part of speech «هاوەڵناو» — routed nowhere, needs a decision",96560cf4-030d-4268-baea-87bb57cdf631,somaali,,,,,
5724,14277,تۆپلاخ,گڵمەت,سیفەت,ئاوەڵناو,هاوەڵناو,,,,LOW,"پۆل «سیفەت» is really the part of speech «هاوەڵناو» — routed nowhere, needs a decision",96560cf4-030d-4268-baea-87bb57cdf631,somaali,,,,,
5725,14277,تۆپلاخ,سندە,سیفەت,ئاوەڵناو,هاوەڵناو,,,,LOW,"پۆل «سیفەت» is really the part of speech «هاوەڵناو» — routed nowhere, needs a decision",96560cf4-030d-4268-baea-87bb57cdf631,somaali,,,,,
5731,14278,تۆپڵاخە,بەسەر یەکا کۆم بوو: (پەین و قوڕ بەسەر یەکا تۆپڵاخەی کردووە),سیفەت,ئاوەڵناو,هاوەڵناو,,,,LOW,"پۆل «سیفەت» is really the part of speech «هاوەڵناو» — routed nowhere, needs a decision",96560cf4-030d-4268-baea-87bb57cdf631,somaali,,,,,
5733,14279,تۆپەڵ,خڕ,سیفەت,,,,,,LOW,"word has no جۆری وشە at all ; پۆل «سیفەت» is really the part of speech «هاوەڵناو» — routed nowhere, needs a decision",96560cf4-030d-4268-baea-87bb57cdf631,somaali,,,,,
5734,14279,تۆپەڵ,گرۆوەر,سیفەت,,,,,,LOW,"word has no جۆری وشە at all ; پۆل «سیفەت» is really the part of speech «هاوەڵناو» — routed nowhere, needs a decision",96560cf4-030d-4268-baea-87bb57cdf631,somaali,,,,,
5735,14279,تۆپەڵ,بەسەر یەکا هاتوو,سیفەت,,,,,,LOW,"word has no جۆری وشە at all ; پۆل «سیفەت» is really the part of speech «هاوەڵناو» — routed nowhere, needs a decision",96560cf4-030d-4268-baea-87bb57cdf631,somaali,,,,,
5736,14279,تۆپەڵ,لەسەر یەک کۆم کراوە,سیفەت,,,,,,LOW,"word has no جۆری وشە at all ; پۆل «سیفەت» is really the part of speech «هاوەڵناو» — routed nowhere, needs a decision",96560cf4-030d-4268-baea-87bb57cdf631,somaali,,,,,
5737,14279,تۆپەڵ,قوڕیان بەفر ئەوەندەی لە دەستێکا جێگەی بوێتەوە,سیفەت,,,,,,LOW,"word has no جۆری وشە at all ; پۆل «سیفەت» is really the part of speech «هاوەڵناو» — routed nowhere, needs a decision",96560cf4-030d-4268-baea-87bb57cdf631,somaali,,,,,
5742,14280,تۆپەڵ بون,لە دەوری یەکتر کۆبوون,,,,,,,LOW,word has no جۆری وشە at all,96560cf4-030d-4268-baea-87bb57cdf631,somaali,,,,,
5743,14280,تۆپەڵ بون,بەسەریەکا هاتن,,,,,,,LOW,word has no جۆری وشە at all,96560cf4-030d-4268-baea-87bb57cdf631,somaali,,,,,
5746,14281,تۆپەڵە,خڕی وەک تۆپ,سیفەت,ئاوەڵناو,هاوەڵناو,,,,LOW,"پۆل «سیفەت» is really the part of speech «هاوەڵناو» — routed nowhere, needs a decision",96560cf4-030d-4268-baea-87bb57cdf631,somaali,,,,,
5748,14282,ئارەق,تەڕایی لەش لەگەرمان,سیفەت,ئاوەڵکار,هاوەڵکار,,,,LOW,"پۆل «سیفەت» is really the part of speech «هاوەڵناو» — routed nowhere, needs a decision ; پۆل says «هاوەڵناو», جۆری وشە says «هاوەڵکار» — they disagree",f65f7d2f-996a-4df7-a10e-c6e846940032,ahmadaziz,,,,,
5750,14283,ئارەقاوی,لەش بە ئارەق,بارودۆخی جەستەیی,ئاوەڵکار,هاوەڵکار,زانستیی پزیشکی › بارودۆخی جەستەیی,,,HIGH,,f65f7d2f-996a-4df7-a10e-c6e846940032,ahmadaziz,,,,,
5752,14284,ئارەقگیر,پارچە لبادێکی تەنکە لەبن زینە دەخرێتە سەر پشتی وڵاخی سواری,کەرەستە,ناو,ناو,کولتووری › کەرەستە,ڕەگەز=بێلایەن,,HIGH,,f65f7d2f-996a-4df7-a10e-c6e846940032,ahmadaziz,,,,,
5753,14285,ئارەقە,ئارەقەی لەش,کەرەستە | بارودۆخی جەستەیی,ناو | ئاوەڵکار,,کولتووری › کەرەستە | زانستیی پزیشکی › بارودۆخی جەستەیی,,,LOW,word carries several parts of speech (ناو / هاوەڵکار); a sense may only have one,f65f7d2f-996a-4df7-a10e-c6e846940032,ahmadaziz,,,,,
5754,14286,تۆپەڵەشەڕی,شەڕە بەفر,دەستەواژە,کار,کار,,,,HIGH,پۆل «دەستەواژە» has no home among the deck's ten (see unmapped.csv),96560cf4-030d-4268-baea-87bb57cdf631,somaali,,,,,
5755,14286,تۆپەڵەشەڕی,تۆپەڵە بەفر بەیەکا دان,دەستەواژە,کار,کار,,,,HIGH,پۆل «دەستەواژە» has no home among the deck's ten (see unmapped.csv),96560cf4-030d-4268-baea-87bb57cdf631,somaali,,,,,
5757,14287,تۆپەوانە,پەڕۆی زار ئاختی کوپە و دەفر,کەرەستە,ناو,ناو,کولتووری › کەرەستە,,,HIGH,,96560cf4-030d-4268-baea-87bb57cdf631,somaali,,,,,
5759,14288,تۆپیگ,مردارەوە بووی حەیوانێ کە گۆشتی ناخورێ,سیفەت | ئاژەڵ,ناو | ئاوەڵناو,,زیندەوەرزانی › ئاژەڵ,,,LOW,"word carries several parts of speech (ناو / هاوەڵناو); a sense may only have one ; پۆل «سیفەت» is really the part of speech «هاوەڵناو» — routed nowhere, needs a decision",96560cf4-030d-4268-baea-87bb57cdf631,somaali,,,,,
5761,14289,تۆپین,مردنی حەیوانی پیس: (سەگ تۆپی، کەر تۆپی),,چاوگ,چاوگ,,,,HIGH,,96560cf4-030d-4268-baea-87bb57cdf631,somaali,,,,,
5763,14290,تۆپێن,گەمەی بە تۆپ,کەس,,,ناو › کەس,,,LOW,word has no جۆری وشە at all,96560cf4-030d-4268-baea-87bb57cdf631,somaali,,,,,
5764,14290,تۆپێن,وازی تۆپانێ,کەس,,,ناو › کەس,,,LOW,word has no جۆری وشە at all,96560cf4-030d-4268-baea-87bb57cdf631,somaali,,,,,
5765,14290,تۆپێن,کەسێ کە گیانداری پیس ئەکوژێ,کەس,,,ناو › کەس,,,LOW,word has no جۆری وشە at all,96560cf4-030d-4268-baea-87bb57cdf631,somaali,,,,,
5768,14291,تۆپیو,تۆپیگ,سیفەت,ئاوەڵناو,هاوەڵناو,,,,LOW,"پۆل «سیفەت» is really the part of speech «هاوەڵناو» — routed nowhere, needs a decision",96560cf4-030d-4268-baea-87bb57cdf631,somaali,,,,,
5770,14292,توت,تفێ,میوە,ناو,ناو,,,,HIGH,پۆل «میوە» has no home among the deck's ten (see unmapped.csv),96560cf4-030d-4268-baea-87bb57cdf631,somaali,,,,,
5771,14292,توت,بەری دارتوو,میوە,ناو,ناو,,,,HIGH,پۆل «میوە» has no home among the deck's ten (see unmapped.csv),96560cf4-030d-4268-baea-87bb57cdf631,somaali,,,,,
5772,14292,توت,داری تفێ,میوە,ناو,ناو,,,,HIGH,پۆل «میوە» has no home among the deck's ten (see unmapped.csv),96560cf4-030d-4268-baea-87bb57cdf631,somaali,,,,,
5773,14292,توت,وشەی دەرکردنی سەگ,میوە,ناو,ناو,,,,HIGH,پۆل «میوە» has no home among the deck's ten (see unmapped.csv),96560cf4-030d-4268-baea-87bb57cdf631,somaali,,,,,
5776,14293,تۆت,کوندەبو,,ناو,ناو,,,,HIGH,,96560cf4-030d-4268-baea-87bb57cdf631,somaali,,,,,
5777,14293,تۆت,دانیشتن لە زمانی منداڵاندا: (تۆتی کردووە),,ناو,ناو,,,,HIGH,,96560cf4-030d-4268-baea-87bb57cdf631,somaali,,,,,
5780,14294,زابرن,بردنەوەی قومار,یاری,ناو,ناو,کولتووری › یاری,,,HIGH,,5f16fc33-8c0b-4cb7-85ab-cf91afdbbcd3,bilalhama,,,,,
5782,14295,زابلۆق,رۆخڵەی ئەستور,ئەندامی جەستە,ناو,ناو,زانستیی پزیشکی › ئەندامی جەستە,,,HIGH,,5f16fc33-8c0b-4cb7-85ab-cf91afdbbcd3,bilalhama,,,,,
5784,14296,زابوت,زابت,سیفەت,ئاوەڵناو,هاوەڵناو,,,,LOW,"پۆل «سیفەت» is really the part of speech «هاوەڵناو» — routed nowhere, needs a decision",5f16fc33-8c0b-4cb7-85ab-cf91afdbbcd3,bilalhama,,,,,
5785,14296,زابوت,خاوەن پلە لە سوپادا,سیفەت,ئاوەڵناو,هاوەڵناو,,,,LOW,"پۆل «سیفەت» is really the part of speech «هاوەڵناو» — routed nowhere, needs a decision",5f16fc33-8c0b-4cb7-85ab-cf91afdbbcd3,bilalhama,,,,,
5786,14296,زابوت,ئەفسەر,سیفەت,ئاوەڵناو,هاوەڵناو,,,,LOW,"پۆل «سیفەت» is really the part of speech «هاوەڵناو» — routed nowhere, needs a decision",5f16fc33-8c0b-4cb7-85ab-cf91afdbbcd3,bilalhama,,,,,
5788,14297,زابوق,سەرانگوێلک,ئامراز,ناو,ناو,کولتووری › ئامراز,,,HIGH,,5f16fc33-8c0b-4cb7-85ab-cf91afdbbcd3,bilalhama,,,,,
5789,14297,زابوق,گوفک,ئامراز,ناو,ناو,کولتووری › ئامراز,,,HIGH,,5f16fc33-8c0b-4cb7-85ab-cf91afdbbcd3,bilalhama,,,,,
5791,14298,توتاک,قومری,باڵندە,ناو,ناو,زیندەوەرزانی › باڵندە,,,HIGH,,96560cf4-030d-4268-baea-87bb57cdf631,somaali,,,,,
5792,14298,توتاک,جۆرە کۆترێکە,باڵندە,ناو,ناو,زیندەوەرزانی › باڵندە,,,HIGH,,96560cf4-030d-4268-baea-87bb57cdf631,somaali,,,,,
5793,14298,توتاک,یاکەریم,باڵندە,ناو,ناو,زیندەوەرزانی › باڵندە,,,HIGH,,96560cf4-030d-4268-baea-87bb57cdf631,somaali,,,,,
5794,14298,توتاک,تاق تاق کەرە,باڵندە,ناو,ناو,زیندەوەرزانی › باڵندە,,,HIGH,,96560cf4-030d-4268-baea-87bb57cdf631,somaali,,,,,
5795,14298,توتاک,قژاوکە,باڵندە,ناو,ناو,زیندەوەرزانی › باڵندە,,,HIGH,,96560cf4-030d-4268-baea-87bb57cdf631,somaali,,,,,
5798,14299,یابانیەی,سارانشینی،چۆلپەرستی,شوێن,ناو | ئاوەڵناو,,ناو › شوێن,,,LOW,word carries several parts of speech (ناو / هاوەڵناو); a sense may only have one,d641c5d5-6362-478e-b261-1d3ba03b0e00,sirwan,,,,,
5799,14300,تووتان,وەچینچک نیشتن,ئەنجامدانی کارێک,چاوگ,چاوگ,,,,LOW,"پۆل «ئەنجامدانی کارێک» is really the part of speech «کار» — routed nowhere, needs a decision ; پۆل says «کار», جۆری وشە says «چاوگ» — they disagree",96560cf4-030d-4268-baea-87bb57cdf631,somaali,,,,,
5800,14300,تووتان,هەڵ توتەکان,ئەنجامدانی کارێک,چاوگ,چاوگ,,,,LOW,"پۆل «ئەنجامدانی کارێک» is really the part of speech «کار» — routed nowhere, needs a decision ; پۆل says «کار», جۆری وشە says «چاوگ» — they disagree",96560cf4-030d-4268-baea-87bb57cdf631,somaali,,,,,
5802,14301,توتانن,وەقسەهێنان,ئەنجامدانی کارێک,چاوگ,چاوگ,,,,LOW,"پۆل «ئەنجامدانی کارێک» is really the part of speech «کار» — routed nowhere, needs a decision ; پۆل says «کار», جۆری وشە says «چاوگ» — they disagree",96560cf4-030d-4268-baea-87bb57cdf631,somaali,,,,,
5803,14301,توتانن,دواندن و جارز کردن,ئەنجامدانی کارێک,چاوگ,چاوگ,,,,LOW,"پۆل «ئەنجامدانی کارێک» is really the part of speech «کار» — routed nowhere, needs a decision ; پۆل says «کار», جۆری وشە says «چاوگ» — they disagree",96560cf4-030d-4268-baea-87bb57cdf631,somaali,,,,,
5805,14302,یابر,جیرە بۆ فەقیرو هەژاران,سیفەت,ناو,ناو,,,,LOW,"پۆل «سیفەت» is really the part of speech «هاوەڵناو» — routed nowhere, needs a decision ; پۆل says «هاوەڵناو», جۆری وشە says «ناو» — they disagree",d641c5d5-6362-478e-b261-1d3ba03b0e00,sirwan,,,,,
5806,14303,توتڕک,توتڕک,میوە | ڕووەك,ناو,ناو,ڕووەکناسی › ڕووەك,,,HIGH,پۆل «میوە» has no home among the deck's ten (see unmapped.csv),96560cf4-030d-4268-baea-87bb57cdf631,somaali,,,,,
5807,14303,توتڕک,دڕی,میوە | ڕووەك,ناو,ناو,ڕووەکناسی › ڕووەك,,,HIGH,پۆل «میوە» has no home among the deck's ten (see unmapped.csv),96560cf4-030d-4268-baea-87bb57cdf631,somaali,,,,,
5808,14303,توتڕک,بەری دڕکێکە وەک گاتوو دەچێ لە تام و ڕەنگا,میوە | ڕووەك,ناو,ناو,ڕووەکناسی › ڕووەك,,,HIGH,پۆل «میوە» has no home among the deck's ten (see unmapped.csv),96560cf4-030d-4268-baea-87bb57cdf631,somaali,,,,,
5811,14304,توترواسک,مەلێکە بە قەد چێشکە,باڵندە,ناو,ناو,زیندەوەرزانی › باڵندە,,,HIGH,,96560cf4-030d-4268-baea-87bb57cdf631,somaali,,,,,
5813,14305,داخەکەم,بەداخەوە,هەست,هیتر,,,,,LOW,جۆری وشە «هیتر» has no equivalent among the seven ; پۆل «هەست» has no home among the deck's ten (see unmapped.csv),fbaa1310-1a57-4439-b4e4-2b6fb312b455,banazhamad,,,,,
5814,14305,داخەکەم,حەیف,هەست,هیتر,,,,,LOW,جۆری وشە «هیتر» has no equivalent among the seven ; پۆل «هەست» has no home among the deck's ten (see unmapped.csv),fbaa1310-1a57-4439-b4e4-2b6fb312b455,banazhamad,,,,,
5816,14306,یابۆ,بانگکردن لە باوک،هاوار لە ئێش و بەڵا,,,,,,,LOW,word has no جۆری وشە at all,d641c5d5-6362-478e-b261-1d3ba03b0e00,sirwan,,,,,
5817,14307,توتک,بێچوە سەگ,ئاژەڵ,ناو,ناو,زیندەوەرزانی › ئاژەڵ,,,HIGH,,96560cf4-030d-4268-baea-87bb57cdf631,somaali,,,,,
5818,14307,توتک,سەولەی سەگ,ئاژەڵ,ناو,ناو,زیندەوەرزانی › ئاژەڵ,,,HIGH,,96560cf4-030d-4268-baea-87bb57cdf631,somaali,,,,,
5819,14307,توتک,توتی,ئاژەڵ,ناو,ناو,زیندەوەرزانی › ئاژەڵ,,,HIGH,,96560cf4-030d-4268-baea-87bb57cdf631,somaali,,,,,
5820,14307,توتک,کردمی نەخۆشی هاری,ئاژەڵ,ناو,ناو,زیندەوەرزانی › ئاژەڵ,,,HIGH,,96560cf4-030d-4268-baea-87bb57cdf631,somaali,,,,,
5825,14308,داخی گرانم,داخی داخانم,هەست,هیتر,,,,,LOW,جۆری وشە «هیتر» has no equivalent among the seven ; پۆل «هەست» has no home among the deck's ten (see unmapped.csv),fbaa1310-1a57-4439-b4e4-2b6fb312b455,banazhamad,,,,,
5827,14309,داد,هاوار,ئامراز,ناو | بانگکردن,ناو,کولتووری › ئامراز,,,HIGH,,fbaa1310-1a57-4439-b4e4-2b6fb312b455,banazhamad,,,,,
5828,14309,داد,حوکمی رەوا، عدالت,ئامراز,ناو | بانگکردن,ناو,کولتووری › ئامراز,,,HIGH,,fbaa1310-1a57-4439-b4e4-2b6fb312b455,banazhamad,,,,,
5832,14310,توتکە,توتەکۆڵە,دەستەواژە | ئاژەڵ,ناو | ئاوەڵناو,,زیندەوەرزانی › ئاژەڵ,,,LOW,word carries several parts of speech (ناو / هاوەڵناو); a sense may only have one ; پۆل «دەستەواژە» has no home among the deck's ten (see unmapped.csv),96560cf4-030d-4268-baea-87bb57cdf631,somaali,,,,,
5833,14310,توتکە,کرمی کە لەبەهاردا پەیدا دەبێ,دەستەواژە | ئاژەڵ,ناو | ئاوەڵناو,,زیندەوەرزانی › ئاژەڵ,,,LOW,word carries several parts of speech (ناو / هاوەڵناو); a sense may only have one ; پۆل «دەستەواژە» has no home among the deck's ten (see unmapped.csv),96560cf4-030d-4268-baea-87bb57cdf631,somaali,,,,,
5834,14310,توتکە,ئۆقرە,دەستەواژە | ئاژەڵ,ناو | ئاوەڵناو,,زیندەوەرزانی › ئاژەڵ,,,LOW,word carries several parts of speech (ناو / هاوەڵناو); a sense may only have one ; پۆل «دەستەواژە» has no home among the deck's ten (see unmapped.csv),96560cf4-030d-4268-baea-87bb57cdf631,somaali,,,,,
5838,14311,توتکەخواردن,ئارام گرتن,,چاوگ,چاوگ,,,,HIGH,,96560cf4-030d-4268-baea-87bb57cdf631,somaali,,,,,
5840,14312,توتکەگرتن,توتکەخواردن,ئەنجامدانی کارێک,چاوگ,چاوگ,,,,LOW,"پۆل «ئەنجامدانی کارێک» is really the part of speech «کار» — routed nowhere, needs a decision ; پۆل says «کار», جۆری وشە says «چاوگ» — they disagree",96560cf4-030d-4268-baea-87bb57cdf631,somaali,,,,,
5842,14313,توتم,سماق,خواردن | درەخت,ناو,ناو,کولتووری › خواردن,,,HIGH,پۆل «درەخت» has no home among the deck's ten (see unmapped.csv),96560cf4-030d-4268-baea-87bb57cdf631,somaali,,,,,
5843,14313,توتم,داری ترش,خواردن | درەخت,ناو,ناو,کولتووری › خواردن,,,HIGH,پۆل «درەخت» has no home among the deck's ten (see unmapped.csv),96560cf4-030d-4268-baea-87bb57cdf631,somaali,,,,,
5845,14314,توتن,تەماکۆ,ڕووەك,ناو,ناو,ڕووەکناسی › ڕووەك,,,HIGH,,96560cf4-030d-4268-baea-87bb57cdf631,somaali,,,,,
5846,14314,توتن,ئەو گیا تاڵەی دوکەڵەکەی هەڵدەمژن,ڕووەك,ناو,ناو,ڕووەکناسی › ڕووەك,,,HIGH,,96560cf4-030d-4268-baea-87bb57cdf631,somaali,,,,,
5848,14315,توتنانە,بەشی خاوەن موڵک لە توتنی رەعیەت,,ناو,ناو,,,,HIGH,,96560cf4-030d-4268-baea-87bb57cdf631,somaali,,,,,
5850,14316,دادا,وشەی رێزلێنان بۆ دایک,بانگکردن,ناو,ناو,,,,HIGH,پۆل «بانگکردن» has no home among the deck's ten (see unmapped.csv),fbaa1310-1a57-4439-b4e4-2b6fb312b455,banazhamad,,,,,
5851,14316,دادا,تایەن,بانگکردن,ناو,ناو,,,,HIGH,پۆل «بانگکردن» has no home among the deck's ten (see unmapped.csv),fbaa1310-1a57-4439-b4e4-2b6fb312b455,banazhamad,,,,,
5852,14316,دادا,ژنی پیری سەرسپی,بانگکردن,ناو,ناو,,,,HIGH,پۆل «بانگکردن» has no home among the deck's ten (see unmapped.csv),fbaa1310-1a57-4439-b4e4-2b6fb312b455,banazhamad,,,,,
5853,14316,دادا,پیرەژن پوپ چەرمگ,بانگکردن,ناو,ناو,,,,HIGH,پۆل «بانگکردن» has no home among the deck's ten (see unmapped.csv),fbaa1310-1a57-4439-b4e4-2b6fb312b455,banazhamad,,,,,
5856,14317,توتنای,وە قسەهێنان,ئەنجامدانی کارێک,کار,کار,,,,LOW,"پۆل «ئەنجامدانی کارێک» is really the part of speech «کار» — routed nowhere, needs a decision",96560cf4-030d-4268-baea-87bb57cdf631,somaali,,,,,
5858,14318,توتنەوان,ڕەنجبەری توتن کێڵ,کەس,ناو,ناو,ناو › کەس,ڕەگەز=دوولایەن,,HIGH,,96560cf4-030d-4268-baea-87bb57cdf631,somaali,,,,,
5860,14319,توتو,وشەیەکە بە واتا: بەهیچ جۆرێک: (بە توتوش دەستناکەوێ),,ناو | ئامرازی ناساند,ناو,,,,HIGH,,96560cf4-030d-4268-baea-87bb57cdf631,somaali,,,,,
5862,14320,توتوک,شەیپور,ئامێر,ناو,ناو,,,,HIGH,پۆل «ئامێر» has no home among the deck's ten (see unmapped.csv),96560cf4-030d-4268-baea-87bb57cdf631,somaali,,,,,
5863,14320,توتوک,کەڕەنا,ئامێر,ناو,ناو,,,,HIGH,پۆل «ئامێر» has no home among the deck's ten (see unmapped.csv),96560cf4-030d-4268-baea-87bb57cdf631,somaali,,,,,
5865,14321,تۆتۆی,جۆرێ کولێرەی توێ لەسەر توێ کە گوێز و بادام و پیوازی تێ دەکەن,خواردن,ناو,ناو,کولتووری › خواردن,,,HIGH,,96560cf4-030d-4268-baea-87bb57cdf631,somaali,,,,,
5867,14322,تووتە,قامکە چکۆلە,دەنگ | ئاژەڵ,ناو,ناو,زیندەوەرزانی › ئاژەڵ,,,HIGH,پۆل «دەنگ» has no home among the deck's ten (see unmapped.csv),96560cf4-030d-4268-baea-87bb57cdf631,somaali,,,,,
5868,14322,تووتە,دانیشتن لە زمانی منداڵدا: (توتە بکە، ئۆخەی کوڕی من توتەی کردووە,دەنگ | ئاژەڵ,ناو,ناو,زیندەوەرزانی › ئاژەڵ,,,HIGH,پۆل «دەنگ» has no home among the deck's ten (see unmapped.csv),96560cf4-030d-4268-baea-87bb57cdf631,somaali,,,,,
5869,14322,تووتە,سەگ,دەنگ | ئاژەڵ,ناو,ناو,زیندەوەرزانی › ئاژەڵ,,,HIGH,پۆل «دەنگ» has no home among the deck's ten (see unmapped.csv),96560cf4-030d-4268-baea-87bb57cdf631,somaali,,,,,
5870,14322,تووتە,وشەی دەرکردنی سەگ,دەنگ | ئاژەڵ,ناو,ناو,زیندەوەرزانی › ئاژەڵ,,,HIGH,پۆل «دەنگ» has no home among the deck's ten (see unmapped.csv),96560cf4-030d-4268-baea-87bb57cdf631,somaali,,,,,
5871,14322,تووتە,زێد ەگۆشت لە چاودا یان لە پێڵوی چاودا,دەنگ | ئاژەڵ,ناو,ناو,زیندەوەرزانی › ئاژەڵ,,,HIGH,پۆل «دەنگ» has no home among the deck's ten (see unmapped.csv),96560cf4-030d-4268-baea-87bb57cdf631,somaali,,,,,
5872,14322,تووتە,خاڵ,دەنگ | ئاژەڵ,ناو,ناو,زیندەوەرزانی › ئاژەڵ,,,HIGH,پۆل «دەنگ» has no home among the deck's ten (see unmapped.csv),96560cf4-030d-4268-baea-87bb57cdf631,somaali,,,,,
5873,14322,تووتە,نیشان,دەنگ | ئاژەڵ,ناو,ناو,زیندەوەرزانی › ئاژەڵ,,,HIGH,پۆل «دەنگ» has no home among the deck's ten (see unmapped.csv),96560cf4-030d-4268-baea-87bb57cdf631,somaali,,,,,
5880,14323,دادپەروەر,خاوەنداد,سیفەت | ئەنجامدانی کارێک,ئاوەڵناو,هاوەڵناو,,,,LOW,"پۆل «سیفەت» is really the part of speech «هاوەڵناو» — routed nowhere, needs a decision ; پۆل «ئەنجامدانی کارێک» is really the part of speech «کار» — routed nowhere, needs a decision ; پۆل says «کار», جۆری وشە says «هاوەڵناو» — they disagree",fbaa1310-1a57-4439-b4e4-2b6fb312b455,banazhamad,,,,,
5881,14323,دادپەروەر,عادل,سیفەت | ئەنجامدانی کارێک,ئاوەڵناو,هاوەڵناو,,,,LOW,"پۆل «سیفەت» is really the part of speech «هاوەڵناو» — routed nowhere, needs a decision ; پۆل «ئەنجامدانی کارێک» is really the part of speech «کار» — routed nowhere, needs a decision ; پۆل says «کار», جۆری وشە says «هاوەڵناو» — they disagree",fbaa1310-1a57-4439-b4e4-2b6fb312b455,banazhamad,,,,,
5883,14324,دادخوا,دادبەر,سیفەت,ئاوەڵناو,هاوەڵناو,,,,LOW,"پۆل «سیفەت» is really the part of speech «هاوەڵناو» — routed nowhere, needs a decision",fbaa1310-1a57-4439-b4e4-2b6fb312b455,banazhamad,,,,,
5885,14325,تووتەک,چوزەلە,ئامێر,,,,,,LOW,word has no جۆری وشە at all ; پۆل «ئامێر» has no home among the deck's ten (see unmapped.csv),96560cf4-030d-4268-baea-87bb57cdf631,somaali,,,,,
5886,14325,تووتەک,دوزەلە,ئامێر,,,,,,LOW,word has no جۆری وشە at all ; پۆل «ئامێر» has no home among the deck's ten (see unmapped.csv),96560cf4-030d-4268-baea-87bb57cdf631,somaali,,,,,
5888,14326,دادخواز,دادبەر,سیفەت,ئاوەڵناو,هاوەڵناو,,,,LOW,"پۆل «سیفەت» is really the part of speech «هاوەڵناو» — routed nowhere, needs a decision",fbaa1310-1a57-4439-b4e4-2b6fb312b455,banazhamad,,,,,
5890,14327,تووتەکان,هەڵ تر وشکان,ئەنجامدانی کارێک,چاوگ,چاوگ,,,,LOW,"پۆل «ئەنجامدانی کارێک» is really the part of speech «کار» — routed nowhere, needs a decision ; پۆل says «کار», جۆری وشە says «چاوگ» — they disagree",96560cf4-030d-4268-baea-87bb57cdf631,somaali,,,,,
5892,14328,دادخوازی,گلیکردن,ئەنجامدانی کارێک,ناو,ناو,,,,LOW,"پۆل «ئەنجامدانی کارێک» is really the part of speech «کار» — routed nowhere, needs a decision ; پۆل says «کار», جۆری وشە says «ناو» — they disagree",fbaa1310-1a57-4439-b4e4-2b6fb312b455,banazhamad,,,,,
5893,14328,دادخوازی,شکایەتکردن,ئەنجامدانی کارێک,ناو,ناو,,,,LOW,"پۆل «ئەنجامدانی کارێک» is really the part of speech «کار» — routed nowhere, needs a decision ; پۆل says «کار», جۆری وشە says «ناو» — they disagree",fbaa1310-1a57-4439-b4e4-2b6fb312b455,banazhamad,,,,,
5895,14329,توتەکۆڵە,توتکە سەگ,ئاژەڵ,ناو,ناو,زیندەوەرزانی › ئاژەڵ,ڕەگەز=دوولایەن,,HIGH,,96560cf4-030d-4268-baea-87bb57cdf631,somaali,,,,,
5897,14330,دادخوایی,دادخوازی,ئەنجامدانی کارێک,ناو,ناو,,,,LOW,"پۆل «ئەنجامدانی کارێک» is really the part of speech «کار» — routed nowhere, needs a decision ; پۆل says «کار», جۆری وشە says «ناو» — they disagree",fbaa1310-1a57-4439-b4e4-2b6fb312b455,banazhamad,,,,,
5899,14331,توتەڵە,توتکەسەگ,ئاژەڵ,ناو,ناو,زیندەوەرزانی › ئاژەڵ,ڕەگەز=دوولایەن,,HIGH,,96560cf4-030d-4268-baea-87bb57cdf631,somaali,,,,,
5901,14332,تووتی,مەلێکە لە قسەدا لاسایی مرۆڤ دەکاتەوە,باڵندە,ناو,ناو,زیندەوەرزانی › باڵندە,,,HIGH,,96560cf4-030d-4268-baea-87bb57cdf631,somaali,,,,,
5903,14333,توتیا,دەرمانێکی چاوانە,دەرمان,ناو,ناو,,,,HIGH,پۆل «دەرمان» has no home among the deck's ten (see unmapped.csv),96560cf4-030d-4268-baea-87bb57cdf631,somaali,,,,,
5905,14334,دادڕ,زۆر دڕیاو ( کراسەکەی دادڕی),ئەنجامدانی کارێک,هیتر,,,,,LOW,"جۆری وشە «هیتر» has no equivalent among the seven ; پۆل «ئەنجامدانی کارێک» is really the part of speech «کار» — routed nowhere, needs a decision",fbaa1310-1a57-4439-b4e4-2b6fb312b455,banazhamad,,,,,
5907,14335,توجار,مامڵەچی,کەس,ناو,ناو,ناو › کەس,ڕەگەز=دوولایەن,,HIGH,,96560cf4-030d-4268-baea-87bb57cdf631,somaali,,,,,
5908,14335,توجار,تاجر,کەس,ناو,ناو,ناو › کەس,ڕەگەز=دوولایەن,,HIGH,,96560cf4-030d-4268-baea-87bb57cdf631,somaali,,,,,
5909,14335,توجار,بازرگان,کەس,ناو,ناو,ناو › کەس,ڕەگەز=دوولایەن,,HIGH,,96560cf4-030d-4268-baea-87bb57cdf631,somaali,,,,,
5911,14336,دادڕان,دڕان لەباری درێژیەوە,ئەنجامدانی کارێک,کار,کار,,,,LOW,"پۆل «ئەنجامدانی کارێک» is really the part of speech «کار» — routed nowhere, needs a decision",fbaa1310-1a57-4439-b4e4-2b6fb312b455,banazhamad,,,,,
5913,14337,دادڕاو,داتڵیشاو,سیفەت,کار | ئاوەڵناو,,,,,LOW,"word carries several parts of speech (کار / هاوەڵناو); a sense may only have one ; پۆل «سیفەت» is really the part of speech «هاوەڵناو» — routed nowhere, needs a decision",fbaa1310-1a57-4439-b4e4-2b6fb312b455,banazhamad,,,,,
5915,14338,توجی,دابەش,ئەنجامدانی کارێک,کار,کار,,,,LOW,"پۆل «ئەنجامدانی کارێک» is really the part of speech «کار» — routed nowhere, needs a decision",96560cf4-030d-4268-baea-87bb57cdf631,somaali,,,,,
5916,14338,توجی,بەش بەش کردن بەسەر خەڵکا,ئەنجامدانی کارێک,کار,کار,,,,LOW,"پۆل «ئەنجامدانی کارێک» is really the part of speech «کار» — routed nowhere, needs a decision",96560cf4-030d-4268-baea-87bb57cdf631,somaali,,,,,
5918,14339,تۆچان,بەروانکە یان پێش بەندێک تۆی تێدەکەن بۆ چاندن,کەرەستە,ناو,ناو,کولتووری › کەرەستە,,,HIGH,,96560cf4-030d-4268-baea-87bb57cdf631,somaali,,,,,
5920,14340,دادڕدادڕ,لەچەند جێوە دڕاو,سیفەت,ئاوەڵناو,هاوەڵناو,,,,LOW,"پۆل «سیفەت» is really the part of speech «هاوەڵناو» — routed nowhere, needs a decision",fbaa1310-1a57-4439-b4e4-2b6fb312b455,banazhamad,,,,,
5921,14340,دادڕدادڕ,شڕ و وڕ,سیفەت,ئاوەڵناو,هاوەڵناو,,,,LOW,"پۆل «سیفەت» is really the part of speech «هاوەڵناو» — routed nowhere, needs a decision",fbaa1310-1a57-4439-b4e4-2b6fb312b455,banazhamad,,,,,
5922,14340,دادڕدادڕ,لەت لەت بوونی زەوی لەبەر ئاوی ئاوداشتن,سیفەت,ئاوەڵناو,هاوەڵناو,,,,LOW,"پۆل «سیفەت» is really the part of speech «هاوەڵناو» — routed nowhere, needs a decision",fbaa1310-1a57-4439-b4e4-2b6fb312b455,banazhamad,,,,,
5925,14341,توچان,تۆچان,کەرەستە,ناو | چاوگ,,کولتووری › کەرەستە,,,LOW,word carries several parts of speech (ناو / چاوگ); a sense may only have one,96560cf4-030d-4268-baea-87bb57cdf631,somaali,,,,,
5926,14341,توچان,فڵیقانەوە,کەرەستە,ناو | چاوگ,,کولتووری › کەرەستە,,,LOW,word carries several parts of speech (ناو / چاوگ); a sense may only have one,96560cf4-030d-4268-baea-87bb57cdf631,somaali,,,,,
5929,14342,توچانن,بەرپێ دان و فڵیقاندنەوە,,,,,,,LOW,word has no جۆری وشە at all,96560cf4-030d-4268-baea-87bb57cdf631,somaali,,,,,
5930,14342,توچانن,تۆم وەشاندن,,,,,,,LOW,word has no جۆری وشە at all,96560cf4-030d-4268-baea-87bb57cdf631,somaali,,,,,
5933,14343,دادروون,دوشت بەسەریەکدا دروون: (لەچکی کەواکەی بۆ دادروم),ئەنجامدانی کارێک,چاوگ,چاوگ,,,,LOW,"پۆل «ئەنجامدانی کارێک» is really the part of speech «کار» — routed nowhere, needs a decision ; پۆل says «کار», جۆری وشە says «چاوگ» — they disagree",fbaa1310-1a57-4439-b4e4-2b6fb312b455,banazhamad,,,,,
5934,14343,دادروون,ئەم پینەیەم بۆ دادرو,ئەنجامدانی کارێک,چاوگ,چاوگ,,,,LOW,"پۆل «ئەنجامدانی کارێک» is really the part of speech «کار» — routed nowhere, needs a decision ; پۆل says «کار», جۆری وشە says «چاوگ» — they disagree",fbaa1310-1a57-4439-b4e4-2b6fb312b455,banazhamad,,,,,
5936,14344,دادڕەس,هانا,سیفەت,ئاوەڵناو,هاوەڵناو,,,,LOW,"پۆل «سیفەت» is really the part of speech «هاوەڵناو» — routed nowhere, needs a decision",fbaa1310-1a57-4439-b4e4-2b6fb312b455,banazhamad,,,,,
5937,14344,دادڕەس,فریارەس,سیفەت,ئاوەڵناو,هاوەڵناو,,,,LOW,"پۆل «سیفەت» is really the part of speech «هاوەڵناو» — routed nowhere, needs a decision",fbaa1310-1a57-4439-b4e4-2b6fb312b455,banazhamad,,,,,
5939,14345,دادڕیاگ,دادڕاو,سیفەت,ئاوەڵناو,هاوەڵناو,,,,LOW,"پۆل «سیفەت» is really the part of speech «هاوەڵناو» — routed nowhere, needs a decision",fbaa1310-1a57-4439-b4e4-2b6fb312b455,banazhamad,,,,,
5941,14346,دادڕین,کاری دادڕین,ئەنجامدانی کارێک,چاوگ,چاوگ,,,,LOW,"پۆل «ئەنجامدانی کارێک» is really the part of speech «کار» — routed nowhere, needs a decision ; پۆل says «کار», جۆری وشە says «چاوگ» — they disagree",fbaa1310-1a57-4439-b4e4-2b6fb312b455,banazhamad,,,,,
5944,14347,دادک,دایک,کەس,ناو,ناو,ناو › کەس,,,HIGH,,fbaa1310-1a57-4439-b4e4-2b6fb312b455,banazhamad,,,,,
5945,14347,دادک,داڵک,کەس,ناو,ناو,ناو › کەس,,,HIGH,,fbaa1310-1a57-4439-b4e4-2b6fb312b455,banazhamad,,,,,
5947,14348,دادگا,مەحکەمە,شوێن,ناو,ناو,ناو › شوێن,,,HIGH,,fbaa1310-1a57-4439-b4e4-2b6fb312b455,banazhamad,,,,,
5948,14348,دادگا,جێگەی شکاتکردن,شوێن,ناو,ناو,ناو › شوێن,,,HIGH,,fbaa1310-1a57-4439-b4e4-2b6fb312b455,banazhamad,,,,,
5950,14349,دادگە,دادگا,شوێن,ناو,ناو,ناو › شوێن,,,HIGH,,fbaa1310-1a57-4439-b4e4-2b6fb312b455,banazhamad,,,,,
5952,14350,دادگەر,دادپەروەر,سیفەت,ئاوەڵناو,هاوەڵناو,,,,LOW,"پۆل «سیفەت» is really the part of speech «هاوەڵناو» — routed nowhere, needs a decision",fbaa1310-1a57-4439-b4e4-2b6fb312b455,banazhamad,,,,,
5955,14351,دادگێڕ,دادگەر,سیفەت,ئاوەڵناو,هاوەڵناو,,,,LOW,"پۆل «سیفەت» is really the part of speech «هاوەڵناو» — routed nowhere, needs a decision",fbaa1310-1a57-4439-b4e4-2b6fb312b455,banazhamad,,,,,
5957,14352,دادوبسەت,مامڵە,چەمک,ناو,ناو,,,,HIGH,پۆل «چەمک» has no home among the deck's ten (see unmapped.csv),fbaa1310-1a57-4439-b4e4-2b6fb312b455,banazhamad,,,,,
5958,14352,دادوبسەت,سەودا,چەمک,ناو,ناو,,,,HIGH,پۆل «چەمک» has no home among the deck's ten (see unmapped.csv),fbaa1310-1a57-4439-b4e4-2b6fb312b455,banazhamad,,,,,
5959,14352,دادوبسەت,کڕین و فرۆشتن,چەمک,ناو,ناو,,,,HIGH,پۆل «چەمک» has no home among the deck's ten (see unmapped.csv),fbaa1310-1a57-4439-b4e4-2b6fb312b455,banazhamad,,,,,
5960,14353,دادوبێداد,هاوار لەدەست ناحەقیکەر,هەست,ناو,ناو,,,,HIGH,پۆل «هەست» has no home among the deck's ten (see unmapped.csv),fbaa1310-1a57-4439-b4e4-2b6fb312b455,banazhamad,,,,,
5962,14354,دادووران,دادروون,ئەنجامدانی کارێک,چاوگ,چاوگ,,,,LOW,"پۆل «ئەنجامدانی کارێک» is really the part of speech «کار» — routed nowhere, needs a decision ; پۆل says «کار», جۆری وشە says «چاوگ» — they disagree",fbaa1310-1a57-4439-b4e4-2b6fb312b455,banazhamad,,,,,
5964,14355,دادوورانن,دادروون,ئەنجامدانی کارێک,چاوگ,چاوگ,,,,LOW,"پۆل «ئەنجامدانی کارێک» is really the part of speech «کار» — routed nowhere, needs a decision ; پۆل says «کار», جۆری وشە says «چاوگ» — they disagree",fbaa1310-1a57-4439-b4e4-2b6fb312b455,banazhamad,,,,,
5966,14356,توچن,لیچق,کەس | سیفەت,ناو | ئاوەڵناو,,ناو › کەس,,,LOW,"word carries several parts of speech (ناو / هاوەڵناو); a sense may only have one ; پۆل «سیفەت» is really the part of speech «هاوەڵناو» — routed nowhere, needs a decision",96560cf4-030d-4268-baea-87bb57cdf631,somaali,,,,,
5967,14356,توچن,تۆم وەشێن,کەس | سیفەت,ناو | ئاوەڵناو,,ناو › کەس,,,LOW,"word carries several parts of speech (ناو / هاوەڵناو); a sense may only have one ; پۆل «سیفەت» is really the part of speech «هاوەڵناو» — routed nowhere, needs a decision",96560cf4-030d-4268-baea-87bb57cdf631,somaali,,,,,
5970,14357,توچێن,تۆم وەشێن,کەس | ئامێر,ناو,ناو,ناو › کەس,,,HIGH,پۆل «ئامێر» has no home among the deck's ten (see unmapped.csv),96560cf4-030d-4268-baea-87bb57cdf631,somaali,,,,,
5971,14357,توچێن,تۆوچێن,کەس | ئامێر,ناو,ناو,ناو › کەس,,,HIGH,پۆل «ئامێر» has no home among the deck's ten (see unmapped.csv),96560cf4-030d-4268-baea-87bb57cdf631,somaali,,,,,
5973,14358,توخ,تۆز,,ناو,ناو,,,,HIGH,,96560cf4-030d-4268-baea-87bb57cdf631,somaali,,,,,
5974,14358,توخ,غومار,,ناو,ناو,,,,HIGH,,96560cf4-030d-4268-baea-87bb57cdf631,somaali,,,,,
5977,14359,دادۆش,شیردۆش,کەس,ناو,ناو,ناو › کەس,,,HIGH,,fbaa1310-1a57-4439-b4e4-2b6fb312b455,banazhamad,,,,,
5978,14359,دادۆش,برێتی لەکەسێ کە بەگزی دۆستە و بەهرە دەبا,کەس,ناو,ناو,ناو › کەس,,,HIGH,,fbaa1310-1a57-4439-b4e4-2b6fb312b455,banazhamad,,,,,
5979,14359,دادۆش,شیردوش,کەس,ناو,ناو,ناو › کەس,,,HIGH,,fbaa1310-1a57-4439-b4e4-2b6fb312b455,banazhamad,,,,,
5981,14360,تۆخ,جوقەی کڵاوی شاو میران,کەرەستە | سیفەت | ڕەنگ | تام,ناو | ئاوەڵناو,,کولتووری › کەرەستە,,,LOW,"word carries several parts of speech (ناو / هاوەڵناو); a sense may only have one ; پۆل «سیفەت» is really the part of speech «هاوەڵناو» — routed nowhere, needs a decision ; پۆل «ڕەنگ» has no home among the deck's ten (see unmapped.csv) ; پۆل «تام» has no home among the deck's ten (see unmapped.csv)",96560cf4-030d-4268-baea-87bb57cdf631,somaali,,,,,
5982,14360,تۆخ,تام و تیژی بەهێز,کەرەستە | سیفەت | ڕەنگ | تام,ناو | ئاوەڵناو,,کولتووری › کەرەستە,,,LOW,"word carries several parts of speech (ناو / هاوەڵناو); a sense may only have one ; پۆل «سیفەت» is really the part of speech «هاوەڵناو» — routed nowhere, needs a decision ; پۆل «ڕەنگ» has no home among the deck's ten (see unmapped.csv) ; پۆل «تام» has no home among the deck's ten (see unmapped.csv)",96560cf4-030d-4268-baea-87bb57cdf631,somaali,,,,,
5983,14360,تۆخ,تاریک ڕەنگ: (سوری تۆخ، سوری ئاماڵ ڕەش),کەرەستە | سیفەت | ڕەنگ | تام,ناو | ئاوەڵناو,,کولتووری › کەرەستە,,,LOW,"word carries several parts of speech (ناو / هاوەڵناو); a sense may only have one ; پۆل «سیفەت» is really the part of speech «هاوەڵناو» — routed nowhere, needs a decision ; پۆل «ڕەنگ» has no home among the deck's ten (see unmapped.csv) ; پۆل «تام» has no home among the deck's ten (see unmapped.csv)",96560cf4-030d-4268-baea-87bb57cdf631,somaali,,,,,
5984,14360,تۆخ,تێرگۆشت و قەڵەو,کەرەستە | سیفەت | ڕەنگ | تام,ناو | ئاوەڵناو,,کولتووری › کەرەستە,,,LOW,"word carries several parts of speech (ناو / هاوەڵناو); a sense may only have one ; پۆل «سیفەت» is really the part of speech «هاوەڵناو» — routed nowhere, needs a decision ; پۆل «ڕەنگ» has no home among the deck's ten (see unmapped.csv) ; پۆل «تام» has no home among the deck's ten (see unmapped.csv)",96560cf4-030d-4268-baea-87bb57cdf631,somaali,,,,,
5989,14361,دادۆشین,دۆشین تا ئاخر دڵۆپ,ئەنجامدانی کارێک,چاوگ,چاوگ,,,,LOW,"پۆل «ئەنجامدانی کارێک» is really the part of speech «کار» — routed nowhere, needs a decision ; پۆل says «کار», جۆری وشە says «چاوگ» — they disagree",fbaa1310-1a57-4439-b4e4-2b6fb312b455,banazhamad,,,,,
5990,14361,دادۆشین,برێتی لە بەهرەبردنی ناڕەوای دۆستی گزی کار,ئەنجامدانی کارێک,چاوگ,چاوگ,,,,LOW,"پۆل «ئەنجامدانی کارێک» is really the part of speech «کار» — routed nowhere, needs a decision ; پۆل says «کار», جۆری وشە says «چاوگ» — they disagree",fbaa1310-1a57-4439-b4e4-2b6fb312b455,banazhamad,,,,,
5993,14362,راپەرین,لەپر بلندبون,ئەنجامدانی کارێک,کار,کار,,,,LOW,"پۆل «ئەنجامدانی کارێک» is really the part of speech «کار» — routed nowhere, needs a decision",79dd71fd-aaa5-4f5a-9211-101eeda2d0b8,taraakoy,,,,,
5994,14362,راپەرین,زوهەستان,ئەنجامدانی کارێک,کار,کار,,,,LOW,"پۆل «ئەنجامدانی کارێک» is really the part of speech «کار» — routed nowhere, needs a decision",79dd71fd-aaa5-4f5a-9211-101eeda2d0b8,taraakoy,,,,,
5995,14362,راپەرین,گورج دەست بەکاربون,ئەنجامدانی کارێک,کار,کار,,,,LOW,"پۆل «ئەنجامدانی کارێک» is really the part of speech «کار» — routed nowhere, needs a decision",79dd71fd-aaa5-4f5a-9211-101eeda2d0b8,taraakoy,,,,,
5996,14362,راپەرین,لە ناکاو لەخەو هەستان,ئەنجامدانی کارێک,کار,کار,,,,LOW,"پۆل «ئەنجامدانی کارێک» is really the part of speech «کار» — routed nowhere, needs a decision",79dd71fd-aaa5-4f5a-9211-101eeda2d0b8,taraakoy,,,,,
5997,14362,راپەرین,داچڵەکان,ئەنجامدانی کارێک,کار,کار,,,,LOW,"پۆل «ئەنجامدانی کارێک» is really the part of speech «کار» — routed nowhere, needs a decision",79dd71fd-aaa5-4f5a-9211-101eeda2d0b8,taraakoy,,,,,
5998,14362,راپەرین,هەڵبەزین,ئەنجامدانی کارێک,کار,کار,,,,LOW,"پۆل «ئەنجامدانی کارێک» is really the part of speech «کار» — routed nowhere, needs a decision",79dd71fd-aaa5-4f5a-9211-101eeda2d0b8,taraakoy,,,,,
5999,14362,راپەرین,راست بونەوی گەل دژی حکومەت,ئەنجامدانی کارێک,کار,کار,,,,LOW,"پۆل «ئەنجامدانی کارێک» is really the part of speech «کار» — routed nowhere, needs a decision",79dd71fd-aaa5-4f5a-9211-101eeda2d0b8,taraakoy,,,,,
6000,14362,راپەرین,شۆرش,ئەنجامدانی کارێک,کار,کار,,,,LOW,"پۆل «ئەنجامدانی کارێک» is really the part of speech «کار» — routed nowhere, needs a decision",79dd71fd-aaa5-4f5a-9211-101eeda2d0b8,taraakoy,,,,,
6006,14362,راپەرین,قیام عمومی بر علیە حکومەت,ئەنجامدانی کارێک,کار,کار,,,,LOW,"پۆل «ئەنجامدانی کارێک» is really the part of speech «کار» — routed nowhere, needs a decision",79dd71fd-aaa5-4f5a-9211-101eeda2d0b8,taraakoy,,,,,
6008,14363,راپەرێن,کەسێک کەڕادەپەڕێنێ,ئەنجامدانی کارێک,ناو,ناو,,ڕەگەز=دوولایەن,,LOW,"پۆل «ئەنجامدانی کارێک» is really the part of speech «کار» — routed nowhere, needs a decision ; پۆل says «کار», جۆری وشە says «ناو» — they disagree",79dd71fd-aaa5-4f5a-9211-101eeda2d0b8,taraakoy,,,,,
6011,14364,راپەلکاندن,راپەرکاندن,,کار,کار,,,,HIGH,,79dd71fd-aaa5-4f5a-9211-101eeda2d0b8,taraakoy,,,,,
6013,14365,راپیتە,هاتوچۆی بەپەلەپەل و ئەوسەر ئەم سەر,,,,,,,LOW,word has no جۆری وشە at all,79dd71fd-aaa5-4f5a-9211-101eeda2d0b8,taraakoy,,,,,
6014,14365,راپیتە,راوێچکە,,,,,,,LOW,word has no جۆری وشە at all,79dd71fd-aaa5-4f5a-9211-101eeda2d0b8,taraakoy,,,,,
6016,14366,راپێچان,وەبەرخۆدان و بەغاربردن,ئەنجامدانی کارێک,کار,کار,,,,LOW,"پۆل «ئەنجامدانی کارێک» is really the part of speech «کار» — routed nowhere, needs a decision",79dd71fd-aaa5-4f5a-9211-101eeda2d0b8,taraakoy,,,,,
6017,14366,راپێچان,خۆ گورج کردن,ئەنجامدانی کارێک,کار,کار,,,,LOW,"پۆل «ئەنجامدانی کارێک» is really the part of speech «کار» — routed nowhere, needs a decision",79dd71fd-aaa5-4f5a-9211-101eeda2d0b8,taraakoy,,,,,
6018,14366,راپێچان,راماشتن,ئەنجامدانی کارێک,کار,کار,,,,LOW,"پۆل «ئەنجامدانی کارێک» is really the part of speech «کار» — routed nowhere, needs a decision",79dd71fd-aaa5-4f5a-9211-101eeda2d0b8,taraakoy,,,,,
6019,14366,راپێچان,راماڵین,ئەنجامدانی کارێک,کار,کار,,,,LOW,"پۆل «ئەنجامدانی کارێک» is really the part of speech «کار» — routed nowhere, needs a decision",79dd71fd-aaa5-4f5a-9211-101eeda2d0b8,taraakoy,,,,,
6024,14367,راتب,جیرە,ماددە,,,,,,LOW,word has no جۆری وشە at all ; پۆل «ماددە» has no home among the deck's ten (see unmapped.csv),79dd71fd-aaa5-4f5a-9211-101eeda2d0b8,taraakoy,,,,,
6025,14367,راتب,بژیوێ کە دەدرێت بە دەرس خوێن و کارەکەری دەوڵەت,ماددە,,,,,,LOW,word has no جۆری وشە at all ; پۆل «ماددە» has no home among the deck's ten (see unmapped.csv),79dd71fd-aaa5-4f5a-9211-101eeda2d0b8,taraakoy,,,,,
6026,14367,راتب,ئەو کەلوپەلەی راوکەر لە پشتی خۆیانی دەبەستن,ماددە,,,,,,LOW,word has no جۆری وشە at all ; پۆل «ماددە» has no home among the deck's ten (see unmapped.csv),79dd71fd-aaa5-4f5a-9211-101eeda2d0b8,taraakoy,,,,,
6029,14368,رتبە,راتوە,پلەو پایە,ناو,ناو,,,,HIGH,پۆل «پلەو پایە» has no home among the deck's ten (see unmapped.csv),79dd71fd-aaa5-4f5a-9211-101eeda2d0b8,taraakoy,,,,,
6031,14369,یابوء,ئەسپ نانەجیبی بارکێشان،بریتیە لە پیاوی نەزانی تەمبەڵ,ئاژەڵ,ناو,ناو,زیندەوەرزانی › ئاژەڵ,,,HIGH,,d641c5d5-6362-478e-b261-1d3ba03b0e00,sirwan,,,,,
6032,14370,راتڵەقان,هەژانی دەفری شتی تراو,ئەنجامدانی کارێک,کار,کار,,,,LOW,"پۆل «ئەنجامدانی کارێک» is really the part of speech «کار» — routed nowhere, needs a decision",79dd71fd-aaa5-4f5a-9211-101eeda2d0b8,taraakoy,,,,,
6034,14371,یابۆن,یابان ،بیاوان، سارا,شوێن,ناو,ناو,ناو › شوێن,,,HIGH,,d641c5d5-6362-478e-b261-1d3ba03b0e00,sirwan,,,,,
6035,14372,راتڵەقاندن,هەژاندنی دەفری شتی تراو,ئەنجامدانی کارێک,کار,کار,,,,LOW,"پۆل «ئەنجامدانی کارێک» is really the part of speech «کار» — routed nowhere, needs a decision",79dd71fd-aaa5-4f5a-9211-101eeda2d0b8,taraakoy,,,,,
6037,14373,یابا,بنیات ،ئیجاد,چەمک,کار,کار,,,,HIGH,پۆل «چەمک» has no home among the deck's ten (see unmapped.csv),d641c5d5-6362-478e-b261-1d3ba03b0e00,sirwan,,,,,
6038,14374,یابەکردن,دروس کردن، بنیات نان,ڕوودانی کار,کار,کار,,,,HIGH,پۆل «ڕوودانی کار» has no home among the deck's ten (see unmapped.csv),d641c5d5-6362-478e-b261-1d3ba03b0e00,sirwan,,,,,
6039,14375,یاپراخ,گەڵا مێو، دۆڵمەی گەڵا مێو، ئاپراخ,خواردن,ناو,ناو,کولتووری › خواردن,,,HIGH,,d641c5d5-6362-478e-b261-1d3ba03b0e00,sirwan,,,,,
6040,14376,راتلەکان,راتلەقان,ئەنجامدانی کارێک,کار,کار,,,,LOW,"پۆل «ئەنجامدانی کارێک» is really the part of speech «کار» — routed nowhere, needs a decision",79dd71fd-aaa5-4f5a-9211-101eeda2d0b8,taraakoy,,,,,
6042,14377,دادوفوغان,دادوهاوار,باروودۆخ,ناو,ناو,,,,HIGH,پۆل «باروودۆخ» has no home among the deck's ten (see unmapped.csv),fbaa1310-1a57-4439-b4e4-2b6fb312b455,banazhamad,,,,,
6043,14377,دادوفوغان,هەراوهوریا,باروودۆخ,ناو,ناو,,,,HIGH,پۆل «باروودۆخ» has no home among the deck's ten (see unmapped.csv),fbaa1310-1a57-4439-b4e4-2b6fb312b455,banazhamad,,,,,
6045,14378,راتو,راتوە,بەخشین,ناو,ناو,,,,HIGH,پۆل «بەخشین» has no home among the deck's ten (see unmapped.csv),79dd71fd-aaa5-4f5a-9211-101eeda2d0b8,taraakoy,,,,,
6046,14378,راتو,راتبە,بەخشین,ناو,ناو,,,,HIGH,پۆل «بەخشین» has no home among the deck's ten (see unmapped.csv),79dd71fd-aaa5-4f5a-9211-101eeda2d0b8,taraakoy,,,,,
6047,14378,راتو,خێری نان و شتی تر کە بەفەقێ ئەدرێ,بەخشین,ناو,ناو,,,,HIGH,پۆل «بەخشین» has no home among the deck's ten (see unmapped.csv),79dd71fd-aaa5-4f5a-9211-101eeda2d0b8,taraakoy,,,,,
6048,14379,دادۆک,دایەن,کەس,ناو,ناو,ناو › کەس,,,HIGH,,fbaa1310-1a57-4439-b4e4-2b6fb312b455,banazhamad,,,,,
6049,14379,دادۆک,تایەن,کەس,ناو,ناو,ناو › کەس,,,HIGH,,fbaa1310-1a57-4439-b4e4-2b6fb312b455,banazhamad,,,,,
6051,14380,راتەکان,جۆڵانی بە توند,ئەنجامدانی کارێک,کار,کار,,,,LOW,"پۆل «ئەنجامدانی کارێک» is really the part of speech «کار» — routed nowhere, needs a decision",79dd71fd-aaa5-4f5a-9211-101eeda2d0b8,taraakoy,,,,,
6053,14381,دادوەر,ئەوی بەشکایەتان ڕادەگا,کەس,ناو,ناو,ناو › کەس,,,HIGH,,fbaa1310-1a57-4439-b4e4-2b6fb312b455,banazhamad,,,,,
6055,14382,دادی,تایەن,کەس,ناو,ناو,ناو › کەس,,,HIGH,,fbaa1310-1a57-4439-b4e4-2b6fb312b455,banazhamad,,,,,
6056,14382,دادی,دایەن,کەس,ناو,ناو,ناو › کەس,,,HIGH,,fbaa1310-1a57-4439-b4e4-2b6fb312b455,banazhamad,,,,,
6058,14383,راتوە,راتو,ئەنجامدانی کارێک,کار,کار,,,,LOW,"پۆل «ئەنجامدانی کارێک» is really the part of speech «کار» — routed nowhere, needs a decision",79dd71fd-aaa5-4f5a-9211-101eeda2d0b8,taraakoy,,,,,
6060,14384,ددێران,راداشتن,ئەنجامدانی کارێک,کار,کار,,,,LOW,"پۆل «ئەنجامدانی کارێک» is really the part of speech «کار» — routed nowhere, needs a decision",fbaa1310-1a57-4439-b4e4-2b6fb312b455,banazhamad,,,,,
6061,14384,ددێران,داهێشتن,ئەنجامدانی کارێک,کار,کار,,,,LOW,"پۆل «ئەنجامدانی کارێک» is really the part of speech «کار» — routed nowhere, needs a decision",fbaa1310-1a57-4439-b4e4-2b6fb312b455,banazhamad,,,,,
6062,14384,ددێران,مناڵ بەسەردەستەوە گرتن بۆ ڕیاندن,ئەنجامدانی کارێک,کار,کار,,,,LOW,"پۆل «ئەنجامدانی کارێک» is really the part of speech «کار» — routed nowhere, needs a decision",fbaa1310-1a57-4439-b4e4-2b6fb312b455,banazhamad,,,,,
6064,14385,توخس,لە کەڵک کەوتە,سیفەت,ئاوەڵناو,هاوەڵناو,,ڕەگەز=دوولایەن,,LOW,"پۆل «سیفەت» is really the part of speech «هاوەڵناو» — routed nowhere, needs a decision",96560cf4-030d-4268-baea-87bb57cdf631,somaali,,,,,
6065,14385,توخس,بێ بەهرە,سیفەت,ئاوەڵناو,هاوەڵناو,,ڕەگەز=دوولایەن,,LOW,"پۆل «سیفەت» is really the part of speech «هاوەڵناو» — routed nowhere, needs a decision",96560cf4-030d-4268-baea-87bb57cdf631,somaali,,,,,
6066,14385,توخس,چەموش,سیفەت,ئاوەڵناو,هاوەڵناو,,ڕەگەز=دوولایەن,,LOW,"پۆل «سیفەت» is really the part of speech «هاوەڵناو» — routed nowhere, needs a decision",96560cf4-030d-4268-baea-87bb57cdf631,somaali,,,,,
6067,14385,توخس,بەیدەس,سیفەت,ئاوەڵناو,هاوەڵناو,,ڕەگەز=دوولایەن,,LOW,"پۆل «سیفەت» is really the part of speech «هاوەڵناو» — routed nowhere, needs a decision",96560cf4-030d-4268-baea-87bb57cdf631,somaali,,,,,
6071,14386,دادیلە,وشەی دواندنی خوشکی چکۆڵە,کەس,ناو,ناو,ناو › کەس,,,HIGH,,fbaa1310-1a57-4439-b4e4-2b6fb312b455,banazhamad,,,,,
6073,14387,داراش,داڵاش,باڵندە,ناو,ناو,زیندەوەرزانی › باڵندە,,,HIGH,,fbaa1310-1a57-4439-b4e4-2b6fb312b455,banazhamad,,,,,
6075,14388,توخم,تۆم,دانەوێڵە,ناو,ناو,,,,HIGH,پۆل «دانەوێڵە» has no home among the deck's ten (see unmapped.csv),96560cf4-030d-4268-baea-87bb57cdf631,somaali,,,,,
6076,14388,توخم,تۆ و,دانەوێڵە,ناو,ناو,,,,HIGH,پۆل «دانەوێڵە» has no home among the deck's ten (see unmapped.csv),96560cf4-030d-4268-baea-87bb57cdf631,somaali,,,,,
6077,14388,توخم,ڕەچەڵەک,دانەوێڵە,ناو,ناو,,,,HIGH,پۆل «دانەوێڵە» has no home among the deck's ten (see unmapped.csv),96560cf4-030d-4268-baea-87bb57cdf631,somaali,,,,,
6078,14388,توخم,بنەچەکە,دانەوێڵە,ناو,ناو,,,,HIGH,پۆل «دانەوێڵە» has no home among the deck's ten (see unmapped.csv),96560cf4-030d-4268-baea-87bb57cdf631,somaali,,,,,
6079,14388,توخم,نژاد,دانەوێڵە,ناو,ناو,,,,HIGH,پۆل «دانەوێڵە» has no home among the deck's ten (see unmapped.csv),96560cf4-030d-4268-baea-87bb57cdf631,somaali,,,,,
6082,14389,تۆخماخ,کوتەکی سەرزل,کەرەستە,ناو,ناو,کولتووری › کەرەستە,,,HIGH,,96560cf4-030d-4268-baea-87bb57cdf631,somaali,,,,,
6083,14389,تۆخماخ,گۆپاڵ,کەرەستە,ناو,ناو,کولتووری › کەرەستە,,,HIGH,,96560cf4-030d-4268-baea-87bb57cdf631,somaali,,,,,
6085,14390,داراڕەش,دارێکی لێرەوارەو زۆر ئەستوورو بڵند دەبێ,درەخت,ناو,ناو,,,,HIGH,پۆل «درەخت» has no home among the deck's ten (see unmapped.csv),fbaa1310-1a57-4439-b4e4-2b6fb312b455,banazhamad,,,,,
6087,14391,توخمی,فەحل,ئاژەڵ,ناو,ناو,زیندەوەرزانی › ئاژەڵ,ڕەگەز=نێر,,HIGH,,96560cf4-030d-4268-baea-87bb57cdf631,somaali,,,,,
6088,14391,توخمی,ئەسپ یان بەران یا هەرچی بۆ پەڕین ڕاگیرابێ,ئاژەڵ,ناو,ناو,زیندەوەرزانی › ئاژەڵ,ڕەگەز=نێر,,HIGH,,96560cf4-030d-4268-baea-87bb57cdf631,somaali,,,,,
6090,14392,داراغان,گوندێکی کوردستانە بەعسی وێرانی کرد,گوند,ناو,ناو,,,,HIGH,پۆل «گوند» has no home among the deck's ten (see unmapped.csv),fbaa1310-1a57-4439-b4e4-2b6fb312b455,banazhamad,,,,,
6092,14393,توخن,تخون,سیفەت,ئاوەڵناو,هاوەڵناو,,,,LOW,"پۆل «سیفەت» is really the part of speech «هاوەڵناو» — routed nowhere, needs a decision",96560cf4-030d-4268-baea-87bb57cdf631,somaali,,,,,
6094,14394,توخوب,تخوب,شوێن,ناو,ناو,ناو › شوێن,,,HIGH,,96560cf4-030d-4268-baea-87bb57cdf631,somaali,,,,,
6095,14394,توخوب,سنور,شوێن,ناو,ناو,ناو › شوێن,,,HIGH,,96560cf4-030d-4268-baea-87bb57cdf631,somaali,,,,,
6097,14395,تۆخەری,جۆری گەمەی قاپێن,یاری,ناو,ناو,کولتووری › یاری,,,HIGH,,96560cf4-030d-4268-baea-87bb57cdf631,somaali,,,,,
6098,14395,تۆخەری,وازیەکە لە میچێندا,یاری,ناو,ناو,کولتووری › یاری,,,HIGH,,96560cf4-030d-4268-baea-87bb57cdf631,somaali,,,,,
6100,14396,دارانەوە,بوورانەوە,کەس,ناو,ناو,ناو › کەس,,,HIGH,,fbaa1310-1a57-4439-b4e4-2b6fb312b455,banazhamad,,,,,
6101,14396,دارانەوە,دڵن لەخۆچوون,کەس,ناو,ناو,ناو › کەس,,,HIGH,,fbaa1310-1a57-4439-b4e4-2b6fb312b455,banazhamad,,,,,
6102,14396,دارانەوە,لەسەرخۆچوون,کەس,ناو,ناو,ناو › کەس,,,HIGH,,fbaa1310-1a57-4439-b4e4-2b6fb312b455,banazhamad,,,,,
6104,14397,دارایی,کۆڵوانە لەپارچەی دارا,خاوەندارییەتی,ناو,ناو,,,,HIGH,پۆل «خاوەندارییەتی» has no home among the deck's ten (see unmapped.csv),fbaa1310-1a57-4439-b4e4-2b6fb312b455,banazhamad,,,,,
6105,14397,دارایی,کارگێڕی باج ساندن,خاوەندارییەتی,ناو,ناو,,,,HIGH,پۆل «خاوەندارییەتی» has no home among the deck's ten (see unmapped.csv),fbaa1310-1a57-4439-b4e4-2b6fb312b455,banazhamad,,,,,
6108,14398,دارباز,تەنافبار,سیفەت,ئاوەڵناو,هاوەڵناو,,,,LOW,"پۆل «سیفەت» is really the part of speech «هاوەڵناو» — routed nowhere, needs a decision",fbaa1310-1a57-4439-b4e4-2b6fb312b455,banazhamad,,,,,
6109,14398,دارباز,پەلهەوان,سیفەت,ئاوەڵناو,هاوەڵناو,,,,LOW,"پۆل «سیفەت» is really the part of speech «هاوەڵناو» — routed nowhere, needs a decision",fbaa1310-1a57-4439-b4e4-2b6fb312b455,banazhamad,,,,,
6111,14399,تودەرە,چرگ,,ناو,ناو,,,,HIGH,,96560cf4-030d-4268-baea-87bb57cdf631,somaali,,,,,
6112,14399,تودەرە,چێرگ,,ناو,ناو,,,,HIGH,,96560cf4-030d-4268-baea-87bb57cdf631,somaali,,,,,
6113,14399,تودەرە,مێشەسی,,ناو,ناو,,,,HIGH,,96560cf4-030d-4268-baea-87bb57cdf631,somaali,,,,,
6115,14400,تور,لاڵەپەتە,کەس | سیفەت,ناو | ئاوەڵناو,,ناو › کەس,ڕەگەز=دوولایەن,,LOW,"word carries several parts of speech (ناو / هاوەڵناو); a sense may only have one ; پۆل «سیفەت» is really the part of speech «هاوەڵناو» — routed nowhere, needs a decision",96560cf4-030d-4268-baea-87bb57cdf631,somaali,,,,,
6116,14400,تور,کەسێ قسەی بەڕەوانی بۆ نایەت,کەس | سیفەت,ناو | ئاوەڵناو,,ناو › کەس,ڕەگەز=دوولایەن,,LOW,"word carries several parts of speech (ناو / هاوەڵناو); a sense may only have one ; پۆل «سیفەت» is really the part of speech «هاوەڵناو» — routed nowhere, needs a decision",96560cf4-030d-4268-baea-87bb57cdf631,somaali,,,,,
6118,14401,داربازە,داربەست,کەرەستە,ناو,ناو,کولتووری › کەرەستە,,,HIGH,,fbaa1310-1a57-4439-b4e4-2b6fb312b455,banazhamad,,,,,
6119,14401,داربازە,تابووت,کەرەستە,ناو,ناو,کولتووری › کەرەستە,,,HIGH,,fbaa1310-1a57-4439-b4e4-2b6fb312b455,banazhamad,,,,,
6121,14402,توور,توربێن,خواردن | سەوزە | کەرەستە,ناو,ناو,کولتووری › خواردن | کولتووری › کەرەستە,,,HIGH,پۆل «سەوزە» has no home among the deck's ten (see unmapped.csv),96560cf4-030d-4268-baea-87bb57cdf631,somaali,,,,,
6122,14402,توور,تورەکەی نان و تێشو,خواردن | سەوزە | کەرەستە,ناو,ناو,کولتووری › خواردن | کولتووری › کەرەستە,,,HIGH,پۆل «سەوزە» has no home among the deck's ten (see unmapped.csv),96560cf4-030d-4268-baea-87bb57cdf631,somaali,,,,,
6123,14402,توور,خورجی بچووک,خواردن | سەوزە | کەرەستە,ناو,ناو,کولتووری › خواردن | کولتووری › کەرەستە,,,HIGH,پۆل «سەوزە» has no home among the deck's ten (see unmapped.csv),96560cf4-030d-4268-baea-87bb57cdf631,somaali,,,,,
6124,14402,توور,ترپ,خواردن | سەوزە | کەرەستە,ناو,ناو,کولتووری › خواردن | کولتووری › کەرەستە,,,HIGH,پۆل «سەوزە» has no home among the deck's ten (see unmapped.csv),96560cf4-030d-4268-baea-87bb57cdf631,somaali,,,,,
6125,14402,توور,تڤر,خواردن | سەوزە | کەرەستە,ناو,ناو,کولتووری › خواردن | کولتووری › کەرەستە,,,HIGH,پۆل «سەوزە» has no home among the deck's ten (see unmapped.csv),96560cf4-030d-4268-baea-87bb57cdf631,somaali,,,,,
6128,14403,تۆڕ,چنراوی بە گەو,کەرەستە | سیفەت | ئاژەڵ,ناو | ئاوەڵناو,,کولتووری › کەرەستە | زیندەوەرزانی › ئاژەڵ,,,LOW,"word carries several parts of speech (ناو / هاوەڵناو); a sense may only have one ; پۆل «سیفەت» is really the part of speech «هاوەڵناو» — routed nowhere, needs a decision",96560cf4-030d-4268-baea-87bb57cdf631,somaali,,,,,
6129,14403,تۆڕ,چارەوای بار نەکراوی زین نەدیتو,کەرەستە | سیفەت | ئاژەڵ,ناو | ئاوەڵناو,,کولتووری › کەرەستە | زیندەوەرزانی › ئاژەڵ,,,LOW,"word carries several parts of speech (ناو / هاوەڵناو); a sense may only have one ; پۆل «سیفەت» is really the part of speech «هاوەڵناو» — routed nowhere, needs a decision",96560cf4-030d-4268-baea-87bb57cdf631,somaali,,,,,
6130,14403,تۆڕ,چەموش و بەیدەس,کەرەستە | سیفەت | ئاژەڵ,ناو | ئاوەڵناو,,کولتووری › کەرەستە | زیندەوەرزانی › ئاژەڵ,,,LOW,"word carries several parts of speech (ناو / هاوەڵناو); a sense may only have one ; پۆل «سیفەت» is really the part of speech «هاوەڵناو» — routed nowhere, needs a decision",96560cf4-030d-4268-baea-87bb57cdf631,somaali,,,,,
6131,14403,تۆڕ,چەقەڵ,کەرەستە | سیفەت | ئاژەڵ,ناو | ئاوەڵناو,,کولتووری › کەرەستە | زیندەوەرزانی › ئاژەڵ,,,LOW,"word carries several parts of speech (ناو / هاوەڵناو); a sense may only have one ; پۆل «سیفەت» is really the part of speech «هاوەڵناو» — routed nowhere, needs a decision",96560cf4-030d-4268-baea-87bb57cdf631,somaali,,,,,
6132,14403,تۆڕ,ڕەشکەو پێشکەی کە دێتە بەرچاو,کەرەستە | سیفەت | ئاژەڵ,ناو | ئاوەڵناو,,کولتووری › کەرەستە | زیندەوەرزانی › ئاژەڵ,,,LOW,"word carries several parts of speech (ناو / هاوەڵناو); a sense may only have one ; پۆل «سیفەت» is really the part of speech «هاوەڵناو» — routed nowhere, needs a decision",96560cf4-030d-4268-baea-87bb57cdf631,somaali,,,,,
6133,14403,تۆڕ,ئەسپی لە گریوە غار جێ ماو,کەرەستە | سیفەت | ئاژەڵ,ناو | ئاوەڵناو,,کولتووری › کەرەستە | زیندەوەرزانی › ئاژەڵ,,,LOW,"word carries several parts of speech (ناو / هاوەڵناو); a sense may only have one ; پۆل «سیفەت» is really the part of speech «هاوەڵناو» — routed nowhere, needs a decision",96560cf4-030d-4268-baea-87bb57cdf631,somaali,,,,,
6141,14404,توڕ,هەلوک,,ناو,ناو,,,,HIGH,,96560cf4-030d-4268-baea-87bb57cdf631,somaali,,,,,
6143,14405,تۆراخ,ماستی ئاو لێ گیراوی شویت تێکراو,خواردن,ناو,ناو,کولتووری › خواردن,,,HIGH,,96560cf4-030d-4268-baea-87bb57cdf631,somaali,,,,,
6145,14406,تۆراغ,توراخ,خواردن,ناو,ناو,کولتووری › خواردن,,,HIGH,,96560cf4-030d-4268-baea-87bb57cdf631,somaali,,,,,
6147,14407,تۆراغدان,دەفری تۆراغ,کەرەستە | سیفەت,ناو | ئاوەڵناو,,کولتووری › کەرەستە,,,LOW,"word carries several parts of speech (ناو / هاوەڵناو); a sense may only have one ; پۆل «سیفەت» is really the part of speech «هاوەڵناو» — routed nowhere, needs a decision",96560cf4-030d-4268-baea-87bb57cdf631,somaali,,,,,
6148,14407,تۆراغدان,برێتی لە مرۆی زگ زل,کەرەستە | سیفەت,ناو | ئاوەڵناو,,کولتووری › کەرەستە,,,LOW,"word carries several parts of speech (ناو / هاوەڵناو); a sense may only have one ; پۆل «سیفەت» is really the part of speech «هاوەڵناو» — routed nowhere, needs a decision",96560cf4-030d-4268-baea-87bb57cdf631,somaali,,,,,
6151,14408,ئاریان,دڵ تێک چوون و دڵ ھەڵشێوان لە خواردن,بارودۆخی جەستەیی,ئاوەڵناو,هاوەڵناو,زانستیی پزیشکی › بارودۆخی جەستەیی,,,HIGH,,f65f7d2f-996a-4df7-a10e-c6e846940032,ahmadaziz,,,,,
6156,14409,ئاری باری,ھەڵوچەی سووری پایزە، بەڵاڵوک، ئاڵوباڵو,میوە,ناو,ناو,,ڕەگەز=بێلایەن,,HIGH,پۆل «میوە» has no home among the deck's ten (see unmapped.csv),f65f7d2f-996a-4df7-a10e-c6e846940032,ahmadaziz,,,,,
6153,14410,تۆران,زویر بوون,سیفەت,ئاوەڵناو,هاوەڵناو,,,,LOW,"پۆل «سیفەت» is really the part of speech «هاوەڵناو» — routed nowhere, needs a decision",96560cf4-030d-4268-baea-87bb57cdf631,somaali,,,,,
6154,14410,تۆران,زیز بوون,سیفەت,ئاوەڵناو,هاوەڵناو,,,,LOW,"پۆل «سیفەت» is really the part of speech «هاوەڵناو» — routed nowhere, needs a decision",96560cf4-030d-4268-baea-87bb57cdf631,somaali,,,,,
6157,14411,تۆراندن,توڕە کردن,ئەنجامدانی کارێک,چاوگ,چاوگ,,,,LOW,"پۆل «ئەنجامدانی کارێک» is really the part of speech «کار» — routed nowhere, needs a decision ; پۆل says «کار», جۆری وشە says «چاوگ» — they disagree",96560cf4-030d-4268-baea-87bb57cdf631,somaali,,,,,
6158,14411,تۆراندن,قەڵس کردن,ئەنجامدانی کارێک,چاوگ,چاوگ,,,,LOW,"پۆل «ئەنجامدانی کارێک» is really the part of speech «کار» — routed nowhere, needs a decision ; پۆل says «کار», جۆری وشە says «چاوگ» — they disagree",96560cf4-030d-4268-baea-87bb57cdf631,somaali,,,,,
6160,14412,توڕاندن,فو بە ئامرازی مۆسیقا یان کەڵەشاخدا کردن,ئەنجامدانی کارێک,چاوگ,چاوگ,,,,LOW,"پۆل «ئەنجامدانی کارێک» is really the part of speech «کار» — routed nowhere, needs a decision ; پۆل says «کار», جۆری وشە says «چاوگ» — they disagree",96560cf4-030d-4268-baea-87bb57cdf631,somaali,,,,,
6162,14413,ئارێخ,مێخ زنجیری تەویلە کە وڵاخی پێ دەبەسترێتەوە,کەرەستە,ناو,ناو,کولتووری › کەرەستە,ڕەگەز=بێلایەن,,HIGH,,f65f7d2f-996a-4df7-a10e-c6e846940032,ahmadaziz,,,,,
6164,14414,تۆڕاندن,ڕەواندنەوە,ئەنجامدانی کارێک,چاوگ,چاوگ,,,,LOW,"پۆل «ئەنجامدانی کارێک» is really the part of speech «کار» — routed nowhere, needs a decision ; پۆل says «کار», جۆری وشە says «چاوگ» — they disagree",96560cf4-030d-4268-baea-87bb57cdf631,somaali,,,,,
6166,14415,تووراندن,فیڕاندن,ئەنجامدانی کارێک,چاوگ,چاوگ,,,,LOW,"پۆل «ئەنجامدانی کارێک» is really the part of speech «کار» — routed nowhere, needs a decision ; پۆل says «کار», جۆری وشە says «چاوگ» — they disagree",96560cf4-030d-4268-baea-87bb57cdf631,somaali,,,,,
6167,14415,تووراندن,زگ چونی ماڵات: (ئەو گوێلکە ئەتورێنێ),ئەنجامدانی کارێک,چاوگ,چاوگ,,,,LOW,"پۆل «ئەنجامدانی کارێک» is really the part of speech «کار» — routed nowhere, needs a decision ; پۆل says «کار», جۆری وشە says «چاوگ» — they disagree",96560cf4-030d-4268-baea-87bb57cdf631,somaali,,,,,
6169,14416,تۆراو,ڕەنجاو,سیفەت,ئاوەڵناو,هاوەڵناو,,,,LOW,"پۆل «سیفەت» is really the part of speech «هاوەڵناو» — routed nowhere, needs a decision",96560cf4-030d-4268-baea-87bb57cdf631,somaali,,,,,
6170,14416,تۆراو,زیز,سیفەت,ئاوەڵناو,هاوەڵناو,,,,LOW,"پۆل «سیفەت» is really the part of speech «هاوەڵناو» — routed nowhere, needs a decision",96560cf4-030d-4268-baea-87bb57cdf631,somaali,,,,,
6171,14416,تۆراو,زویر,سیفەت,ئاوەڵناو,هاوەڵناو,,,,LOW,"پۆل «سیفەت» is really the part of speech «هاوەڵناو» — routed nowhere, needs a decision",96560cf4-030d-4268-baea-87bb57cdf631,somaali,,,,,
6174,14417,توربین,توورەکە,کەرەستە,ناو,ناو,کولتووری › کەرەستە,,,HIGH,,96560cf4-030d-4268-baea-87bb57cdf631,somaali,,,,,
6175,14417,توربین,توورک,کەرەستە,ناو,ناو,کولتووری › کەرەستە,,,HIGH,,96560cf4-030d-4268-baea-87bb57cdf631,somaali,,,,,
6177,14418,داربڕ,دڕندەیەکی چکۆلەیە لەتیرەی پشیلە,پیشە | ئاژەڵ,ناو,ناو,زیندەوەرزانی › ئاژەڵ,,,HIGH,پۆل «پیشە» has no home among the deck's ten (see unmapped.csv),fbaa1310-1a57-4439-b4e4-2b6fb312b455,banazhamad,,,,,
6178,14418,داربڕ,کەسێ کە بە بیور داران دەبڕێت.,پیشە | ئاژەڵ,ناو,ناو,زیندەوەرزانی › ئاژەڵ,,,HIGH,پۆل «پیشە» has no home among the deck's ten (see unmapped.csv),fbaa1310-1a57-4439-b4e4-2b6fb312b455,banazhamad,,,,,
6181,14419,تورت,تفت,سیفەت | تام,ئاوەڵناو,هاوەڵناو,,,,LOW,"پۆل «سیفەت» is really the part of speech «هاوەڵناو» — routed nowhere, needs a decision ; پۆل «تام» has no home among the deck's ten (see unmapped.csv)",96560cf4-030d-4268-baea-87bb57cdf631,somaali,,,,,
6182,14419,تورت,ئاماڵ ترش و تاڵ,سیفەت | تام,ئاوەڵناو,هاوەڵناو,,,,LOW,"پۆل «سیفەت» is really the part of speech «هاوەڵناو» — routed nowhere, needs a decision ; پۆل «تام» has no home among the deck's ten (see unmapped.csv)",96560cf4-030d-4268-baea-87bb57cdf631,somaali,,,,,
6183,14419,تورت,لاڵەپەتە,سیفەت | تام,ئاوەڵناو,هاوەڵناو,,,,LOW,"پۆل «سیفەت» is really the part of speech «هاوەڵناو» — routed nowhere, needs a decision ; پۆل «تام» has no home among the deck's ten (see unmapped.csv)",96560cf4-030d-4268-baea-87bb57cdf631,somaali,,,,,
6184,14419,تورت,شتێنکەنزو دەشکێ و زوو دەپەڕێ,سیفەت | تام,ئاوەڵناو,هاوەڵناو,,,,LOW,"پۆل «سیفەت» is really the part of speech «هاوەڵناو» — routed nowhere, needs a decision ; پۆل «تام» has no home among the deck's ten (see unmapped.csv)",96560cf4-030d-4268-baea-87bb57cdf631,somaali,,,,,
6188,14420,داربۆکردن,برێتی لە سزادان و تۆڵە لێسەندنەوە,ئەنجامدانی کارێک,ناو,ناو,,,,LOW,"پۆل «ئەنجامدانی کارێک» is really the part of speech «کار» — routed nowhere, needs a decision ; پۆل says «کار», جۆری وشە says «ناو» — they disagree",fbaa1310-1a57-4439-b4e4-2b6fb312b455,banazhamad,,,,,
6190,14421,تۆرتۆ,قەیچی,کەرەستە,ناو,ناو,کولتووری › کەرەستە,,,HIGH,,96560cf4-030d-4268-baea-87bb57cdf631,somaali,,,,,
6191,14421,تۆرتۆ,مقەس,کەرەستە,ناو,ناو,کولتووری › کەرەستە,,,HIGH,,96560cf4-030d-4268-baea-87bb57cdf631,somaali,,,,,
6192,14421,تۆرتۆ,مقەست,کەرەستە,ناو,ناو,کولتووری › کەرەستە,,,HIGH,,96560cf4-030d-4268-baea-87bb57cdf631,somaali,,,,,
6194,14422,تۆرتۆرە,سەرسواڵکەرە,کەس | سیفەت,ناو | ئاوەڵناو,,ناو › کەس,,,LOW,"word carries several parts of speech (ناو / هاوەڵناو); a sense may only have one ; پۆل «سیفەت» is really the part of speech «هاوەڵناو» — routed nowhere, needs a decision",96560cf4-030d-4268-baea-87bb57cdf631,somaali,,,,,
6195,14422,تۆرتۆرە,چاو لە دەستی خەڵک,کەس | سیفەت,ناو | ئاوەڵناو,,ناو › کەس,,,LOW,"word carries several parts of speech (ناو / هاوەڵناو); a sense may only have one ; پۆل «سیفەت» is really the part of speech «هاوەڵناو» — routed nowhere, needs a decision",96560cf4-030d-4268-baea-87bb57cdf631,somaali,,,,,
6197,14423,تورتە ماڵ,خلیسک,شوێن | سیفەت,ناو | ئاوەڵناو,,ناو › شوێن,,,LOW,"word carries several parts of speech (ناو / هاوەڵناو); a sense may only have one ; پۆل «سیفەت» is really the part of speech «هاوەڵناو» — routed nowhere, needs a decision",96560cf4-030d-4268-baea-87bb57cdf631,somaali,,,,,
6198,14423,تورتە ماڵ,شوێنی هەڵخلیسکان,شوێن | سیفەت,ناو | ئاوەڵناو,,ناو › شوێن,,,LOW,"word carries several parts of speech (ناو / هاوەڵناو); a sense may only have one ; پۆل «سیفەت» is really the part of speech «هاوەڵناو» — routed nowhere, needs a decision",96560cf4-030d-4268-baea-87bb57cdf631,somaali,,,,,
6200,14424,تووڕدان,بەقەو هاویشتن,سیفەت,ئاوەڵناو | چاوگ,,,,,LOW,"word carries several parts of speech (هاوەڵناو / چاوگ); a sense may only have one ; پۆل «سیفەت» is really the part of speech «هاوەڵناو» — routed nowhere, needs a decision",96560cf4-030d-4268-baea-87bb57cdf631,somaali,,,,,
6201,14424,تووڕدان,فڕێدان,سیفەت,ئاوەڵناو | چاوگ,,,,,LOW,"word carries several parts of speech (هاوەڵناو / چاوگ); a sense may only have one ; پۆل «سیفەت» is really the part of speech «هاوەڵناو» — routed nowhere, needs a decision",96560cf4-030d-4268-baea-87bb57cdf631,somaali,,,,,
6203,14425,داربەس,قایمەمێو,کەرەستە,ناو,ناو,کولتووری › کەرەستە,,,HIGH,,fbaa1310-1a57-4439-b4e4-2b6fb312b455,banazhamad,,,,,
6204,14425,داربەس,تابووتی مردوو گوێزانەوە,کەرەستە,ناو,ناو,کولتووری › کەرەستە,,,HIGH,,fbaa1310-1a57-4439-b4e4-2b6fb312b455,banazhamad,,,,,
6205,14425,داربەس,دارلێکدان بۆ سیمان تێکردن,کەرەستە,ناو,ناو,کولتووری › کەرەستە,,,HIGH,,fbaa1310-1a57-4439-b4e4-2b6fb312b455,banazhamad,,,,,
6209,14426,داربەست,داربەس,کەرەستە,ناو,ناو,کولتووری › کەرەستە,,,HIGH,,fbaa1310-1a57-4439-b4e4-2b6fb312b455,banazhamad,,,,,
6211,14427,داربەسەر,ناوی سێ گوندی کوردستانە کە دوانی بەعسی وێرانی,شوێن | گوند,ناو,ناو,ناو › شوێن,,,HIGH,پۆل «گوند» has no home among the deck's ten (see unmapped.csv),fbaa1310-1a57-4439-b4e4-2b6fb312b455,banazhamad,,,,,
6213,14428,داربەند,دارلێکدانی چیمەنتۆکاری,کەرەستە,ناو,ناو,کولتووری › کەرەستە,,,HIGH,,fbaa1310-1a57-4439-b4e4-2b6fb312b455,banazhamad,,,,,
6215,14429,داربەندەخۆێن,درادۆخین,کەرەستە,ناو,ناو,کولتووری › کەرەستە,,,HIGH,,fbaa1310-1a57-4439-b4e4-2b6fb312b455,banazhamad,,,,,
6216,14429,داربەندەخۆێن,دارێ کە هۆجەنەی تێدەخەن و لە دەرپێ رادەکەن,کەرەستە,ناو,ناو,کولتووری › کەرەستە,,,HIGH,,fbaa1310-1a57-4439-b4e4-2b6fb312b455,banazhamad,,,,,
6218,14430,زابۆق,ئاودر,ڕووداوی سروشتی,,,,,,LOW,word has no جۆری وشە at all ; پۆل «ڕووداوی سروشتی» has no home among the deck's ten (see unmapped.csv),5f16fc33-8c0b-4cb7-85ab-cf91afdbbcd3,bilalhama,,,,,
6219,14430,زابۆق,دادڕاوی لافاو,ڕووداوی سروشتی,,,,,,LOW,word has no جۆری وشە at all ; پۆل «ڕووداوی سروشتی» has no home among the deck's ten (see unmapped.csv),5f16fc33-8c0b-4cb7-85ab-cf91afdbbcd3,bilalhama,,,,,
6221,14431,زابەند,دەفتەری ناونوسینی تازە زاوان,کەرەستە,ناو | ئاوەڵناو,,کولتووری › کەرەستە,,,LOW,word carries several parts of speech (ناو / هاوەڵناو); a sense may only have one,5f16fc33-8c0b-4cb7-85ab-cf91afdbbcd3,bilalhama,,,,,
6222,14431,زابەند,دفتر موالید,کەرەستە,ناو | ئاوەڵناو,,کولتووری › کەرەستە,,,LOW,word carries several parts of speech (ناو / هاوەڵناو); a sense may only have one,5f16fc33-8c0b-4cb7-85ab-cf91afdbbcd3,bilalhama,,,,,
6223,14432,تور رەهات,قسەی بن شڕ و بێ مانا,دەستەواژە,ناو,ناو,,,,HIGH,پۆل «دەستەواژە» has no home among the deck's ten (see unmapped.csv),96560cf4-030d-4268-baea-87bb57cdf631,somaali,,,,,
6225,14433,تورش,ترش,سیفەت | تام,ناو | ئاوەڵناو,,,,,LOW,"word carries several parts of speech (ناو / هاوەڵناو); a sense may only have one ; پۆل «سیفەت» is really the part of speech «هاوەڵناو» — routed nowhere, needs a decision ; پۆل «تام» has no home among the deck's ten (see unmapped.csv)",96560cf4-030d-4268-baea-87bb57cdf631,somaali,,,,,
6226,14433,تورش,مزر,سیفەت | تام,ناو | ئاوەڵناو,,,,,LOW,"word carries several parts of speech (ناو / هاوەڵناو); a sense may only have one ; پۆل «سیفەت» is really the part of speech «هاوەڵناو» — routed nowhere, needs a decision ; پۆل «تام» has no home among the deck's ten (see unmapped.csv)",96560cf4-030d-4268-baea-87bb57cdf631,somaali,,,,,
6228,14434,ترشیات,ترشیات,خواردن,ناو,ناو,کولتووری › خواردن,,,HIGH,,96560cf4-030d-4268-baea-87bb57cdf631,somaali,,,,,
6229,14434,ترشیات,ئەو شتەینلەناو سرکەدا پەروەردە دەکرێن,خواردن,ناو,ناو,کولتووری › خواردن,,,HIGH,,96560cf4-030d-4268-baea-87bb57cdf631,somaali,,,,,
6231,14435,تورشیاگ,ترشاو,خواردن | سیفەت,ناو | ئاوەڵناو,,کولتووری › خواردن,,,LOW,"word carries several parts of speech (ناو / هاوەڵناو); a sense may only have one ; پۆل «سیفەت» is really the part of speech «هاوەڵناو» — routed nowhere, needs a decision",96560cf4-030d-4268-baea-87bb57cdf631,somaali,,,,,
6232,14435,تورشیاگ,ماست و شیرو...,خواردن | سیفەت,ناو | ئاوەڵناو,,کولتووری › خواردن,,,LOW,"word carries several parts of speech (ناو / هاوەڵناو); a sense may only have one ; پۆل «سیفەت» is really the part of speech «هاوەڵناو» — routed nowhere, needs a decision",96560cf4-030d-4268-baea-87bb57cdf631,somaali,,,,,
6233,14435,تورشیاگ,هەڵگەڕاوی ترش بووگ,خواردن | سیفەت,ناو | ئاوەڵناو,,کولتووری › خواردن,,,LOW,"word carries several parts of speech (ناو / هاوەڵناو); a sense may only have one ; پۆل «سیفەت» is really the part of speech «هاوەڵناو» — routed nowhere, needs a decision",96560cf4-030d-4268-baea-87bb57cdf631,somaali,,,,,
6235,14436,تورشیان,ترشان,,چاوگ,چاوگ,,,,HIGH,,96560cf4-030d-4268-baea-87bb57cdf631,somaali,,,,,
6236,14436,تورشیان,هەڵگەڕان,,چاوگ,چاوگ,,,,HIGH,,96560cf4-030d-4268-baea-87bb57cdf631,somaali,,,,,
6238,14437,تۆڕک,تۆڵەکە,خواردن | ئاژەڵ | گژوگیا,ناو,ناو,کولتووری › خواردن | زیندەوەرزانی › ئاژەڵ,,,HIGH,پۆل «گژوگیا» has no home among the deck's ten (see unmapped.csv),96560cf4-030d-4268-baea-87bb57cdf631,somaali,,,,,
6239,14437,تۆڕک,نانە حاجی لەگ لەگ,خواردن | ئاژەڵ | گژوگیا,ناو,ناو,کولتووری › خواردن | زیندەوەرزانی › ئاژەڵ,,,HIGH,پۆل «گژوگیا» has no home among the deck's ten (see unmapped.csv),96560cf4-030d-4268-baea-87bb57cdf631,somaali,,,,,
6240,14437,تۆڕک,چەقەڵ,خواردن | ئاژەڵ | گژوگیا,ناو,ناو,کولتووری › خواردن | زیندەوەرزانی › ئاژەڵ,,,HIGH,پۆل «گژوگیا» has no home among the deck's ten (see unmapped.csv),96560cf4-030d-4268-baea-87bb57cdf631,somaali,,,,,
6243,14438,توورک,تورەکەی چکۆلە,کەرەستە,ناو,ناو,کولتووری › کەرەستە,,,HIGH,,96560cf4-030d-4268-baea-87bb57cdf631,somaali,,,,,
6244,14438,توورک,کیسە قوماشی گوشاد,کەرەستە,ناو,ناو,کولتووری › کەرەستە,,,HIGH,,96560cf4-030d-4268-baea-87bb57cdf631,somaali,,,,,
6246,14439,تووڕک,توترک,خواردن | میوە,ناو,ناو,کولتووری › خواردن,,,HIGH,پۆل «میوە» has no home among the deck's ten (see unmapped.csv),96560cf4-030d-4268-baea-87bb57cdf631,somaali,,,,,
6247,14439,تووڕک,دڕی,خواردن | میوە,ناو,ناو,کولتووری › خواردن,,,HIGH,پۆل «میوە» has no home among the deck's ten (see unmapped.csv),96560cf4-030d-4268-baea-87bb57cdf631,somaali,,,,,
6249,14440,توڕکە,زورکان,شوێن,ناو,ناو,ناو › شوێن,,,HIGH,,96560cf4-030d-4268-baea-87bb57cdf631,somaali,,,,,
6250,14440,توڕکە,زەمینی بە کەند و لەند و خەت خەت,شوێن,ناو,ناو,ناو › شوێن,,,HIGH,,96560cf4-030d-4268-baea-87bb57cdf631,somaali,,,,,
6252,14441,تورگەن,ناوی زۆزانێکە لە کوردستان,شوێن,ناو,ناو,ناو › شوێن,,,HIGH,,96560cf4-030d-4268-baea-87bb57cdf631,somaali,,,,,
6254,14442,توڕلی,باڵدارێکی بچووکە لە چێشکە بچوکترە,باڵندە,ناو,ناو,زیندەوەرزانی › باڵندە,ڕەگەز=دوولایەن,,HIGH,,96560cf4-030d-4268-baea-87bb57cdf631,somaali,,,,,
6256,14443,تۆرمتە,باشوکە,باڵندە,ناو,ناو,زیندەوەرزانی › باڵندە,ڕەگەز=دوولایەن,,HIGH,,96560cf4-030d-4268-baea-87bb57cdf631,somaali,,,,,
6258,14444,تورمە,زیوی خالیس,کەرەستە | جلوبەرگ,ناو,ناو,کولتووری › کەرەستە,,,HIGH,پۆل «جلوبەرگ» has no home among the deck's ten (see unmapped.csv),96560cf4-030d-4268-baea-87bb57cdf631,somaali,,,,,
6259,14444,تورمە,جۆرێ شاڵی بەناوبانگ,کەرەستە | جلوبەرگ,ناو,ناو,کولتووری › کەرەستە,,,HIGH,پۆل «جلوبەرگ» has no home among the deck's ten (see unmapped.csv),96560cf4-030d-4268-baea-87bb57cdf631,somaali,,,,,
6262,14445,تۆڕنتە,تۆرمتە,باڵندە,,,زیندەوەرزانی › باڵندە,ڕەگەز=دوولایەن,,LOW,word has no جۆری وشە at all,96560cf4-030d-4268-baea-87bb57cdf631,somaali,,,,,
6264,14446,توروش,زات,,ئاوەڵناو,هاوەڵناو,,,,HIGH,,96560cf4-030d-4268-baea-87bb57cdf631,somaali,,,,,
6265,14446,توروش,غیرەت: (توروش نەکر بێژێ، یانێ: نەی وێرا بیڵێ),,ئاوەڵناو,هاوەڵناو,,,,HIGH,,96560cf4-030d-4268-baea-87bb57cdf631,somaali,,,,,
6267,14447,تورونتە,مشک گرە,باڵندە,ناو,ناو,زیندەوەرزانی › باڵندە,ڕەگەز=دوولایەن,,HIGH,,96560cf4-030d-4268-baea-87bb57cdf631,somaali,,,,,
6268,14447,تورونتە,مەلێکی بچووکی ڕاوکەرە مشک دەگرێ,باڵندە,ناو,ناو,زیندەوەرزانی › باڵندە,ڕەگەز=دوولایەن,,HIGH,,96560cf4-030d-4268-baea-87bb57cdf631,somaali,,,,,
6270,14448,تۆرە,شەرم,هەست | بانگکردن,ناو,ناو,,,,HIGH,پۆل «هەست» has no home among the deck's ten (see unmapped.csv) ; پۆل «بانگکردن» has no home among the deck's ten (see unmapped.csv),96560cf4-030d-4268-baea-87bb57cdf631,somaali,,,,,
6271,14448,تۆرە,حەیا,هەست | بانگکردن,ناو,ناو,,,,HIGH,پۆل «هەست» has no home among the deck's ten (see unmapped.csv) ; پۆل «بانگکردن» has no home among the deck's ten (see unmapped.csv),96560cf4-030d-4268-baea-87bb57cdf631,somaali,,,,,
6272,14448,تۆرە,عەدەب,هەست | بانگکردن,ناو,ناو,,,,HIGH,پۆل «هەست» has no home among the deck's ten (see unmapped.csv) ; پۆل «بانگکردن» has no home among the deck's ten (see unmapped.csv),96560cf4-030d-4268-baea-87bb57cdf631,somaali,,,,,
6273,14448,تۆرە,زانست,هەست | بانگکردن,ناو,ناو,,,,HIGH,پۆل «هەست» has no home among the deck's ten (see unmapped.csv) ; پۆل «بانگکردن» has no home among the deck's ten (see unmapped.csv),96560cf4-030d-4268-baea-87bb57cdf631,somaali,,,,,
6274,14448,تۆرە,فرزەندی هەوێ,هەست | بانگکردن,ناو,ناو,,,,HIGH,پۆل «هەست» has no home among the deck's ten (see unmapped.csv) ; پۆل «بانگکردن» has no home among the deck's ten (see unmapped.csv),96560cf4-030d-4268-baea-87bb57cdf631,somaali,,,,,
6278,14449,توورە,مێورە,درەخت,ناو,ناو,,,,HIGH,پۆل «درەخت» has no home among the deck's ten (see unmapped.csv),96560cf4-030d-4268-baea-87bb57cdf631,somaali,,,,,
6279,14449,توورە,لکەدارمێو,درەخت,ناو,ناو,,,,HIGH,پۆل «درەخت» has no home among the deck's ten (see unmapped.csv),96560cf4-030d-4268-baea-87bb57cdf631,somaali,,,,,
6280,14449,توورە,وێژە,درەخت,ناو,ناو,,,,HIGH,پۆل «درەخت» has no home among the deck's ten (see unmapped.csv),96560cf4-030d-4268-baea-87bb57cdf631,somaali,,,,,
6281,14449,توورە,ئەدەبییات,درەخت,ناو,ناو,,,,HIGH,پۆل «درەخت» has no home among the deck's ten (see unmapped.csv),96560cf4-030d-4268-baea-87bb57cdf631,somaali,,,,,
6284,14450,تووڕە,رک هەستای,کەس,ناو,ناو,ناو › کەس,,,HIGH,,96560cf4-030d-4268-baea-87bb57cdf631,somaali,,,,,
6285,14450,تووڕە,رق هەڵستاو,کەس,ناو,ناو,ناو › کەس,,,HIGH,,96560cf4-030d-4268-baea-87bb57cdf631,somaali,,,,,
6287,14451,تۆرەڤان,زانا,کەس | مرۆڤ,ناو,ناو,ناو › کەس | کولتووری › مرۆڤ,ڕەگەز=دوولایەن,,HIGH,,96560cf4-030d-4268-baea-87bb57cdf631,somaali,,,,,
6290,14452,تورەقی,پایەبەرزبوونەوە,,چاوگ,چاوگ,,,,HIGH,,96560cf4-030d-4268-baea-87bb57cdf631,somaali,,,,,
6292,14453,توورەکانە,باجێ کە گزیر لە رابەتی دەستێنێ,,ناو,ناو,,,,HIGH,,96560cf4-030d-4268-baea-87bb57cdf631,somaali,,,,,
6294,14454,توورەکانە,توورک,کەرەستە,ناو,ناو,کولتووری › کەرەستە,,,HIGH,,96560cf4-030d-4268-baea-87bb57cdf631,somaali,,,,,
6296,14455,توورەکەرێژ,تەپۆلکەی دەسکردی بنیادەم,شوێن,ناو,ناو,ناو › شوێن,,,HIGH,,96560cf4-030d-4268-baea-87bb57cdf631,somaali,,,,,
6298,14456,تۆرەمە,ڕەچەڵەک,,ناو,ناو,,,,HIGH,,96560cf4-030d-4268-baea-87bb57cdf631,somaali,,,,,
6299,14456,تۆرەمە,بنەچەکە,,ناو,ناو,,,,HIGH,,96560cf4-030d-4268-baea-87bb57cdf631,somaali,,,,,
6300,14456,تۆرەمە,نەژاد,,ناو,ناو,,,,HIGH,,96560cf4-030d-4268-baea-87bb57cdf631,somaali,,,,,
6303,14457,تۆڕەوان,ڕاوکەری بە تۆڕ,کەس,ناو,ناو,ناو › کەس,ڕەگەز=دوولایەن,,HIGH,,96560cf4-030d-4268-baea-87bb57cdf631,somaali,,,,,
6305,14458,توورەوان,وێژەوان,کەس | مرۆڤ,ناو,ناو,ناو › کەس | کولتووری › مرۆڤ,,,HIGH,,96560cf4-030d-4268-baea-87bb57cdf631,somaali,,,,,
6306,14458,توورەوان,ئەدیب,کەس | مرۆڤ,ناو,ناو,ناو › کەس | کولتووری › مرۆڤ,,,HIGH,,96560cf4-030d-4268-baea-87bb57cdf631,somaali,,,,,
6308,14459,تووڕهەڵدان,بە نهێم بۆ دوور هاویشتن,ئەنجامدانی کارێک,کار,کار,,,,LOW,"پۆل «ئەنجامدانی کارێک» is really the part of speech «کار» — routed nowhere, needs a decision",96560cf4-030d-4268-baea-87bb57cdf631,somaali,,,,,
6310,14460,توڕەیی,رک,هەست,ئاوەڵناو,هاوەڵناو,,,,HIGH,پۆل «هەست» has no home among the deck's ten (see unmapped.csv),96560cf4-030d-4268-baea-87bb57cdf631,somaali,,,,,
6311,14460,توڕەیی,کینە,هەست,ئاوەڵناو,هاوەڵناو,,,,HIGH,پۆل «هەست» has no home among the deck's ten (see unmapped.csv),96560cf4-030d-4268-baea-87bb57cdf631,somaali,,,,,
6312,14460,توڕەیی,رق,هەست,ئاوەڵناو,هاوەڵناو,,,,HIGH,پۆل «هەست» has no home among the deck's ten (see unmapped.csv),96560cf4-030d-4268-baea-87bb57cdf631,somaali,,,,,
6313,14460,توڕەیی,قەڵسی,هەست,ئاوەڵناو,هاوەڵناو,,,,HIGH,پۆل «هەست» has no home among the deck's ten (see unmapped.csv),96560cf4-030d-4268-baea-87bb57cdf631,somaali,,,,,
6315,14461,تۆڕی,چەقەڵ,سیفەت | ئاژەڵ,ناو | ئاوەڵناو,,زیندەوەرزانی › ئاژەڵ,,,LOW,"word carries several parts of speech (ناو / هاوەڵناو); a sense may only have one ; پۆل «سیفەت» is really the part of speech «هاوەڵناو» — routed nowhere, needs a decision",96560cf4-030d-4268-baea-87bb57cdf631,somaali,,,,,
6316,14461,تۆڕی,تۆڕک,سیفەت | ئاژەڵ,ناو | ئاوەڵناو,,زیندەوەرزانی › ئاژەڵ,,,LOW,"word carries several parts of speech (ناو / هاوەڵناو); a sense may only have one ; پۆل «سیفەت» is really the part of speech «هاوەڵناو» — routed nowhere, needs a decision",96560cf4-030d-4268-baea-87bb57cdf631,somaali,,,,,
6317,14461,تۆڕی,بێ کارە و بێ نرخ: (خۆڕی و تۆڕی),سیفەت | ئاژەڵ,ناو | ئاوەڵناو,,زیندەوەرزانی › ئاژەڵ,,,LOW,"word carries several parts of speech (ناو / هاوەڵناو); a sense may only have one ; پۆل «سیفەت» is really the part of speech «هاوەڵناو» — routed nowhere, needs a decision",96560cf4-030d-4268-baea-87bb57cdf631,somaali,,,,,
6320,14462,تۆرین,زیزبوون,ئەنجامدانی کارێک,چاوگ,چاوگ,,,,LOW,"پۆل «ئەنجامدانی کارێک» is really the part of speech «کار» — routed nowhere, needs a decision ; پۆل says «کار», جۆری وشە says «چاوگ» — they disagree",96560cf4-030d-4268-baea-87bb57cdf631,somaali,,,,,
6321,14462,تۆرین,زویر بوون,ئەنجامدانی کارێک,چاوگ,چاوگ,,,,LOW,"پۆل «ئەنجامدانی کارێک» is really the part of speech «کار» — routed nowhere, needs a decision ; پۆل says «کار», جۆری وشە says «چاوگ» — they disagree",96560cf4-030d-4268-baea-87bb57cdf631,somaali,,,,,
6322,14462,تۆرین,تۆران,ئەنجامدانی کارێک,چاوگ,چاوگ,,,,LOW,"پۆل «ئەنجامدانی کارێک» is really the part of speech «کار» — routed nowhere, needs a decision ; پۆل says «کار», جۆری وشە says «چاوگ» — they disagree",96560cf4-030d-4268-baea-87bb57cdf631,somaali,,,,,
6323,14462,تۆرین,قەڵس بوون,ئەنجامدانی کارێک,چاوگ,چاوگ,,,,LOW,"پۆل «ئەنجامدانی کارێک» is really the part of speech «کار» — routed nowhere, needs a decision ; پۆل says «کار», جۆری وشە says «چاوگ» — they disagree",96560cf4-030d-4268-baea-87bb57cdf631,somaali,,,,,
6328,14463,تۆرینۆک,هەمیشە تۆراو,کەس | سیفەت,ناو | ئاوەڵناو,,ناو › کەس,ڕەگەز=دوولایەن,,LOW,"word carries several parts of speech (ناو / هاوەڵناو); a sense may only have one ; پۆل «سیفەت» is really the part of speech «هاوەڵناو» — routed nowhere, needs a decision",96560cf4-030d-4268-baea-87bb57cdf631,somaali,,,,,
6329,14463,تۆرینۆک,دڵناسک,کەس | سیفەت,ناو | ئاوەڵناو,,ناو › کەس,ڕەگەز=دوولایەن,,LOW,"word carries several parts of speech (ناو / هاوەڵناو); a sense may only have one ; پۆل «سیفەت» is really the part of speech «هاوەڵناو» — routed nowhere, needs a decision",96560cf4-030d-4268-baea-87bb57cdf631,somaali,,,,,
6331,14464,تووز,متربە,خواردن | سەوزە | ئامێر | درەخت,ناو,ناو,کولتووری › خواردن,,,HIGH,پۆل «سەوزە» has no home among the deck's ten (see unmapped.csv) ; پۆل «ئامێر» has no home among the deck's ten (see unmapped.csv) ; پۆل «درەخت» has no home among the deck's ten (see unmapped.csv),96560cf4-030d-4268-baea-87bb57cdf631,somaali,,,,,
6332,14464,تووز,موتوربە,خواردن | سەوزە | ئامێر | درەخت,ناو,ناو,کولتووری › خواردن,,,HIGH,پۆل «سەوزە» has no home among the deck's ten (see unmapped.csv) ; پۆل «ئامێر» has no home among the deck's ten (see unmapped.csv) ; پۆل «درەخت» has no home among the deck's ten (see unmapped.csv),96560cf4-030d-4268-baea-87bb57cdf631,somaali,,,,,
6333,14464,تووز,پەیوەندی دار,خواردن | سەوزە | ئامێر | درەخت,ناو,ناو,کولتووری › خواردن,,,HIGH,پۆل «سەوزە» has no home among the deck's ten (see unmapped.csv) ; پۆل «ئامێر» has no home among the deck's ten (see unmapped.csv) ; پۆل «درەخت» has no home among the deck's ten (see unmapped.csv),96560cf4-030d-4268-baea-87bb57cdf631,somaali,,,,,
6334,14464,تووز,کووزەڵە,خواردن | سەوزە | ئامێر | درەخت,ناو,ناو,کولتووری › خواردن,,,HIGH,پۆل «سەوزە» has no home among the deck's ten (see unmapped.csv) ; پۆل «ئامێر» has no home among the deck's ten (see unmapped.csv) ; پۆل «درەخت» has no home among the deck's ten (see unmapped.csv),96560cf4-030d-4268-baea-87bb57cdf631,somaali,,,,,
6335,14464,تووز,کووز,خواردن | سەوزە | ئامێر | درەخت,ناو,ناو,کولتووری › خواردن,,,HIGH,پۆل «سەوزە» has no home among the deck's ten (see unmapped.csv) ; پۆل «ئامێر» has no home among the deck's ten (see unmapped.csv) ; پۆل «درەخت» has no home among the deck's ten (see unmapped.csv),96560cf4-030d-4268-baea-87bb57cdf631,somaali,,,,,
6336,14464,تووز,چرچ لابەر,خواردن | سەوزە | ئامێر | درەخت,ناو,ناو,کولتووری › خواردن,,,HIGH,پۆل «سەوزە» has no home among the deck's ten (see unmapped.csv) ; پۆل «ئامێر» has no home among the deck's ten (see unmapped.csv) ; پۆل «درەخت» has no home among the deck's ten (see unmapped.csv),96560cf4-030d-4268-baea-87bb57cdf631,somaali,,,,,
6337,14464,تووز,جل سافکەر,خواردن | سەوزە | ئامێر | درەخت,ناو,ناو,کولتووری › خواردن,,,HIGH,پۆل «سەوزە» has no home among the deck's ten (see unmapped.csv) ; پۆل «ئامێر» has no home among the deck's ten (see unmapped.csv) ; پۆل «درەخت» has no home among the deck's ten (see unmapped.csv),96560cf4-030d-4268-baea-87bb57cdf631,somaali,,,,,
6338,14464,تووز,ئوتو یان هەرچی,خواردن | سەوزە | ئامێر | درەخت,ناو,ناو,کولتووری › خواردن,,,HIGH,پۆل «سەوزە» has no home among the deck's ten (see unmapped.csv) ; پۆل «ئامێر» has no home among the deck's ten (see unmapped.csv) ; پۆل «درەخت» has no home among the deck's ten (see unmapped.csv),96560cf4-030d-4268-baea-87bb57cdf631,somaali,,,,,
6339,14464,تووز,داغ,خواردن | سەوزە | ئامێر | درەخت,ناو,ناو,کولتووری › خواردن,,,HIGH,پۆل «سەوزە» has no home among the deck's ten (see unmapped.csv) ; پۆل «ئامێر» has no home among the deck's ten (see unmapped.csv) ; پۆل «درەخت» has no home among the deck's ten (see unmapped.csv),96560cf4-030d-4268-baea-87bb57cdf631,somaali,,,,,
6340,14464,تووز,خلیسک,خواردن | سەوزە | ئامێر | درەخت,ناو,ناو,کولتووری › خواردن,,,HIGH,پۆل «سەوزە» has no home among the deck's ten (see unmapped.csv) ; پۆل «ئامێر» has no home among the deck's ten (see unmapped.csv) ; پۆل «درەخت» has no home among the deck's ten (see unmapped.csv),96560cf4-030d-4268-baea-87bb57cdf631,somaali,,,,,
6341,14464,تووز,لکی تازەی دار,خواردن | سەوزە | ئامێر | درەخت,ناو,ناو,کولتووری › خواردن,,,HIGH,پۆل «سەوزە» has no home among the deck's ten (see unmapped.csv) ; پۆل «ئامێر» has no home among the deck's ten (see unmapped.csv) ; پۆل «درەخت» has no home among the deck's ten (see unmapped.csv),96560cf4-030d-4268-baea-87bb57cdf631,somaali,,,,,
6342,14464,تووز,بیچم و قەڵافەت,خواردن | سەوزە | ئامێر | درەخت,ناو,ناو,کولتووری › خواردن,,,HIGH,پۆل «سەوزە» has no home among the deck's ten (see unmapped.csv) ; پۆل «ئامێر» has no home among the deck's ten (see unmapped.csv) ; پۆل «درەخت» has no home among the deck's ten (see unmapped.csv),96560cf4-030d-4268-baea-87bb57cdf631,somaali,,,,,
6350,14465,تۆز,کەموسکە,سیفەت,ناو | ئاوەڵناو,,,,,LOW,"word carries several parts of speech (ناو / هاوەڵناو); a sense may only have one ; پۆل «سیفەت» is really the part of speech «هاوەڵناو» — routed nowhere, needs a decision",96560cf4-030d-4268-baea-87bb57cdf631,somaali,,,,,
6351,14465,تۆز,ئەندازەی زۆر کەم,سیفەت,ناو | ئاوەڵناو,,,,,LOW,"word carries several parts of speech (ناو / هاوەڵناو); a sense may only have one ; پۆل «سیفەت» is really the part of speech «هاوەڵناو» — routed nowhere, needs a decision",96560cf4-030d-4268-baea-87bb57cdf631,somaali,,,,,
6352,14465,تۆز,بابردەڵەی خاک,سیفەت,ناو | ئاوەڵناو,,,,,LOW,"word carries several parts of speech (ناو / هاوەڵناو); a sense may only have one ; پۆل «سیفەت» is really the part of speech «هاوەڵناو» — routed nowhere, needs a decision",96560cf4-030d-4268-baea-87bb57cdf631,somaali,,,,,
6353,14465,تۆز,غومار,سیفەت,ناو | ئاوەڵناو,,,,,LOW,"word carries several parts of speech (ناو / هاوەڵناو); a sense may only have one ; پۆل «سیفەت» is really the part of speech «هاوەڵناو» — routed nowhere, needs a decision",96560cf4-030d-4268-baea-87bb57cdf631,somaali,,,,,
6356,14466,تۆزاڵ,کەمێکی زۆر کەم,سیفەت,ئاوەڵناو,هاوەڵناو,,,,LOW,"پۆل «سیفەت» is really the part of speech «هاوەڵناو» — routed nowhere, needs a decision",96560cf4-030d-4268-baea-87bb57cdf631,somaali,,,,,
6358,14467,تووزان,ئێش و برژانی پێست,نەخۆشی | هەست,چاوگ,چاوگ,زانستیی پزیشکی › نەخۆشی,,,HIGH,پۆل «هەست» has no home among the deck's ten (see unmapped.csv),96560cf4-030d-4268-baea-87bb57cdf631,somaali,,,,,
6360,14468,زاپ,لکی چۆم یان لق لە چۆم,شوێن,ناو,ناو,ناو › شوێن,,,HIGH,,5f16fc33-8c0b-4cb7-85ab-cf91afdbbcd3,bilalhama,,,,,
6361,14468,زاپ,چەوی پان و لوس کە منداڵ یاری پێ دەکات,شوێن,ناو,ناو,ناو › شوێن,,,HIGH,,5f16fc33-8c0b-4cb7-85ab-cf91afdbbcd3,bilalhama,,,,,
6362,14468,زاپ,سواپ,شوێن,ناو,ناو,ناو › شوێن,,,HIGH,,5f16fc33-8c0b-4cb7-85ab-cf91afdbbcd3,bilalhama,,,,,
6365,14469,زاپان,گەمە بە زاپ,یاری,,,کولتووری › یاری,,,LOW,word has no جۆری وشە at all,5f16fc33-8c0b-4cb7-85ab-cf91afdbbcd3,bilalhama,,,,,
6366,14469,زاپان,سواپ,یاری,,,کولتووری › یاری,,,LOW,word has no جۆری وشە at all,5f16fc33-8c0b-4cb7-85ab-cf91afdbbcd3,bilalhama,,,,,
6368,14470,زات,هەبون یان هەیەتی,سیفەت,ناو,ناو,,,,LOW,"پۆل «سیفەت» is really the part of speech «هاوەڵناو» — routed nowhere, needs a decision ; پۆل says «هاوەڵناو», جۆری وشە says «ناو» — they disagree",5f16fc33-8c0b-4cb7-85ab-cf91afdbbcd3,bilalhama,,,,,
6369,14470,زات,وێران و نەترسان,سیفەت,ناو,ناو,,,,LOW,"پۆل «سیفەت» is really the part of speech «هاوەڵناو» — routed nowhere, needs a decision ; پۆل says «هاوەڵناو», جۆری وشە says «ناو» — they disagree",5f16fc33-8c0b-4cb7-85ab-cf91afdbbcd3,bilalhama,,,,,
6372,14471,زاپێن,زاپان,یاری,,,کولتووری › یاری,,,LOW,word has no جۆری وشە at all,5f16fc33-8c0b-4cb7-85ab-cf91afdbbcd3,bilalhama,,,,,
6374,14472,زات بردن,ترساندن,ئەنجامدانی کارێک,کار,کار,,,,LOW,"پۆل «ئەنجامدانی کارێک» is really the part of speech «کار» — routed nowhere, needs a decision",5f16fc33-8c0b-4cb7-85ab-cf91afdbbcd3,bilalhama,,,,,
6376,14473,زات چون,تەواو ترسان,,,,,,,LOW,word has no جۆری وشە at all,5f16fc33-8c0b-4cb7-85ab-cf91afdbbcd3,bilalhama,,,,,
6377,14473,زات چون,تۆقێن لە ترسان,,,,,,,LOW,word has no جۆری وشە at all,5f16fc33-8c0b-4cb7-85ab-cf91afdbbcd3,bilalhama,,,,,
6378,14474,زاتدار,بەزات,سیفەت,ئاوەڵناو,هاوەڵناو,,,,LOW,"پۆل «سیفەت» is really the part of speech «هاوەڵناو» — routed nowhere, needs a decision",5f16fc33-8c0b-4cb7-85ab-cf91afdbbcd3,bilalhama,,,,,
6379,14474,زاتدار,ئازا,سیفەت,ئاوەڵناو,هاوەڵناو,,,,LOW,"پۆل «سیفەت» is really the part of speech «هاوەڵناو» — routed nowhere, needs a decision",5f16fc33-8c0b-4cb7-85ab-cf91afdbbcd3,bilalhama,,,,,
6380,14474,زاتدار,نەترس,سیفەت,ئاوەڵناو,هاوەڵناو,,,,LOW,"پۆل «سیفەت» is really the part of speech «هاوەڵناو» — routed nowhere, needs a decision",5f16fc33-8c0b-4cb7-85ab-cf91afdbbcd3,bilalhama,,,,,
6383,14475,زات کردن,وێران,ئەنجامدانی کارێک,کار,کار,,,,LOW,"پۆل «ئەنجامدانی کارێک» is really the part of speech «کار» — routed nowhere, needs a decision",5f16fc33-8c0b-4cb7-85ab-cf91afdbbcd3,bilalhama,,,,,
6384,14475,زات کردن,نەترسان,ئەنجامدانی کارێک,کار,کار,,,,LOW,"پۆل «ئەنجامدانی کارێک» is really the part of speech «کار» — routed nowhere, needs a decision",5f16fc33-8c0b-4cb7-85ab-cf91afdbbcd3,bilalhama,,,,,
6387,14476,توزاندن,داغ پێوەنان,ئەنجامدانی کارێک,چاوگ,چاوگ,,,,LOW,"پۆل «ئەنجامدانی کارێک» is really the part of speech «کار» — routed nowhere, needs a decision ; پۆل says «کار», جۆری وشە says «چاوگ» — they disagree",96560cf4-030d-4268-baea-87bb57cdf631,somaali,,,,,
6388,14476,توزاندن,ئاسنی سورەوە بوو پێدا چزاندن,ئەنجامدانی کارێک,چاوگ,چاوگ,,,,LOW,"پۆل «ئەنجامدانی کارێک» is really the part of speech «کار» — routed nowhere, needs a decision ; پۆل says «کار», جۆری وشە says «چاوگ» — they disagree",96560cf4-030d-4268-baea-87bb57cdf631,somaali,,,,,
6390,14477,توزانەوە,برژانەوە وسوزیانەوەی برین یان پێست,,چاوگ,چاوگ,,,,HIGH,,96560cf4-030d-4268-baea-87bb57cdf631,somaali,,,,,
6392,14478,تۆزاوی,تۆز لێ نیشتوو,سیفەت,,,,,,LOW,"word has no جۆری وشە at all ; پۆل «سیفەت» is really the part of speech «هاوەڵناو» — routed nowhere, needs a decision",96560cf4-030d-4268-baea-87bb57cdf631,somaali,,,,,
6393,14478,تۆزاوی,گەرداوی,سیفەت,,,,,,LOW,"word has no جۆری وشە at all ; پۆل «سیفەت» is really the part of speech «هاوەڵناو» — routed nowhere, needs a decision",96560cf4-030d-4268-baea-87bb57cdf631,somaali,,,,,
6395,14479,تۆزقاڵ,کەمترین ئەندازە,سیفەت,ئاوەڵناو,هاوەڵناو,,,,LOW,"پۆل «سیفەت» is really the part of speech «هاوەڵناو» — routed nowhere, needs a decision",96560cf4-030d-4268-baea-87bb57cdf631,somaali,,,,,
6396,14479,تۆزقاڵ,تۆزولکە,سیفەت,ئاوەڵناو,هاوەڵناو,,,,LOW,"پۆل «سیفەت» is really the part of speech «هاوەڵناو» — routed nowhere, needs a decision",96560cf4-030d-4268-baea-87bb57cdf631,somaali,,,,,
6397,14479,تۆزقاڵ,نەختووکە,سیفەت,ئاوەڵناو,هاوەڵناو,,,,LOW,"پۆل «سیفەت» is really the part of speech «هاوەڵناو» — routed nowhere, needs a decision",96560cf4-030d-4268-baea-87bb57cdf631,somaali,,,,,
6399,14480,تووزک,تەرەتوورە,سەوزە,ناو,ناو,,,,HIGH,پۆل «سەوزە» has no home among the deck's ten (see unmapped.csv),96560cf4-030d-4268-baea-87bb57cdf631,somaali,,,,,
6400,14480,تووزک,تەڕەتیزە,سەوزە,ناو,ناو,,,,HIGH,پۆل «سەوزە» has no home among the deck's ten (see unmapped.csv),96560cf4-030d-4268-baea-87bb57cdf631,somaali,,,,,
6402,14481,تۆزکاڵ,تۆزقاڵ,سیفەت,ئاوەڵناو,هاوەڵناو,,,,LOW,"پۆل «سیفەت» is really the part of speech «هاوەڵناو» — routed nowhere, needs a decision",96560cf4-030d-4268-baea-87bb57cdf631,somaali,,,,,
6404,14482,تووزکردن,متوربەکردن,ئەنجامدانی کارێک,کار,کار,,,,LOW,"پۆل «ئەنجامدانی کارێک» is really the part of speech «کار» — routed nowhere, needs a decision",96560cf4-030d-4268-baea-87bb57cdf631,somaali,,,,,
6405,14482,تووزکردن,پەیوەندکردن,ئەنجامدانی کارێک,کار,کار,,,,LOW,"پۆل «ئەنجامدانی کارێک» is really the part of speech «کار» — routed nowhere, needs a decision",96560cf4-030d-4268-baea-87bb57cdf631,somaali,,,,,
6407,14483,تۆزکردن,غومار هەڵکردن,ئەنجامدانی کارێک,کار,کار,,,,LOW,"پۆل «ئەنجامدانی کارێک» is really the part of speech «کار» — routed nowhere, needs a decision",96560cf4-030d-4268-baea-87bb57cdf631,somaali,,,,,
6408,14483,تۆزکردن,تۆز هەستاندن,ئەنجامدانی کارێک,کار,کار,,,,LOW,"پۆل «ئەنجامدانی کارێک» is really the part of speech «کار» — routed nowhere, needs a decision",96560cf4-030d-4268-baea-87bb57cdf631,somaali,,,,,
6409,14483,تۆزکردن,برێتی لە  ئاژاوە نانەوە,ئەنجامدانی کارێک,کار,کار,,,,LOW,"پۆل «ئەنجامدانی کارێک» is really the part of speech «کار» — routed nowhere, needs a decision",96560cf4-030d-4268-baea-87bb57cdf631,somaali,,,,,
6412,14484,تۆزڵانە,تۆزقاڵ,سیفەت,ئاوەڵناو,هاوەڵناو,,,,LOW,"پۆل «سیفەت» is really the part of speech «هاوەڵناو» — routed nowhere, needs a decision",96560cf4-030d-4268-baea-87bb57cdf631,somaali,,,,,
6414,14485,تۆزڵقان,تۆزقاڵ,سیفەت,ئاوەڵناو,هاوەڵناو,,,,LOW,"پۆل «سیفەت» is really the part of speech «هاوەڵناو» — routed nowhere, needs a decision",96560cf4-030d-4268-baea-87bb57cdf631,somaali,,,,,
6416,14486,تۆزلێ هەڵنەسان,برێتیلە چرووکی ورژدی,دەستەواژە,چاوگ,چاوگ,,,,HIGH,پۆل «دەستەواژە» has no home among the deck's ten (see unmapped.csv),96560cf4-030d-4268-baea-87bb57cdf631,somaali,,,,,
6418,14487,توزولکە,تۆزقاڵ,سیفەت,ئاوەڵناو,هاوەڵناو,,,,LOW,"پۆل «سیفەت» is really the part of speech «هاوەڵناو» — routed nowhere, needs a decision",96560cf4-030d-4268-baea-87bb57cdf631,somaali,,,,,
6420,14488,تووزەلە,چوزەلە,ئامێر,ناو,ناو,,,,HIGH,پۆل «ئامێر» has no home among the deck's ten (see unmapped.csv),96560cf4-030d-4268-baea-87bb57cdf631,somaali,,,,,
6421,14488,تووزەلە,دوزەلە,ئامێر,ناو,ناو,,,,HIGH,پۆل «ئامێر» has no home among the deck's ten (see unmapped.csv),96560cf4-030d-4268-baea-87bb57cdf631,somaali,,,,,
6427,14489,تووزیان,برژان و ژانی پێست و زام,نەخۆشی | هەست,چاوگ,چاوگ,زانستیی پزیشکی › نەخۆشی,,,HIGH,پۆل «هەست» has no home among the deck's ten (see unmapped.csv),96560cf4-030d-4268-baea-87bb57cdf631,somaali,,,,,
6428,14489,تووزیان,خلیسکان,نەخۆشی | هەست,چاوگ,چاوگ,زانستیی پزیشکی › نەخۆشی,,,HIGH,پۆل «هەست» has no home among the deck's ten (see unmapped.csv),96560cf4-030d-4268-baea-87bb57cdf631,somaali,,,,,
6431,14490,تووزیانەوە,برژانەوەی پێست و زام,نەخۆشی,چاوگ,چاوگ,زانستیی پزیشکی › نەخۆشی,,,HIGH,,96560cf4-030d-4268-baea-87bb57cdf631,somaali,,,,,
6432,14490,تووزیانەوە,چوزیانەوە,نەخۆشی,چاوگ,چاوگ,زانستیی پزیشکی › نەخۆشی,,,HIGH,,96560cf4-030d-4268-baea-87bb57cdf631,somaali,,,,,
6433,14490,تووزیانەوە,چووزانەوە,نەخۆشی,چاوگ,چاوگ,زانستیی پزیشکی › نەخۆشی,,,HIGH,,96560cf4-030d-4268-baea-87bb57cdf631,somaali,,,,,
6435,14491,تۆزین,تۆزاوی,سیفەت,ئاوەڵناو | چاوگ,,,,,LOW,"word carries several parts of speech (هاوەڵناو / چاوگ); a sense may only have one ; پۆل «سیفەت» is really the part of speech «هاوەڵناو» — routed nowhere, needs a decision",96560cf4-030d-4268-baea-87bb57cdf631,somaali,,,,,
6436,14491,تۆزین,خۆڵاوی,سیفەت,ئاوەڵناو | چاوگ,,,,,LOW,"word carries several parts of speech (هاوەڵناو / چاوگ); a sense may only have one ; پۆل «سیفەت» is really the part of speech «هاوەڵناو» — routed nowhere, needs a decision",96560cf4-030d-4268-baea-87bb57cdf631,somaali,,,,,
6438,14492,تووژ,تیژ لە بڕیندا,سیفەت | تام,ئاوەڵناو,هاوەڵناو,,,,LOW,"پۆل «سیفەت» is really the part of speech «هاوەڵناو» — routed nowhere, needs a decision ; پۆل «تام» has no home among the deck's ten (see unmapped.csv)",96560cf4-030d-4268-baea-87bb57cdf631,somaali,,,,,
6439,14492,تووژ,تیژ لە چێژەدا,سیفەت | تام,ئاوەڵناو,هاوەڵناو,,,,LOW,"پۆل «سیفەت» is really the part of speech «هاوەڵناو» — routed nowhere, needs a decision ; پۆل «تام» has no home among the deck's ten (see unmapped.csv)",96560cf4-030d-4268-baea-87bb57cdf631,somaali,,,,,
6440,14492,تووژ,تۆی هەرە ناسکی شیر یان برین یان هەرچی,سیفەت | تام,ئاوەڵناو,هاوەڵناو,,,,LOW,"پۆل «سیفەت» is really the part of speech «هاوەڵناو» — routed nowhere, needs a decision ; پۆل «تام» has no home among the deck's ten (see unmapped.csv)",96560cf4-030d-4268-baea-87bb57cdf631,somaali,,,,,
6443,14493,تووژاڵ,توێژاڵ,,ناو,ناو,,,,HIGH,,96560cf4-030d-4268-baea-87bb57cdf631,somaali,,,,,
6444,14493,تووژاڵ,توێژاڵک,,ناو,ناو,,,,HIGH,,96560cf4-030d-4268-baea-87bb57cdf631,somaali,,,,,
6445,14493,تووژاڵ,تووژ,,ناو,ناو,,,,HIGH,,96560cf4-030d-4268-baea-87bb57cdf631,somaali,,,,,
6447,14494,تووژک,تووژاڵ,,ناو,ناو,,,,HIGH,,96560cf4-030d-4268-baea-87bb57cdf631,somaali,,,,,
6449,14495,تووژگ,کێرد,ئامراز,ناو,ناو,کولتووری › ئامراز,,,HIGH,,96560cf4-030d-4268-baea-87bb57cdf631,somaali,,,,,
6450,14495,تووژگ,خەنجەر,ئامراز,ناو,ناو,کولتووری › ئامراز,,,HIGH,,96560cf4-030d-4268-baea-87bb57cdf631,somaali,,,,,
6469,14496,تۆژەر,کەسێ کە بە بنج و بناوانی باسێ یان کارێکا دەڕوا,کەس,ناو,ناو,ناو › کەس,ڕەگەز=دوولایەن,,HIGH,,96560cf4-030d-4268-baea-87bb57cdf631,somaali,,,,,
6470,14496,تۆژەر,کۆڵەرەوە,کەس,ناو,ناو,ناو › کەس,ڕەگەز=دوولایەن,,HIGH,,96560cf4-030d-4268-baea-87bb57cdf631,somaali,,,,,
6456,14497,توژی,دابەش,ئەنجامدانی کارێک,کار,کار,,,,LOW,"پۆل «ئەنجامدانی کارێک» is really the part of speech «کار» — routed nowhere, needs a decision",96560cf4-030d-4268-baea-87bb57cdf631,somaali,,,,,
6457,14497,توژی,بڵاوکردنەوە بە ناودا,ئەنجامدانی کارێک,کار,کار,,,,LOW,"پۆل «ئەنجامدانی کارێک» is really the part of speech «کار» — routed nowhere, needs a decision",96560cf4-030d-4268-baea-87bb57cdf631,somaali,,,,,
6459,14498,تووژی,بڕندەیی تیخ,سیفەت,ئاوەڵناو,هاوەڵناو,,,,LOW,"پۆل «سیفەت» is really the part of speech «هاوەڵناو» — routed nowhere, needs a decision",96560cf4-030d-4268-baea-87bb57cdf631,somaali,,,,,
6460,14498,تووژی,چێژەی تیژ و توون,سیفەت,ئاوەڵناو,هاوەڵناو,,,,LOW,"پۆل «سیفەت» is really the part of speech «هاوەڵناو» — routed nowhere, needs a decision",96560cf4-030d-4268-baea-87bb57cdf631,somaali,,,,,
6463,14499,تووس,گیای تیسوێ,گژوگیا,ناو,ناو,,,,HIGH,پۆل «گژوگیا» has no home among the deck's ten (see unmapped.csv),96560cf4-030d-4268-baea-87bb57cdf631,somaali,,,,,
6464,14499,تووس,تۆسی,گژوگیا,ناو,ناو,,,,HIGH,پۆل «گژوگیا» has no home among the deck's ten (see unmapped.csv),96560cf4-030d-4268-baea-87bb57cdf631,somaali,,,,,
6472,14500,تۆسکاڵ,تۆزقاڵ,سیفەت,ئاوەڵناو,هاوەڵناو,,,,LOW,"پۆل «سیفەت» is really the part of speech «هاوەڵناو» — routed nowhere, needs a decision",96560cf4-030d-4268-baea-87bb57cdf631,somaali,,,,,
6474,14501,سەرکێش,سەرکێش,مرۆڤ | سیفەت,ناو,ناو,کولتووری › مرۆڤ,ڕەگەز=دوولایەن,,LOW,"پۆل «سیفەت» is really the part of speech «هاوەڵناو» — routed nowhere, needs a decision ; پۆل says «هاوەڵناو», جۆری وشە says «ناو» — they disagree",96560cf4-030d-4268-baea-87bb57cdf631,somaali,,,,,
6475,14501,سەرکێش,ناڕام,مرۆڤ | سیفەت,ناو,ناو,کولتووری › مرۆڤ,ڕەگەز=دوولایەن,,LOW,"پۆل «سیفەت» is really the part of speech «هاوەڵناو» — routed nowhere, needs a decision ; پۆل says «هاوەڵناو», جۆری وشە says «ناو» — they disagree",96560cf4-030d-4268-baea-87bb57cdf631,somaali,,,,,
6477,14502,تۆسی,تێسو,گژوگیا,ناو,ناو,,ڕەگەز=دوولایەن,,HIGH,پۆل «گژوگیا» has no home among the deck's ten (see unmapped.csv),96560cf4-030d-4268-baea-87bb57cdf631,somaali,,,,,
6478,14502,تۆسی,تیسوێ,گژوگیا,ناو,ناو,,ڕەگەز=دوولایەن,,HIGH,پۆل «گژوگیا» has no home among the deck's ten (see unmapped.csv),96560cf4-030d-4268-baea-87bb57cdf631,somaali,,,,,
6479,14502,تۆسی,تسوێ,گژوگیا,ناو,ناو,,ڕەگەز=دوولایەن,,HIGH,پۆل «گژوگیا» has no home among the deck's ten (see unmapped.csv),96560cf4-030d-4268-baea-87bb57cdf631,somaali,,,,,
6481,14503,توش,روبەر بەیەک گەیشتن,سیفەت | دۆخی کەشوھەوا,ناو | ئاوەڵناو,,,,,LOW,"word carries several parts of speech (ناو / هاوەڵناو); a sense may only have one ; پۆل «سیفەت» is really the part of speech «هاوەڵناو» — routed nowhere, needs a decision ; پۆل «دۆخی کەشوھەوا» has no home among the deck's ten (see unmapped.csv)",96560cf4-030d-4268-baea-87bb57cdf631,somaali,,,,,
6482,14503,توش,هەوای زۆر سارد و بارانی,سیفەت | دۆخی کەشوھەوا,ناو | ئاوەڵناو,,,,,LOW,"word carries several parts of speech (ناو / هاوەڵناو); a sense may only have one ; پۆل «سیفەت» is really the part of speech «هاوەڵناو» — routed nowhere, needs a decision ; پۆل «دۆخی کەشوھەوا» has no home among the deck's ten (see unmapped.csv)",96560cf4-030d-4268-baea-87bb57cdf631,somaali,,,,,
6483,14503,توش,چارەوای کازگرو لەقە هاوێژ,سیفەت | دۆخی کەشوھەوا,ناو | ئاوەڵناو,,,,,LOW,"word carries several parts of speech (ناو / هاوەڵناو); a sense may only have one ; پۆل «سیفەت» is really the part of speech «هاوەڵناو» — routed nowhere, needs a decision ; پۆل «دۆخی کەشوھەوا» has no home among the deck's ten (see unmapped.csv)",96560cf4-030d-4268-baea-87bb57cdf631,somaali,,,,,
6484,14503,توش,مرۆی بەدفەڕو بێ ئاکار,سیفەت | دۆخی کەشوھەوا,ناو | ئاوەڵناو,,,,,LOW,"word carries several parts of speech (ناو / هاوەڵناو); a sense may only have one ; پۆل «سیفەت» is really the part of speech «هاوەڵناو» — routed nowhere, needs a decision ; پۆل «دۆخی کەشوھەوا» has no home among the deck's ten (see unmapped.csv)",96560cf4-030d-4268-baea-87bb57cdf631,somaali,,,,,
6489,14504,تووشال,تووژاڵ,,ناو,ناو,,,,HIGH,,96560cf4-030d-4268-baea-87bb57cdf631,somaali,,,,,
6491,14505,توش بوون,ڕووبەڕوبوون,,چاوگ,چاوگ,,,,HIGH,,96560cf4-030d-4268-baea-87bb57cdf631,somaali,,,,,
6492,14505,توش بوون,تێک ئاڵقان,,چاوگ,چاوگ,,,,HIGH,,96560cf4-030d-4268-baea-87bb57cdf631,somaali,,,,,
6493,14505,توش بوون,گرفتار بوون بە کارێکەوە,,چاوگ,چاوگ,,,,HIGH,,96560cf4-030d-4268-baea-87bb57cdf631,somaali,,,,,
6496,14506,توشتیر,چوێشتیر,ئاژەڵ,ناو,ناو,زیندەوەرزانی › ئاژەڵ,,,HIGH,,96560cf4-030d-4268-baea-87bb57cdf631,somaali,,,,,
6497,14506,توشتیر,بزنی بەرتەگە,ئاژەڵ,ناو,ناو,زیندەوەرزانی › ئاژەڵ,,,HIGH,,96560cf4-030d-4268-baea-87bb57cdf631,somaali,,,,,
6498,14506,توشتیر,تێشتیر,ئاژەڵ,ناو,ناو,زیندەوەرزانی › ئاژەڵ,,,HIGH,,96560cf4-030d-4268-baea-87bb57cdf631,somaali,,,,,
6500,14507,توشک,تووژاڵ,سیفەت | ئامراز,ناو | ئاوەڵناو,,کولتووری › ئامراز,,,LOW,"word carries several parts of speech (ناو / هاوەڵناو); a sense may only have one ; پۆل «سیفەت» is really the part of speech «هاوەڵناو» — routed nowhere, needs a decision",96560cf4-030d-4268-baea-87bb57cdf631,somaali,,,,,
6501,14507,توشک,کێرد,سیفەت | ئامراز,ناو | ئاوەڵناو,,کولتووری › ئامراز,,,LOW,"word carries several parts of speech (ناو / هاوەڵناو); a sense may only have one ; پۆل «سیفەت» is really the part of speech «هاوەڵناو» — routed nowhere, needs a decision",96560cf4-030d-4268-baea-87bb57cdf631,somaali,,,,,
6502,14507,توشک,خەنجەر,سیفەت | ئامراز,ناو | ئاوەڵناو,,کولتووری › ئامراز,,,LOW,"word carries several parts of speech (ناو / هاوەڵناو); a sense may only have one ; پۆل «سیفەت» is really the part of speech «هاوەڵناو» — routed nowhere, needs a decision",96560cf4-030d-4268-baea-87bb57cdf631,somaali,,,,,
6503,14507,توشک,سەختی سەرما,سیفەت | ئامراز,ناو | ئاوەڵناو,,کولتووری › ئامراز,,,LOW,"word carries several parts of speech (ناو / هاوەڵناو); a sense may only have one ; پۆل «سیفەت» is really the part of speech «هاوەڵناو» — routed nowhere, needs a decision",96560cf4-030d-4268-baea-87bb57cdf631,somaali,,,,,
6507,14508,تۆشک,تێشو,کەرەستە,ناو,ناو,کولتووری › کەرەستە,,,HIGH,,96560cf4-030d-4268-baea-87bb57cdf631,somaali,,,,,
6509,14509,تووشکردن,گیرۆدە کردن: (مەیخانە پەرست نەبوم و تووشت کردم/ بەو پیریە بەرەو پیری پەوینت بردم )«خیام»,ئەنجامدانی کارێک,کار,کار,,,,LOW,"پۆل «ئەنجامدانی کارێک» is really the part of speech «کار» — routed nowhere, needs a decision",96560cf4-030d-4268-baea-87bb57cdf631,somaali,,,,,
6510,14509,تووشکردن,روبەرو کردن: (توشت کردم بە توشی ئەو ڕەزاگرانەوە),ئەنجامدانی کارێک,کار,کار,,,,LOW,"پۆل «ئەنجامدانی کارێک» is really the part of speech «کار» — routed nowhere, needs a decision",96560cf4-030d-4268-baea-87bb57cdf631,somaali,,,,,
6511,14509,تووشکردن,ناخۆش کردنی هەوا: ( هەواکەی توشکرد),ئەنجامدانی کارێک,کار,کار,,,,LOW,"پۆل «ئەنجامدانی کارێک» is really the part of speech «کار» — routed nowhere, needs a decision",96560cf4-030d-4268-baea-87bb57cdf631,somaali,,,,,
6515,14510,تۆشڵ,تێخوڵ,,ناو,ناو,,,,HIGH,,96560cf4-030d-4268-baea-87bb57cdf631,somaali,,,,,
6516,14510,تۆشڵ,توێکڵ,,ناو,ناو,,,,HIGH,,96560cf4-030d-4268-baea-87bb57cdf631,somaali,,,,,
6519,14511,توشماڵ,سەرپەرستی خێزان,کەس,ناو,ناو,ناو › کەس,,,HIGH,,96560cf4-030d-4268-baea-87bb57cdf631,somaali,,,,,
6520,14511,توشماڵ,گزیر,کەس,ناو,ناو,ناو › کەس,,,HIGH,,96560cf4-030d-4268-baea-87bb57cdf631,somaali,,,,,
6521,14511,توشماڵ,کوێخا,کەس,ناو,ناو,ناو › کەس,,,HIGH,,96560cf4-030d-4268-baea-87bb57cdf631,somaali,,,,,
6524,14512,تۆشە,زاد,کەرەستە,ناو,ناو,کولتووری › کەرەستە,,,HIGH,,96560cf4-030d-4268-baea-87bb57cdf631,somaali,,,,,
6525,14512,تۆشە,زەواد,کەرەستە,ناو,ناو,کولتووری › کەرەستە,,,HIGH,,96560cf4-030d-4268-baea-87bb57cdf631,somaali,,,,,
6526,14512,تۆشە,بژێوی سەفەر,کەرەستە,ناو,ناو,کولتووری › کەرەستە,,,HIGH,,96560cf4-030d-4268-baea-87bb57cdf631,somaali,,,,,
6529,14513,توشهاتن,روبەروبون,,چاوگ,چاوگ,,,,HIGH,,96560cf4-030d-4268-baea-87bb57cdf631,somaali,,,,,
6530,14513,توشهاتن,گرفتار و گیرۆدە بون,,چاوگ,چاوگ,,,,HIGH,,96560cf4-030d-4268-baea-87bb57cdf631,somaali,,,,,
8331,14514,تۆشەبەرە,توربێنی تۆشە راگوێزان,خواردن | ئامراز,ناو,ناو,کولتووری › خواردن | کولتووری › ئامراز,,,HIGH,,96560cf4-030d-4268-baea-87bb57cdf631,somaali,,,,,
6536,14515,تووشی,جنگنی و بەدفەڕی,سیفەت | دۆخی کەشوھەوا,ئاوەڵناو,هاوەڵناو,,,,LOW,"پۆل «سیفەت» is really the part of speech «هاوەڵناو» — routed nowhere, needs a decision ; پۆل «دۆخی کەشوھەوا» has no home among the deck's ten (see unmapped.csv)",96560cf4-030d-4268-baea-87bb57cdf631,somaali,,,,,
6537,14515,تووشی,ساردی و بارانی بونی هەوا,سیفەت | دۆخی کەشوھەوا,ئاوەڵناو,هاوەڵناو,,,,LOW,"پۆل «سیفەت» is really the part of speech «هاوەڵناو» — routed nowhere, needs a decision ; پۆل «دۆخی کەشوھەوا» has no home among the deck's ten (see unmapped.csv)",96560cf4-030d-4268-baea-87bb57cdf631,somaali,,,,,
6540,14516,توشیار,گیرۆدە,باروودۆخ,ناو,ناو,,,,HIGH,پۆل «باروودۆخ» has no home among the deck's ten (see unmapped.csv),96560cf4-030d-4268-baea-87bb57cdf631,somaali,,,,,
6541,14516,توشیار,روبەرو بون,باروودۆخ,ناو,ناو,,,,HIGH,پۆل «باروودۆخ» has no home among the deck's ten (see unmapped.csv),96560cf4-030d-4268-baea-87bb57cdf631,somaali,,,,,
6544,14517,تۆف,هەڕەت,سیفەت | دۆخی کەشوھەوا | باروودۆخ,ناو | ئاوەڵناو,,,,,LOW,"word carries several parts of speech (ناو / هاوەڵناو); a sense may only have one ; پۆل «سیفەت» is really the part of speech «هاوەڵناو» — routed nowhere, needs a decision ; پۆل «دۆخی کەشوھەوا» has no home among the deck's ten (see unmapped.csv) ; پۆل «باروودۆخ» has no home among the deck's ten (see unmapped.csv)",96560cf4-030d-4268-baea-87bb57cdf631,somaali,,,,,
6545,14517,تۆف,جەنگە,سیفەت | دۆخی کەشوھەوا | باروودۆخ,ناو | ئاوەڵناو,,,,,LOW,"word carries several parts of speech (ناو / هاوەڵناو); a sense may only have one ; پۆل «سیفەت» is really the part of speech «هاوەڵناو» — routed nowhere, needs a decision ; پۆل «دۆخی کەشوھەوا» has no home among the deck's ten (see unmapped.csv) ; پۆل «باروودۆخ» has no home among the deck's ten (see unmapped.csv)",96560cf4-030d-4268-baea-87bb57cdf631,somaali,,,,,
6546,14517,تۆف,تاف,سیفەت | دۆخی کەشوھەوا | باروودۆخ,ناو | ئاوەڵناو,,,,,LOW,"word carries several parts of speech (ناو / هاوەڵناو); a sense may only have one ; پۆل «سیفەت» is really the part of speech «هاوەڵناو» — routed nowhere, needs a decision ; پۆل «دۆخی کەشوھەوا» has no home among the deck's ten (see unmapped.csv) ; پۆل «باروودۆخ» has no home among the deck's ten (see unmapped.csv)",96560cf4-030d-4268-baea-87bb57cdf631,somaali,,,,,
6547,14517,تۆف,کڕێوە و باپێچ,سیفەت | دۆخی کەشوھەوا | باروودۆخ,ناو | ئاوەڵناو,,,,,LOW,"word carries several parts of speech (ناو / هاوەڵناو); a sense may only have one ; پۆل «سیفەت» is really the part of speech «هاوەڵناو» — routed nowhere, needs a decision ; پۆل «دۆخی کەشوھەوا» has no home among the deck's ten (see unmapped.csv) ; پۆل «باروودۆخ» has no home among the deck's ten (see unmapped.csv)",96560cf4-030d-4268-baea-87bb57cdf631,somaali,,,,,
6548,14517,تۆف,وارشی باغ  و بێستان شوورە,سیفەت | دۆخی کەشوھەوا | باروودۆخ,ناو | ئاوەڵناو,,,,,LOW,"word carries several parts of speech (ناو / هاوەڵناو); a sense may only have one ; پۆل «سیفەت» is really the part of speech «هاوەڵناو» — routed nowhere, needs a decision ; پۆل «دۆخی کەشوھەوا» has no home among the deck's ten (see unmapped.csv) ; پۆل «باروودۆخ» has no home among the deck's ten (see unmapped.csv)",96560cf4-030d-4268-baea-87bb57cdf631,somaali,,,,,
6553,14518,تۆفڵە,خونچەی گەڵادار,گوڵ,ناو,ناو,ڕووەکناسی › گوڵ,,,HIGH,,96560cf4-030d-4268-baea-87bb57cdf631,somaali,,,,,
6555,14519,تۆفال,تڵیشەی تەنک لەمس کە لە کوتاندا دەوەرێ,کەرەستە,ناو,ناو,کولتووری › کەرەستە,,,HIGH,,96560cf4-030d-4268-baea-87bb57cdf631,somaali,,,,,
6557,14520,تۆفاڵ,خڵتە,,ناو,ناو,,,,HIGH,,96560cf4-030d-4268-baea-87bb57cdf631,somaali,,,,,
6559,14521,تۆفان,ڕۆژی زۆر توش و بە کڕێوە,باروودۆخ,ناو,ناو,,,,HIGH,پۆل «باروودۆخ» has no home among the deck's ten (see unmapped.csv),96560cf4-030d-4268-baea-87bb57cdf631,somaali,,,,,
6560,14521,تۆفان,لافاوەکەی نوحی پێغەمبەر,باروودۆخ,ناو,ناو,,,,HIGH,پۆل «باروودۆخ» has no home among the deck's ten (see unmapped.csv),96560cf4-030d-4268-baea-87bb57cdf631,somaali,,,,,
6563,14522,تۆفانە,پێشکە,مێشولە,ناو,ناو,,,,HIGH,پۆل «مێشولە» has no home among the deck's ten (see unmapped.csv),96560cf4-030d-4268-baea-87bb57cdf631,somaali,,,,,
6565,14523,تۆفک,دانەی بۆ دان و برژاندن لەسەر ساج,,ناو,ناو,,,,HIGH,,96560cf4-030d-4268-baea-87bb57cdf631,somaali,,,,,
6567,14524,تۆفڵ,تۆکڵ,,ناو,ناو,,,,HIGH,,96560cf4-030d-4268-baea-87bb57cdf631,somaali,,,,,
6568,14524,تۆفڵ,تێخوڵ,,ناو,ناو,,,,HIGH,,96560cf4-030d-4268-baea-87bb57cdf631,somaali,,,,,
6571,14525,تۆفە,کڕێوەو باپێچ,باروودۆخ,ناو,ناو,,,,HIGH,پۆل «باروودۆخ» has no home among the deck's ten (see unmapped.csv),96560cf4-030d-4268-baea-87bb57cdf631,somaali,,,,,
6572,14525,تۆفە,چینەی دیوار لە قوڕ,باروودۆخ,ناو,ناو,,,,HIGH,پۆل «باروودۆخ» has no home among the deck's ten (see unmapped.csv),96560cf4-030d-4268-baea-87bb57cdf631,somaali,,,,,
6575,14526,توفیر,فەرق,,,,,,,LOW,word has no جۆری وشە at all,96560cf4-030d-4268-baea-87bb57cdf631,somaali,,,,,
6576,14526,توفیر,جیاوازی,,,,,,,LOW,word has no جۆری وشە at all,96560cf4-030d-4268-baea-87bb57cdf631,somaali,,,,,
6579,14527,تۆڤ,تۆم,ڕووەك,ناو,ناو,ڕووەکناسی › ڕووەك,,,HIGH,,96560cf4-030d-4268-baea-87bb57cdf631,somaali,,,,,
6580,14527,تۆڤ,تۆو,ڕووەك,ناو,ناو,ڕووەکناسی › ڕووەك,,,HIGH,,96560cf4-030d-4268-baea-87bb57cdf631,somaali,,,,,
6581,14527,تۆڤ,جۆر: (چتۆڤ، چلۆن),ڕووەك,ناو,ناو,ڕووەکناسی › ڕووەك,,,HIGH,,96560cf4-030d-4268-baea-87bb57cdf631,somaali,,,,,
6596,14528,تۆق,ئاڵقە,سیفەت | ئەندامی جەستە | ئامراز,ناو | ئاوەڵناو,,زانستیی پزیشکی › ئەندامی جەستە | کولتووری › ئامراز,,,LOW,"word carries several parts of speech (ناو / هاوەڵناو); a sense may only have one ; پۆل «سیفەت» is really the part of speech «هاوەڵناو» — routed nowhere, needs a decision",96560cf4-030d-4268-baea-87bb57cdf631,somaali,,,,,
6597,14528,تۆق,گەو,سیفەت | ئەندامی جەستە | ئامراز,ناو | ئاوەڵناو,,زانستیی پزیشکی › ئەندامی جەستە | کولتووری › ئامراز,,,LOW,"word carries several parts of speech (ناو / هاوەڵناو); a sense may only have one ; پۆل «سیفەت» is really the part of speech «هاوەڵناو» — routed nowhere, needs a decision",96560cf4-030d-4268-baea-87bb57cdf631,somaali,,,,,
6598,14528,تۆق,قەف,سیفەت | ئەندامی جەستە | ئامراز,ناو | ئاوەڵناو,,زانستیی پزیشکی › ئەندامی جەستە | کولتووری › ئامراز,,,LOW,"word carries several parts of speech (ناو / هاوەڵناو); a sense may only have one ; پۆل «سیفەت» is really the part of speech «هاوەڵناو» — routed nowhere, needs a decision",96560cf4-030d-4268-baea-87bb57cdf631,somaali,,,,,
6599,14528,تۆق,تەپڵەسەر,سیفەت | ئەندامی جەستە | ئامراز,ناو | ئاوەڵناو,,زانستیی پزیشکی › ئەندامی جەستە | کولتووری › ئامراز,,,LOW,"word carries several parts of speech (ناو / هاوەڵناو); a sense may only have one ; پۆل «سیفەت» is really the part of speech «هاوەڵناو» — routed nowhere, needs a decision",96560cf4-030d-4268-baea-87bb57cdf631,somaali,,,,,
6600,14528,تۆق,بڵندترین جێگە لە هەر شتێ: (بەردێکی لە تۆقی سەرم دا)، (چیا لە تۆقە سەری دادژاوە تا کەمەری) «حاجی قادر»,سیفەت | ئەندامی جەستە | ئامراز,ناو | ئاوەڵناو,,زانستیی پزیشکی › ئەندامی جەستە | کولتووری › ئامراز,,,LOW,"word carries several parts of speech (ناو / هاوەڵناو); a sense may only have one ; پۆل «سیفەت» is really the part of speech «هاوەڵناو» — routed nowhere, needs a decision",96560cf4-030d-4268-baea-87bb57cdf631,somaali,,,,,
6601,14528,تۆق,ملوانەی یەکپارچە لە زێڕ,سیفەت | ئەندامی جەستە | ئامراز,ناو | ئاوەڵناو,,زانستیی پزیشکی › ئەندامی جەستە | کولتووری › ئامراز,,,LOW,"word carries several parts of speech (ناو / هاوەڵناو); a sense may only have one ; پۆل «سیفەت» is really the part of speech «هاوەڵناو» — routed nowhere, needs a decision",96560cf4-030d-4268-baea-87bb57cdf631,somaali,,,,,
6593,14529,یاینجی,دێوجامە,ئامێر,ناو,ناو,,,,HIGH,پۆل «ئامێر» has no home among the deck's ten (see unmapped.csv),d641c5d5-6362-478e-b261-1d3ba03b0e00,sirwan,,,,,
6594,14529,یاینجی,فەرەنجی,ئامێر,ناو,ناو,,,,HIGH,پۆل «ئامێر» has no home among the deck's ten (see unmapped.csv),d641c5d5-6362-478e-b261-1d3ba03b0e00,sirwan,,,,,
6605,14530,تۆقا,تەقیەوە: (باروتەکە تۆقا),باروودۆخ,ناو,ناو,,,,HIGH,پۆل «باروودۆخ» has no home among the deck's ten (see unmapped.csv),96560cf4-030d-4268-baea-87bb57cdf631,somaali,,,,,
6606,14530,تۆقا,مرد لە ترسا,باروودۆخ,ناو,ناو,,,,HIGH,پۆل «باروودۆخ» has no home among the deck's ten (see unmapped.csv),96560cf4-030d-4268-baea-87bb57cdf631,somaali,,,,,
6609,14531,یاتاخ,نوێن,کەرەستە,ناو,ناو,کولتووری › کەرەستە,,,HIGH,,d641c5d5-6362-478e-b261-1d3ba03b0e00,sirwan,,,,,
6610,14531,یاتاخ,نڤین,کەرەستە,ناو,ناو,کولتووری › کەرەستە,,,HIGH,,d641c5d5-6362-478e-b261-1d3ba03b0e00,sirwan,,,,,
6611,14531,یاتاخ,کەل و پەل پێ خەوتن,کەرەستە,ناو,ناو,کولتووری › کەرەستە,,,HIGH,,d641c5d5-6362-478e-b261-1d3ba03b0e00,sirwan,,,,,
6612,14531,یاتاخ,پێخەف,کەرەستە,ناو,ناو,کولتووری › کەرەستە,,,HIGH,,d641c5d5-6362-478e-b261-1d3ba03b0e00,sirwan,,,,,
6613,14531,یاتاخ,جێ,کەرەستە,ناو,ناو,کولتووری › کەرەستە,,,HIGH,,d641c5d5-6362-478e-b261-1d3ba03b0e00,sirwan,,,,,
6615,14532,یاجوج,ئاجوج,مرۆڤ,ناو,ناو,کولتووری › مرۆڤ,,,HIGH,,d641c5d5-6362-478e-b261-1d3ba03b0e00,sirwan,,,,,
6616,14532,یاجوج,عاجوج,مرۆڤ,ناو,ناو,کولتووری › مرۆڤ,,,HIGH,,d641c5d5-6362-478e-b261-1d3ba03b0e00,sirwan,,,,,
6617,14533,یاجوج باجوج,عاجوج ماجوج,مرۆڤ,ناو,ناو,کولتووری › مرۆڤ,,,HIGH,,d641c5d5-6362-478e-b261-1d3ba03b0e00,sirwan,,,,,
6618,14533,یاجوج باجوج,بریتی لە هەزارە زیلە,مرۆڤ,ناو,ناو,کولتووری › مرۆڤ,,,HIGH,,d641c5d5-6362-478e-b261-1d3ba03b0e00,sirwan,,,,,
6619,14533,یاجوج باجوج,خەڵکی زۆری تێکەڵ پێکەڵ,مرۆڤ,ناو,ناو,کولتووری › مرۆڤ,,,HIGH,,d641c5d5-6362-478e-b261-1d3ba03b0e00,sirwan,,,,,
6621,14534,یاجێراینە,بەرەو پاش گەرانەوە,کات,ئاوەڵکار,هاوەڵکار,,,,HIGH,پۆل «کات» has no home among the deck's ten (see unmapped.csv),d641c5d5-6362-478e-b261-1d3ba03b0e00,sirwan,,,,,
6622,14535,یاخر,باران,دۆخی کەشوھەوا,ناو,ناو,,ڕەگەز=مێ,,HIGH,پۆل «دۆخی کەشوھەوا» has no home among the deck's ten (see unmapped.csv),d641c5d5-6362-478e-b261-1d3ba03b0e00,sirwan,,,,,
6623,14536,یاخچە,گوندێکە لە کوردستان بەعسی وێرانی کرد,شوێن,ناو,ناو,ناو › شوێن,ڕەگەز=مێ,,HIGH,,d641c5d5-6362-478e-b261-1d3ba03b0e00,sirwan,,,,,
6624,14537,یاخسەمەر,لەو گوندانەی کوردستانە کە بەعسی کاولیان کرد,شوێن,ناو,ناو,ناو › شوێن,ڕەگەز=مێ,,HIGH,,d641c5d5-6362-478e-b261-1d3ba03b0e00,sirwan,,,,,
6625,14538,یاخمە,تاڵان,ڕوودانی کار,ناو,ناو,,ڕەگەز=مێ,,HIGH,پۆل «ڕوودانی کار» has no home among the deck's ten (see unmapped.csv),d641c5d5-6362-478e-b261-1d3ba03b0e00,sirwan,,,,,
6626,14538,یاخمە,پویر,ڕوودانی کار,ناو,ناو,,ڕەگەز=مێ,,HIGH,پۆل «ڕوودانی کار» has no home among the deck's ten (see unmapped.csv),d641c5d5-6362-478e-b261-1d3ba03b0e00,sirwan,,,,,
6627,14538,یاخمە,پور,ڕوودانی کار,ناو,ناو,,ڕەگەز=مێ,,HIGH,پۆل «ڕوودانی کار» has no home among the deck's ten (see unmapped.csv),d641c5d5-6362-478e-b261-1d3ba03b0e00,sirwan,,,,,
6628,14539,یاخمەوو,شتی وا هەیە,ئەنجامدانی کارێک,ناو,ناو,,ڕەگەز=مێ,,LOW,"پۆل «ئەنجامدانی کارێک» is really the part of speech «کار» — routed nowhere, needs a decision ; پۆل says «کار», جۆری وشە says «ناو» — they disagree",d641c5d5-6362-478e-b261-1d3ba03b0e00,sirwan,,,,,
6629,14539,یاخمەوو,کاری وا ئەکرێ,ئەنجامدانی کارێک,ناو,ناو,,ڕەگەز=مێ,,LOW,"پۆل «ئەنجامدانی کارێک» is really the part of speech «کار» — routed nowhere, needs a decision ; پۆل says «کار», جۆری وشە says «ناو» — they disagree",d641c5d5-6362-478e-b261-1d3ba03b0e00,sirwan,,,,,
6630,14540,یاخۆ,ئان,ئامراز,هیتر,,کولتووری › ئامراز,,,LOW,جۆری وشە «هیتر» has no equivalent among the seven,d641c5d5-6362-478e-b261-1d3ba03b0e00,sirwan,,,,,
6631,14540,یاخۆ,نام,ئامراز,هیتر,,کولتووری › ئامراز,,,LOW,جۆری وشە «هیتر» has no equivalent among the seven,d641c5d5-6362-478e-b261-1d3ba03b0e00,sirwan,,,,,
6632,14540,یاخۆ,نا,ئامراز,هیتر,,کولتووری › ئامراز,,,LOW,جۆری وشە «هیتر» has no equivalent among the seven,d641c5d5-6362-478e-b261-1d3ba03b0e00,sirwan,,,,,
6633,14540,یاخۆ,یا,ئامراز,هیتر,,کولتووری › ئامراز,,,LOW,جۆری وشە «هیتر» has no equivalent among the seven,d641c5d5-6362-478e-b261-1d3ba03b0e00,sirwan,,,,,
6634,14541,راتەکاندن,تەکان پێدانی توند,,چاوگ,چاوگ,,,,HIGH,,79dd71fd-aaa5-4f5a-9211-101eeda2d0b8,taraakoy,,,,,
6635,14541,راتەکاندن,تەکاندنی رایەخ لە بڵندەوە,,چاوگ,چاوگ,,,,HIGH,,79dd71fd-aaa5-4f5a-9211-101eeda2d0b8,taraakoy,,,,,
6638,14542,راجلفین,راچەنین,بارودۆخی جەستەیی,ناو,ناو,زانستیی پزیشکی › بارودۆخی جەستەیی,,,HIGH,,79dd71fd-aaa5-4f5a-9211-101eeda2d0b8,taraakoy,,,,,
6639,14542,راجلفین,شڵەژان,بارودۆخی جەستەیی,ناو,ناو,زانستیی پزیشکی › بارودۆخی جەستەیی,,,HIGH,,79dd71fd-aaa5-4f5a-9211-101eeda2d0b8,taraakoy,,,,,
6640,14542,راجلفین,شڵەژان,بارودۆخی جەستەیی,ناو,ناو,زانستیی پزیشکی › بارودۆخی جەستەیی,,,HIGH,,79dd71fd-aaa5-4f5a-9211-101eeda2d0b8,taraakoy,,,,,
6642,14543,زاتۆرە,تۆرەمە,مرۆڤ,ناو,ناو,کولتووری › مرۆڤ,,,HIGH,,5f16fc33-8c0b-4cb7-85ab-cf91afdbbcd3,bilalhama,,,,,
6644,14544,زاتەنە,زەرینی کەر,ئاژەڵ,ناو,ناو,زیندەوەرزانی › ئاژەڵ,,,HIGH,,5f16fc33-8c0b-4cb7-85ab-cf91afdbbcd3,bilalhama,,,,,
6646,14545,زاتیک,چێژنێکی هەرمەنیانە,بۆنە,ناو,ناو,,,,HIGH,پۆل «بۆنە» has no home among the deck's ten (see unmapped.csv),5f16fc33-8c0b-4cb7-85ab-cf91afdbbcd3,bilalhama,,,,,
6648,14546,راجە,پەیاغ,سیفەت,ئاوەڵناو,هاوەڵناو,,,,LOW,"پۆل «سیفەت» is really the part of speech «هاوەڵناو» — routed nowhere, needs a decision",79dd71fd-aaa5-4f5a-9211-101eeda2d0b8,taraakoy,,,,,
6649,14546,راجە,داردەستی درێژ,سیفەت,ئاوەڵناو,هاوەڵناو,,,,LOW,"پۆل «سیفەت» is really the part of speech «هاوەڵناو» — routed nowhere, needs a decision",79dd71fd-aaa5-4f5a-9211-101eeda2d0b8,taraakoy,,,,,
6651,14547,راچ,ئەرای چی,دەستەواژە,,,,,,LOW,word has no جۆری وشە at all ; پۆل «دەستەواژە» has no home among the deck's ten (see unmapped.csv),79dd71fd-aaa5-4f5a-9211-101eeda2d0b8,taraakoy,,,,,
6652,14547,راچ,بۆچی,دەستەواژە,,,,,,LOW,word has no جۆری وشە at all ; پۆل «دەستەواژە» has no home among the deck's ten (see unmapped.csv),79dd71fd-aaa5-4f5a-9211-101eeda2d0b8,taraakoy,,,,,
6653,14547,راچ,لەبەرچی,دەستەواژە,,,,,,LOW,word has no جۆری وشە at all ; پۆل «دەستەواژە» has no home among the deck's ten (see unmapped.csv),79dd71fd-aaa5-4f5a-9211-101eeda2d0b8,taraakoy,,,,,
6655,14548,راچاندن,رایەلکردن,ئەنجامدانی کارێک,چاوگ,چاوگ,,,,LOW,"پۆل «ئەنجامدانی کارێک» is really the part of speech «کار» — routed nowhere, needs a decision ; پۆل says «کار», جۆری وشە says «چاوگ» — they disagree",79dd71fd-aaa5-4f5a-9211-101eeda2d0b8,taraakoy,,,,,
6656,14548,راچاندن,رێزکردنی داوی چنین,ئەنجامدانی کارێک,چاوگ,چاوگ,,,,LOW,"پۆل «ئەنجامدانی کارێک» is really the part of speech «کار» — routed nowhere, needs a decision ; پۆل says «کار», جۆری وشە says «چاوگ» — they disagree",79dd71fd-aaa5-4f5a-9211-101eeda2d0b8,taraakoy,,,,,
6658,14549,راچاوکردن,هەڵبژاردن و دەبەرچاوگرتنی کەسێ یان شتێ بۆ کارێک,ئەنجامدانی کارێک,ئاوەڵکار,هاوەڵکار,,,,LOW,"پۆل «ئەنجامدانی کارێک» is really the part of speech «کار» — routed nowhere, needs a decision ; پۆل says «کار», جۆری وشە says «هاوەڵکار» — they disagree",79dd71fd-aaa5-4f5a-9211-101eeda2d0b8,taraakoy,,,,,
6660,14550,راچراندن,راستەوراست دراندن,ئەنجامدانی کارێک,چاوگ,چاوگ,,,,LOW,"پۆل «ئەنجامدانی کارێک» is really the part of speech «کار» — routed nowhere, needs a decision ; پۆل says «کار», جۆری وشە says «چاوگ» — they disagree",79dd71fd-aaa5-4f5a-9211-101eeda2d0b8,taraakoy,,,,,
6664,14551,راچلەکاندن,داچلەکاندن,ئەنجامدانی کارێک,چاوگ,چاوگ,,,,LOW,"پۆل «ئەنجامدانی کارێک» is really the part of speech «کار» — routed nowhere, needs a decision ; پۆل says «کار», جۆری وشە says «چاوگ» — they disagree",79dd71fd-aaa5-4f5a-9211-101eeda2d0b8,taraakoy,,,,,
6666,14552,راچلەکین,داچڵەکین,بارودۆخی جەستەیی,,,زانستیی پزیشکی › بارودۆخی جەستەیی,,,LOW,word has no جۆری وشە at all,79dd71fd-aaa5-4f5a-9211-101eeda2d0b8,taraakoy,,,,,
6667,14552,راچلەکین,ڕاجلفین,بارودۆخی جەستەیی,,,زانستیی پزیشکی › بارودۆخی جەستەیی,,,LOW,word has no جۆری وشە at all,79dd71fd-aaa5-4f5a-9211-101eeda2d0b8,taraakoy,,,,,
6669,14553,ڕاچون,قوپانی زەوی,ڕووداوی سروشتی,,,,,,LOW,word has no جۆری وشە at all ; پۆل «ڕووداوی سروشتی» has no home among the deck's ten (see unmapped.csv),79dd71fd-aaa5-4f5a-9211-101eeda2d0b8,taraakoy,,,,,
6671,14554,راچە,دارەرای خانو,ئامێر,,,,,,LOW,word has no جۆری وشە at all ; پۆل «ئامێر» has no home among the deck's ten (see unmapped.csv),79dd71fd-aaa5-4f5a-9211-101eeda2d0b8,taraakoy,,,,,
6672,14554,راچە,بۆچی,ئامێر,,,,,,LOW,word has no جۆری وشە at all ; پۆل «ئامێر» has no home among the deck's ten (see unmapped.csv),79dd71fd-aaa5-4f5a-9211-101eeda2d0b8,taraakoy,,,,,
6673,14554,راچە,لەبەرچی,ئامێر,,,,,,LOW,word has no جۆری وشە at all ; پۆل «ئامێر» has no home among the deck's ten (see unmapped.csv),79dd71fd-aaa5-4f5a-9211-101eeda2d0b8,taraakoy,,,,,
6674,14554,راچە,باسکێتی نامور,ئامێر,,,,,,LOW,word has no جۆری وشە at all ; پۆل «ئامێر» has no home among the deck's ten (see unmapped.csv),79dd71fd-aaa5-4f5a-9211-101eeda2d0b8,taraakoy,,,,,
6675,14554,راچە,بەرچیغ,ئامێر,,,,,,LOW,word has no جۆری وشە at all ; پۆل «ئامێر» has no home among the deck's ten (see unmapped.csv),79dd71fd-aaa5-4f5a-9211-101eeda2d0b8,taraakoy,,,,,
6679,14555,راچەفت,بریتی لە کەم ئاوەزو تەگبیر نەزان,,ناو,ناو,,,,HIGH,,79dd71fd-aaa5-4f5a-9211-101eeda2d0b8,taraakoy,,,,,
6681,14556,راچەناندن,لەپر ترساندن,بارودۆخی جەستەیی,کار,کار,زانستیی پزیشکی › بارودۆخی جەستەیی,,,HIGH,,79dd71fd-aaa5-4f5a-9211-101eeda2d0b8,taraakoy,,,,,
6683,14557,راچەنین,لەرزینی کەم لە شتێکتی لە پرو نەکاو,بارودۆخی جەستەیی,,,زانستیی پزیشکی › بارودۆخی جەستەیی,,,LOW,word has no جۆری وشە at all,79dd71fd-aaa5-4f5a-9211-101eeda2d0b8,taraakoy,,,,,
6685,14558,راچێتە,سیایی دەرمانی پزیشک,دەستەواژە | چەمک,,,,,,LOW,word has no جۆری وشە at all ; پۆل «دەستەواژە» has no home among the deck's ten (see unmapped.csv) ; پۆل «چەمک» has no home among the deck's ten (see unmapped.csv),79dd71fd-aaa5-4f5a-9211-101eeda2d0b8,taraakoy,,,,,
6686,14558,راچێتە,نوسخەی حەکیم,دەستەواژە | چەمک,,,,,,LOW,word has no جۆری وشە at all ; پۆل «دەستەواژە» has no home among the deck's ten (see unmapped.csv) ; پۆل «چەمک» has no home among the deck's ten (see unmapped.csv),79dd71fd-aaa5-4f5a-9211-101eeda2d0b8,taraakoy,,,,,
6688,14559,راخ,گردوکێوی سەوز لە گیا,شوێن,,,ناو › شوێن,,,LOW,word has no جۆری وشە at all,79dd71fd-aaa5-4f5a-9211-101eeda2d0b8,taraakoy,,,,,
6689,14559,راخ,خەم,شوێن,,,ناو › شوێن,,,LOW,word has no جۆری وشە at all,79dd71fd-aaa5-4f5a-9211-101eeda2d0b8,taraakoy,,,,,
6690,14559,راخ,مەینەت,شوێن,,,ناو › شوێن,,,LOW,word has no جۆری وشە at all,79dd71fd-aaa5-4f5a-9211-101eeda2d0b8,taraakoy,,,,,
6693,14560,یاخوا,وتەی ئاوات خوازی,ئامراز,هیتر,,کولتووری › ئامراز,,,LOW,جۆری وشە «هیتر» has no equivalent among the seven,d641c5d5-6362-478e-b261-1d3ba03b0e00,sirwan,,,,,
6695,14561,دارپاچ,تەرداس,کەرەستە,ناو,ناو,کولتووری › کەرەستە,,,HIGH,,fbaa1310-1a57-4439-b4e4-2b6fb312b455,banazhamad,,,,,
6696,14561,دارپاچ,تەورداس,کەرەستە,ناو,ناو,کولتووری › کەرەستە,,,HIGH,,fbaa1310-1a57-4439-b4e4-2b6fb312b455,banazhamad,,,,,
6698,14562,دارتاش,نەجار,پیشە,ناو,ناو,,,,HIGH,پۆل «پیشە» has no home among the deck's ten (see unmapped.csv),fbaa1310-1a57-4439-b4e4-2b6fb312b455,banazhamad,,,,,
6701,14563,دارتاشخانە,دوکانی نەجاری,شوێن,ناو,ناو,ناو › شوێن,,,HIGH,,fbaa1310-1a57-4439-b4e4-2b6fb312b455,banazhamad,,,,,
6703,14564,دارتەم,تابووت,کەرەستە,ناو,ناو,کولتووری › کەرەستە,,,HIGH,,fbaa1310-1a57-4439-b4e4-2b6fb312b455,banazhamad,,,,,
6704,14564,دارتەم,داربەست,کەرەستە,ناو,ناو,کولتووری › کەرەستە,,,HIGH,,fbaa1310-1a57-4439-b4e4-2b6fb312b455,banazhamad,,,,,
6706,14565,دارزانن,داڕزاندن,ئەنجامدانی کارێک,چاوگ,چاوگ,,,,LOW,"پۆل «ئەنجامدانی کارێک» is really the part of speech «کار» — routed nowhere, needs a decision ; پۆل says «کار», جۆری وشە says «چاوگ» — they disagree",fbaa1310-1a57-4439-b4e4-2b6fb312b455,banazhamad,,,,,
6708,14566,داڕزاو,داتوڵاو,سیفەت,ئاوەڵناو,هاوەڵناو,,,,LOW,"پۆل «سیفەت» is really the part of speech «هاوەڵناو» — routed nowhere, needs a decision",fbaa1310-1a57-4439-b4e4-2b6fb312b455,banazhamad,,,,,
6711,14567,داڕزای,داڕزاو,سیفەت,ئاوەڵناو,هاوەڵناو,,,,LOW,"پۆل «سیفەت» is really the part of speech «هاوەڵناو» — routed nowhere, needs a decision",fbaa1310-1a57-4439-b4e4-2b6fb312b455,banazhamad,,,,,
6712,14567,داڕزای,از هم پاشیدە,سیفەت,ئاوەڵناو,هاوەڵناو,,,,LOW,"پۆل «سیفەت» is really the part of speech «هاوەڵناو» — routed nowhere, needs a decision",fbaa1310-1a57-4439-b4e4-2b6fb312b455,banazhamad,,,,,
6714,14568,داڕزیاگ,داڕزاو,سیفەت,,,,,,LOW,"word has no جۆری وشە at all ; پۆل «سیفەت» is really the part of speech «هاوەڵناو» — routed nowhere, needs a decision",fbaa1310-1a57-4439-b4e4-2b6fb312b455,banazhamad,,,,,
6716,14569,داڕزباو,داڕزاو,سیفەت,ئاوەڵناو,هاوەڵناو,,,,LOW,"پۆل «سیفەت» is really the part of speech «هاوەڵناو» — routed nowhere, needs a decision",fbaa1310-1a57-4439-b4e4-2b6fb312b455,banazhamad,,,,,
6718,14570,دارچین,توێکڵە دارێکە تیژ و بۆن خۆش,ماددە,ناو,ناو,,,,HIGH,پۆل «ماددە» has no home among the deck's ten (see unmapped.csv),fbaa1310-1a57-4439-b4e4-2b6fb312b455,banazhamad,,,,,
6720,14571,حولچەک,هەڵوچە.,میوە,ناو,ناو,,,,HIGH,پۆل «میوە» has no home among the deck's ten (see unmapped.csv),d53e0d86-01bb-4950-863e-beb1e3d81ccf,shkoskur,,,,,
6721,14571,حولچەک,هەڵوژە,میوە,ناو,ناو,,,,HIGH,پۆل «میوە» has no home among the deck's ten (see unmapped.csv),d53e0d86-01bb-4950-863e-beb1e3d81ccf,shkoskur,,,,,
6722,14572,حولحولی,بە کەسێک دەوترێت هەر جارەی لەسەر خەیاڵێک بێت,سیفەت | دەستەواژە,ئاوەڵناو,هاوەڵناو,,,,LOW,"پۆل «سیفەت» is really the part of speech «هاوەڵناو» — routed nowhere, needs a decision ; پۆل «دەستەواژە» has no home among the deck's ten (see unmapped.csv)",d53e0d86-01bb-4950-863e-beb1e3d81ccf,shkoskur,,,,,
6723,14572,حولحولی,زیاتر بە ئافرەتێک دەوترێت کە زۆر گوێ نەدات بە بەهای خێزان و دەورووبەر، دایمە پێبکەنێت و هەر حریکە حریکی بێت.,سیفەت | دەستەواژە,ئاوەڵناو,هاوەڵناو,,,,LOW,"پۆل «سیفەت» is really the part of speech «هاوەڵناو» — routed nowhere, needs a decision ; پۆل «دەستەواژە» has no home among the deck's ten (see unmapped.csv)",d53e0d86-01bb-4950-863e-beb1e3d81ccf,shkoskur,,,,,
6724,14573,حوللەسێ,حوللەسێ: گەمەیەکە بە سێ جگ دەکرێ.,یاری,,,کولتووری › یاری,,,LOW,word has no جۆری وشە at all,d53e0d86-01bb-4950-863e-beb1e3d81ccf,shkoskur,,,,,
6725,14573,حوللەسێ,بریتییەلە لە داکەوتن لەپاش سەرکەوتن,یاری,,,کولتووری › یاری,,,LOW,word has no جۆری وشە at all,d53e0d86-01bb-4950-863e-beb1e3d81ccf,shkoskur,,,,,
6726,14574,حوللەمەرەسێ,گاڵتەی حوللەسێ,یاری,,,کولتووری › یاری,,,LOW,word has no جۆری وشە at all,d53e0d86-01bb-4950-863e-beb1e3d81ccf,shkoskur,,,,,
6727,14575,حوللەمەرەسێ,گاڵتەی حوللەسێ,یاری,,,کولتووری › یاری,,,LOW,word has no جۆری وشە at all,d53e0d86-01bb-4950-863e-beb1e3d81ccf,shkoskur,,,,,
6728,14576,حوللەمەرەسێ,گاڵتەی حوللەسێ,یاری,,,کولتووری › یاری,,,LOW,word has no جۆری وشە at all,d53e0d86-01bb-4950-863e-beb1e3d81ccf,shkoskur,,,,,
6729,14577,حوللەمەرەسێ,گاڵتەی حوللەسێ,یاری,,,کولتووری › یاری,,,LOW,word has no جۆری وشە at all,d53e0d86-01bb-4950-863e-beb1e3d81ccf,shkoskur,,,,,
6730,14578,حولور,وشەیەکە لەگەڵ  بلوێری دەڵێن,یاری,ناو,ناو,کولتووری › یاری,,,HIGH,,d53e0d86-01bb-4950-863e-beb1e3d81ccf,shkoskur,,,,,
6731,14578,حولور,ناوی گاڵتەیەکی منداڵانەیە,یاری,ناو,ناو,کولتووری › یاری,,,HIGH,,d53e0d86-01bb-4950-863e-beb1e3d81ccf,shkoskur,,,,,
6732,14579,حولوک,هەڵوژە,میوە,ناو,ناو,,,,HIGH,پۆل «میوە» has no home among the deck's ten (see unmapped.csv),d53e0d86-01bb-4950-863e-beb1e3d81ccf,shkoskur,,,,,
6733,14579,حولوک,ئاڵووچە,میوە,ناو,ناو,,,,HIGH,پۆل «میوە» has no home among the deck's ten (see unmapped.csv),d53e0d86-01bb-4950-863e-beb1e3d81ccf,shkoskur,,,,,
6734,14579,حولوک,هەڵوچە,میوە,ناو,ناو,,,,HIGH,پۆل «میوە» has no home among the deck's ten (see unmapped.csv),d53e0d86-01bb-4950-863e-beb1e3d81ccf,shkoskur,,,,,
6735,14581,حولە,پشکەڵی وشتر,پاشماوەی گیانداران,ناو,ناو,,,,HIGH,پۆل «پاشماوەی گیانداران» has no home among the deck's ten (see unmapped.csv),d53e0d86-01bb-4950-863e-beb1e3d81ccf,shkoskur,,,,,
6736,14582,حولەسێ,هەراهارا,دەنگ,ئاوەڵناو,هاوەڵناو,,,,HIGH,پۆل «دەنگ» has no home among the deck's ten (see unmapped.csv),d53e0d86-01bb-4950-863e-beb1e3d81ccf,shkoskur,,,,,
6737,14582,حولەسێ,زەنازەنا,دەنگ,ئاوەڵناو,هاوەڵناو,,,,HIGH,پۆل «دەنگ» has no home among the deck's ten (see unmapped.csv),d53e0d86-01bb-4950-863e-beb1e3d81ccf,shkoskur,,,,,
6738,14582,حولەسێ,چەقەوگورە,دەنگ,ئاوەڵناو,هاوەڵناو,,,,HIGH,پۆل «دەنگ» has no home among the deck's ten (see unmapped.csv),d53e0d86-01bb-4950-863e-beb1e3d81ccf,shkoskur,,,,,
6744,14583,حولی,لووس,دۆخی ماددە,ئاوەڵناو,هاوەڵناو,,,,HIGH,پۆل «دۆخی ماددە» has no home among the deck's ten (see unmapped.csv),d53e0d86-01bb-4950-863e-beb1e3d81ccf,shkoskur,,,,,
6745,14583,حولی,ئەوەی دەستی لێ هەڵدەخلیسکێت,دۆخی ماددە,ئاوەڵناو,هاوەڵناو,,,,HIGH,پۆل «دۆخی ماددە» has no home among the deck's ten (see unmapped.csv),d53e0d86-01bb-4950-863e-beb1e3d81ccf,shkoskur,,,,,
6746,14583,حولی,زمانلووس و خەڵکهەڵخەڵەتێن,دۆخی ماددە,ئاوەڵناو,هاوەڵناو,,,,HIGH,پۆل «دۆخی ماددە» has no home among the deck's ten (see unmapped.csv),d53e0d86-01bb-4950-863e-beb1e3d81ccf,shkoskur,,,,,
6747,14583,حولی,هەڵووژەی ڕەش و سوور,دۆخی ماددە,ئاوەڵناو,هاوەڵناو,,,,HIGH,پۆل «دۆخی ماددە» has no home among the deck's ten (see unmapped.csv),d53e0d86-01bb-4950-863e-beb1e3d81ccf,shkoskur,,,,,
6748,14584,حۆلی,بەچکەمانگا,ئاژەڵ,ناو,ناو,زیندەوەرزانی › ئاژەڵ,,,HIGH,,d53e0d86-01bb-4950-863e-beb1e3d81ccf,shkoskur,,,,,
6749,14584,حۆلی,گۆلک,ئاژەڵ,ناو,ناو,زیندەوەرزانی › ئاژەڵ,,,HIGH,,d53e0d86-01bb-4950-863e-beb1e3d81ccf,shkoskur,,,,,
6751,14585,حولیاتی,ماستاوکردن,سیفەت | ئەنجامدانی کارێک,ئاوەڵناو,هاوەڵناو,,,,LOW,"پۆل «سیفەت» is really the part of speech «هاوەڵناو» — routed nowhere, needs a decision ; پۆل «ئەنجامدانی کارێک» is really the part of speech «کار» — routed nowhere, needs a decision ; پۆل says «کار», جۆری وشە says «هاوەڵناو» — they disagree",d53e0d86-01bb-4950-863e-beb1e3d81ccf,shkoskur,,,,,
6752,14585,حولیاتی,مەرایی,سیفەت | ئەنجامدانی کارێک,ئاوەڵناو,هاوەڵناو,,,,LOW,"پۆل «سیفەت» is really the part of speech «هاوەڵناو» — routed nowhere, needs a decision ; پۆل «ئەنجامدانی کارێک» is really the part of speech «کار» — routed nowhere, needs a decision ; پۆل says «کار», جۆری وشە says «هاوەڵناو» — they disagree",d53e0d86-01bb-4950-863e-beb1e3d81ccf,shkoskur,,,,,
6753,14585,حولیاتی,ڕووبینی,سیفەت | ئەنجامدانی کارێک,ئاوەڵناو,هاوەڵناو,,,,LOW,"پۆل «سیفەت» is really the part of speech «هاوەڵناو» — routed nowhere, needs a decision ; پۆل «ئەنجامدانی کارێک» is really the part of speech «کار» — routed nowhere, needs a decision ; پۆل says «کار», جۆری وشە says «هاوەڵناو» — they disagree",d53e0d86-01bb-4950-863e-beb1e3d81ccf,shkoskur,,,,,
6754,14586,حولیک,هەڵووژە,میوە,ناو,ناو,,,,HIGH,پۆل «میوە» has no home among the deck's ten (see unmapped.csv),d53e0d86-01bb-4950-863e-beb1e3d81ccf,shkoskur,,,,,
6755,14586,حولیک,حەلووک,میوە,ناو,ناو,,,,HIGH,پۆل «میوە» has no home among the deck's ten (see unmapped.csv),d53e0d86-01bb-4950-863e-beb1e3d81ccf,shkoskur,,,,,
6756,14586,حولیک,عەلووک,میوە,ناو,ناو,,,,HIGH,پۆل «میوە» has no home among the deck's ten (see unmapped.csv),d53e0d86-01bb-4950-863e-beb1e3d81ccf,shkoskur,,,,,
6757,14587,حومام,گەرماو,شوێن,,,ناو › شوێن,,,LOW,word has no جۆری وشە at all,d53e0d86-01bb-4950-863e-beb1e3d81ccf,shkoskur,,,,,
6758,14587,حومام,حەمام,شوێن,,,ناو › شوێن,,,LOW,word has no جۆری وشە at all,d53e0d86-01bb-4950-863e-beb1e3d81ccf,shkoskur,,,,,
6759,14587,حومام,خۆشۆرگە,شوێن,,,ناو › شوێن,,,LOW,word has no جۆری وشە at all,d53e0d86-01bb-4950-863e-beb1e3d81ccf,shkoskur,,,,,
6760,14588,حونجە,خوێندنی ئەلفبێیی عەرەبییە بە خوێندنی  جوڵەی پیتەکانی (ئەلفە سەر ئە، بێ ژێر بی ....),ئەنجامدانی کارێک,,,,,,LOW,"word has no جۆری وشە at all ; پۆل «ئەنجامدانی کارێک» is really the part of speech «کار» — routed nowhere, needs a decision",d53e0d86-01bb-4950-863e-beb1e3d81ccf,shkoskur,,,,,
6761,14589,حونجەت,بەهێز و قوەت,بارودۆخی جەستەیی,ناو,ناو,زانستیی پزیشکی › بارودۆخی جەستەیی,,,HIGH,,d53e0d86-01bb-4950-863e-beb1e3d81ccf,shkoskur,,,,,
6762,14589,حونجەت,تەوژم,بارودۆخی جەستەیی,ناو,ناو,زانستیی پزیشکی › بارودۆخی جەستەیی,,,HIGH,,d53e0d86-01bb-4950-863e-beb1e3d81ccf,shkoskur,,,,,
6763,14590,حونەر,هونەر,پیشە | ژانەر,ناو,ناو,,,,HIGH,پۆل «پیشە» has no home among the deck's ten (see unmapped.csv) ; پۆل «ژانەر» has no home among the deck's ten (see unmapped.csv),d53e0d86-01bb-4950-863e-beb1e3d81ccf,shkoskur,,,,,
6764,14590,حونەر,جوانکاری,پیشە | ژانەر,ناو,ناو,,,,HIGH,پۆل «پیشە» has no home among the deck's ten (see unmapped.csv) ; پۆل «ژانەر» has no home among the deck's ten (see unmapped.csv),d53e0d86-01bb-4950-863e-beb1e3d81ccf,shkoskur,,,,,
6765,14591,حویل,سووری کەمڕەنگ,ڕەنگ,,,,,,LOW,word has no جۆری وشە at all ; پۆل «ڕەنگ» has no home among the deck's ten (see unmapped.csv),d53e0d86-01bb-4950-863e-beb1e3d81ccf,shkoskur,,,,,
6766,14592,حۆیلانێ,هەوایەکی گۆرانی جافایەتی,گۆرانی کوردی,ناو,ناو,,,,HIGH,پۆل «گۆرانی کوردی» has no home among the deck's ten (see unmapped.csv),d53e0d86-01bb-4950-863e-beb1e3d81ccf,shkoskur,,,,,
6767,14593,حۆیلانێ,هەوایەکی گۆرانی جافایەتی,گۆرانی کوردی,ناو,ناو,,,,HIGH,پۆل «گۆرانی کوردی» has no home among the deck's ten (see unmapped.csv),d53e0d86-01bb-4950-863e-beb1e3d81ccf,shkoskur,,,,,
6768,14594,حۆیلانێ,هەوایەکی گۆرانی جافایەتی,گۆرانی کوردی,ناو,ناو,,,,HIGH,پۆل «گۆرانی کوردی» has no home among the deck's ten (see unmapped.csv),d53e0d86-01bb-4950-863e-beb1e3d81ccf,shkoskur,,,,,
6769,14596,داخز,شوێنی لێژ,شوێن,ناو,ناو,ناو › شوێن,,,HIGH,,fbaa1310-1a57-4439-b4e4-2b6fb312b455,banazhamad,,,,,
6771,14597,داڕزیان,داڕزان,گۆڕانی دۆخ | باروودۆخ,چاوگ,چاوگ,,,,HIGH,پۆل «گۆڕانی دۆخ» has no home among the deck's ten (see unmapped.csv) ; پۆل «باروودۆخ» has no home among the deck's ten (see unmapped.csv),fbaa1310-1a57-4439-b4e4-2b6fb312b455,banazhamad,,,,,
6773,14598,زاتیک,جێژنێکی هەرمەنیانە,بۆنە,ناو,ناو,,ڕەگەز=مێ,,HIGH,پۆل «بۆنە» has no home among the deck's ten (see unmapped.csv),5f16fc33-8c0b-4cb7-85ab-cf91afdbbcd3,bilalhama,,,,,
6775,14599,زاج,کاکۆڵی منداڵ,ماددەی کیمیایی,,,,,,LOW,word has no جۆری وشە at all ; پۆل «ماددەی کیمیایی» has no home among the deck's ten (see unmapped.csv),5f16fc33-8c0b-4cb7-85ab-cf91afdbbcd3,bilalhama,,,,,
6778,14599,زاج,زاخ,ماددەی کیمیایی,,,,,,LOW,word has no جۆری وشە at all ; پۆل «ماددەی کیمیایی» has no home among the deck's ten (see unmapped.csv),5f16fc33-8c0b-4cb7-85ab-cf91afdbbcd3,bilalhama,,,,,
6779,14600,زاجلانەی,ژانی ژن لە منداڵ بوندا,بارودۆخی جەستەیی,ئاوەڵناو,هاوەڵناو,زانستیی پزیشکی › بارودۆخی جەستەیی,,,HIGH,,5f16fc33-8c0b-4cb7-85ab-cf91afdbbcd3,bilalhama,,,,,
6781,14601,زاجلانی,هەوەڵ ژانی ژن لە منداڵ بوندا,بارودۆخی جەستەیی,ئاوەڵناو,هاوەڵناو,زانستیی پزیشکی › بارودۆخی جەستەیی,,,HIGH,,5f16fc33-8c0b-4cb7-85ab-cf91afdbbcd3,bilalhama,,,,,
6783,14602,زاج و پەرچەم,کاکۆڵ و موی ناوچاوانی منداڵ,بارودۆخی جەستەیی,,,زانستیی پزیشکی › بارودۆخی جەستەیی,,,LOW,word has no جۆری وشە at all,5f16fc33-8c0b-4cb7-85ab-cf91afdbbcd3,bilalhama,,,,,
6785,14603,راچەفت,بریتیە لە کەم ئاوەزو تەگبیر نەزان,سیفەت,ئاوەڵناو,هاوەڵناو,,,,LOW,"پۆل «سیفەت» is really the part of speech «هاوەڵناو» — routed nowhere, needs a decision",79dd71fd-aaa5-4f5a-9211-101eeda2d0b8,taraakoy,,,,,
6787,14604,راچەناندن,لە پرترساندن,بارودۆخی جەستەیی,کار,کار,زانستیی پزیشکی › بارودۆخی جەستەیی,,,HIGH,,79dd71fd-aaa5-4f5a-9211-101eeda2d0b8,taraakoy,,,,,
6789,14605,راچەنین,لەرزینی کەم لە شتێکی لە پرو نەکاو,بارودۆخی جەستەیی,کار,کار,زانستیی پزیشکی › بارودۆخی جەستەیی,,,HIGH,,79dd71fd-aaa5-4f5a-9211-101eeda2d0b8,taraakoy,,,,,
6791,14606,راخران,داخران,ئەنجامدانی کارێک,کار,کار,,,,LOW,"پۆل «ئەنجامدانی کارێک» is really the part of speech «کار» — routed nowhere, needs a decision",79dd71fd-aaa5-4f5a-9211-101eeda2d0b8,taraakoy,,,,,
6792,14606,راخران,بان کرانەوەی رایەخ لەسەر زەوی,ئەنجامدانی کارێک,کار,کار,,,,LOW,"پۆل «ئەنجامدانی کارێک» is really the part of speech «کار» — routed nowhere, needs a decision",79dd71fd-aaa5-4f5a-9211-101eeda2d0b8,taraakoy,,,,,
6794,14607,راخراندن,راکێشان بە زەمیندا,ئەنجامدانی کارێک,کار,کار,,,,LOW,"پۆل «ئەنجامدانی کارێک» is really the part of speech «کار» — routed nowhere, needs a decision",79dd71fd-aaa5-4f5a-9211-101eeda2d0b8,taraakoy,,,,,
6796,14608,راخراو,رایەخی بەزەوی دا پان کراوە,باروودۆخ,ئاوەڵناو,هاوەڵناو,,,,HIGH,پۆل «باروودۆخ» has no home among the deck's ten (see unmapped.csv),79dd71fd-aaa5-4f5a-9211-101eeda2d0b8,taraakoy,,,,,
6797,14608,راخراو,بەڕێ کراوە,باروودۆخ,ئاوەڵناو,هاوەڵناو,,,,HIGH,پۆل «باروودۆخ» has no home among the deck's ten (see unmapped.csv),79dd71fd-aaa5-4f5a-9211-101eeda2d0b8,taraakoy,,,,,
6798,14608,راخراو,وەسەر رێگە خراو,باروودۆخ,ئاوەڵناو,هاوەڵناو,,,,HIGH,پۆل «باروودۆخ» has no home among the deck's ten (see unmapped.csv),79dd71fd-aaa5-4f5a-9211-101eeda2d0b8,taraakoy,,,,,
6801,14609,راخستن,راخران,ئەنجامدانی کارێک,,,,,,LOW,"word has no جۆری وشە at all ; پۆل «ئەنجامدانی کارێک» is really the part of speech «کار» — routed nowhere, needs a decision",79dd71fd-aaa5-4f5a-9211-101eeda2d0b8,taraakoy,,,,,
6802,14609,راخستن,پان کردنەوەی رایەخ,ئەنجامدانی کارێک,,,,,,LOW,"word has no جۆری وشە at all ; پۆل «ئەنجامدانی کارێک» is really the part of speech «کار» — routed nowhere, needs a decision",79dd71fd-aaa5-4f5a-9211-101eeda2d0b8,taraakoy,,,,,
6803,14609,راخستن,بەری کردن,ئەنجامدانی کارێک,,,,,,LOW,"word has no جۆری وشە at all ; پۆل «ئەنجامدانی کارێک» is really the part of speech «کار» — routed nowhere, needs a decision",79dd71fd-aaa5-4f5a-9211-101eeda2d0b8,taraakoy,,,,,
6804,14609,راخستن,بەڕێگەدا ناردن,ئەنجامدانی کارێک,,,,,,LOW,"word has no جۆری وشە at all ; پۆل «ئەنجامدانی کارێک» is really the part of speech «کار» — routed nowhere, needs a decision",79dd71fd-aaa5-4f5a-9211-101eeda2d0b8,taraakoy,,,,,
6808,14610,راخشین,خوشین,بارودۆخی جەستەیی,کار,کار,زانستیی پزیشکی › بارودۆخی جەستەیی,,,HIGH,,79dd71fd-aaa5-4f5a-9211-101eeda2d0b8,taraakoy,,,,,
6809,14610,راخشین,شێلەهان,بارودۆخی جەستەیی,کار,کار,زانستیی پزیشکی › بارودۆخی جەستەیی,,,HIGH,,79dd71fd-aaa5-4f5a-9211-101eeda2d0b8,taraakoy,,,,,
6810,14610,راخشین,بەخزین رۆشتنی مارو خەزۆکی تر,بارودۆخی جەستەیی,کار,کار,زانستیی پزیشکی › بارودۆخی جەستەیی,,,HIGH,,79dd71fd-aaa5-4f5a-9211-101eeda2d0b8,taraakoy,,,,,
6811,14610,راخشین,راکشانی ئەستێرە لە ئاسمان,بارودۆخی جەستەیی,کار,کار,زانستیی پزیشکی › بارودۆخی جەستەیی,,,HIGH,,79dd71fd-aaa5-4f5a-9211-101eeda2d0b8,taraakoy,,,,,
6814,14611,تۆقان,تەقینەوە,بارودۆخی جەستەیی | باروودۆخ,چاوگ,چاوگ,زانستیی پزیشکی › بارودۆخی جەستەیی,,,HIGH,پۆل «باروودۆخ» has no home among the deck's ten (see unmapped.csv),96560cf4-030d-4268-baea-87bb57cdf631,somaali,,,,,
6815,14611,تۆقان,لەترسان مردن,بارودۆخی جەستەیی | باروودۆخ,چاوگ,چاوگ,زانستیی پزیشکی › بارودۆخی جەستەیی,,,HIGH,پۆل «باروودۆخ» has no home among the deck's ten (see unmapped.csv),96560cf4-030d-4268-baea-87bb57cdf631,somaali,,,,,
6816,14611,تۆقان,کۆمەڵە ئاڵقە,بارودۆخی جەستەیی | باروودۆخ,چاوگ,چاوگ,زانستیی پزیشکی › بارودۆخی جەستەیی,,,HIGH,پۆل «باروودۆخ» has no home among the deck's ten (see unmapped.csv),96560cf4-030d-4268-baea-87bb57cdf631,somaali,,,,,
6820,14612,تۆقاندن,تەقاندن,ئەنجامدانی کارێک,چاوگ,چاوگ,,,,LOW,"پۆل «ئەنجامدانی کارێک» is really the part of speech «کار» — routed nowhere, needs a decision ; پۆل says «کار», جۆری وشە says «چاوگ» — they disagree",96560cf4-030d-4268-baea-87bb57cdf631,somaali,,,,,
6821,14612,تۆقاندن,ترەکاندن,ئەنجامدانی کارێک,چاوگ,چاوگ,,,,LOW,"پۆل «ئەنجامدانی کارێک» is really the part of speech «کار» — routed nowhere, needs a decision ; پۆل says «کار», جۆری وشە says «چاوگ» — they disagree",96560cf4-030d-4268-baea-87bb57cdf631,somaali,,,,,
6822,14612,تۆقاندن,ترساندن,ئەنجامدانی کارێک,چاوگ,چاوگ,,,,LOW,"پۆل «ئەنجامدانی کارێک» is really the part of speech «کار» — routed nowhere, needs a decision ; پۆل says «کار», جۆری وشە says «چاوگ» — they disagree",96560cf4-030d-4268-baea-87bb57cdf631,somaali,,,,,
6825,14613,تۆق تۆقە,فیشەکە شێتە,ئامراز | تام | یاری,ناو,ناو,کولتووری › ئامراز | کولتووری › یاری,,,HIGH,پۆل «تام» has no home among the deck's ten (see unmapped.csv),96560cf4-030d-4268-baea-87bb57cdf631,somaali,,,,,
6826,14613,تۆق تۆقە,ئەو تەقەمەنییەی کە مناڵ لە جەژنا بەکاری دێنن,ئامراز | تام | یاری,ناو,ناو,کولتووری › ئامراز | کولتووری › یاری,,,HIGH,پۆل «تام» has no home among the deck's ten (see unmapped.csv),96560cf4-030d-4268-baea-87bb57cdf631,somaali,,,,,
6828,14614,تۆق تۆقیلە,گیایەکە بەرەکەی ناو بەتاڵە، بەدەست دەیگوشن تەقەی دێ,ڕووەك | گژوگیا,ناو,ناو,ڕووەکناسی › ڕووەك,,,HIGH,پۆل «گژوگیا» has no home among the deck's ten (see unmapped.csv),96560cf4-030d-4268-baea-87bb57cdf631,somaali,,,,,
6830,14615,توق کردن,ماندووبوون و وەستانی منداڵ لە گریان,ئەنجامدانی کارێک,کار,کار,,,,LOW,"پۆل «ئەنجامدانی کارێک» is really the part of speech «کار» — routed nowhere, needs a decision",96560cf4-030d-4268-baea-87bb57cdf631,somaali,,,,,
6832,14616,تۆقلە,پۆرک,نەخۆشی,ناو,ناو,زانستیی پزیشکی › نەخۆشی,,,HIGH,,96560cf4-030d-4268-baea-87bb57cdf631,somaali,,,,,
6833,14616,تۆقلە,زیپکەی پڕ ئاو,نەخۆشی,ناو,ناو,زانستیی پزیشکی › نەخۆشی,,,HIGH,,96560cf4-030d-4268-baea-87bb57cdf631,somaali,,,,,
6835,14617,تۆقلە کردن,پۆرگ کردن,,کار,کار,,,,HIGH,,96560cf4-030d-4268-baea-87bb57cdf631,somaali,,,,,
6837,14618,تۆقە سەر,بڵندترین جێ,شوێن | سیفەت | ئەندامی جەستە,ناو | ئاوەڵناو,,ناو › شوێن | زانستیی پزیشکی › ئەندامی جەستە,,,LOW,"word carries several parts of speech (ناو / هاوەڵناو); a sense may only have one ; پۆل «سیفەت» is really the part of speech «هاوەڵناو» — routed nowhere, needs a decision",96560cf4-030d-4268-baea-87bb57cdf631,somaali,,,,,
6838,14618,تۆقە سەر,بەرزایی هەرە بەرز,شوێن | سیفەت | ئەندامی جەستە,ناو | ئاوەڵناو,,ناو › شوێن | زانستیی پزیشکی › ئەندامی جەستە,,,LOW,"word carries several parts of speech (ناو / هاوەڵناو); a sense may only have one ; پۆل «سیفەت» is really the part of speech «هاوەڵناو» — routed nowhere, needs a decision",96560cf4-030d-4268-baea-87bb57cdf631,somaali,,,,,
6839,14618,تۆقە سەر,تەپڵی سەر,شوێن | سیفەت | ئەندامی جەستە,ناو | ئاوەڵناو,,ناو › شوێن | زانستیی پزیشکی › ئەندامی جەستە,,,LOW,"word carries several parts of speech (ناو / هاوەڵناو); a sense may only have one ; پۆل «سیفەت» is really the part of speech «هاوەڵناو» — routed nowhere, needs a decision",96560cf4-030d-4268-baea-87bb57cdf631,somaali,,,,,
6842,14619,تۆقیان,لە ترسان مردن,بارودۆخی جەستەیی | باروودۆخ,چاوگ,چاوگ,زانستیی پزیشکی › بارودۆخی جەستەیی,,,HIGH,پۆل «باروودۆخ» has no home among the deck's ten (see unmapped.csv),96560cf4-030d-4268-baea-87bb57cdf631,somaali,,,,,
6844,14620,تۆقین,تۆقیان,بارودۆخی جەستەیی | باروودۆخ,چاوگ,چاوگ,زانستیی پزیشکی › بارودۆخی جەستەیی,,,HIGH,پۆل «باروودۆخ» has no home among the deck's ten (see unmapped.csv),96560cf4-030d-4268-baea-87bb57cdf631,somaali,,,,,
6845,14620,تۆقین,ترەکان,بارودۆخی جەستەیی | باروودۆخ,چاوگ,چاوگ,زانستیی پزیشکی › بارودۆخی جەستەیی,,,HIGH,پۆل «باروودۆخ» has no home among the deck's ten (see unmapped.csv),96560cf4-030d-4268-baea-87bb57cdf631,somaali,,,,,
6848,14621,تووک,کوڵکە,سیفەت | ئاژەڵ,ناو | ئاوەڵناو,,زیندەوەرزانی › ئاژەڵ,,,LOW,"word carries several parts of speech (ناو / هاوەڵناو); a sense may only have one ; پۆل «سیفەت» is really the part of speech «هاوەڵناو» — routed nowhere, needs a decision",96560cf4-030d-4268-baea-87bb57cdf631,somaali,,,,,
6849,14621,تووک,موو,سیفەت | ئاژەڵ,ناو | ئاوەڵناو,,زیندەوەرزانی › ئاژەڵ,,,LOW,"word carries several parts of speech (ناو / هاوەڵناو); a sense may only have one ; پۆل «سیفەت» is really the part of speech «هاوەڵناو» — routed nowhere, needs a decision",96560cf4-030d-4268-baea-87bb57cdf631,somaali,,,,,
6850,14621,تووک,وردەپەڕی مەل,سیفەت | ئاژەڵ,ناو | ئاوەڵناو,,زیندەوەرزانی › ئاژەڵ,,,LOW,"word carries several parts of speech (ناو / هاوەڵناو); a sense may only have one ; پۆل «سیفەت» is really the part of speech «هاوەڵناو» — routed nowhere, needs a decision",96560cf4-030d-4268-baea-87bb57cdf631,somaali,,,,,
6851,14621,تووک,ئاکار,سیفەت | ئاژەڵ,ناو | ئاوەڵناو,,زیندەوەرزانی › ئاژەڵ,,,LOW,"word carries several parts of speech (ناو / هاوەڵناو); a sense may only have one ; پۆل «سیفەت» is really the part of speech «هاوەڵناو» — routed nowhere, needs a decision",96560cf4-030d-4268-baea-87bb57cdf631,somaali,,,,,
6852,14621,تووک,ئەخلاق و ڕەوشت,سیفەت | ئاژەڵ,ناو | ئاوەڵناو,,زیندەوەرزانی › ئاژەڵ,,,LOW,"word carries several parts of speech (ناو / هاوەڵناو); a sense may only have one ; پۆل «سیفەت» is really the part of speech «هاوەڵناو» — routed nowhere, needs a decision",96560cf4-030d-4268-baea-87bb57cdf631,somaali,,,,,
6853,14621,تووک,شادی بە دەماغی,سیفەت | ئاژەڵ,ناو | ئاوەڵناو,,زیندەوەرزانی › ئاژەڵ,,,LOW,"word carries several parts of speech (ناو / هاوەڵناو); a sense may only have one ; پۆل «سیفەت» is really the part of speech «هاوەڵناو» — routed nowhere, needs a decision",96560cf4-030d-4268-baea-87bb57cdf631,somaali,,,,,
6854,14621,تووک,دوعای شەڕ,سیفەت | ئاژەڵ,ناو | ئاوەڵناو,,زیندەوەرزانی › ئاژەڵ,,,LOW,"word carries several parts of speech (ناو / هاوەڵناو); a sense may only have one ; پۆل «سیفەت» is really the part of speech «هاوەڵناو» — routed nowhere, needs a decision",96560cf4-030d-4268-baea-87bb57cdf631,somaali,,,,,
6855,14621,تووک,نزای خراپ,سیفەت | ئاژەڵ,ناو | ئاوەڵناو,,زیندەوەرزانی › ئاژەڵ,,,LOW,"word carries several parts of speech (ناو / هاوەڵناو); a sense may only have one ; پۆل «سیفەت» is really the part of speech «هاوەڵناو» — routed nowhere, needs a decision",96560cf4-030d-4268-baea-87bb57cdf631,somaali,,,,,
6856,14621,تووک,نووک,سیفەت | ئاژەڵ,ناو | ئاوەڵناو,,زیندەوەرزانی › ئاژەڵ,,,LOW,"word carries several parts of speech (ناو / هاوەڵناو); a sense may only have one ; پۆل «سیفەت» is really the part of speech «هاوەڵناو» — routed nowhere, needs a decision",96560cf4-030d-4268-baea-87bb57cdf631,somaali,,,,,
6857,14621,تووک,سەری باریکی شیش و دەرزی,سیفەت | ئاژەڵ,ناو | ئاوەڵناو,,زیندەوەرزانی › ئاژەڵ,,,LOW,"word carries several parts of speech (ناو / هاوەڵناو); a sense may only have one ; پۆل «سیفەت» is really the part of speech «هاوەڵناو» — routed nowhere, needs a decision",96560cf4-030d-4268-baea-87bb57cdf631,somaali,,,,,
6858,14621,تووک,باڵدارێکی شەوبێدارە,سیفەت | ئاژەڵ,ناو | ئاوەڵناو,,زیندەوەرزانی › ئاژەڵ,,,LOW,"word carries several parts of speech (ناو / هاوەڵناو); a sense may only have one ; پۆل «سیفەت» is really the part of speech «هاوەڵناو» — routed nowhere, needs a decision",96560cf4-030d-4268-baea-87bb57cdf631,somaali,,,,,
6859,14621,تووک,کەم,سیفەت | ئاژەڵ,ناو | ئاوەڵناو,,زیندەوەرزانی › ئاژەڵ,,,LOW,"word carries several parts of speech (ناو / هاوەڵناو); a sense may only have one ; پۆل «سیفەت» is really the part of speech «هاوەڵناو» — routed nowhere, needs a decision",96560cf4-030d-4268-baea-87bb57cdf631,somaali,,,,,
6860,14621,تووک,بەدەگمەن: (تاک و تووک پەیدا دەبێ),سیفەت | ئاژەڵ,ناو | ئاوەڵناو,,زیندەوەرزانی › ئاژەڵ,,,LOW,"word carries several parts of speech (ناو / هاوەڵناو); a sense may only have one ; پۆل «سیفەت» is really the part of speech «هاوەڵناو» — routed nowhere, needs a decision",96560cf4-030d-4268-baea-87bb57cdf631,somaali,,,,,
6871,14622,تۆک,توێکڵی دار,کەرەستە | درەخت,ناو,ناو,کولتووری › کەرەستە,,,HIGH,پۆل «درەخت» has no home among the deck's ten (see unmapped.csv),96560cf4-030d-4268-baea-87bb57cdf631,somaali,,,,,
6873,14623,تووکانن,هێلکە بە دندوک شکاندن,ئەنجامدانی کارێک,چاوگ,چاوگ,,,,LOW,"پۆل «ئەنجامدانی کارێک» is really the part of speech «کار» — routed nowhere, needs a decision ; پۆل says «کار», جۆری وشە says «چاوگ» — they disagree",96560cf4-030d-4268-baea-87bb57cdf631,somaali,,,,,
6874,14623,تووکانن,تروکانن,ئەنجامدانی کارێک,چاوگ,چاوگ,,,,LOW,"پۆل «ئەنجامدانی کارێک» is really the part of speech «کار» — routed nowhere, needs a decision ; پۆل says «کار», جۆری وشە says «چاوگ» — they disagree",96560cf4-030d-4268-baea-87bb57cdf631,somaali,,,,,
6875,14623,تووکانن,ئەزموونی هێلکە بە ددان,ئەنجامدانی کارێک,چاوگ,چاوگ,,,,LOW,"پۆل «ئەنجامدانی کارێک» is really the part of speech «کار» — routed nowhere, needs a decision ; پۆل says «کار», جۆری وشە says «چاوگ» — they disagree",96560cf4-030d-4268-baea-87bb57cdf631,somaali,,,,,
6878,14624,تووک روونی,برێتی لە کەیفسازی و خۆش ڕابواردن,هەست | باروودۆخ,ناو,ناو,,,,HIGH,پۆل «هەست» has no home among the deck's ten (see unmapped.csv) ; پۆل «باروودۆخ» has no home among the deck's ten (see unmapped.csv),96560cf4-030d-4268-baea-87bb57cdf631,somaali,,,,,
6880,14625,توکنکردن,وردەپەڕ لێهاتنی جوجەڵە,ئەنجامدانی کارێک,کار,کار,,,,LOW,"پۆل «ئەنجامدانی کارێک» is really the part of speech «کار» — routed nowhere, needs a decision",96560cf4-030d-4268-baea-87bb57cdf631,somaali,,,,,
6881,14625,توکنکردن,دوعای خراپ کردن,ئەنجامدانی کارێک,کار,کار,,,,LOW,"پۆل «ئەنجامدانی کارێک» is really the part of speech «کار» — routed nowhere, needs a decision",96560cf4-030d-4268-baea-87bb57cdf631,somaali,,,,,
6884,14626,تۆکڵ,تۆفڵ,ئامراز,ناو,ناو,کولتووری › ئامراز,,,HIGH,,96560cf4-030d-4268-baea-87bb57cdf631,somaali,,,,,
6885,14626,تۆکڵ,توێکڵ,ئامراز,ناو,ناو,کولتووری › ئامراز,,,HIGH,,96560cf4-030d-4268-baea-87bb57cdf631,somaali,,,,,
6886,14626,تۆکڵ,تێکوڵ,ئامراز,ناو,ناو,کولتووری › ئامراز,,,HIGH,,96560cf4-030d-4268-baea-87bb57cdf631,somaali,,,,,
6889,14627,تۆکمە,پیاوی تێک سمڕاوی پتەو,کەس | سیفەت,ناو | ئاوەڵناو,,ناو › کەس,,,LOW,"word carries several parts of speech (ناو / هاوەڵناو); a sense may only have one ; پۆل «سیفەت» is really the part of speech «هاوەڵناو» — routed nowhere, needs a decision",96560cf4-030d-4268-baea-87bb57cdf631,somaali,,,,,
6890,14627,تۆکمە,هەر شتێ ناو پڕ و قایم بێ,کەس | سیفەت,ناو | ئاوەڵناو,,ناو › کەس,,,LOW,"word carries several parts of speech (ناو / هاوەڵناو); a sense may only have one ; پۆل «سیفەت» is really the part of speech «هاوەڵناو» — routed nowhere, needs a decision",96560cf4-030d-4268-baea-87bb57cdf631,somaali,,,,,
6893,14628,تۆکمەچی,شیرگەر,کەس,ناو,ناو,ناو › کەس,,,HIGH,,96560cf4-030d-4268-baea-87bb57cdf631,somaali,,,,,
6894,14628,تۆکمەچی,وەستای چەکسازی,کەس,ناو,ناو,ناو › کەس,,,HIGH,,96560cf4-030d-4268-baea-87bb57cdf631,somaali,,,,,
6896,14629,تووکن,زۆر بە موو,کەس | سیفەت,ناو | ئاوەڵناو,,ناو › کەس,,,LOW,"word carries several parts of speech (ناو / هاوەڵناو); a sense may only have one ; پۆل «سیفەت» is really the part of speech «هاوەڵناو» — routed nowhere, needs a decision",96560cf4-030d-4268-baea-87bb57cdf631,somaali,,,,,
6897,14629,تووکن,زۆر بە تووک,کەس | سیفەت,ناو | ئاوەڵناو,,ناو › کەس,,,LOW,"word carries several parts of speech (ناو / هاوەڵناو); a sense may only have one ; پۆل «سیفەت» is really the part of speech «هاوەڵناو» — routed nowhere, needs a decision",96560cf4-030d-4268-baea-87bb57cdf631,somaali,,,,,
6898,14629,تووکن,کوڵکن,کەس | سیفەت,ناو | ئاوەڵناو,,ناو › کەس,,,LOW,"word carries several parts of speech (ناو / هاوەڵناو); a sense may only have one ; پۆل «سیفەت» is really the part of speech «هاوەڵناو» — routed nowhere, needs a decision",96560cf4-030d-4268-baea-87bb57cdf631,somaali,,,,,
6899,14629,تووکن,بە کوڵکە,کەس | سیفەت,ناو | ئاوەڵناو,,ناو › کەس,,,LOW,"word carries several parts of speech (ناو / هاوەڵناو); a sense may only have one ; پۆل «سیفەت» is really the part of speech «هاوەڵناو» — routed nowhere, needs a decision",96560cf4-030d-4268-baea-87bb57cdf631,somaali,,,,,
6902,14630,یاخون,مەلای شیحەی,کەس,ناو,ناو,ناو › کەس,ڕەگەز=نێر,,HIGH,,d641c5d5-6362-478e-b261-1d3ba03b0e00,sirwan,,,,,
6903,14631,یاخە,هێسیر,جلوبەرگ,ناو,ناو,,ڕەگەز=مێ,,HIGH,پۆل «جلوبەرگ» has no home among the deck's ten (see unmapped.csv),d641c5d5-6362-478e-b261-1d3ba03b0e00,sirwan,,,,,
6904,14631,یاخە,بەرو,جلوبەرگ,ناو,ناو,,ڕەگەز=مێ,,HIGH,پۆل «جلوبەرگ» has no home among the deck's ten (see unmapped.csv),d641c5d5-6362-478e-b261-1d3ba03b0e00,sirwan,,,,,
6905,14632,یاخەر,باران,دۆخی کەشوھەوا,ناو,ناو,,ڕەگەز=مێ,,HIGH,پۆل «دۆخی کەشوھەوا» has no home among the deck's ten (see unmapped.csv),d641c5d5-6362-478e-b261-1d3ba03b0e00,sirwan,,,,,
6906,14633,یاخی,سەربزێو,سیفەت,ئاوەڵناو,هاوەڵناو,,ڕەگەز=دوولایەن,,LOW,"پۆل «سیفەت» is really the part of speech «هاوەڵناو» — routed nowhere, needs a decision",d641c5d5-6362-478e-b261-1d3ba03b0e00,sirwan,,,,,
6907,14633,یاخی,شەقی,سیفەت,ئاوەڵناو,هاوەڵناو,,ڕەگەز=دوولایەن,,LOW,"پۆل «سیفەت» is really the part of speech «هاوەڵناو» — routed nowhere, needs a decision",d641c5d5-6362-478e-b261-1d3ba03b0e00,sirwan,,,,,
6908,14633,یاخی,چییای هەڵەموت,سیفەت,ئاوەڵناو,هاوەڵناو,,ڕەگەز=دوولایەن,,LOW,"پۆل «سیفەت» is really the part of speech «هاوەڵناو» — routed nowhere, needs a decision",d641c5d5-6362-478e-b261-1d3ba03b0e00,sirwan,,,,,
6909,14633,یاخی,چەمی بێ بوار,سیفەت,ئاوەڵناو,هاوەڵناو,,ڕەگەز=دوولایەن,,LOW,"پۆل «سیفەت» is really the part of speech «هاوەڵناو» — routed nowhere, needs a decision",d641c5d5-6362-478e-b261-1d3ba03b0e00,sirwan,,,,,
6910,14633,یاخی,مانگ گرتو,سیفەت,ئاوەڵناو,هاوەڵناو,,ڕەگەز=دوولایەن,,LOW,"پۆل «سیفەت» is really the part of speech «هاوەڵناو» — routed nowhere, needs a decision",d641c5d5-6362-478e-b261-1d3ba03b0e00,sirwan,,,,,
6915,14634,حەب,گزمولە حەب,دەرمان,ناو,ناو,,,,HIGH,پۆل «دەرمان» has no home among the deck's ten (see unmapped.csv),d53e0d86-01bb-4950-863e-beb1e3d81ccf,shkoskur,,,,,
6916,14635,حەباندن,خۆشویستن,سیفەت,,,,,,LOW,"word has no جۆری وشە at all ; پۆل «سیفەت» is really the part of speech «هاوەڵناو» — routed nowhere, needs a decision",d53e0d86-01bb-4950-863e-beb1e3d81ccf,shkoskur,,,,,
6917,14635,حەباندن,دڵلەسەربوون,سیفەت,,,,,,LOW,"word has no جۆری وشە at all ; پۆل «سیفەت» is really the part of speech «هاوەڵناو» — routed nowhere, needs a decision",d53e0d86-01bb-4950-863e-beb1e3d81ccf,shkoskur,,,,,
6918,14636,حەبی,پەمۆی بەهەلاجکراو,کەرەستە,ناو,ناو,کولتووری › کەرەستە,,,HIGH,,d53e0d86-01bb-4950-863e-beb1e3d81ccf,shkoskur,,,,,
6919,14637,حەبیشاندن,خواردن بە هەڵپە و لەز,ئەنجامدانی کارێک,,,,,,LOW,"word has no جۆری وشە at all ; پۆل «ئەنجامدانی کارێک» is really the part of speech «کار» — routed nowhere, needs a decision",d53e0d86-01bb-4950-863e-beb1e3d81ccf,shkoskur,,,,,
6920,14638,حەپ,وەڕە وەڕ,دەنگی ئاژەڵ,ئاوەڵناو,هاوەڵناو,,,,HIGH,پۆل «دەنگی ئاژەڵ» has no home among the deck's ten (see unmapped.csv),d53e0d86-01bb-4950-863e-beb1e3d81ccf,shkoskur,,,,,
6921,14638,حەپ,"کاتێک سەگ دەوەڕێت، پێی دەڵێن "" سەگەکە دە حەپێنێت١""",دەنگی ئاژەڵ,ئاوەڵناو,هاوەڵناو,,,,HIGH,پۆل «دەنگی ئاژەڵ» has no home among the deck's ten (see unmapped.csv),d53e0d86-01bb-4950-863e-beb1e3d81ccf,shkoskur,,,,,
6922,14639,حەپارە,بژار,ئەنجامدانی کارێک,ئاوەڵناو,هاوەڵناو,,,,LOW,"پۆل «ئەنجامدانی کارێک» is really the part of speech «کار» — routed nowhere, needs a decision ; پۆل says «کار», جۆری وشە says «هاوەڵناو» — they disagree",d53e0d86-01bb-4950-863e-beb1e3d81ccf,shkoskur,,,,,
6923,14640,حەپاندن,وەڕینی سەگ,دەنگی ئاژەڵ,ئاوەڵناو,هاوەڵناو,,,,HIGH,پۆل «دەنگی ئاژەڵ» has no home among the deck's ten (see unmapped.csv),d53e0d86-01bb-4950-863e-beb1e3d81ccf,shkoskur,,,,,
6924,14641,حەپس,گیراو,بارودۆخی جەستەیی,ناو,ناو,زانستیی پزیشکی › بارودۆخی جەستەیی,,,HIGH,,d53e0d86-01bb-4950-863e-beb1e3d81ccf,shkoskur,,,,,
6925,14641,حەپس,زیندانی,بارودۆخی جەستەیی,ناو,ناو,زانستیی پزیشکی › بارودۆخی جەستەیی,,,HIGH,,d53e0d86-01bb-4950-863e-beb1e3d81ccf,shkoskur,,,,,
6926,14641,حەپس,بەند,بارودۆخی جەستەیی,ناو,ناو,زانستیی پزیشکی › بارودۆخی جەستەیی,,,HIGH,,d53e0d86-01bb-4950-863e-beb1e3d81ccf,shkoskur,,,,,
6927,14642,زاخ,کول,ماددەی کیمیایی,ناو,ناو,,ڕەگەز=مێ,,HIGH,پۆل «ماددەی کیمیایی» has no home among the deck's ten (see unmapped.csv),5f16fc33-8c0b-4cb7-85ab-cf91afdbbcd3,bilalhama,,,,,
6928,14642,زاخ,کویل,ماددەی کیمیایی,ناو,ناو,,ڕەگەز=مێ,,HIGH,پۆل «ماددەی کیمیایی» has no home among the deck's ten (see unmapped.csv),5f16fc33-8c0b-4cb7-85ab-cf91afdbbcd3,bilalhama,,,,,
6929,14642,زاخ,ئاغەڵی ناو کێو,ماددەی کیمیایی,ناو,ناو,,ڕەگەز=مێ,,HIGH,پۆل «ماددەی کیمیایی» has no home among the deck's ten (see unmapped.csv),5f16fc33-8c0b-4cb7-85ab-cf91afdbbcd3,bilalhama,,,,,
6930,14642,زاخ,شەب,ماددەی کیمیایی,ناو,ناو,,ڕەگەز=مێ,,HIGH,پۆل «ماددەی کیمیایی» has no home among the deck's ten (see unmapped.csv),5f16fc33-8c0b-4cb7-85ab-cf91afdbbcd3,bilalhama,,,,,
6931,14642,زاخ,زاج,ماددەی کیمیایی,ناو,ناو,,ڕەگەز=مێ,,HIGH,پۆل «ماددەی کیمیایی» has no home among the deck's ten (see unmapped.csv),5f16fc33-8c0b-4cb7-85ab-cf91afdbbcd3,bilalhama,,,,,
6932,14642,زاخ,گاشەبەرد,ماددەی کیمیایی,ناو,ناو,,ڕەگەز=مێ,,HIGH,پۆل «ماددەی کیمیایی» has no home among the deck's ten (see unmapped.csv),5f16fc33-8c0b-4cb7-85ab-cf91afdbbcd3,bilalhama,,,,,
6933,14642,زاخ,دنە,ماددەی کیمیایی,ناو,ناو,,ڕەگەز=مێ,,HIGH,پۆل «ماددەی کیمیایی» has no home among the deck's ten (see unmapped.csv),5f16fc33-8c0b-4cb7-85ab-cf91afdbbcd3,bilalhama,,,,,
6934,14642,زاخ,هانە,ماددەی کیمیایی,ناو,ناو,,ڕەگەز=مێ,,HIGH,پۆل «ماددەی کیمیایی» has no home among the deck's ten (see unmapped.csv),5f16fc33-8c0b-4cb7-85ab-cf91afdbbcd3,bilalhama,,,,,
6935,14642,زاخ,خەت,ماددەی کیمیایی,ناو,ناو,,ڕەگەز=مێ,,HIGH,پۆل «ماددەی کیمیایی» has no home among the deck's ten (see unmapped.csv),5f16fc33-8c0b-4cb7-85ab-cf91afdbbcd3,bilalhama,,,,,
6936,14642,زاخ,هێڵ,ماددەی کیمیایی,ناو,ناو,,ڕەگەز=مێ,,HIGH,پۆل «ماددەی کیمیایی» has no home among the deck's ten (see unmapped.csv),5f16fc33-8c0b-4cb7-85ab-cf91afdbbcd3,bilalhama,,,,,
6944,14643,زاخان,بەردەڵانی زۆر چەتون,شوێن,ناو,ناو,ناو › شوێن,,,HIGH,,5f16fc33-8c0b-4cb7-85ab-cf91afdbbcd3,bilalhama,,,,,
6946,14644,زاخاو,تاواوی زاخ کە بۆ قایمکردنەوەی شتی لەق بەکار دەهێندرێت,ماددەی کیمیایی,ناو,ناو,,,,HIGH,پۆل «ماددەی کیمیایی» has no home among the deck's ten (see unmapped.csv),5f16fc33-8c0b-4cb7-85ab-cf91afdbbcd3,bilalhama,,,,,
6948,14645,زاخاودان,قایمکردن بە زاخ,ئەنجامدانی کارێک,ناو,ناو,,,,LOW,"پۆل «ئەنجامدانی کارێک» is really the part of speech «کار» — routed nowhere, needs a decision ; پۆل says «کار», جۆری وشە says «ناو» — they disagree",5f16fc33-8c0b-4cb7-85ab-cf91afdbbcd3,bilalhama,,,,,
6949,14645,زاخاودان,تەخت کردنی کەیف (زاخاوی مێشکم دا),ئەنجامدانی کارێک,ناو,ناو,,,,LOW,"پۆل «ئەنجامدانی کارێک» is really the part of speech «کار» — routed nowhere, needs a decision ; پۆل says «کار», جۆری وشە says «ناو» — they disagree",5f16fc33-8c0b-4cb7-85ab-cf91afdbbcd3,bilalhama,,,,,
6952,14646,زاخاودانەوە,زاخاودان,ئەنجامدانی کارێک,کار,کار,,,,LOW,"پۆل «ئەنجامدانی کارێک» is really the part of speech «کار» — routed nowhere, needs a decision",5f16fc33-8c0b-4cb7-85ab-cf91afdbbcd3,bilalhama,,,,,
6954,14647,دارچینی,دارچین,کەرەستە,ناو,ناو,کولتووری › کەرەستە,,,HIGH,,fbaa1310-1a57-4439-b4e4-2b6fb312b455,banazhamad,,,,,
6956,14648,دارچک,دەوەن,گژوگیا,ناو,ناو,,,,HIGH,پۆل «گژوگیا» has no home among the deck's ten (see unmapped.csv),fbaa1310-1a57-4439-b4e4-2b6fb312b455,banazhamad,,,,,
6957,14648,دارچک,چڵو,گژوگیا,ناو,ناو,,,,HIGH,پۆل «گژوگیا» has no home among the deck's ten (see unmapped.csv),fbaa1310-1a57-4439-b4e4-2b6fb312b455,banazhamad,,,,,
6959,14649,دارجگەرە,دارجغارە,کەرەستە,ناو,ناو,کولتووری › کەرەستە,,,HIGH,,fbaa1310-1a57-4439-b4e4-2b6fb312b455,banazhamad,,,,,
6961,14650,دارجغارە,باسک,کەرەستە,ناو,ناو,کولتووری › کەرەستە,,,HIGH,,fbaa1310-1a57-4439-b4e4-2b6fb312b455,banazhamad,,,,,
6962,14650,دارجغارە,مۆدئە,کەرەستە,ناو,ناو,کولتووری › کەرەستە,,,HIGH,,fbaa1310-1a57-4439-b4e4-2b6fb312b455,banazhamad,,,,,
6963,14650,دارجغارە,دەمئە,کەرەستە,ناو,ناو,کولتووری › کەرەستە,,,HIGH,,fbaa1310-1a57-4439-b4e4-2b6fb312b455,banazhamad,,,,,
6965,14651,دارتەل,داری بەرز کە تەلەفۆنی بەسەردا رایەڵ کراوە.,کەرەستە,ناو,ناو,کولتووری › کەرەستە,,,HIGH,,fbaa1310-1a57-4439-b4e4-2b6fb312b455,banazhamad,,,,,
6967,14652,دارتەون,چوارچێوەی تەونگەری,کەرەستە,ناو,ناو,کولتووری › کەرەستە,,,HIGH,,fbaa1310-1a57-4439-b4e4-2b6fb312b455,banazhamad,,,,,
6968,14652,دارتەون,دارتەڤن,کەرەستە,ناو,ناو,کولتووری › کەرەستە,,,HIGH,,fbaa1310-1a57-4439-b4e4-2b6fb312b455,banazhamad,,,,,
6970,14653,دارتێل,دارتەل,کەرەستە,ناو,ناو,کولتووری › کەرەستە,,,HIGH,,fbaa1310-1a57-4439-b4e4-2b6fb312b455,banazhamad,,,,,
6972,14654,دارتەقێنە,دارکوتکە,کەرەستە,ناو,ناو,کولتووری › کەرەستە,,,HIGH,,fbaa1310-1a57-4439-b4e4-2b6fb312b455,banazhamad,,,,,
6974,14655,دارتەڤن,دەزگای تەونگەران,کەرەستە,ناو,ناو,کولتووری › کەرەستە,,,HIGH,,fbaa1310-1a57-4439-b4e4-2b6fb312b455,banazhamad,,,,,
6975,14655,دارتەڤن,چوارچێوەی قاڵی چنین,کەرەستە,ناو,ناو,کولتووری › کەرەستە,,,HIGH,,fbaa1310-1a57-4439-b4e4-2b6fb312b455,banazhamad,,,,,
6977,14656,داربەنک,دارەبەن,درەخت,ناو,ناو,,,,HIGH,پۆل «درەخت» has no home among the deck's ten (see unmapped.csv),fbaa1310-1a57-4439-b4e4-2b6fb312b455,banazhamad,,,,,
6978,14656,داربەنک,دارکەسکان,درەخت,ناو,ناو,,,,HIGH,پۆل «درەخت» has no home among the deck's ten (see unmapped.csv),fbaa1310-1a57-4439-b4e4-2b6fb312b455,banazhamad,,,,,
6980,14657,یاخیان,ئەوگوندانەی کوردستان کە بەعس وێران کرد,شوێن,ناو,ناو,ناو › شوێن,ڕەگەز=مێ,,HIGH,,d641c5d5-6362-478e-b261-1d3ba03b0e00,sirwan,,,,,
6981,14658,یاخیبون,ئەشقی بون,سیفەت,ناو,ناو,,ڕەگەز=مێ,,LOW,"پۆل «سیفەت» is really the part of speech «هاوەڵناو» — routed nowhere, needs a decision ; پۆل says «هاوەڵناو», جۆری وشە says «ناو» — they disagree",d641c5d5-6362-478e-b261-1d3ba03b0e00,sirwan,,,,,
6982,14659,یاخی گەری,سەرکێشی,دەروون ناسی,ناو,ناو,,ڕەگەز=مێ,,HIGH,پۆل «دەروون ناسی» has no home among the deck's ten (see unmapped.csv),d641c5d5-6362-478e-b261-1d3ba03b0e00,sirwan,,,,,
6983,14659,یاخی گەری,سەربزێوی,دەروون ناسی,ناو,ناو,,ڕەگەز=مێ,,HIGH,پۆل «دەروون ناسی» has no home among the deck's ten (see unmapped.csv),d641c5d5-6362-478e-b261-1d3ba03b0e00,sirwan,,,,,
6985,14660,راخورین,هەرەشەکردن,باروودۆخ,کار,کار,,,,HIGH,پۆل «باروودۆخ» has no home among the deck's ten (see unmapped.csv),79dd71fd-aaa5-4f5a-9211-101eeda2d0b8,taraakoy,,,,,
6986,14660,راخورین,هانەدانی یارە بۆ خۆش رۆیشتن,باروودۆخ,کار,کار,,,,HIGH,پۆل «باروودۆخ» has no home among the deck's ten (see unmapped.csv),79dd71fd-aaa5-4f5a-9211-101eeda2d0b8,taraakoy,,,,,
6989,14661,راخوستن,پەنابردن,باروودۆخ,,,,,,LOW,word has no جۆری وشە at all ; پۆل «باروودۆخ» has no home among the deck's ten (see unmapped.csv),79dd71fd-aaa5-4f5a-9211-101eeda2d0b8,taraakoy,,,,,
6990,14661,راخوستن,چونەژێر داڵدەی,باروودۆخ,,,,,,LOW,word has no جۆری وشە at all ; پۆل «باروودۆخ» has no home among the deck's ten (see unmapped.csv),79dd71fd-aaa5-4f5a-9211-101eeda2d0b8,taraakoy,,,,,
6993,14662,راخوشین,راخشین,چەمک,,,,,,LOW,word has no جۆری وشە at all ; پۆل «چەمک» has no home among the deck's ten (see unmapped.csv),79dd71fd-aaa5-4f5a-9211-101eeda2d0b8,taraakoy,,,,,
6995,14663,راخە,لە زەویدا پانی بکەوە,ئەنجامدانی کارێک,,,,,,LOW,"word has no جۆری وشە at all ; پۆل «ئەنجامدانی کارێک» is really the part of speech «کار» — routed nowhere, needs a decision",79dd71fd-aaa5-4f5a-9211-101eeda2d0b8,taraakoy,,,,,
6998,14664,راخەر,رایەخ,کەرەستە,,,کولتووری › کەرەستە,,,LOW,word has no جۆری وشە at all,79dd71fd-aaa5-4f5a-9211-101eeda2d0b8,taraakoy,,,,,
6999,14664,راخەر,بەرەو حەسیرو هەرچی لەسەر زەوی پان دەکرێتەوە,کەرەستە,,,کولتووری › کەرەستە,,,LOW,word has no جۆری وشە at all,79dd71fd-aaa5-4f5a-9211-101eeda2d0b8,taraakoy,,,,,
7000,14664,راخەر,کەسێ ژێر ئەنداز پان دەکاتەوە,کەرەستە,,,کولتووری › کەرەستە,,,LOW,word has no جۆری وشە at all,79dd71fd-aaa5-4f5a-9211-101eeda2d0b8,taraakoy,,,,,
7003,14665,راد,پەری تیری کەوان,کەرەستە,ناو,ناو,کولتووری › کەرەستە,,,HIGH,,79dd71fd-aaa5-4f5a-9211-101eeda2d0b8,taraakoy,,,,,
7004,14665,راد,چوکلەی لای تیری خواروی تیر,کەرەستە,ناو,ناو,کولتووری › کەرەستە,,,HIGH,,79dd71fd-aaa5-4f5a-9211-101eeda2d0b8,taraakoy,,,,,
7007,14666,رادار,رابر,سیفەت,ئاوەڵناو,هاوەڵناو,,,,LOW,"پۆل «سیفەت» is really the part of speech «هاوەڵناو» — routed nowhere, needs a decision",79dd71fd-aaa5-4f5a-9211-101eeda2d0b8,taraakoy,,,,,
7008,14666,رادار,رێوان,سیفەت,ئاوەڵناو,هاوەڵناو,,,,LOW,"پۆل «سیفەت» is really the part of speech «هاوەڵناو» — routed nowhere, needs a decision",79dd71fd-aaa5-4f5a-9211-101eeda2d0b8,taraakoy,,,,,
7009,14666,رادار,ئاگاری رێگە,سیفەت,ئاوەڵناو,هاوەڵناو,,,,LOW,"پۆل «سیفەت» is really the part of speech «هاوەڵناو» — routed nowhere, needs a decision",79dd71fd-aaa5-4f5a-9211-101eeda2d0b8,taraakoy,,,,,
7010,14666,رادار,پیتاک وەرگر,سیفەت,ئاوەڵناو,هاوەڵناو,,,,LOW,"پۆل «سیفەت» is really the part of speech «هاوەڵناو» — routed nowhere, needs a decision",79dd71fd-aaa5-4f5a-9211-101eeda2d0b8,taraakoy,,,,,
7011,14666,رادار,باجگر,سیفەت,ئاوەڵناو,هاوەڵناو,,,,LOW,"پۆل «سیفەت» is really the part of speech «هاوەڵناو» — routed nowhere, needs a decision",79dd71fd-aaa5-4f5a-9211-101eeda2d0b8,taraakoy,,,,,
7015,14667,رادارانە,پیتاکی سەرەری,ماددە,ناو,ناو,,,,HIGH,پۆل «ماددە» has no home among the deck's ten (see unmapped.csv),79dd71fd-aaa5-4f5a-9211-101eeda2d0b8,taraakoy,,,,,
7016,14667,رادارانە,باجێ کەلەڕێگە دەدرێ,ماددە,ناو,ناو,,,,HIGH,پۆل «ماددە» has no home among the deck's ten (see unmapped.csv),79dd71fd-aaa5-4f5a-9211-101eeda2d0b8,taraakoy,,,,,
7018,14668,رادارخانە,جێگەی باج ساندن لەسەررێگە,شوێن,ناو,ناو,ناو › شوێن,,,HIGH,,79dd71fd-aaa5-4f5a-9211-101eeda2d0b8,taraakoy,,,,,
7020,14669,راداری,باجگری,,ناو,ناو,,,,HIGH,,79dd71fd-aaa5-4f5a-9211-101eeda2d0b8,taraakoy,,,,,
7022,14670,راداشتن,ریاندنی منداڵ لەسەر دەستان,ئەنجامدانی کارێک,کار,کار,,,,LOW,"پۆل «ئەنجامدانی کارێک» is really the part of speech «کار» — routed nowhere, needs a decision",79dd71fd-aaa5-4f5a-9211-101eeda2d0b8,taraakoy,,,,,
7024,14671,رادان,ئەسپاردن بۆ سازکردن,ئەنجامدانی کارێک,کار,کار,,,,LOW,"پۆل «ئەنجامدانی کارێک» is really the part of speech «کار» — routed nowhere, needs a decision",79dd71fd-aaa5-4f5a-9211-101eeda2d0b8,taraakoy,,,,,
7025,14671,رادان,وەبەرخۆدان وماشتن,ئەنجامدانی کارێک,کار,کار,,,,LOW,"پۆل «ئەنجامدانی کارێک» is really the part of speech «کار» — routed nowhere, needs a decision",79dd71fd-aaa5-4f5a-9211-101eeda2d0b8,taraakoy,,,,,
7026,14671,رادان,زیدە بونی ئاوی دەلیا لە مانگەشەودا,ئەنجامدانی کارێک,کار,کار,,,,LOW,"پۆل «ئەنجامدانی کارێک» is really the part of speech «کار» — routed nowhere, needs a decision",79dd71fd-aaa5-4f5a-9211-101eeda2d0b8,taraakoy,,,,,
7027,14671,رادان,دارێ لە باتی گۆڵە بە درگایەوە دەنێن,ئەنجامدانی کارێک,کار,کار,,,,LOW,"پۆل «ئەنجامدانی کارێک» is really the part of speech «کار» — routed nowhere, needs a decision",79dd71fd-aaa5-4f5a-9211-101eeda2d0b8,taraakoy,,,,,
7028,14671,رادان,داگیرساندنی سۆبە,ئەنجامدانی کارێک,کار,کار,,,,LOW,"پۆل «ئەنجامدانی کارێک» is really the part of speech «کار» — routed nowhere, needs a decision",79dd71fd-aaa5-4f5a-9211-101eeda2d0b8,taraakoy,,,,,
7034,14672,ئاریختێ,میراو،,کەس,ناو,ناو,ناو › کەس,ڕەگەز=دوولایەن,,HIGH,,f65f7d2f-996a-4df7-a10e-c6e846940032,ahmadaziz,,,,,
7035,14672,ئاریختێ,میراب,کەس,ناو,ناو,ناو › کەس,ڕەگەز=دوولایەن,,HIGH,,f65f7d2f-996a-4df7-a10e-c6e846940032,ahmadaziz,,,,,
7036,14673,ئارێز,کەلێکی بەناوبانگە لە نێوان ڕێگای سنە و مەریوان,شوێن,ناو,ناو,ناو › شوێن,ڕەگەز=بێلایەن,,HIGH,,f65f7d2f-996a-4df7-a10e-c6e846940032,ahmadaziz,,,,,
7037,14674,حەپسی,ناوی کەسایەتییەکی ناو ئەفلامکارتۆنی عەدنان و لینایە.,باروودۆخ,ناو,ناو,,ڕەگەز=نێر,,HIGH,پۆل «باروودۆخ» has no home among the deck's ten (see unmapped.csv),d53e0d86-01bb-4950-863e-beb1e3d81ccf,shkoskur,,,,,
7038,14674,حەپسی,زیندانی,باروودۆخ,ناو,ناو,,ڕەگەز=نێر,,HIGH,پۆل «باروودۆخ» has no home among the deck's ten (see unmapped.csv),d53e0d86-01bb-4950-863e-beb1e3d81ccf,shkoskur,,,,,
7039,14674,حەپسی,بەندی,باروودۆخ,ناو,ناو,,ڕەگەز=نێر,,HIGH,پۆل «باروودۆخ» has no home among the deck's ten (see unmapped.csv),d53e0d86-01bb-4950-863e-beb1e3d81ccf,shkoskur,,,,,
7040,14675,حەپش,گێل و نەزان,دەستەواژە | بارودۆخی جەستەیی | دەروون ناسی,ئاوەڵناو,هاوەڵناو,زانستیی پزیشکی › بارودۆخی جەستەیی,ڕەگەز=دوولایەن,,HIGH,پۆل «دەستەواژە» has no home among the deck's ten (see unmapped.csv) ; پۆل «دەروون ناسی» has no home among the deck's ten (see unmapped.csv),d53e0d86-01bb-4950-863e-beb1e3d81ccf,shkoskur,,,,,
7041,14675,حەپش,حۆل,دەستەواژە | بارودۆخی جەستەیی | دەروون ناسی,ئاوەڵناو,هاوەڵناو,زانستیی پزیشکی › بارودۆخی جەستەیی,ڕەگەز=دوولایەن,,HIGH,پۆل «دەستەواژە» has no home among the deck's ten (see unmapped.csv) ; پۆل «دەروون ناسی» has no home among the deck's ten (see unmapped.csv),d53e0d86-01bb-4950-863e-beb1e3d81ccf,shkoskur,,,,,
7042,14676,حەپلەحورچ,مرۆڤی کورتەباڵای قەڵەو,سیفەت | بارودۆخی جەستەیی,ناو | ئاوەڵناو,,زانستیی پزیشکی › بارودۆخی جەستەیی,ڕەگەز=دوولایەن,,LOW,"word carries several parts of speech (ناو / هاوەڵناو); a sense may only have one ; پۆل «سیفەت» is really the part of speech «هاوەڵناو» — routed nowhere, needs a decision",d53e0d86-01bb-4950-863e-beb1e3d81ccf,shkoskur,,,,,
7043,14677,حەپلەری,جۆرێکی هەنارە,میوە,ناو,ناو,,,,HIGH,پۆل «میوە» has no home among the deck's ten (see unmapped.csv),d53e0d86-01bb-4950-863e-beb1e3d81ccf,shkoskur,,,,,
7047,14678,حەپو,هەموو,خەمڵاندن,ئاوەڵناو | ئاوەڵکار,,,,,LOW,word carries several parts of speech (هاوەڵناو / هاوەڵکار); a sense may only have one ; پۆل «خەمڵاندن» has no home among the deck's ten (see unmapped.csv),d53e0d86-01bb-4950-863e-beb1e3d81ccf,shkoskur,,,,,
7048,14678,حەپو,گش,خەمڵاندن,ئاوەڵناو | ئاوەڵکار,,,,,LOW,word carries several parts of speech (هاوەڵناو / هاوەڵکار); a sense may only have one ; پۆل «خەمڵاندن» has no home among the deck's ten (see unmapped.csv),d53e0d86-01bb-4950-863e-beb1e3d81ccf,shkoskur,,,,,
7049,14678,حەپو,تێکڕا,خەمڵاندن,ئاوەڵناو | ئاوەڵکار,,,,,LOW,word carries several parts of speech (هاوەڵناو / هاوەڵکار); a sense may only have one ; پۆل «خەمڵاندن» has no home among the deck's ten (see unmapped.csv),d53e0d86-01bb-4950-863e-beb1e3d81ccf,shkoskur,,,,,
7050,14678,حەپو,تەما,خەمڵاندن,ئاوەڵناو | ئاوەڵکار,,,,,LOW,word carries several parts of speech (هاوەڵناو / هاوەڵکار); a sense may only have one ; پۆل «خەمڵاندن» has no home among the deck's ten (see unmapped.csv),d53e0d86-01bb-4950-863e-beb1e3d81ccf,shkoskur,,,,,
7051,14678,حەپو,خەلاسبوو لە زمانی منداڵندا,خەمڵاندن,ئاوەڵناو | ئاوەڵکار,,,,,LOW,word carries several parts of speech (هاوەڵناو / هاوەڵکار); a sense may only have one ; پۆل «خەمڵاندن» has no home among the deck's ten (see unmapped.csv),d53e0d86-01bb-4950-863e-beb1e3d81ccf,shkoskur,,,,,
7052,14679,حەپۆل,کەسێک بێکار و گێژە و لە شت تێ ناگات,دەستەواژە | بارودۆخی جەستەیی | دەروون ناسی,ئاوەڵناو,هاوەڵناو,زانستیی پزیشکی › بارودۆخی جەستەیی,ڕەگەز=دوولایەن,,HIGH,پۆل «دەستەواژە» has no home among the deck's ten (see unmapped.csv) ; پۆل «دەروون ناسی» has no home among the deck's ten (see unmapped.csv),d53e0d86-01bb-4950-863e-beb1e3d81ccf,shkoskur,,,,,
7053,14680,حەپولە,حەپۆل,,,,,,,LOW,word has no جۆری وشە at all,d53e0d86-01bb-4950-863e-beb1e3d81ccf,shkoskur,,,,,
7054,14681,زاخدار,تیخی جەوهەردار,کەرەستە | سیفەت,,,کولتووری › کەرەستە,,,LOW,"word has no جۆری وشە at all ; پۆل «سیفەت» is really the part of speech «هاوەڵناو» — routed nowhere, needs a decision",5f16fc33-8c0b-4cb7-85ab-cf91afdbbcd3,bilalhama,,,,,
7055,14681,زاخدار,برێتییە لە مرۆی بە حونەر,کەرەستە | سیفەت,,,کولتووری › کەرەستە,,,LOW,"word has no جۆری وشە at all ; پۆل «سیفەت» is really the part of speech «هاوەڵناو» — routed nowhere, needs a decision",5f16fc33-8c0b-4cb7-85ab-cf91afdbbcd3,bilalhama,,,,,
7058,14682,زاخر,سەرەدێری بەرداوی,سیفەت | باروودۆخ,ئاوەڵناو,هاوەڵناو,,,,LOW,"پۆل «سیفەت» is really the part of speech «هاوەڵناو» — routed nowhere, needs a decision ; پۆل «باروودۆخ» has no home among the deck's ten (see unmapped.csv)",5f16fc33-8c0b-4cb7-85ab-cf91afdbbcd3,bilalhama,,,,,
7059,14682,زاخر,کول,سیفەت | باروودۆخ,ئاوەڵناو,هاوەڵناو,,,,LOW,"پۆل «سیفەت» is really the part of speech «هاوەڵناو» — routed nowhere, needs a decision ; پۆل «باروودۆخ» has no home among the deck's ten (see unmapped.csv)",5f16fc33-8c0b-4cb7-85ab-cf91afdbbcd3,bilalhama,,,,,
7060,14682,زاخر,ئاغەڵی لە کێودا براو,سیفەت | باروودۆخ,ئاوەڵناو,هاوەڵناو,,,,LOW,"پۆل «سیفەت» is really the part of speech «هاوەڵناو» — routed nowhere, needs a decision ; پۆل «باروودۆخ» has no home among the deck's ten (see unmapped.csv)",5f16fc33-8c0b-4cb7-85ab-cf91afdbbcd3,bilalhama,,,,,
7063,14683,زاخۆ,ناوی مەڵبەند و شارێکە لە کوردستان,شوێن,ناو,ناو,ناو › شوێن,,,HIGH,,5f16fc33-8c0b-4cb7-85ab-cf91afdbbcd3,bilalhama,,,,,
7064,14683,زاخۆ,نام و منطقە شهری در کردستان,شوێن,ناو,ناو,ناو › شوێن,,,HIGH,,5f16fc33-8c0b-4cb7-85ab-cf91afdbbcd3,bilalhama,,,,,
7065,14684,زاخور,رەهۆڵ,سیفەت,ئاوەڵناو,هاوەڵناو,,,,LOW,"پۆل «سیفەت» is really the part of speech «هاوەڵناو» — routed nowhere, needs a decision",5f16fc33-8c0b-4cb7-85ab-cf91afdbbcd3,bilalhama,,,,,
7067,14685,حەپەساندن,کەسێک تووشی سەرسورمان بکەیت، یا خود هۆشی لێ بستێنیت,ئەنجامدانی کارێک,ئاوەڵکار,هاوەڵکار,,,,LOW,"پۆل «ئەنجامدانی کارێک» is really the part of speech «کار» — routed nowhere, needs a decision ; پۆل says «کار», جۆری وشە says «هاوەڵکار» — they disagree",d53e0d86-01bb-4950-863e-beb1e3d81ccf,shkoskur,,,,,
7068,14686,حەپەساو,سەرسام,سیفەت | دەروون ناسی,ناو,ناو,,,,LOW,"پۆل «سیفەت» is really the part of speech «هاوەڵناو» — routed nowhere, needs a decision ; پۆل «دەروون ناسی» has no home among the deck's ten (see unmapped.csv) ; پۆل says «هاوەڵناو», جۆری وشە says «ناو» — they disagree",d53e0d86-01bb-4950-863e-beb1e3d81ccf,shkoskur,,,,,
7069,14686,حەپەساو,واقوڕ,سیفەت | دەروون ناسی,ناو,ناو,,,,LOW,"پۆل «سیفەت» is really the part of speech «هاوەڵناو» — routed nowhere, needs a decision ; پۆل «دەروون ناسی» has no home among the deck's ten (see unmapped.csv) ; پۆل says «هاوەڵناو», جۆری وشە says «ناو» — they disagree",d53e0d86-01bb-4950-863e-beb1e3d81ccf,shkoskur,,,,,
7070,14687,حەپەسین,حەپەساو,تام,,,,,,LOW,word has no جۆری وشە at all ; پۆل «تام» has no home among the deck's ten (see unmapped.csv),d53e0d86-01bb-4950-863e-beb1e3d81ccf,shkoskur,,,,,
7071,14689,حەپەلۆتق,زەرمرەزلیتانێ,ئەنجامدانی کارێک,,,,,,LOW,"word has no جۆری وشە at all ; پۆل «ئەنجامدانی کارێک» is really the part of speech «کار» — routed nowhere, needs a decision",d53e0d86-01bb-4950-863e-beb1e3d81ccf,shkoskur,,,,,
7072,14689,حەپەلۆتق,هەڵبەزو دابەز,ئەنجامدانی کارێک,,,,,,LOW,"word has no جۆری وشە at all ; پۆل «ئەنجامدانی کارێک» is really the part of speech «کار» — routed nowhere, needs a decision",d53e0d86-01bb-4950-863e-beb1e3d81ccf,shkoskur,,,,,
7073,14689,حەپەلۆتق,چەقەو هەرا,ئەنجامدانی کارێک,,,,,,LOW,"word has no جۆری وشە at all ; پۆل «ئەنجامدانی کارێک» is really the part of speech «کار» — routed nowhere, needs a decision",d53e0d86-01bb-4950-863e-beb1e3d81ccf,shkoskur,,,,,
7074,14690,حەپەنتی,زەبەلاح,سیفەت | بارودۆخی جەستەیی,ئاوەڵناو,هاوەڵناو,زانستیی پزیشکی › بارودۆخی جەستەیی,ڕەگەز=دوولایەن,,LOW,"پۆل «سیفەت» is really the part of speech «هاوەڵناو» — routed nowhere, needs a decision",d53e0d86-01bb-4950-863e-beb1e3d81ccf,shkoskur,,,,,
7075,14690,حەپەنتی,تەژەی پانوپۆڕ,سیفەت | بارودۆخی جەستەیی,ئاوەڵناو,هاوەڵناو,زانستیی پزیشکی › بارودۆخی جەستەیی,ڕەگەز=دوولایەن,,LOW,"پۆل «سیفەت» is really the part of speech «هاوەڵناو» — routed nowhere, needs a decision",d53e0d86-01bb-4950-863e-beb1e3d81ccf,shkoskur,,,,,
7076,14691,حەپەنتی,زەبەلاح,سیفەت | بارودۆخی جەستەیی,ئاوەڵناو,هاوەڵناو,زانستیی پزیشکی › بارودۆخی جەستەیی,,,LOW,"پۆل «سیفەت» is really the part of speech «هاوەڵناو» — routed nowhere, needs a decision",d53e0d86-01bb-4950-863e-beb1e3d81ccf,shkoskur,,,,,
7077,14691,حەپەنتی,پانوپۆڕ,سیفەت | بارودۆخی جەستەیی,ئاوەڵناو,هاوەڵناو,زانستیی پزیشکی › بارودۆخی جەستەیی,,,LOW,"پۆل «سیفەت» is really the part of speech «هاوەڵناو» — routed nowhere, needs a decision",d53e0d86-01bb-4950-863e-beb1e3d81ccf,shkoskur,,,,,
7078,14691,حەپەنتی,مرۆڤێك زر و زەلام بێت,سیفەت | بارودۆخی جەستەیی,ئاوەڵناو,هاوەڵناو,زانستیی پزیشکی › بارودۆخی جەستەیی,,,LOW,"پۆل «سیفەت» is really the part of speech «هاوەڵناو» — routed nowhere, needs a decision",d53e0d86-01bb-4950-863e-beb1e3d81ccf,shkoskur,,,,,
7079,14692,حەپەنگ,حەپۆل,بارودۆخی جەستەیی,ئاوەڵناو,هاوەڵناو,زانستیی پزیشکی › بارودۆخی جەستەیی,ڕەگەز=بێلایەن,,HIGH,,d53e0d86-01bb-4950-863e-beb1e3d81ccf,shkoskur,,,,,
7080,14693,حەپی,قۆزاخەی پەمبۆ,شوێن,,,ناو › شوێن,,,LOW,word has no جۆری وشە at all,d53e0d86-01bb-4950-863e-beb1e3d81ccf,shkoskur,,,,,
7081,14694,ئاریشە,دژوار، چەتون، زەحمەت,باروودۆخ,ئاوەڵناو,هاوەڵناو,,,,HIGH,پۆل «باروودۆخ» has no home among the deck's ten (see unmapped.csv),f65f7d2f-996a-4df7-a10e-c6e846940032,ahmadaziz,,,,,
7083,14695,ئاریکار,کۆمەک، یاریدە، ھاریکاری، یاریدەر,ئەنجامدانی کارێک | باروودۆخ,ئاوەڵکار,هاوەڵکار,,,,LOW,"پۆل «ئەنجامدانی کارێک» is really the part of speech «کار» — routed nowhere, needs a decision ; پۆل «باروودۆخ» has no home among the deck's ten (see unmapped.csv) ; پۆل says «کار», جۆری وشە says «هاوەڵکار» — they disagree",f65f7d2f-996a-4df7-a10e-c6e846940032,ahmadaziz,,,,,
7085,14696,ئاریلە,پیاوی ژنانیلە، ژنەرەنگە، ئاڵی پیواز، یوسف ئەفەندی,سیفەت,ناو,ناو,,ڕەگەز=نێر,,LOW,"پۆل «سیفەت» is really the part of speech «هاوەڵناو» — routed nowhere, needs a decision ; پۆل says «هاوەڵناو», جۆری وشە says «ناو» — they disagree",f65f7d2f-996a-4df7-a10e-c6e846940032,ahmadaziz,,,,,
7086,14697,ئارێنج,گوانی بن ھەنگڵ، قنێر لەبن باخەڵ دەردەچێ,ئەندامی جەستە | بارودۆخی جەستەیی,ناو,ناو,زانستیی پزیشکی › ئەندامی جەستە | زانستیی پزیشکی › بارودۆخی جەستەیی,ڕەگەز=بێلایەن,,HIGH,,f65f7d2f-996a-4df7-a10e-c6e846940032,ahmadaziz,,,,,
7087,14698,ئارینۆک,لەپە، لەتکە نۆک، نخۆشەر,دانەوێڵە,ناو,ناو,,ڕەگەز=بێلایەن,,HIGH,پۆل «دانەوێڵە» has no home among the deck's ten (see unmapped.csv),f65f7d2f-996a-4df7-a10e-c6e846940032,ahmadaziz,,,,,
7115,14699,یاد,باسکردنی کەسێک کە نادیارە,دەروون ناسی,ناو,ناو,,ڕەگەز=مێ,,HIGH,پۆل «دەروون ناسی» has no home among the deck's ten (see unmapped.csv),d641c5d5-6362-478e-b261-1d3ba03b0e00,sirwan,,,,,
7116,14699,یاد,بیر,دەروون ناسی,ناو,ناو,,ڕەگەز=مێ,,HIGH,پۆل «دەروون ناسی» has no home among the deck's ten (see unmapped.csv),d641c5d5-6362-478e-b261-1d3ba03b0e00,sirwan,,,,,
7117,14699,یاد,بیرەوەری,دەروون ناسی,ناو,ناو,,ڕەگەز=مێ,,HIGH,پۆل «دەروون ناسی» has no home among the deck's ten (see unmapped.csv),d641c5d5-6362-478e-b261-1d3ba03b0e00,sirwan,,,,,
7095,14702,داربەنک,دارەبەن,درەخت,ناو,ناو,,,,HIGH,پۆل «درەخت» has no home among the deck's ten (see unmapped.csv),fbaa1310-1a57-4439-b4e4-2b6fb312b455,banazhamad,,,,,
7096,14702,داربەنک,دار کەسکان,درەخت,ناو,ناو,,,,HIGH,پۆل «درەخت» has no home among the deck's ten (see unmapped.csv),fbaa1310-1a57-4439-b4e4-2b6fb312b455,banazhamad,,,,,
7098,14703,داربێرە,داربێر,درەخت,ناو,ناو,,,,HIGH,پۆل «درەخت» has no home among the deck's ten (see unmapped.csv),fbaa1310-1a57-4439-b4e4-2b6fb312b455,banazhamad,,,,,
7099,14704,رادارانە,گوندێکە لەلای نەغەدە,گوند,ناو,ناو,,,,HIGH,پۆل «گوند» has no home among the deck's ten (see unmapped.csv),79dd71fd-aaa5-4f5a-9211-101eeda2d0b8,taraakoy,,,,,
7101,14705,یاداوەر,بیرهێنانەوە,دەروون ناسی | ئەدەب,ناو | ئاوەڵناو,,,ڕەگەز=نێر,,LOW,word carries several parts of speech (ناو / هاوەڵناو); a sense may only have one ; پۆل «دەروون ناسی» has no home among the deck's ten (see unmapped.csv) ; پۆل «ئەدەب» has no home among the deck's ten (see unmapped.csv),d641c5d5-6362-478e-b261-1d3ba03b0e00,sirwan,,,,,
7103,14706,رادو,هەڵاتنی کچ دەگەڵ کور بێ پرسی دایک و باب,ئەنجامدانی کارێک,ئاوەڵناو,هاوەڵناو,,ڕەگەز=مێ,,LOW,"پۆل «ئەنجامدانی کارێک» is really the part of speech «کار» — routed nowhere, needs a decision ; پۆل says «کار», جۆری وشە says «هاوەڵناو» — they disagree",79dd71fd-aaa5-4f5a-9211-101eeda2d0b8,taraakoy,,,,,
7105,14707,یاداشت,نوسینی مەبەست بۆ کە بیر نەچون,زمانەوانی,ناو,ناو,,ڕەگەز=مێ,,HIGH,پۆل «زمانەوانی» has no home among the deck's ten (see unmapped.csv),d641c5d5-6362-478e-b261-1d3ba03b0e00,sirwan,,,,,
7107,14708,رادوکەوتن,کچ دەگەڵ کوڕ هەڵاتن,ئەنجامدانی کارێک,ئاوەڵناو,هاوەڵناو,,ڕەگەز=مێ,,LOW,"پۆل «ئەنجامدانی کارێک» is really the part of speech «کار» — routed nowhere, needs a decision ; پۆل says «کار», جۆری وشە says «هاوەڵناو» — they disagree",79dd71fd-aaa5-4f5a-9211-101eeda2d0b8,taraakoy,,,,,
7109,14709,یاداوەر,وەبیرهاتنەوە,دەروون ناسی | ئەدەب,ناو | ئاوەڵناو,,,ڕەگەز=نێر,,LOW,word carries several parts of speech (ناو / هاوەڵناو); a sense may only have one ; پۆل «دەروون ناسی» has no home among the deck's ten (see unmapped.csv) ; پۆل «ئەدەب» has no home among the deck's ten (see unmapped.csv),d641c5d5-6362-478e-b261-1d3ba03b0e00,sirwan,,,,,
7111,14710,یاداوەری,بیرهێنانەوە,دەروون ناسی | ئەدەب,ناو,ناو,,ڕەگەز=مێ,,HIGH,پۆل «دەروون ناسی» has no home among the deck's ten (see unmapped.csv) ; پۆل «ئەدەب» has no home among the deck's ten (see unmapped.csv),d641c5d5-6362-478e-b261-1d3ba03b0e00,sirwan,,,,,
7113,14711,رادونان,کەوتنە شوێن گیاندارێک بە غار,بارودۆخی جەستەیی,کار,کار,زانستیی پزیشکی › بارودۆخی جەستەیی,ڕەگەز=دوولایەن,,HIGH,,79dd71fd-aaa5-4f5a-9211-101eeda2d0b8,taraakoy,,,,,
7121,14712,رادوێ,ئامرازێکە دەنگی هەمو دنیا بە گوێدەگەیەنێ,ئامێر,ناو,ناو,,,,HIGH,پۆل «ئامێر» has no home among the deck's ten (see unmapped.csv),79dd71fd-aaa5-4f5a-9211-101eeda2d0b8,taraakoy,,,,,
7122,14712,رادوێ,رادیۆ,ئامێر,ناو,ناو,,,,HIGH,پۆل «ئامێر» has no home among the deck's ten (see unmapped.csv),79dd71fd-aaa5-4f5a-9211-101eeda2d0b8,taraakoy,,,,,
7123,14712,رادوێ,بیسگە,ئامێر,ناو,ناو,,,,HIGH,پۆل «ئامێر» has no home among the deck's ten (see unmapped.csv),79dd71fd-aaa5-4f5a-9211-101eeda2d0b8,taraakoy,,,,,
7125,14713,رادوێن,رادوێ,ئامێر,ناو,ناو,,,,HIGH,پۆل «ئامێر» has no home among the deck's ten (see unmapped.csv),79dd71fd-aaa5-4f5a-9211-101eeda2d0b8,taraakoy,,,,,
7127,14714,توکنە,جوجەڵەی هێشتا پەڕ دەرنەهاتوو,سیفەت | ئاژەڵ,ناو | ئاوەڵناو,,زیندەوەرزانی › ئاژەڵ,,,LOW,"word carries several parts of speech (ناو / هاوەڵناو); a sense may only have one ; پۆل «سیفەت» is really the part of speech «هاوەڵناو» — routed nowhere, needs a decision",96560cf4-030d-4268-baea-87bb57cdf631,somaali,,,,,
7128,14714,توکنە,توکن,سیفەت | ئاژەڵ,ناو | ئاوەڵناو,,زیندەوەرزانی › ئاژەڵ,,,LOW,"word carries several parts of speech (ناو / هاوەڵناو); a sense may only have one ; پۆل «سیفەت» is really the part of speech «هاوەڵناو» — routed nowhere, needs a decision",96560cf4-030d-4268-baea-87bb57cdf631,somaali,,,,,
7131,14715,رادە,ئەندازە,یەکەی پێوانە,ناو,ناو,,,,HIGH,پۆل «یەکەی پێوانە» has no home among the deck's ten (see unmapped.csv),79dd71fd-aaa5-4f5a-9211-101eeda2d0b8,taraakoy,,,,,
7132,14715,رادە,چلۆنەتی,یەکەی پێوانە,ناو,ناو,,,,HIGH,پۆل «یەکەی پێوانە» has no home among the deck's ten (see unmapped.csv),79dd71fd-aaa5-4f5a-9211-101eeda2d0b8,taraakoy,,,,,
7133,14715,رادە,بارست,یەکەی پێوانە,ناو,ناو,,,,HIGH,پۆل «یەکەی پێوانە» has no home among the deck's ten (see unmapped.csv),79dd71fd-aaa5-4f5a-9211-101eeda2d0b8,taraakoy,,,,,
7134,14715,رادە,کلیلی دار بۆ قفلی دارین,یەکەی پێوانە,ناو,ناو,,,,HIGH,پۆل «یەکەی پێوانە» has no home among the deck's ten (see unmapped.csv),79dd71fd-aaa5-4f5a-9211-101eeda2d0b8,taraakoy,,,,,
7135,14715,رادە,پر پێدا کردن,یەکەی پێوانە,ناو,ناو,,,,HIGH,پۆل «یەکەی پێوانە» has no home among the deck's ten (see unmapped.csv),79dd71fd-aaa5-4f5a-9211-101eeda2d0b8,taraakoy,,,,,
7136,14715,رادە,راهێشتن,یەکەی پێوانە,ناو,ناو,,,,HIGH,پۆل «یەکەی پێوانە» has no home among the deck's ten (see unmapped.csv),79dd71fd-aaa5-4f5a-9211-101eeda2d0b8,taraakoy,,,,,
7142,14716,تووکە,کلوە بەفر,ئامراز,ناو,ناو,کولتووری › ئامراز,,,HIGH,,96560cf4-030d-4268-baea-87bb57cdf631,somaali,,,,,
7143,14716,تووکە,وردە باران,ئامراز,ناو,ناو,کولتووری › ئامراز,,,HIGH,,96560cf4-030d-4268-baea-87bb57cdf631,somaali,,,,,
7146,14717,رادەر,نۆژەن,ئەنجامدانی کارێک,کار,کار,,,,LOW,"پۆل «ئەنجامدانی کارێک» is really the part of speech «کار» — routed nowhere, needs a decision",79dd71fd-aaa5-4f5a-9211-101eeda2d0b8,taraakoy,,,,,
7147,14717,رادەر,تازە داهاتگ,ئەنجامدانی کارێک,کار,کار,,,,LOW,"پۆل «ئەنجامدانی کارێک» is really the part of speech «کار» — routed nowhere, needs a decision",79dd71fd-aaa5-4f5a-9211-101eeda2d0b8,taraakoy,,,,,
7149,14718,تووکەبەر,موی بەرگەدە,ئامراز,ناو,ناو,کولتووری › ئامراز,,,HIGH,,96560cf4-030d-4268-baea-87bb57cdf631,somaali,,,,,
7152,14719,تووکەتووک,نم نمە,سیفەت,ئاوەڵناو,هاوەڵناو,,,,LOW,"پۆل «سیفەت» is really the part of speech «هاوەڵناو» — routed nowhere, needs a decision",96560cf4-030d-4268-baea-87bb57cdf631,somaali,,,,,
7153,14719,تووکەتووک,بارینی هێدی هێدی,سیفەت,ئاوەڵناو,هاوەڵناو,,,,LOW,"پۆل «سیفەت» is really the part of speech «هاوەڵناو» — routed nowhere, needs a decision",96560cf4-030d-4268-baea-87bb57cdf631,somaali,,,,,
7155,14720,رادەست,خۆدان بە دەستەوە,ئەنجامدانی کارێک,کار,کار,,ڕەگەز=دوولایەن,,LOW,"پۆل «ئەنجامدانی کارێک» is really the part of speech «کار» — routed nowhere, needs a decision",79dd71fd-aaa5-4f5a-9211-101eeda2d0b8,taraakoy,,,,,
7157,14721,تووکەسەر,پۆڕ,سیفەت | ئامراز,ناو | ئاوەڵناو,,کولتووری › ئامراز,,,LOW,"word carries several parts of speech (ناو / هاوەڵناو); a sense may only have one ; پۆل «سیفەت» is really the part of speech «هاوەڵناو» — routed nowhere, needs a decision",96560cf4-030d-4268-baea-87bb57cdf631,somaali,,,,,
7158,14721,تووکەسەر,موی سەر,سیفەت | ئامراز,ناو | ئاوەڵناو,,کولتووری › ئامراز,,,LOW,"word carries several parts of speech (ناو / هاوەڵناو); a sense may only have one ; پۆل «سیفەت» is really the part of speech «هاوەڵناو» — routed nowhere, needs a decision",96560cf4-030d-4268-baea-87bb57cdf631,somaali,,,,,
7159,14721,تووکەسەر,برێتی لە رک هەستاو,سیفەت | ئامراز,ناو | ئاوەڵناو,,کولتووری › ئامراز,,,LOW,"word carries several parts of speech (ناو / هاوەڵناو); a sense may only have one ; پۆل «سیفەت» is really the part of speech «هاوەڵناو» — routed nowhere, needs a decision",96560cf4-030d-4268-baea-87bb57cdf631,somaali,,,,,
7162,14722,رادەست کردن,وەگیر هێنان,ئەنجامدانی کارێک,کار,کار,,,,LOW,"پۆل «ئەنجامدانی کارێک» is really the part of speech «کار» — routed nowhere, needs a decision",79dd71fd-aaa5-4f5a-9211-101eeda2d0b8,taraakoy,,,,,
7164,14723,تووکەی سمێڵ,بزەی شادی: (هێندە بە کەیفە توکەی سمێڵی دێت),سیفەت,ئاوەڵناو,هاوەڵناو,,,,LOW,"پۆل «سیفەت» is really the part of speech «هاوەڵناو» — routed nowhere, needs a decision",96560cf4-030d-4268-baea-87bb57cdf631,somaali,,,,,
7166,14724,تۆل,پیزە,مرۆڤ,ناو,ناو,کولتووری › مرۆڤ,,,HIGH,,96560cf4-030d-4268-baea-87bb57cdf631,somaali,,,,,
7167,14724,تۆل,پز,مرۆڤ,ناو,ناو,کولتووری › مرۆڤ,,,HIGH,,96560cf4-030d-4268-baea-87bb57cdf631,somaali,,,,,
7168,14724,تۆل,ساوای ناوزگ,مرۆڤ,ناو,ناو,کولتووری › مرۆڤ,,,HIGH,,96560cf4-030d-4268-baea-87bb57cdf631,somaali,,,,,
7169,14724,تۆل,بێچووی هێشتا نەزاو,مرۆڤ,ناو,ناو,کولتووری › مرۆڤ,,,HIGH,,96560cf4-030d-4268-baea-87bb57cdf631,somaali,,,,,
7171,14725,تۆڵ,حەیف,سیفەت | ئەنجامدانی کارێک,ناو | ئاوەڵناو,,,,,LOW,"word carries several parts of speech (ناو / هاوەڵناو); a sense may only have one ; پۆل «سیفەت» is really the part of speech «هاوەڵناو» — routed nowhere, needs a decision ; پۆل «ئەنجامدانی کارێک» is really the part of speech «کار» — routed nowhere, needs a decision",96560cf4-030d-4268-baea-87bb57cdf631,somaali,,,,,
7172,14725,تۆڵ,تۆڵە,سیفەت | ئەنجامدانی کارێک,ناو | ئاوەڵناو,,,,,LOW,"word carries several parts of speech (ناو / هاوەڵناو); a sense may only have one ; پۆل «سیفەت» is really the part of speech «هاوەڵناو» — routed nowhere, needs a decision ; پۆل «ئەنجامدانی کارێک» is really the part of speech «کار» — routed nowhere, needs a decision",96560cf4-030d-4268-baea-87bb57cdf631,somaali,,,,,
7173,14725,تۆڵ,قەرەبووی زوڵم ساندنەوە,سیفەت | ئەنجامدانی کارێک,ناو | ئاوەڵناو,,,,,LOW,"word carries several parts of speech (ناو / هاوەڵناو); a sense may only have one ; پۆل «سیفەت» is really the part of speech «هاوەڵناو» — routed nowhere, needs a decision ; پۆل «ئەنجامدانی کارێک» is really the part of speech «کار» — routed nowhere, needs a decision",96560cf4-030d-4268-baea-87bb57cdf631,somaali,,,,,
7174,14725,تۆڵ,مەزبوت,سیفەت | ئەنجامدانی کارێک,ناو | ئاوەڵناو,,,,,LOW,"word carries several parts of speech (ناو / هاوەڵناو); a sense may only have one ; پۆل «سیفەت» is really the part of speech «هاوەڵناو» — routed nowhere, needs a decision ; پۆل «ئەنجامدانی کارێک» is really the part of speech «کار» — routed nowhere, needs a decision",96560cf4-030d-4268-baea-87bb57cdf631,somaali,,,,,
7175,14725,تۆڵ,لەش سوک,سیفەت | ئەنجامدانی کارێک,ناو | ئاوەڵناو,,,,,LOW,"word carries several parts of speech (ناو / هاوەڵناو); a sense may only have one ; پۆل «سیفەت» is really the part of speech «هاوەڵناو» — routed nowhere, needs a decision ; پۆل «ئەنجامدانی کارێک» is really the part of speech «کار» — routed nowhere, needs a decision",96560cf4-030d-4268-baea-87bb57cdf631,somaali,,,,,
7176,14725,تۆڵ,دوای وشەی توند دێت: (توند و تۆڵ),سیفەت | ئەنجامدانی کارێک,ناو | ئاوەڵناو,,,,,LOW,"word carries several parts of speech (ناو / هاوەڵناو); a sense may only have one ; پۆل «سیفەت» is really the part of speech «هاوەڵناو» — routed nowhere, needs a decision ; پۆل «ئەنجامدانی کارێک» is really the part of speech «کار» — routed nowhere, needs a decision",96560cf4-030d-4268-baea-87bb57cdf631,somaali,,,,,
7179,14726,توول,پارچەی زۆر تەنک و ناسک,درەخت | جلوبەرگ,ناو,ناو,,,,HIGH,پۆل «درەخت» has no home among the deck's ten (see unmapped.csv) ; پۆل «جلوبەرگ» has no home among the deck's ten (see unmapped.csv),96560cf4-030d-4268-baea-87bb57cdf631,somaali,,,,,
7180,14726,توول,لکی ناسکی دار وگیا,درەخت | جلوبەرگ,ناو,ناو,,,,HIGH,پۆل «درەخت» has no home among the deck's ten (see unmapped.csv) ; پۆل «جلوبەرگ» has no home among the deck's ten (see unmapped.csv),96560cf4-030d-4268-baea-87bb57cdf631,somaali,,,,,
7181,14726,توول,درێژایی: (لە توولی عومرم دا),درەخت | جلوبەرگ,ناو,ناو,,,,HIGH,پۆل «درەخت» has no home among the deck's ten (see unmapped.csv) ; پۆل «جلوبەرگ» has no home among the deck's ten (see unmapped.csv),96560cf4-030d-4268-baea-87bb57cdf631,somaali,,,,,
7185,14727,تووڵ,شووڵ,ئامراز | درەخت,ناو,ناو,کولتووری › ئامراز,,,HIGH,پۆل «درەخت» has no home among the deck's ten (see unmapped.csv),96560cf4-030d-4268-baea-87bb57cdf631,somaali,,,,,
7186,14727,تووڵ,شوو,ئامراز | درەخت,ناو,ناو,کولتووری › ئامراز,,,HIGH,پۆل «درەخت» has no home among the deck's ten (see unmapped.csv),96560cf4-030d-4268-baea-87bb57cdf631,somaali,,,,,
7187,14727,تووڵ,لکی باریک,ئامراز | درەخت,ناو,ناو,کولتووری › ئامراز,,,HIGH,پۆل «درەخت» has no home among the deck's ten (see unmapped.csv),96560cf4-030d-4268-baea-87bb57cdf631,somaali,,,,,
7189,14728,تۆڵا,پێکەوە نووسان و ڕەق بوونی زۆر شتی ورد: ( تۆڵا گەزۆ),باروودۆخ,کار,کار,,,,HIGH,پۆل «باروودۆخ» has no home among the deck's ten (see unmapped.csv),96560cf4-030d-4268-baea-87bb57cdf631,somaali,,,,,
7190,14728,تۆڵا,چگال,باروودۆخ,کار,کار,,,,HIGH,پۆل «باروودۆخ» has no home among the deck's ten (see unmapped.csv),96560cf4-030d-4268-baea-87bb57cdf631,somaali,,,,,
7191,14729,تۆڵاز,لاوی چاو لە وەڕێن و ژنباز,کەس | سیفەت,ناو | ئاوەڵناو,,ناو › کەس,,,LOW,"word carries several parts of speech (ناو / هاوەڵناو); a sense may only have one ; پۆل «سیفەت» is really the part of speech «هاوەڵناو» — routed nowhere, needs a decision",96560cf4-030d-4268-baea-87bb57cdf631,somaali,,,,,
7192,14729,تۆڵاز,هەرزەکاری دڵدار,کەس | سیفەت,ناو | ئاوەڵناو,,ناو › کەس,,,LOW,"word carries several parts of speech (ناو / هاوەڵناو); a sense may only have one ; پۆل «سیفەت» is really the part of speech «هاوەڵناو» — routed nowhere, needs a decision",96560cf4-030d-4268-baea-87bb57cdf631,somaali,,,,,
7194,14730,تۆڵازی,حەز لە ژنان کردن,ئەنجامدانی کارێک,کار,کار,,,,LOW,"پۆل «ئەنجامدانی کارێک» is really the part of speech «کار» — routed nowhere, needs a decision",96560cf4-030d-4268-baea-87bb57cdf631,somaali,,,,,
7195,14730,تۆڵازی,چاولەوەڕێنی,ئەنجامدانی کارێک,کار,کار,,,,LOW,"پۆل «ئەنجامدانی کارێک» is really the part of speech «کار» — routed nowhere, needs a decision",96560cf4-030d-4268-baea-87bb57cdf631,somaali,,,,,
7196,14730,تۆڵازی,نەزەر بازی,ئەنجامدانی کارێک,کار,کار,,,,LOW,"پۆل «ئەنجامدانی کارێک» is really the part of speech «کار» — routed nowhere, needs a decision",96560cf4-030d-4268-baea-87bb57cdf631,somaali,,,,,
7198,14731,تۆڵاش,تیزمالک,ئامراز,ناو,ناو,کولتووری › ئامراز,,,HIGH,,96560cf4-030d-4268-baea-87bb57cdf631,somaali,,,,,
7199,14731,تۆڵاش,تڵیش,ئامراز,ناو,ناو,کولتووری › ئامراز,,,HIGH,,96560cf4-030d-4268-baea-87bb57cdf631,somaali,,,,,
7201,14732,توڵانەوە,لەبەر زۆر کوڵین لەبەر یەک چوون: (گۆشتەکە هێند کوڵیوە توڵاوەتەوە),سیفەت,چاوگ,چاوگ,,,,LOW,"پۆل «سیفەت» is really the part of speech «هاوەڵناو» — routed nowhere, needs a decision ; پۆل says «هاوەڵناو», جۆری وشە says «چاوگ» — they disagree",96560cf4-030d-4268-baea-87bb57cdf631,somaali,,,,,
7203,14733,توڵینەوە,توڵانەوە,سیفەت,چاوگ,چاوگ,,,,LOW,"پۆل «سیفەت» is really the part of speech «هاوەڵناو» — routed nowhere, needs a decision ; پۆل says «هاوەڵناو», جۆری وشە says «چاوگ» — they disagree",96560cf4-030d-4268-baea-87bb57cdf631,somaali,,,,,
7205,14734,تووڵبڕ,برێتی لە خۆ گێل کردن و خۆ دزینەوە,سیفەت,ئاوەڵناو,هاوەڵناو,,,,LOW,"پۆل «سیفەت» is really the part of speech «هاوەڵناو» — routed nowhere, needs a decision",96560cf4-030d-4268-baea-87bb57cdf631,somaali,,,,,
7207,14735,تولح,سەرەتای ڕۆژ: (تولحی بەیانی لەماڵ دەرکەوتم),کات,ناو,ناو,,,,HIGH,پۆل «کات» has no home among the deck's ten (see unmapped.csv),96560cf4-030d-4268-baea-87bb57cdf631,somaali,,,,,
7209,14736,توڵخ,ڕەشی ئاماڵ خۆڵەمێشی,سیفەت | ڕەنگ,ئاوەڵناو,هاوەڵناو,,,,LOW,"پۆل «سیفەت» is really the part of speech «هاوەڵناو» — routed nowhere, needs a decision ; پۆل «ڕەنگ» has no home among the deck's ten (see unmapped.csv)",96560cf4-030d-4268-baea-87bb57cdf631,somaali,,,,,
7210,14736,توڵخ,ڕەنگی ڕەشی ئاماڵ زەرد,سیفەت | ڕەنگ,ئاوەڵناو,هاوەڵناو,,,,LOW,"پۆل «سیفەت» is really the part of speech «هاوەڵناو» — routed nowhere, needs a decision ; پۆل «ڕەنگ» has no home among the deck's ten (see unmapped.csv)",96560cf4-030d-4268-baea-87bb57cdf631,somaali,,,,,
7213,14737,توڵخی,جۆرێ ترێ,میوە,ناو,ناو,,,,HIGH,پۆل «میوە» has no home among the deck's ten (see unmapped.csv),96560cf4-030d-4268-baea-87bb57cdf631,somaali,,,,,
7215,14738,ئازا,نەترس، بەغیرەت، ڕەشید، زوو بەپەلە,سیفەت | ئەنجامدانی کارێک,ناو | ئاوەڵناو | ئاوەڵکار,,,ڕەگەز=نێر,,LOW,"word carries several parts of speech (ناو / هاوەڵناو / هاوەڵکار); a sense may only have one ; پۆل «سیفەت» is really the part of speech «هاوەڵناو» — routed nowhere, needs a decision ; پۆل «ئەنجامدانی کارێک» is really the part of speech «کار» — routed nowhere, needs a decision",f65f7d2f-996a-4df7-a10e-c6e846940032,ahmadaziz,,,,,
7216,14739,ئازاد,ڕزگار، راھی، سەربەست,کەس,ناو,ناو,ناو › کەس,ڕەگەز=نێر,,HIGH,,f65f7d2f-996a-4df7-a10e-c6e846940032,ahmadaziz,,,,,
7218,14740,ئازادکردن,لە زیندان بەردان، لە گیرۆدەی راھی کردن، لێ خۆشبوون عافوکردن,ئەنجامدانی کارێک,کار,کار,,,,LOW,"پۆل «ئەنجامدانی کارێک» is really the part of speech «کار» — routed nowhere, needs a decision",f65f7d2f-996a-4df7-a10e-c6e846940032,ahmadaziz,,,,,
7220,14741,ش,بێدەنگکردن,ئەنجامدانی کارێک | ئامراز | زمانەوانی,بەستەر | دیارخەر | ئامرازی ناساند,,کولتووری › ئامراز,ڕەگەز=دوولایەن,,LOW,"جۆری وشە «بەستەر, دیارخەر, ئامرازی ناساند» has no equivalent among the seven ; پۆل «ئەنجامدانی کارێک» is really the part of speech «کار» — routed nowhere, needs a decision ; پۆل «زمانەوانی» has no home among the deck's ten (see unmapped.csv)",d641c5d5-6362-478e-b261-1d3ba03b0e00,sirwan,,,,,
7222,14742,زاخۆر,بەردەڵانی ڕژد و بڵند,شوێن,,,ناو › شوێن,,,LOW,word has no جۆری وشە at all,5f16fc33-8c0b-4cb7-85ab-cf91afdbbcd3,bilalhama,,,,,
7223,14742,زاخۆر,ئەشکەوت لە کێفدا,شوێن,,,ناو › شوێن,,,LOW,word has no جۆری وشە at all,5f16fc33-8c0b-4cb7-85ab-cf91afdbbcd3,bilalhama,,,,,
7226,14743,زاخۆران,هۆزێکە لە کوردستان,سیفەت | ئەنجامدانی کارێک,,,,,,LOW,"word has no جۆری وشە at all ; پۆل «سیفەت» is really the part of speech «هاوەڵناو» — routed nowhere, needs a decision ; پۆل «ئەنجامدانی کارێک» is really the part of speech «کار» — routed nowhere, needs a decision",5f16fc33-8c0b-4cb7-85ab-cf91afdbbcd3,bilalhama,,,,,
7227,14743,زاخۆران,تاڵان و بڕۆ,سیفەت | ئەنجامدانی کارێک,,,,,,LOW,"word has no جۆری وشە at all ; پۆل «سیفەت» is really the part of speech «هاوەڵناو» — routed nowhere, needs a decision ; پۆل «ئەنجامدانی کارێک» is really the part of speech «کار» — routed nowhere, needs a decision",5f16fc33-8c0b-4cb7-85ab-cf91afdbbcd3,bilalhama,,,,,
7230,14744,زاخۆری,پارچەیەکی لە ئاوریشم ژنان دەیکەنە لەچک,جلوبەرگ,ناو,ناو,,,,HIGH,پۆل «جلوبەرگ» has no home among the deck's ten (see unmapped.csv),5f16fc33-8c0b-4cb7-85ab-cf91afdbbcd3,bilalhama,,,,,
7232,14745,زاخۆن,ئاخەڵە مەری لە کێو دابراو,شوێن,,,ناو › شوێن,,,LOW,word has no جۆری وشە at all,5f16fc33-8c0b-4cb7-85ab-cf91afdbbcd3,bilalhama,,,,,
7233,14745,زاخۆن,کویل,شوێن,,,ناو › شوێن,,,LOW,word has no جۆری وشە at all,5f16fc33-8c0b-4cb7-85ab-cf91afdbbcd3,bilalhama,,,,,
7235,14746,زاخە,زاخۆن,شوێن,,,ناو › شوێن,,,LOW,word has no جۆری وشە at all,5f16fc33-8c0b-4cb7-85ab-cf91afdbbcd3,bilalhama,,,,,
7237,14747,زاخێ,قشقەڵە,شوێن | گیانلەبەر,,,ناو › شوێن,,,LOW,word has no جۆری وشە at all ; پۆل «گیانلەبەر» has no home among the deck's ten (see unmapped.csv),5f16fc33-8c0b-4cb7-85ab-cf91afdbbcd3,bilalhama,,,,,
7238,14747,زاخێ,قەلەباچکە,شوێن | گیانلەبەر,,,ناو › شوێن,,,LOW,word has no جۆری وشە at all ; پۆل «گیانلەبەر» has no home among the deck's ten (see unmapped.csv),5f16fc33-8c0b-4cb7-85ab-cf91afdbbcd3,bilalhama,,,,,
7240,14748,توڵە,سەگی چکۆڵەی ڕاو,ئاژەڵ,ناو,ناو,زیندەوەرزانی › ئاژەڵ,ڕەگەز=نێر,,HIGH,,96560cf4-030d-4268-baea-87bb57cdf631,somaali,,,,,
7242,14749,تۆڵەدانە,چێشتی تۆڕک و دانەوێڵە,خواردن,ناو,ناو,کولتووری › خواردن,,,HIGH,,96560cf4-030d-4268-baea-87bb57cdf631,somaali,,,,,
7248,14750,توولەزەڕە,گیایەکە دەخورێ,گژوگیا,ناو,ناو,,,,HIGH,پۆل «گژوگیا» has no home among the deck's ten (see unmapped.csv),96560cf4-030d-4268-baea-87bb57cdf631,somaali,,,,,
7249,14750,توولەزەڕە,ڕێزەڵە,گژوگیا,ناو,ناو,,,,HIGH,پۆل «گژوگیا» has no home among the deck's ten (see unmapped.csv),96560cf4-030d-4268-baea-87bb57cdf631,somaali,,,,,
7252,14751,تۆل دان,وێران کردن,ئەنجامدانی کارێک,کار,کار,,,,LOW,"پۆل «ئەنجامدانی کارێک» is really the part of speech «کار» — routed nowhere, needs a decision",96560cf4-030d-4268-baea-87bb57cdf631,somaali,,,,,
7254,14752,تۆلک,تۆڵکە,گژوگیا,ناو,ناو,,,,HIGH,پۆل «گژوگیا» has no home among the deck's ten (see unmapped.csv),96560cf4-030d-4268-baea-87bb57cdf631,somaali,,,,,
7255,14752,تۆلک,تۆڵەکە,گژوگیا,ناو,ناو,,,,HIGH,پۆل «گژوگیا» has no home among the deck's ten (see unmapped.csv),96560cf4-030d-4268-baea-87bb57cdf631,somaali,,,,,
7256,14752,تۆلک,نانەحاجی لەگ لەگ,گژوگیا,ناو,ناو,,,,HIGH,پۆل «گژوگیا» has no home among the deck's ten (see unmapped.csv),96560cf4-030d-4268-baea-87bb57cdf631,somaali,,,,,
7258,14753,تۆڵکێش,لکی نەبڕاوی داری مێو ژێر خاک کردن,ئەنجامدانی کارێک,کار,کار,,,,LOW,"پۆل «ئەنجامدانی کارێک» is really the part of speech «کار» — routed nowhere, needs a decision",96560cf4-030d-4268-baea-87bb57cdf631,somaali,,,,,
7260,14754,تولنج,جینچک,ئەنجامدانی کارێک,کار,کار,,,,LOW,"پۆل «ئەنجامدانی کارێک» is really the part of speech «کار» — routed nowhere, needs a decision",96560cf4-030d-4268-baea-87bb57cdf631,somaali,,,,,
7261,14754,تولنج,تر وشکان,ئەنجامدانی کارێک,کار,کار,,,,LOW,"پۆل «ئەنجامدانی کارێک» is really the part of speech «کار» — routed nowhere, needs a decision",96560cf4-030d-4268-baea-87bb57cdf631,somaali,,,,,
7262,14754,تولنج,هەڵتوتەکان,ئەنجامدانی کارێک,کار,کار,,,,LOW,"پۆل «ئەنجامدانی کارێک» is really the part of speech «کار» — routed nowhere, needs a decision",96560cf4-030d-4268-baea-87bb57cdf631,somaali,,,,,
7264,14755,تولوم,تەپڵ,ئامراز,ناو,ناو,کولتووری › ئامراز,,,HIGH,,96560cf4-030d-4268-baea-87bb57cdf631,somaali,,,,,
7266,14756,س,لە دوای وشە و پیتی خەبەردانە:(ئەمەس),دەنگ,هیتر,,,ڕەگەز=بێلایەن,,LOW,جۆری وشە «هیتر» has no equivalent among the seven ; پۆل «دەنگ» has no home among the deck's ten (see unmapped.csv),28902dbf-4614-41c6-af7d-b36d8dc5fce6,parzhin,,,,,
7284,14757,توولە,لکی زۆر ناسکی یەک ساڵە,درەخت | ئاژەڵ,ناو,ناو,زیندەوەرزانی › ئاژەڵ,ڕەگەز=نێر,,HIGH,پۆل «درەخت» has no home among the deck's ten (see unmapped.csv),96560cf4-030d-4268-baea-87bb57cdf631,somaali,,,,,
7285,14757,توولە,نانە حاجی لەگ لەگ,درەخت | ئاژەڵ,ناو,ناو,زیندەوەرزانی › ئاژەڵ,ڕەگەز=نێر,,HIGH,پۆل «درەخت» has no home among the deck's ten (see unmapped.csv),96560cf4-030d-4268-baea-87bb57cdf631,somaali,,,,,
7286,14757,توولە,سەگی چکۆلە,درەخت | ئاژەڵ,ناو,ناو,زیندەوەرزانی › ئاژەڵ,ڕەگەز=نێر,,HIGH,پۆل «درەخت» has no home among the deck's ten (see unmapped.csv),96560cf4-030d-4268-baea-87bb57cdf631,somaali,,,,,
7287,14757,توولە,بەچکە مار,درەخت | ئاژەڵ,ناو,ناو,زیندەوەرزانی › ئاژەڵ,ڕەگەز=نێر,,HIGH,پۆل «درەخت» has no home among the deck's ten (see unmapped.csv),96560cf4-030d-4268-baea-87bb57cdf631,somaali,,,,,
7288,14757,توولە,ماری باریک,درەخت | ئاژەڵ,ناو,ناو,زیندەوەرزانی › ئاژەڵ,ڕەگەز=نێر,,HIGH,پۆل «درەخت» has no home among the deck's ten (see unmapped.csv),96560cf4-030d-4268-baea-87bb57cdf631,somaali,,,,,
7278,14758,تۆڵە,تۆڵ,سیفەت | ئەنجامدانی کارێک,کار | ئاوەڵناو,,,,,LOW,"word carries several parts of speech (کار / هاوەڵناو); a sense may only have one ; پۆل «سیفەت» is really the part of speech «هاوەڵناو» — routed nowhere, needs a decision ; پۆل «ئەنجامدانی کارێک» is really the part of speech «کار» — routed nowhere, needs a decision",96560cf4-030d-4268-baea-87bb57cdf631,somaali,,,,,
7279,14758,تۆڵە,حەیف,سیفەت | ئەنجامدانی کارێک,کار | ئاوەڵناو,,,,,LOW,"word carries several parts of speech (کار / هاوەڵناو); a sense may only have one ; پۆل «سیفەت» is really the part of speech «هاوەڵناو» — routed nowhere, needs a decision ; پۆل «ئەنجامدانی کارێک» is really the part of speech «کار» — routed nowhere, needs a decision",96560cf4-030d-4268-baea-87bb57cdf631,somaali,,,,,
7281,14759,توڵەپلنگ,تاژپلنگ,ئاژەڵ,ناو,ناو,زیندەوەرزانی › ئاژەڵ,ڕەگەز=نێر,,HIGH,,96560cf4-030d-4268-baea-87bb57cdf631,somaali,,,,,
7282,14759,توڵەپلنگ,هاس,ئاژەڵ,ناو,ناو,زیندەوەرزانی › ئاژەڵ,ڕەگەز=نێر,,HIGH,,96560cf4-030d-4268-baea-87bb57cdf631,somaali,,,,,
7295,14760,تۆلەترش,مام ڕێواس,گژوگیا,ناو,ناو,,,,HIGH,پۆل «گژوگیا» has no home among the deck's ten (see unmapped.csv),96560cf4-030d-4268-baea-87bb57cdf631,somaali,,,,,
7296,14760,تۆلەترش,گیایەکە دەرمانی کرمە,گژوگیا,ناو,ناو,,,,HIGH,پۆل «گژوگیا» has no home among the deck's ten (see unmapped.csv),96560cf4-030d-4268-baea-87bb57cdf631,somaali,,,,,
7298,14761,توولەرێ,رچە,شوێن,ناو,ناو,ناو › شوێن,,,HIGH,,96560cf4-030d-4268-baea-87bb57cdf631,somaali,,,,,
7299,14761,توولەرێ,ڕێگەی باریک لە چیاو چۆڵ,شوێن,ناو,ناو,ناو › شوێن,,,HIGH,,96560cf4-030d-4268-baea-87bb57cdf631,somaali,,,,,
7301,14763,توولەسەوز,گیایەکە بەرەکەی لە گۆیژ دەکا و بەرزە باڵایە,درەخت,ناو,ناو,,,,HIGH,پۆل «درەخت» has no home among the deck's ten (see unmapped.csv),96560cf4-030d-4268-baea-87bb57cdf631,somaali,,,,,
7303,14765,سا,کات،دەم (ئەو سا جوان بووم),کات | ئامراز,ناو,ناو,کولتووری › ئامراز,,,HIGH,پۆل «کات» has no home among the deck's ten (see unmapped.csv),28902dbf-4614-41c6-af7d-b36d8dc5fce6,parzhin,,,,,
7304,14765,سا,کەوابوو،ئیتر(سا منیش دێم),کات | ئامراز,ناو,ناو,کولتووری › ئامراز,,,HIGH,پۆل «کات» has no home among the deck's ten (see unmapped.csv),28902dbf-4614-41c6-af7d-b36d8dc5fce6,parzhin,,,,,
7305,14765,سا,عاسمانی بێ هەور(ساماڵ),کات | ئامراز,ناو,ناو,کولتووری › ئامراز,,,HIGH,پۆل «کات» has no home among the deck's ten (see unmapped.csv),28902dbf-4614-41c6-af7d-b36d8dc5fce6,parzhin,,,,,
7306,14765,سا,سێبەر:(لە سای چناران),کات | ئامراز,ناو,ناو,کولتووری › ئامراز,,,HIGH,پۆل «کات» has no home among the deck's ten (see unmapped.csv),28902dbf-4614-41c6-af7d-b36d8dc5fce6,parzhin,,,,,
7307,14765,سا,داڵدەدان،پەنای پەنابەران(لە سای تۆدا حەساینەوە),کات | ئامراز,ناو,ناو,کولتووری › ئامراز,,,HIGH,پۆل «کات» has no home among the deck's ten (see unmapped.csv),28902dbf-4614-41c6-af7d-b36d8dc5fce6,parzhin,,,,,
7308,14765,سا,سواو،لوس،بوگ:(کاورایێ سائەقڵە واتا:ئەقڵی سواوە),کات | ئامراز,ناو,ناو,کولتووری › ئامراز,,,HIGH,پۆل «کات» has no home among the deck's ten (see unmapped.csv),28902dbf-4614-41c6-af7d-b36d8dc5fce6,parzhin,,,,,
7309,14765,سا,بۆ:(سا من بشینە) واتا:بۆ منی بنێرە,کات | ئامراز,ناو,ناو,کولتووری › ئامراز,,,HIGH,پۆل «کات» has no home among the deck's ten (see unmapped.csv),28902dbf-4614-41c6-af7d-b36d8dc5fce6,parzhin,,,,,
7310,14766,توولەک,وەرینی موی لەش: (ڕێوی گەزیزە خواردو توولەک دەکا),بارودۆخی جەستەیی,ناو | ئاوەڵناو,,زانستیی پزیشکی › بارودۆخی جەستەیی,,,LOW,word carries several parts of speech (ناو / هاوەڵناو); a sense may only have one,96560cf4-030d-4268-baea-87bb57cdf631,somaali,,,,,
7311,14766,توولەک,برێتی لە تازەلاوی بێ موو,بارودۆخی جەستەیی,ناو | ئاوەڵناو,,زانستیی پزیشکی › بارودۆخی جەستەیی,,,LOW,word carries several parts of speech (ناو / هاوەڵناو); a sense may only have one,96560cf4-030d-4268-baea-87bb57cdf631,somaali,,,,,
7314,14771,تۆڵەکە,تۆڕک,گژوگیا,ناو,ناو,,,,HIGH,پۆل «گژوگیا» has no home among the deck's ten (see unmapped.csv),96560cf4-030d-4268-baea-87bb57cdf631,somaali,,,,,
7315,14771,تۆڵەکە,نانە حاجی لەگ لەگ,گژوگیا,ناو,ناو,,,,HIGH,پۆل «گژوگیا» has no home among the deck's ten (see unmapped.csv),96560cf4-030d-4268-baea-87bb57cdf631,somaali,,,,,
7323,14772,توولەمار,ماری باریک,ئاژەڵ,ناو,ناو,زیندەوەرزانی › ئاژەڵ,ڕەگەز=دوولایەن,,HIGH,,96560cf4-030d-4268-baea-87bb57cdf631,somaali,,,,,
7324,14772,توولەمار,بەچکە مار,ئاژەڵ,ناو,ناو,زیندەوەرزانی › ئاژەڵ,ڕەگەز=دوولایەن,,HIGH,,96560cf4-030d-4268-baea-87bb57cdf631,somaali,,,,,
7321,14773,توولەنەمام,ریشەداری باریک و ڕاست و بەرزە باڵا,درەخت,ناو,ناو,,,,HIGH,پۆل «درەخت» has no home among the deck's ten (see unmapped.csv),96560cf4-030d-4268-baea-87bb57cdf631,somaali,,,,,
7327,14774,تووڵی سەوز,توولە سەوز,درەخت,ناو,ناو,,,,HIGH,پۆل «درەخت» has no home among the deck's ten (see unmapped.csv),96560cf4-030d-4268-baea-87bb57cdf631,somaali,,,,,
7329,14775,توولینە,قەرتاڵەی زۆر چکۆڵە,کەرەستە,ناو,ناو,کولتووری › کەرەستە,,,HIGH,,96560cf4-030d-4268-baea-87bb57cdf631,somaali,,,,,
7615,14780,سابورە,نێرەموک،نەنێر نە مێ,مرۆڤ,ناو,ناو,کولتووری › مرۆڤ,ڕەگەز=بێلایەن,,HIGH,,28902dbf-4614-41c6-af7d-b36d8dc5fce6,parzhin,,,,,
7616,14780,سابورە,تەختە ڕەشی قوتابخانە,مرۆڤ,ناو,ناو,کولتووری › مرۆڤ,ڕەگەز=بێلایەن,,HIGH,,28902dbf-4614-41c6-af7d-b36d8dc5fce6,parzhin,,,,,
7333,14785,سابونی,مەلێکە بەقەد زاق ڕەنگێکی بۆری خۆڵەمێشی هەیە,ئاژەڵ,ناو,ناو,زیندەوەرزانی › ئاژەڵ,ڕەگەز=دوولایەن,,HIGH,,28902dbf-4614-41c6-af7d-b36d8dc5fce6,parzhin,,,,,
7334,14787,رادێ,ناوە بۆ پیاوان,ناو تایبەت بە ڕەگەزی نێر,ناو,ناو,,ڕەگەز=نێر,,HIGH,پۆل «ناو تایبەت بە ڕەگەزی نێر» has no home among the deck's ten (see unmapped.csv),79dd71fd-aaa5-4f5a-9211-101eeda2d0b8,taraakoy,,,,,
7336,14788,رادیۆ,رادوێ,ئامێر,ناو,ناو,,,,HIGH,پۆل «ئامێر» has no home among the deck's ten (see unmapped.csv),79dd71fd-aaa5-4f5a-9211-101eeda2d0b8,taraakoy,,,,,
7338,14789,رادیۆن,رادوێ,ئامێر,ناو,ناو,,,,HIGH,پۆل «ئامێر» has no home among the deck's ten (see unmapped.csv),79dd71fd-aaa5-4f5a-9211-101eeda2d0b8,taraakoy,,,,,
7340,14790,رار,لەبەریەک بڵاو بوگ,باروودۆخ,ئاوەڵناو,هاوەڵناو,,,,HIGH,پۆل «باروودۆخ» has no home among the deck's ten (see unmapped.csv),79dd71fd-aaa5-4f5a-9211-101eeda2d0b8,taraakoy,,,,,
7341,14790,رار,هەلا هەلا,باروودۆخ,ئاوەڵناو,هاوەڵناو,,,,HIGH,پۆل «باروودۆخ» has no home among the deck's ten (see unmapped.csv),79dd71fd-aaa5-4f5a-9211-101eeda2d0b8,taraakoy,,,,,
7342,14790,رار,سەگی در,باروودۆخ,ئاوەڵناو,هاوەڵناو,,,,HIGH,پۆل «باروودۆخ» has no home among the deck's ten (see unmapped.csv),79dd71fd-aaa5-4f5a-9211-101eeda2d0b8,taraakoy,,,,,
7345,14792,توم,گرمە,دەنگ,ناو,ناو,,,,HIGH,پۆل «دەنگ» has no home among the deck's ten (see unmapped.csv),96560cf4-030d-4268-baea-87bb57cdf631,somaali,,,,,
7346,14792,توم,هاڕە,دەنگ,ناو,ناو,,,,HIGH,پۆل «دەنگ» has no home among the deck's ten (see unmapped.csv),96560cf4-030d-4268-baea-87bb57cdf631,somaali,,,,,
7348,14793,تۆماتێز,تەماتە,خواردن | سەوزە,ناو,ناو,کولتووری › خواردن,,,HIGH,پۆل «سەوزە» has no home among the deck's ten (see unmapped.csv),96560cf4-030d-4268-baea-87bb57cdf631,somaali,,,,,
7349,14793,تۆماتێز,باجانا سۆر,خواردن | سەوزە,ناو,ناو,کولتووری › خواردن,,,HIGH,پۆل «سەوزە» has no home among the deck's ten (see unmapped.csv),96560cf4-030d-4268-baea-87bb57cdf631,somaali,,,,,
7351,14794,تۆمار,قاقەزی نوسراوی لولدراو,ئامراز,ناو,ناو,کولتووری › ئامراز,,,HIGH,,96560cf4-030d-4268-baea-87bb57cdf631,somaali,,,,,
7352,14794,تۆمار,نووسین لە دەفتەردا,ئامراز,ناو,ناو,کولتووری › ئامراز,,,HIGH,,96560cf4-030d-4268-baea-87bb57cdf631,somaali,,,,,
7495,14795,تۆم,تۆو,تۆوەکان,ناو,ناو,,ڕەگەز=بێلایەن,,HIGH,پۆل «تۆوەکان» has no home among the deck's ten (see unmapped.csv),96560cf4-030d-4268-baea-87bb57cdf631,somaali,,,,,
7496,14795,تۆم,تۆڤ,تۆوەکان,ناو,ناو,,ڕەگەز=بێلایەن,,HIGH,پۆل «تۆوەکان» has no home among the deck's ten (see unmapped.csv),96560cf4-030d-4268-baea-87bb57cdf631,somaali,,,,,
7497,14795,تۆم,تۆ,تۆوەکان,ناو,ناو,,ڕەگەز=بێلایەن,,HIGH,پۆل «تۆوەکان» has no home among the deck's ten (see unmapped.csv),96560cf4-030d-4268-baea-87bb57cdf631,somaali,,,,,
7360,14796,تۆمارکردن,نووسین لەسەر دەفتەر,ئەنجامدانی کارێک,کار,کار,,,,LOW,"پۆل «ئەنجامدانی کارێک» is really the part of speech «کار» — routed nowhere, needs a decision",96560cf4-030d-4268-baea-87bb57cdf631,somaali,,,,,
7362,14797,زاخێر,زاخر,سیفەت,,,,,,LOW,"word has no جۆری وشە at all ; پۆل «سیفەت» is really the part of speech «هاوەڵناو» — routed nowhere, needs a decision",5f16fc33-8c0b-4cb7-85ab-cf91afdbbcd3,bilalhama,,,,,
7364,14798,زاد,توێشوو,کەس | خواردن,ناو,ناو,ناو › کەس | کولتووری › خواردن,,,HIGH,,5f16fc33-8c0b-4cb7-85ab-cf91afdbbcd3,bilalhama,,,,,
7365,14798,زاد,دەخڵ و نان,کەس | خواردن,ناو,ناو,ناو › کەس | کولتووری › خواردن,,,HIGH,,5f16fc33-8c0b-4cb7-85ab-cf91afdbbcd3,bilalhama,,,,,
7366,14798,زاد,مناڵ پەیابون,کەس | خواردن,ناو,ناو,ناو › کەس | کولتووری › خواردن,,,HIGH,,5f16fc33-8c0b-4cb7-85ab-cf91afdbbcd3,bilalhama,,,,,
7370,14799,زاددان,توێشودان,خواردن,,,کولتووری › خواردن,,,LOW,word has no جۆری وشە at all,5f16fc33-8c0b-4cb7-85ab-cf91afdbbcd3,bilalhama,,,,,
7372,14800,زادووەڵەد,زادووەڵەد,کەس,,,ناو › کەس,,,LOW,word has no جۆری وشە at all,5f16fc33-8c0b-4cb7-85ab-cf91afdbbcd3,bilalhama,,,,,
7374,14801,زادە,فرزەند,کەس,,,ناو › کەس,,,LOW,word has no جۆری وشە at all,5f16fc33-8c0b-4cb7-85ab-cf91afdbbcd3,bilalhama,,,,,
7375,14801,زادە,بێچوی بنیادەم,کەس,,,ناو › کەس,,,LOW,word has no جۆری وشە at all,5f16fc33-8c0b-4cb7-85ab-cf91afdbbcd3,bilalhama,,,,,
7377,14802,تۆماو,شاوەت,بارودۆخی جەستەیی,ناو,ناو,زانستیی پزیشکی › بارودۆخی جەستەیی,ڕەگەز=دوولایەن,,HIGH,,96560cf4-030d-4268-baea-87bb57cdf631,somaali,,,,,
7378,14802,تۆماو,ئاوی یشت,بارودۆخی جەستەیی,ناو,ناو,زانستیی پزیشکی › بارودۆخی جەستەیی,ڕەگەز=دوولایەن,,HIGH,,96560cf4-030d-4268-baea-87bb57cdf631,somaali,,,,,
7380,14803,زادەکان,فر زەندان,کەس,ناو,ناو,ناو › کەس,,,HIGH,,5f16fc33-8c0b-4cb7-85ab-cf91afdbbcd3,bilalhama,,,,,
7382,14804,تۆمبز,سەرمەقلات,ئەنجامدانی کارێک | یاری,کار,کار,کولتووری › یاری,,,LOW,"پۆل «ئەنجامدانی کارێک» is really the part of speech «کار» — routed nowhere, needs a decision",96560cf4-030d-4268-baea-87bb57cdf631,somaali,,,,,
7383,14804,تۆمبز,جقڵمبە,ئەنجامدانی کارێک | یاری,کار,کار,کولتووری › یاری,,,LOW,"پۆل «ئەنجامدانی کارێک» is really the part of speech «کار» — routed nowhere, needs a decision",96560cf4-030d-4268-baea-87bb57cdf631,somaali,,,,,
7384,14804,تۆمبز,بە لینگەو قوچی خۆ هەڵگێڕانەوە,ئەنجامدانی کارێک | یاری,کار,کار,کولتووری › یاری,,,LOW,"پۆل «ئەنجامدانی کارێک» is really the part of speech «کار» — routed nowhere, needs a decision",96560cf4-030d-4268-baea-87bb57cdf631,somaali,,,,,
7385,14804,تۆمبز,سەرمەقولات,ئەنجامدانی کارێک | یاری,کار,کار,کولتووری › یاری,,,LOW,"پۆل «ئەنجامدانی کارێک» is really the part of speech «کار» — routed nowhere, needs a decision",96560cf4-030d-4268-baea-87bb57cdf631,somaali,,,,,
7387,14805,توم تمۆک,واڵایی بن گاشە بەرد,شوێن,ناو,ناو,ناو › شوێن,,,HIGH,,96560cf4-030d-4268-baea-87bb57cdf631,somaali,,,,,
7389,14806,تۆم رژیاگ,لە پیاوەتی کەفتگ,بارودۆخی جەستەیی,ناو,ناو,زانستیی پزیشکی › بارودۆخی جەستەیی,ڕەگەز=نێر,,HIGH,,96560cf4-030d-4268-baea-87bb57cdf631,somaali,,,,,
7391,14807,توومک,چەشە,خواردن,ناو,ناو,کولتووری › خواردن,,,HIGH,,96560cf4-030d-4268-baea-87bb57cdf631,somaali,,,,,
7392,14807,توومک,چەشتە,خواردن,ناو,ناو,کولتووری › خواردن,,,HIGH,,96560cf4-030d-4268-baea-87bb57cdf631,somaali,,,,,
7393,14807,توومک,چێشتە,خواردن,ناو,ناو,کولتووری › خواردن,,,HIGH,,96560cf4-030d-4268-baea-87bb57cdf631,somaali,,,,,
7394,14807,توومک,خۆراکی فریودانی نێچیر,خواردن,ناو,ناو,کولتووری › خواردن,,,HIGH,,96560cf4-030d-4268-baea-87bb57cdf631,somaali,,,,,
7396,14808,تۆممێن,هاڕەکردن,ئەنجامدانی کارێک,کار,کار,,,,LOW,"پۆل «ئەنجامدانی کارێک» is really the part of speech «کار» — routed nowhere, needs a decision",96560cf4-030d-4268-baea-87bb57cdf631,somaali,,,,,
7397,14808,تۆممێن,گرماندن,ئەنجامدانی کارێک,کار,کار,,,,LOW,"پۆل «ئەنجامدانی کارێک» is really the part of speech «کار» — routed nowhere, needs a decision",96560cf4-030d-4268-baea-87bb57cdf631,somaali,,,,,
7399,14809,تۆمو,دەرپێ,جلوبەرگ,ناو,ناو,,ڕەگەز=دوولایەن,,HIGH,پۆل «جلوبەرگ» has no home among the deck's ten (see unmapped.csv),96560cf4-030d-4268-baea-87bb57cdf631,somaali,,,,,
7401,14810,حەنجەت,بەهانە,دەستەواژە | چەمک,ناو,ناو,,,,HIGH,پۆل «دەستەواژە» has no home among the deck's ten (see unmapped.csv) ; پۆل «چەمک» has no home among the deck's ten (see unmapped.csv),d53e0d86-01bb-4950-863e-beb1e3d81ccf,shkoskur,,,,,
7402,14810,حەنجەت,پەڵپ,دەستەواژە | چەمک,ناو,ناو,,,,HIGH,پۆل «دەستەواژە» has no home among the deck's ten (see unmapped.csv) ; پۆل «چەمک» has no home among the deck's ten (see unmapped.csv),d53e0d86-01bb-4950-863e-beb1e3d81ccf,shkoskur,,,,,
7403,14811,حەندرحۆ,حەندەرحۆ,,,,,,,LOW,word has no جۆری وشە at all,d53e0d86-01bb-4950-863e-beb1e3d81ccf,shkoskur,,,,,
7404,14812,حەندولە,تۆمە گەنمێکی درشت,دانەوێڵە | تۆوەکان,,,,,,LOW,word has no جۆری وشە at all ; پۆل «دانەوێڵە» has no home among the deck's ten (see unmapped.csv) ; پۆل «تۆوەکان» has no home among the deck's ten (see unmapped.csv),d53e0d86-01bb-4950-863e-beb1e3d81ccf,shkoskur,,,,,
7406,14813,حەنجەل,سەرەمەرگ,کات,ناو,ناو,,,,HIGH,پۆل «کات» has no home among the deck's ten (see unmapped.csv),d53e0d86-01bb-4950-863e-beb1e3d81ccf,shkoskur,,,,,
7407,14814,حەندۆلی,دۆدانە,کەرەستە,ئاوەڵناو,هاوەڵناو,کولتووری › کەرەستە,,,HIGH,,d53e0d86-01bb-4950-863e-beb1e3d81ccf,shkoskur,,,,,
7408,14814,حەندۆلی,شیرمەشک,کەرەستە,ئاوەڵناو,هاوەڵناو,کولتووری › کەرەستە,,,HIGH,,d53e0d86-01bb-4950-863e-beb1e3d81ccf,shkoskur,,,,,
7410,14815,حەندەف,تەپۆڵکە,شوێن,ناو,ناو,ناو › شوێن,,,HIGH,,d53e0d86-01bb-4950-863e-beb1e3d81ccf,shkoskur,,,,,
7411,14815,حەندەف,گردۆڵکە,شوێن,ناو,ناو,ناو › شوێن,,,HIGH,,d53e0d86-01bb-4950-863e-beb1e3d81ccf,shkoskur,,,,,
7413,14816,حەنزەل,حەمزەل,,,,,,,LOW,word has no جۆری وشە at all,d53e0d86-01bb-4950-863e-beb1e3d81ccf,shkoskur,,,,,
7414,14817,حەنگرین,بەڕقداچوون,دەروون ناسی,ئاوەڵناو,هاوەڵناو,,,,HIGH,پۆل «دەروون ناسی» has no home among the deck's ten (see unmapped.csv),d53e0d86-01bb-4950-863e-beb1e3d81ccf,shkoskur,,,,,
7415,14817,حەنگرین,دەرکەوچوون,دەروون ناسی,ئاوەڵناو,هاوەڵناو,,,,HIGH,پۆل «دەروون ناسی» has no home among the deck's ten (see unmapped.csv),d53e0d86-01bb-4950-863e-beb1e3d81ccf,shkoskur,,,,,
7417,14818,حەنەزا,زڕکوڕێک کە لەگەڵ ژن هاتووە,دەستەواژە,ناو,ناو,,,,HIGH,پۆل «دەستەواژە» has no home among the deck's ten (see unmapped.csv),d53e0d86-01bb-4950-863e-beb1e3d81ccf,shkoskur,,,,,
7418,14818,حەنەزا,هەنەژاگ,دەستەواژە,ناو,ناو,,,,HIGH,پۆل «دەستەواژە» has no home among the deck's ten (see unmapped.csv),d53e0d86-01bb-4950-863e-beb1e3d81ccf,shkoskur,,,,,
7419,14819,حەنەفی,بە پەیڕەوانی مەزهەبی ئیمامی ئەبو حەنیفە دەوگوترێت.,دەستەواژە,,,,,,LOW,word has no جۆری وشە at all ; پۆل «دەستەواژە» has no home among the deck's ten (see unmapped.csv),d53e0d86-01bb-4950-863e-beb1e3d81ccf,shkoskur,,,,,
7420,14819,حەنەفی,شێرەی ئاو,دەستەواژە,,,,,,LOW,word has no جۆری وشە at all ; پۆل «دەستەواژە» has no home among the deck's ten (see unmapped.csv),d53e0d86-01bb-4950-863e-beb1e3d81ccf,shkoskur,,,,,
7421,14819,حەنەفی,بەلووعە,دەستەواژە,,,,,,LOW,word has no جۆری وشە at all ; پۆل «دەستەواژە» has no home among the deck's ten (see unmapped.csv),d53e0d86-01bb-4950-863e-beb1e3d81ccf,shkoskur,,,,,
7422,14820,حەنەک,قسەی گاڵتە و گەپ,زمان و ئەدەب | کەلتووری,,,,,,LOW,word has no جۆری وشە at all ; پۆل «زمان و ئەدەب» has no home among the deck's ten (see unmapped.csv) ; پۆل «کەلتووری» has no home among the deck's ten (see unmapped.csv),d53e0d86-01bb-4950-863e-beb1e3d81ccf,shkoskur,,,,,
7423,14820,حەنەک,جەڤەنگ,زمان و ئەدەب | کەلتووری,,,,,,LOW,word has no جۆری وشە at all ; پۆل «زمان و ئەدەب» has no home among the deck's ten (see unmapped.csv) ; پۆل «کەلتووری» has no home among the deck's ten (see unmapped.csv),d53e0d86-01bb-4950-863e-beb1e3d81ccf,shkoskur,,,,,
7424,14821,حەنەکچی,گاڵتەچی,کەس | مرۆڤ | پیشە,ناو,ناو,ناو › کەس | کولتووری › مرۆڤ,,,HIGH,پۆل «پیشە» has no home among the deck's ten (see unmapped.csv),d53e0d86-01bb-4950-863e-beb1e3d81ccf,shkoskur,,,,,
7425,14821,حەنەکچی,قسەسەیر,کەس | مرۆڤ | پیشە,ناو,ناو,ناو › کەس | کولتووری › مرۆڤ,,,HIGH,پۆل «پیشە» has no home among the deck's ten (see unmapped.csv),d53e0d86-01bb-4950-863e-beb1e3d81ccf,shkoskur,,,,,
7426,14821,حەنەکچی,قسەخۆش,کەس | مرۆڤ | پیشە,ناو,ناو,ناو › کەس | کولتووری › مرۆڤ,,,HIGH,پۆل «پیشە» has no home among the deck's ten (see unmapped.csv),d53e0d86-01bb-4950-863e-beb1e3d81ccf,shkoskur,,,,,
7430,14823,حەو,حەوت,وشەی سەرسوڕمان | ژمارەکان,ئاوەڵناو | بانگکردن,هاوەڵناو,,,,HIGH,پۆل «وشەی سەرسوڕمان» has no home among the deck's ten (see unmapped.csv) ; پۆل «ژمارەکان» has no home among the deck's ten (see unmapped.csv),d53e0d86-01bb-4950-863e-beb1e3d81ccf,shkoskur,,,,,
7431,14823,حەو,بانگکردن بە دەنگی بەرز,وشەی سەرسوڕمان | ژمارەکان,ئاوەڵناو | بانگکردن,هاوەڵناو,,,,HIGH,پۆل «وشەی سەرسوڕمان» has no home among the deck's ten (see unmapped.csv) ; پۆل «ژمارەکان» has no home among the deck's ten (see unmapped.csv),d53e0d86-01bb-4950-863e-beb1e3d81ccf,shkoskur,,,,,
7432,14823,حەو,وشەیەکی سەرسوڕمانە لە کاتی قسەکردندا دەوترێت,وشەی سەرسوڕمان | ژمارەکان,ئاوەڵناو | بانگکردن,هاوەڵناو,,,,HIGH,پۆل «وشەی سەرسوڕمان» has no home among the deck's ten (see unmapped.csv) ; پۆل «ژمارەکان» has no home among the deck's ten (see unmapped.csv),d53e0d86-01bb-4950-863e-beb1e3d81ccf,shkoskur,,,,,
7433,14823,حەو,دەنگی سەگ,وشەی سەرسوڕمان | ژمارەکان,ئاوەڵناو | بانگکردن,هاوەڵناو,,,,HIGH,پۆل «وشەی سەرسوڕمان» has no home among the deck's ten (see unmapped.csv) ; پۆل «ژمارەکان» has no home among the deck's ten (see unmapped.csv),d53e0d86-01bb-4950-863e-beb1e3d81ccf,shkoskur,,,,,
7434,14824,حەوا,ناوی هاوسەری پێغەمبەر ئادەمە (علیە سلام),شوێن,ناو,ناو,ناو › شوێن,ڕەگەز=مێ,,HIGH,,d53e0d86-01bb-4950-863e-beb1e3d81ccf,shkoskur,,,,,
7435,14824,حەوا,ئاسمان,شوێن,ناو,ناو,ناو › شوێن,ڕەگەز=مێ,,HIGH,,d53e0d86-01bb-4950-863e-beb1e3d81ccf,shkoskur,,,,,
7436,14824,حەوا,بڵندایی,شوێن,ناو,ناو,ناو › شوێن,ڕەگەز=مێ,,HIGH,,d53e0d86-01bb-4950-863e-beb1e3d81ccf,shkoskur,,,,,
7437,14824,حەوا,بڵندایی دەوری زەمین,شوێن,ناو,ناو,ناو › شوێن,ڕەگەز=مێ,,HIGH,,d53e0d86-01bb-4950-863e-beb1e3d81ccf,shkoskur,,,,,
7438,14825,حەوادان,فێڕدان بەرەو ژوور,ئەنجامدانی کارێک | دەستەواژە,چاوگ,چاوگ,,,,LOW,"پۆل «ئەنجامدانی کارێک» is really the part of speech «کار» — routed nowhere, needs a decision ; پۆل «دەستەواژە» has no home among the deck's ten (see unmapped.csv) ; پۆل says «کار», جۆری وشە says «چاوگ» — they disagree",d53e0d86-01bb-4950-863e-beb1e3d81ccf,shkoskur,,,,,
7439,14825,حەوادان,وەک دەستەواژەیەک دەوترێت: کە قاپەکەم حەوادا...,ئەنجامدانی کارێک | دەستەواژە,چاوگ,چاوگ,,,,LOW,"پۆل «ئەنجامدانی کارێک» is really the part of speech «کار» — routed nowhere, needs a decision ; پۆل «دەستەواژە» has no home among the deck's ten (see unmapped.csv) ; پۆل says «کار», جۆری وشە says «چاوگ» — they disagree",d53e0d86-01bb-4950-863e-beb1e3d81ccf,shkoskur,,,,,
7440,14826,حەوار,هاوار,بانگکردن,ئاوەڵناو,هاوەڵناو,,,,HIGH,پۆل «بانگکردن» has no home among the deck's ten (see unmapped.csv),d53e0d86-01bb-4950-863e-beb1e3d81ccf,shkoskur,,,,,
7441,14826,حەوار,گازی,بانگکردن,ئاوەڵناو,هاوەڵناو,,,,HIGH,پۆل «بانگکردن» has no home among the deck's ten (see unmapped.csv),d53e0d86-01bb-4950-863e-beb1e3d81ccf,shkoskur,,,,,
7442,14828,ساپیتە,ساپیتک,شوێن,ناو,ناو,ناو › شوێن,ڕەگەز=بێلایەن,,HIGH,,28902dbf-4614-41c6-af7d-b36d8dc5fce6,parzhin,,,,,
7443,14829,داگا,نەنک,کەس,ناو,ناو,ناو › کەس,,,HIGH,,fbaa1310-1a57-4439-b4e4-2b6fb312b455,banazhamad,,,,,
7444,14829,داگا,داکی داک و باب,کەس,ناو,ناو,ناو › کەس,,,HIGH,,fbaa1310-1a57-4439-b4e4-2b6fb312b455,banazhamad,,,,,
7446,14830,داگر,داگیرکەر,سیفەت,ئاوەڵناو,هاوەڵناو,,,,LOW,"پۆل «سیفەت» is really the part of speech «هاوەڵناو» — routed nowhere, needs a decision",fbaa1310-1a57-4439-b4e4-2b6fb312b455,banazhamad,,,,,
7447,14830,داگر,دەست بەسەرداگر,سیفەت,ئاوەڵناو,هاوەڵناو,,,,LOW,"پۆل «سیفەت» is really the part of speech «هاوەڵناو» — routed nowhere, needs a decision",fbaa1310-1a57-4439-b4e4-2b6fb312b455,banazhamad,,,,,
7448,14830,داگر,هەمولا وەبەرخودەر,سیفەت,ئاوەڵناو,هاوەڵناو,,,,LOW,"پۆل «سیفەت» is really the part of speech «هاوەڵناو» — routed nowhere, needs a decision",fbaa1310-1a57-4439-b4e4-2b6fb312b455,banazhamad,,,,,
7452,14831,داگڕاندن,وەخوروهێنانی لەش لە نەخۆشی,بارودۆخی جەستەیی,چاوگ,چاوگ,زانستیی پزیشکی › بارودۆخی جەستەیی,,,HIGH,,fbaa1310-1a57-4439-b4e4-2b6fb312b455,banazhamad,,,,,
7454,14832,داگڕاو,لەشی وەخوروهاتگ,سیفەت,ئاوەڵناو,هاوەڵناو,,,,LOW,"پۆل «سیفەت» is really the part of speech «هاوەڵناو» — routed nowhere, needs a decision",fbaa1310-1a57-4439-b4e4-2b6fb312b455,banazhamad,,,,,
7456,14833,داگرتنەوە,دوبارەپڕکردن,ئەنجامدانی کارێک,کار,کار,,,,LOW,"پۆل «ئەنجامدانی کارێک» is really the part of speech «کار» — routed nowhere, needs a decision",fbaa1310-1a57-4439-b4e4-2b6fb312b455,banazhamad,,,,,
7457,14833,داگرتنەوە,بەسەریەکا درونی حاشیەی لیباس,ئەنجامدانی کارێک,کار,کار,,,,LOW,"پۆل «ئەنجامدانی کارێک» is really the part of speech «کار» — routed nowhere, needs a decision",fbaa1310-1a57-4439-b4e4-2b6fb312b455,banazhamad,,,,,
7460,14834,داگرسان,پێبونی ئاگر,ئەنجامدانی کارێک,چاوگ,چاوگ,,,,LOW,"پۆل «ئەنجامدانی کارێک» is really the part of speech «کار» — routed nowhere, needs a decision ; پۆل says «کار», جۆری وشە says «چاوگ» — they disagree",fbaa1310-1a57-4439-b4e4-2b6fb312b455,banazhamad,,,,,
7461,14834,داگرسان,هەڵبون,ئەنجامدانی کارێک,چاوگ,چاوگ,,,,LOW,"پۆل «ئەنجامدانی کارێک» is really the part of speech «کار» — routed nowhere, needs a decision ; پۆل says «کار», جۆری وشە says «چاوگ» — they disagree",fbaa1310-1a57-4439-b4e4-2b6fb312b455,banazhamad,,,,,
7463,14835,داگرساندن,پێکردن,ئەنجامدانی کارێک,چاوگ,چاوگ,,,,LOW,"پۆل «ئەنجامدانی کارێک» is really the part of speech «کار» — routed nowhere, needs a decision ; پۆل says «کار», جۆری وشە says «چاوگ» — they disagree",fbaa1310-1a57-4439-b4e4-2b6fb312b455,banazhamad,,,,,
7464,14835,داگرساندن,هەڵبون,ئەنجامدانی کارێک,چاوگ,چاوگ,,,,LOW,"پۆل «ئەنجامدانی کارێک» is really the part of speech «کار» — routed nowhere, needs a decision ; پۆل says «کار», جۆری وشە says «چاوگ» — they disagree",fbaa1310-1a57-4439-b4e4-2b6fb312b455,banazhamad,,,,,
7466,14836,داگرساو,هەڵبو,سیفەت,ئاوەڵناو,هاوەڵناو,,,,LOW,"پۆل «سیفەت» is really the part of speech «هاوەڵناو» — routed nowhere, needs a decision",fbaa1310-1a57-4439-b4e4-2b6fb312b455,banazhamad,,,,,
7467,14836,داگرساو,ئاگرتێبەربو,سیفەت,ئاوەڵناو,هاوەڵناو,,,,LOW,"پۆل «سیفەت» is really the part of speech «هاوەڵناو» — routed nowhere, needs a decision",fbaa1310-1a57-4439-b4e4-2b6fb312b455,banazhamad,,,,,
7469,14837,داگریساندن,داگرساندن,ئەنجامدانی کارێک,چاوگ,چاوگ,,,,LOW,"پۆل «ئەنجامدانی کارێک» is really the part of speech «کار» — routed nowhere, needs a decision ; پۆل says «کار», جۆری وشە says «چاوگ» — they disagree",fbaa1310-1a57-4439-b4e4-2b6fb312b455,banazhamad,,,,,
7472,14838,داگوشین,وشین لەسەرەوە بەرەوژێر,ئەنجامدانی کارێک,چاوگ,چاوگ,,,,LOW,"پۆل «ئەنجامدانی کارێک» is really the part of speech «کار» — routed nowhere, needs a decision ; پۆل says «کار», جۆری وشە says «چاوگ» — they disagree",fbaa1310-1a57-4439-b4e4-2b6fb312b455,banazhamad,,,,,
7474,14839,داگەڕان,بەرەو خوارهاتن لە لای سەرەوە,ئەنجامدانی کارێک,چاوگ,چاوگ,,,,LOW,"پۆل «ئەنجامدانی کارێک» is really the part of speech «کار» — routed nowhere, needs a decision ; پۆل says «کار», جۆری وشە says «چاوگ» — they disagree",fbaa1310-1a57-4439-b4e4-2b6fb312b455,banazhamad,,,,,
7476,14840,دامە,گەمەیەکە بە سیو دو داش داکرێ,یاری,ناو,ناو,کولتووری › یاری,,,HIGH,,fbaa1310-1a57-4439-b4e4-2b6fb312b455,banazhamad,,,,,
7478,14841,دامەزران,جێگرتن,ئەنجامدانی کارێک,چاوگ,چاوگ,,,,LOW,"پۆل «ئەنجامدانی کارێک» is really the part of speech «کار» — routed nowhere, needs a decision ; پۆل says «کار», جۆری وشە says «چاوگ» — they disagree",fbaa1310-1a57-4439-b4e4-2b6fb312b455,banazhamad,,,,,
7479,14841,دامەزران,جێبونەوە لە شوێنێ,ئەنجامدانی کارێک,چاوگ,چاوگ,,,,LOW,"پۆل «ئەنجامدانی کارێک» is really the part of speech «کار» — routed nowhere, needs a decision ; پۆل says «کار», جۆری وشە says «چاوگ» — they disagree",fbaa1310-1a57-4439-b4e4-2b6fb312b455,banazhamad,,,,,
7481,14842,دامەزراندن,جێگیرکردن,ئەنجامدانی کارێک,چاوگ,چاوگ,,,,LOW,"پۆل «ئەنجامدانی کارێک» is really the part of speech «کار» — routed nowhere, needs a decision ; پۆل says «کار», جۆری وشە says «چاوگ» — they disagree",fbaa1310-1a57-4439-b4e4-2b6fb312b455,banazhamad,,,,,
7483,14843,دامەزرانن,دامەزراندن,ئەنجامدانی کارێک,چاوگ,چاوگ,,,,LOW,"پۆل «ئەنجامدانی کارێک» is really the part of speech «کار» — routed nowhere, needs a decision ; پۆل says «کار», جۆری وشە says «چاوگ» — they disagree",fbaa1310-1a57-4439-b4e4-2b6fb312b455,banazhamad,,,,,
7485,14844,دامەزراو,جێگیر بوگ,سیفەت,ئاوەڵناو,هاوەڵناو,,,,LOW,"پۆل «سیفەت» is really the part of speech «هاوەڵناو» — routed nowhere, needs a decision",fbaa1310-1a57-4439-b4e4-2b6fb312b455,banazhamad,,,,,
7489,14846,دامەزریان,دامەرزان,ئەنجامدانی کارێک,چاوگ,چاوگ,,,,LOW,"پۆل «ئەنجامدانی کارێک» is really the part of speech «کار» — routed nowhere, needs a decision ; پۆل says «کار», جۆری وشە says «چاوگ» — they disagree",fbaa1310-1a57-4439-b4e4-2b6fb312b455,banazhamad,,,,,
7491,14847,دامەزراو,دامەرزاو,سیفەت,ئاوەڵناو,هاوەڵناو,,,,LOW,"پۆل «سیفەت» is really the part of speech «هاوەڵناو» — routed nowhere, needs a decision",fbaa1310-1a57-4439-b4e4-2b6fb312b455,banazhamad,,,,,
7493,14848,دامەزراندن,دامەرزاندن,ئەنجامدانی کارێک,چاوگ,چاوگ,,,,LOW,"پۆل «ئەنجامدانی کارێک» is really the part of speech «کار» — routed nowhere, needs a decision ; پۆل says «کار», جۆری وشە says «چاوگ» — they disagree",fbaa1310-1a57-4439-b4e4-2b6fb312b455,banazhamad,,,,,
7500,14849,زار,مناڵ,کەس | دەنگ | باروودۆخ,,,ناو › کەس,,,LOW,word has no جۆری وشە at all ; پۆل «دەنگ» has no home among the deck's ten (see unmapped.csv) ; پۆل «باروودۆخ» has no home among the deck's ten (see unmapped.csv),5f16fc33-8c0b-4cb7-85ab-cf91afdbbcd3,bilalhama,,,,,
7501,14849,زار,دەرمانی جانوەر کوژ,کەس | دەنگ | باروودۆخ,,,ناو › کەس,,,LOW,word has no جۆری وشە at all ; پۆل «دەنگ» has no home among the deck's ten (see unmapped.csv) ; پۆل «باروودۆخ» has no home among the deck's ten (see unmapped.csv),5f16fc33-8c0b-4cb7-85ab-cf91afdbbcd3,bilalhama,,,,,
7502,14849,زار,دەم یان دەڤ,کەس | دەنگ | باروودۆخ,,,ناو › کەس,,,LOW,word has no جۆری وشە at all ; پۆل «دەنگ» has no home among the deck's ten (see unmapped.csv) ; پۆل «باروودۆخ» has no home among the deck's ten (see unmapped.csv),5f16fc33-8c0b-4cb7-85ab-cf91afdbbcd3,bilalhama,,,,,
7503,14849,زار,جێگە,کەس | دەنگ | باروودۆخ,,,ناو › کەس,,,LOW,word has no جۆری وشە at all ; پۆل «دەنگ» has no home among the deck's ten (see unmapped.csv) ; پۆل «باروودۆخ» has no home among the deck's ten (see unmapped.csv),5f16fc33-8c0b-4cb7-85ab-cf91afdbbcd3,bilalhama,,,,,
7506,14850,زارا,ناوە بۆ ژن,کەس,,,ناو › کەس,,,LOW,word has no جۆری وشە at all,5f16fc33-8c0b-4cb7-85ab-cf91afdbbcd3,bilalhama,,,,,
7507,14850,زارا,کەو، ژەرەژ,کەس,,,ناو › کەس,,,LOW,word has no جۆری وشە at all,5f16fc33-8c0b-4cb7-85ab-cf91afdbbcd3,bilalhama,,,,,
7509,14850,زارا,ناوی شارێکە لە کوردستان,کەس,,,ناو › کەس,,,LOW,word has no جۆری وشە at all,5f16fc33-8c0b-4cb7-85ab-cf91afdbbcd3,bilalhama,,,,,
7510,14851,زاراخن,زارەوانە، دەمەڵبێن,کەس,ئاوەڵناو,هاوەڵناو,ناو › کەس,,,HIGH,,5f16fc33-8c0b-4cb7-85ab-cf91afdbbcd3,bilalhama,,,,,
7512,14852,زارانج,کەو,گیانلەبەر | گژوگیا,ناو,ناو,,,,HIGH,پۆل «گیانلەبەر» has no home among the deck's ten (see unmapped.csv) ; پۆل «گژوگیا» has no home among the deck's ten (see unmapped.csv),5f16fc33-8c0b-4cb7-85ab-cf91afdbbcd3,bilalhama,,,,,
7513,14852,زارانج,ژەرەژ,گیانلەبەر | گژوگیا,ناو,ناو,,,,HIGH,پۆل «گیانلەبەر» has no home among the deck's ten (see unmapped.csv) ; پۆل «گژوگیا» has no home among the deck's ten (see unmapped.csv),5f16fc33-8c0b-4cb7-85ab-cf91afdbbcd3,bilalhama,,,,,
7515,14853,زارانز,ژەرەژ,گیانلەبەر | گژوگیا,ناو,ناو,,,,HIGH,پۆل «گیانلەبەر» has no home among the deck's ten (see unmapped.csv) ; پۆل «گژوگیا» has no home among the deck's ten (see unmapped.csv),5f16fc33-8c0b-4cb7-85ab-cf91afdbbcd3,bilalhama,,,,,
7516,14853,زارانز,کەو,گیانلەبەر | گژوگیا,ناو,ناو,,,,HIGH,پۆل «گیانلەبەر» has no home among the deck's ten (see unmapped.csv) ; پۆل «گژوگیا» has no home among the deck's ten (see unmapped.csv),5f16fc33-8c0b-4cb7-85ab-cf91afdbbcd3,bilalhama,,,,,
7518,14854,زاراو,دەرمانی تراوی جانەوەر کوژ,دەرمان | زمانەوانی,,,,,,LOW,word has no جۆری وشە at all ; پۆل «دەرمان» has no home among the deck's ten (see unmapped.csv) ; پۆل «زمانەوانی» has no home among the deck's ten (see unmapped.csv),5f16fc33-8c0b-4cb7-85ab-cf91afdbbcd3,bilalhama,,,,,
7519,14854,زاراو,شێوەی ئاخافتن,دەرمان | زمانەوانی,,,,,,LOW,word has no جۆری وشە at all ; پۆل «دەرمان» has no home among the deck's ten (see unmapped.csv) ; پۆل «زمانەوانی» has no home among the deck's ten (see unmapped.csv),5f16fc33-8c0b-4cb7-85ab-cf91afdbbcd3,bilalhama,,,,,
7520,14854,زاراو,دەروای دەم,دەرمان | زمانەوانی,,,,,,LOW,word has no جۆری وشە at all ; پۆل «دەرمان» has no home among the deck's ten (see unmapped.csv) ; پۆل «زمانەوانی» has no home among the deck's ten (see unmapped.csv),5f16fc33-8c0b-4cb7-85ab-cf91afdbbcd3,bilalhama,,,,,
7521,14854,زاراو,میز، مێز، گمێز,دەرمان | زمانەوانی,,,,,,LOW,word has no جۆری وشە at all ; پۆل «دەرمان» has no home among the deck's ten (see unmapped.csv) ; پۆل «زمانەوانی» has no home among the deck's ten (see unmapped.csv),5f16fc33-8c0b-4cb7-85ab-cf91afdbbcd3,bilalhama,,,,,
7524,14855,دامەهر,زڕداک,کەس,ناو,ناو,ناو › کەس,,,HIGH,,fbaa1310-1a57-4439-b4e4-2b6fb312b455,banazhamad,,,,,
7525,14855,دامەهر,باوەژن,کەس,ناو,ناو,ناو › کەس,,,HIGH,,fbaa1310-1a57-4439-b4e4-2b6fb312b455,banazhamad,,,,,
7527,14856,دامەن,دامان,ئەندامی جەستە,ناو,ناو,زانستیی پزیشکی › ئەندامی جەستە,,,HIGH,,fbaa1310-1a57-4439-b4e4-2b6fb312b455,banazhamad,,,,,
7528,14856,دامەن,چاک,ئەندامی جەستە,ناو,ناو,زانستیی پزیشکی › ئەندامی جەستە,,,HIGH,,fbaa1310-1a57-4439-b4e4-2b6fb312b455,banazhamad,,,,,
7529,14856,دامەن,داوێن,ئەندامی جەستە,ناو,ناو,زانستیی پزیشکی › ئەندامی جەستە,,,HIGH,,fbaa1310-1a57-4439-b4e4-2b6fb312b455,banazhamad,,,,,
7531,14857,دامەلاغاس,تاڵانکراو,سیفەت,ئاوەڵناو,هاوەڵناو,,,,LOW,"پۆل «سیفەت» is really the part of speech «هاوەڵناو» — routed nowhere, needs a decision",fbaa1310-1a57-4439-b4e4-2b6fb312b455,banazhamad,,,,,
7532,14857,دامەلاغاس,پوڕکری,سیفەت,ئاوەڵناو,هاوەڵناو,,,,LOW,"پۆل «سیفەت» is really the part of speech «هاوەڵناو» — routed nowhere, needs a decision",fbaa1310-1a57-4439-b4e4-2b6fb312b455,banazhamad,,,,,
7533,14857,دامەلاغاس,غارت شدە,سیفەت,ئاوەڵناو,هاوەڵناو,,,,LOW,"پۆل «سیفەت» is really the part of speech «هاوەڵناو» — routed nowhere, needs a decision",fbaa1310-1a57-4439-b4e4-2b6fb312b455,banazhamad,,,,,
7534,14858,دامێن,دامەن,شوێن,ناو,ناو,ناو › شوێن,,,HIGH,,fbaa1310-1a57-4439-b4e4-2b6fb312b455,banazhamad,,,,,
7535,14858,دامێن,داوێنی کێو، بنار,شوێن,ناو,ناو,ناو › شوێن,,,HIGH,,fbaa1310-1a57-4439-b4e4-2b6fb312b455,banazhamad,,,,,
7537,14859,دامێن پیس,مرۆی زیناحکات,سیفەت,ئاوەڵناو,هاوەڵناو,,,,LOW,"پۆل «سیفەت» is really the part of speech «هاوەڵناو» — routed nowhere, needs a decision",fbaa1310-1a57-4439-b4e4-2b6fb312b455,banazhamad,,,,,
7541,14860,دامێن تەڕ,دامێن پیس,سیفەت,ئاوەڵناو,هاوەڵناو,,,,LOW,"پۆل «سیفەت» is really the part of speech «هاوەڵناو» — routed nowhere, needs a decision",fbaa1310-1a57-4439-b4e4-2b6fb312b455,banazhamad,,,,,
7543,14861,تۆمە,تۆم,نەتەوە | تۆوەکان,ناو,ناو,,ڕەگەز=دوولایەن,,HIGH,پۆل «نەتەوە» has no home among the deck's ten (see unmapped.csv) ; پۆل «تۆوەکان» has no home among the deck's ten (see unmapped.csv),96560cf4-030d-4268-baea-87bb57cdf631,somaali,,,,,
7544,14861,تۆمە,تۆڤ,نەتەوە | تۆوەکان,ناو,ناو,,ڕەگەز=دوولایەن,,HIGH,پۆل «نەتەوە» has no home among the deck's ten (see unmapped.csv) ; پۆل «تۆوەکان» has no home among the deck's ten (see unmapped.csv),96560cf4-030d-4268-baea-87bb57cdf631,somaali,,,,,
7545,14861,تۆمە,ڕەچەڵەک و تایەفە,نەتەوە | تۆوەکان,ناو,ناو,,ڕەگەز=دوولایەن,,HIGH,پۆل «نەتەوە» has no home among the deck's ten (see unmapped.csv) ; پۆل «تۆوەکان» has no home among the deck's ten (see unmapped.csv),96560cf4-030d-4268-baea-87bb57cdf631,somaali,,,,,
7548,14862,تۆمەز,بەبڕوام,خەمڵاندن,ناو,ناو,,,,HIGH,پۆل «خەمڵاندن» has no home among the deck's ten (see unmapped.csv),96560cf4-030d-4268-baea-87bb57cdf631,somaali,,,,,
7549,14862,تۆمەز,وا گومان دەکرێ,خەمڵاندن,ناو,ناو,,,,HIGH,پۆل «خەمڵاندن» has no home among the deck's ten (see unmapped.csv),96560cf4-030d-4268-baea-87bb57cdf631,somaali,,,,,
7550,14862,تۆمەز,تمەز,خەمڵاندن,ناو,ناو,,,,HIGH,پۆل «خەمڵاندن» has no home among the deck's ten (see unmapped.csv),96560cf4-030d-4268-baea-87bb57cdf631,somaali,,,,,
7552,14863,تۆمەزا,تۆمەز,خەمڵاندن,ناو,ناو,,,,HIGH,پۆل «خەمڵاندن» has no home among the deck's ten (see unmapped.csv),96560cf4-030d-4268-baea-87bb57cdf631,somaali,,,,,
7554,14864,تۆمەرز,تۆمەز,خەمڵاندن,ناو,ناو,,,,HIGH,پۆل «خەمڵاندن» has no home among the deck's ten (see unmapped.csv),96560cf4-030d-4268-baea-87bb57cdf631,somaali,,,,,
7556,14865,تۆمەڕۆ,ڕەگی ئاوی شاوەت,ئەندامی جەستە,ناو,ناو,زانستیی پزیشکی › ئەندامی جەستە,ڕەگەز=دوولایەن,,HIGH,,96560cf4-030d-4268-baea-87bb57cdf631,somaali,,,,,
7558,14866,تۆمەس,تۆمەز,خەمڵاندن,ناو,ناو,,,,HIGH,پۆل «خەمڵاندن» has no home among the deck's ten (see unmapped.csv),96560cf4-030d-4268-baea-87bb57cdf631,somaali,,,,,
7560,14867,تومەک,دنبەک,ئامێر | کەلتووری,ناو,ناو,,,,HIGH,پۆل «ئامێر» has no home among the deck's ten (see unmapped.csv) ; پۆل «کەلتووری» has no home among the deck's ten (see unmapped.csv),96560cf4-030d-4268-baea-87bb57cdf631,somaali,,,,,
7561,14867,تومەک,دمەک,ئامێر | کەلتووری,ناو,ناو,,,,HIGH,پۆل «ئامێر» has no home among the deck's ten (see unmapped.csv) ; پۆل «کەلتووری» has no home among the deck's ten (see unmapped.csv),96560cf4-030d-4268-baea-87bb57cdf631,somaali,,,,,
7562,14867,تومەک,دومەڵەک,ئامێر | کەلتووری,ناو,ناو,,,,HIGH,پۆل «ئامێر» has no home among the deck's ten (see unmapped.csv) ; پۆل «کەلتووری» has no home among the deck's ten (see unmapped.csv),96560cf4-030d-4268-baea-87bb57cdf631,somaali,,,,,
7564,14868,تۆمەڵێ,تۆمەز,خەمڵاندن,ناو,ناو,,,,HIGH,پۆل «خەمڵاندن» has no home among the deck's ten (see unmapped.csv),96560cf4-030d-4268-baea-87bb57cdf631,somaali,,,,,
7565,14868,تۆمەڵێ,تۆمەس,خەمڵاندن,ناو,ناو,,,,HIGH,پۆل «خەمڵاندن» has no home among the deck's ten (see unmapped.csv),96560cf4-030d-4268-baea-87bb57cdf631,somaali,,,,,
7567,14869,تون,قایم,سیفەت,ناو | ئاوەڵناو,,,,,LOW,"word carries several parts of speech (ناو / هاوەڵناو); a sense may only have one ; پۆل «سیفەت» is really the part of speech «هاوەڵناو» — routed nowhere, needs a decision",96560cf4-030d-4268-baea-87bb57cdf631,somaali,,,,,
7568,14869,تون,تام تیژ,سیفەت,ناو | ئاوەڵناو,,,,,LOW,"word carries several parts of speech (ناو / هاوەڵناو); a sense may only have one ; پۆل «سیفەت» is really the part of speech «هاوەڵناو» — routed nowhere, needs a decision",96560cf4-030d-4268-baea-87bb57cdf631,somaali,,,,,
7571,14870,توون,ئاگردانی گەرماو,شوێن,ناو,ناو,ناو › شوێن,,,HIGH,,96560cf4-030d-4268-baea-87bb57cdf631,somaali,,,,,
7572,14870,توون,جەهەننەم: (نایکەی بە توون),شوێن,ناو,ناو,ناو › شوێن,,,HIGH,,96560cf4-030d-4268-baea-87bb57cdf631,somaali,,,,,
7576,14871,تونا,فەوتاو,باروودۆخ,,,,,,LOW,word has no جۆری وشە at all ; پۆل «باروودۆخ» has no home among the deck's ten (see unmapped.csv),96560cf4-030d-4268-baea-87bb57cdf631,somaali,,,,,
7577,14871,تونا,نەماو,باروودۆخ,,,,,,LOW,word has no جۆری وشە at all ; پۆل «باروودۆخ» has no home among the deck's ten (see unmapped.csv),96560cf4-030d-4268-baea-87bb57cdf631,somaali,,,,,
7578,14871,تونا,لە بەین چوو,باروودۆخ,,,,,,LOW,word has no جۆری وشە at all ; پۆل «باروودۆخ» has no home among the deck's ten (see unmapped.csv),96560cf4-030d-4268-baea-87bb57cdf631,somaali,,,,,
7579,14871,تونا,دوای وشەی تەفر دێت: ( دەک یاخوا تەفر و تونا بێت),باروودۆخ,,,,,,LOW,word has no جۆری وشە at all ; پۆل «باروودۆخ» has no home among the deck's ten (see unmapped.csv),96560cf4-030d-4268-baea-87bb57cdf631,somaali,,,,,
7581,14872,تووناوتوون,بە یەکجاری فەوتان و ئاسەوار نەمان,باروودۆخ,,,,,,LOW,word has no جۆری وشە at all ; پۆل «باروودۆخ» has no home among the deck's ten (see unmapped.csv),96560cf4-030d-4268-baea-87bb57cdf631,somaali,,,,,
7582,14873,تونج,برنج,کانزا,ناو,ناو,,,,HIGH,پۆل «کانزا» has no home among the deck's ten (see unmapped.csv),96560cf4-030d-4268-baea-87bb57cdf631,somaali,,,,,
7583,14873,تونج,برنجە,کانزا,ناو,ناو,,,,HIGH,پۆل «کانزا» has no home among the deck's ten (see unmapped.csv),96560cf4-030d-4268-baea-87bb57cdf631,somaali,,,,,
7584,14873,تونج,کانزایەکە زەردە,کانزا,ناو,ناو,,,,HIGH,پۆل «کانزا» has no home among the deck's ten (see unmapped.csv),96560cf4-030d-4268-baea-87bb57cdf631,somaali,,,,,
7586,14874,تونجک,تواڵیت,ئەندامی جەستە,ناو,ناو,زانستیی پزیشکی › ئەندامی جەستە,ڕەگەز=مێ,,HIGH,,96560cf4-030d-4268-baea-87bb57cdf631,somaali,,,,,
7587,14874,تونجک,کاکۆڵی سەر تۆپڵ,ئەندامی جەستە,ناو,ناو,زانستیی پزیشکی › ئەندامی جەستە,ڕەگەز=مێ,,HIGH,,96560cf4-030d-4268-baea-87bb57cdf631,somaali,,,,,
7589,14875,توونچی,ئاگر کەری ئاگردانی گەرماو,کەس,ناو,ناو,ناو › کەس,ڕەگەز=دوولایەن,,HIGH,,96560cf4-030d-4268-baea-87bb57cdf631,somaali,,,,,
7592,14876,توونخانە,ئاگردانی گەرماو,شوێن,ناو,ناو,ناو › شوێن,,,HIGH,,96560cf4-030d-4268-baea-87bb57cdf631,somaali,,,,,
7595,14877,توند,قایم,سیفەت | تام,ئاوەڵناو,هاوەڵناو,,,,LOW,"پۆل «سیفەت» is really the part of speech «هاوەڵناو» — routed nowhere, needs a decision ; پۆل «تام» has no home among the deck's ten (see unmapped.csv)",96560cf4-030d-4268-baea-87bb57cdf631,somaali,,,,,
7596,14877,توند,مەحکەم,سیفەت | تام,ئاوەڵناو,هاوەڵناو,,,,LOW,"پۆل «سیفەت» is really the part of speech «هاوەڵناو» — routed nowhere, needs a decision ; پۆل «تام» has no home among the deck's ten (see unmapped.csv)",96560cf4-030d-4268-baea-87bb57cdf631,somaali,,,,,
7597,14877,توند,چێژە تیژ,سیفەت | تام,ئاوەڵناو,هاوەڵناو,,,,LOW,"پۆل «سیفەت» is really the part of speech «هاوەڵناو» — routed nowhere, needs a decision ; پۆل «تام» has no home among the deck's ten (see unmapped.csv)",96560cf4-030d-4268-baea-87bb57cdf631,somaali,,,,,
7598,14877,توند,بەرانبەری نەرم : (توتنێکی توندە),سیفەت | تام,ئاوەڵناو,هاوەڵناو,,,,LOW,"پۆل «سیفەت» is really the part of speech «هاوەڵناو» — routed nowhere, needs a decision ; پۆل «تام» has no home among the deck's ten (see unmapped.csv)",96560cf4-030d-4268-baea-87bb57cdf631,somaali,,,,,
7599,14877,توند,چاپک و چالاک,سیفەت | تام,ئاوەڵناو,هاوەڵناو,,,,LOW,"پۆل «سیفەت» is really the part of speech «هاوەڵناو» — routed nowhere, needs a decision ; پۆل «تام» has no home among the deck's ten (see unmapped.csv)",96560cf4-030d-4268-baea-87bb57cdf631,somaali,,,,,
7600,14877,توند,پەلە,سیفەت | تام,ئاوەڵناو,هاوەڵناو,,,,LOW,"پۆل «سیفەت» is really the part of speech «هاوەڵناو» — routed nowhere, needs a decision ; پۆل «تام» has no home among the deck's ten (see unmapped.csv)",96560cf4-030d-4268-baea-87bb57cdf631,somaali,,,,,
7601,14877,توند,لەز,سیفەت | تام,ئاوەڵناو,هاوەڵناو,,,,LOW,"پۆل «سیفەت» is really the part of speech «هاوەڵناو» — routed nowhere, needs a decision ; پۆل «تام» has no home among the deck's ten (see unmapped.csv)",96560cf4-030d-4268-baea-87bb57cdf631,somaali,,,,,
7602,14877,توند,عەجەلە,سیفەت | تام,ئاوەڵناو,هاوەڵناو,,,,LOW,"پۆل «سیفەت» is really the part of speech «هاوەڵناو» — routed nowhere, needs a decision ; پۆل «تام» has no home among the deck's ten (see unmapped.csv)",96560cf4-030d-4268-baea-87bb57cdf631,somaali,,,,,
7608,14878,تووندبوون,تووڕەبوون,ئەنجامدانی کارێک,چاوگ,چاوگ,,,,LOW,"پۆل «ئەنجامدانی کارێک» is really the part of speech «کار» — routed nowhere, needs a decision ; پۆل says «کار», جۆری وشە says «چاوگ» — they disagree",96560cf4-030d-4268-baea-87bb57cdf631,somaali,,,,,
7610,14879,تووندبوونەوە,ڕەق بوونەوەی شل,سیفەت | باروودۆخ,ئاوەڵناو | چاوگ,,,,,LOW,"word carries several parts of speech (هاوەڵناو / چاوگ); a sense may only have one ; پۆل «سیفەت» is really the part of speech «هاوەڵناو» — routed nowhere, needs a decision ; پۆل «باروودۆخ» has no home among the deck's ten (see unmapped.csv)",96560cf4-030d-4268-baea-87bb57cdf631,somaali,,,,,
7611,14879,تووندبوونەوە,لە دوای شلی خۆ گرتنەوە,سیفەت | باروودۆخ,ئاوەڵناو | چاوگ,,,,,LOW,"word carries several parts of speech (هاوەڵناو / چاوگ); a sense may only have one ; پۆل «سیفەت» is really the part of speech «هاوەڵناو» — routed nowhere, needs a decision ; پۆل «باروودۆخ» has no home among the deck's ten (see unmapped.csv)",96560cf4-030d-4268-baea-87bb57cdf631,somaali,,,,,
7613,14880,توندگرتن,باش های لێ بوون,,,,,,,LOW,word has no جۆری وشە at all,96560cf4-030d-4268-baea-87bb57cdf631,somaali,,,,,
7617,14881,سات,کات،وەخت,کات,ناو | ئاوەڵکار,,,ڕەگەز=بێلایەن,,LOW,word carries several parts of speech (ناو / هاوەڵکار); a sense may only have one ; پۆل «کات» has no home among the deck's ten (see unmapped.csv),28902dbf-4614-41c6-af7d-b36d8dc5fce6,parzhin,,,,,
7618,14884,زاراوە,شێوەی تایبەتی ئاخافتن,زمانەوانی,,,,,,LOW,word has no جۆری وشە at all ; پۆل «زمانەوانی» has no home among the deck's ten (see unmapped.csv),5f16fc33-8c0b-4cb7-85ab-cf91afdbbcd3,bilalhama,,,,,
7619,14884,زاراوە,دەراوی دەم، زاراو,زمانەوانی,,,,,,LOW,word has no جۆری وشە at all ; پۆل «زمانەوانی» has no home among the deck's ten (see unmapped.csv),5f16fc33-8c0b-4cb7-85ab-cf91afdbbcd3,bilalhama,,,,,
7621,14885,زاربەسی,دەم بەست,سیفەت,,,,,,LOW,"word has no جۆری وشە at all ; پۆل «سیفەت» is really the part of speech «هاوەڵناو» — routed nowhere, needs a decision",5f16fc33-8c0b-4cb7-85ab-cf91afdbbcd3,bilalhama,,,,,
7622,14885,زاربەسی,دەم بێن,سیفەت,,,,,,LOW,"word has no جۆری وشە at all ; پۆل «سیفەت» is really the part of speech «هاوەڵناو» — routed nowhere, needs a decision",5f16fc33-8c0b-4cb7-85ab-cf91afdbbcd3,bilalhama,,,,,
7624,14886,زاربێن,زاربەست,سیفەت,ناو,ناو,,,,LOW,"پۆل «سیفەت» is really the part of speech «هاوەڵناو» — routed nowhere, needs a decision ; پۆل says «هاوەڵناو», جۆری وشە says «ناو» — they disagree",5f16fc33-8c0b-4cb7-85ab-cf91afdbbcd3,bilalhama,,,,,
7626,14887,زاربێنک,زاربەست,سیفەت,,,,,,LOW,"word has no جۆری وشە at all ; پۆل «سیفەت» is really the part of speech «هاوەڵناو» — routed nowhere, needs a decision",5f16fc33-8c0b-4cb7-85ab-cf91afdbbcd3,bilalhama,,,,,
7627,14887,زاربێنک,زاربێن,سیفەت,,,,,,LOW,"word has no جۆری وشە at all ; پۆل «سیفەت» is really the part of speech «هاوەڵناو» — routed nowhere, needs a decision",5f16fc33-8c0b-4cb7-85ab-cf91afdbbcd3,bilalhama,,,,,
7630,14888,توندوتۆڵ,مەزبوت,سیفەت,ئاوەڵناو,هاوەڵناو,,,,LOW,"پۆل «سیفەت» is really the part of speech «هاوەڵناو» — routed nowhere, needs a decision",96560cf4-030d-4268-baea-87bb57cdf631,somaali,,,,,
7632,14889,توند و تیژ,بەزاکوون,سیفەت,,,,,,LOW,"word has no جۆری وشە at all ; پۆل «سیفەت» is really the part of speech «هاوەڵناو» — routed nowhere, needs a decision",96560cf4-030d-4268-baea-87bb57cdf631,somaali,,,,,
7633,14889,توند و تیژ,گوناهـ نەبەخش,سیفەت,,,,,,LOW,"word has no جۆری وشە at all ; پۆل «سیفەت» is really the part of speech «هاوەڵناو» — routed nowhere, needs a decision",96560cf4-030d-4268-baea-87bb57cdf631,somaali,,,,,
7635,14890,توندە,چێشتی بەرامبەری شلە: (توندە ساوارم خوارد),سیفەت,ئاوەڵناو,هاوەڵناو,,,,LOW,"پۆل «سیفەت» is really the part of speech «هاوەڵناو» — routed nowhere, needs a decision",96560cf4-030d-4268-baea-87bb57cdf631,somaali,,,,,
7639,14891,توندەمیجاز,هەمیشە توڕە,کەس | سیفەت,ناو | ئاوەڵناو,,ناو › کەس,ڕەگەز=دوولایەن,,LOW,"word carries several parts of speech (ناو / هاوەڵناو); a sense may only have one ; پۆل «سیفەت» is really the part of speech «هاوەڵناو» — routed nowhere, needs a decision",96560cf4-030d-4268-baea-87bb57cdf631,somaali,,,,,
7641,14892,توندی,نەشلی,سیفەت,ئاوەڵناو,هاوەڵناو,,,,LOW,"پۆل «سیفەت» is really the part of speech «هاوەڵناو» — routed nowhere, needs a decision",96560cf4-030d-4268-baea-87bb57cdf631,somaali,,,,,
7642,14892,توندی,سفتی,سیفەت,ئاوەڵناو,هاوەڵناو,,,,LOW,"پۆل «سیفەت» is really the part of speech «هاوەڵناو» — routed nowhere, needs a decision",96560cf4-030d-4268-baea-87bb57cdf631,somaali,,,,,
7643,14892,توندی,چالاکی,سیفەت,ئاوەڵناو,هاوەڵناو,,,,LOW,"پۆل «سیفەت» is really the part of speech «هاوەڵناو» — routed nowhere, needs a decision",96560cf4-030d-4268-baea-87bb57cdf631,somaali,,,,,
7644,14892,توندی,تووڕەیی,سیفەت,ئاوەڵناو,هاوەڵناو,,,,LOW,"پۆل «سیفەت» is really the part of speech «هاوەڵناو» — routed nowhere, needs a decision",96560cf4-030d-4268-baea-87bb57cdf631,somaali,,,,,
7645,14892,توندی,تونی، تێژی,سیفەت,ئاوەڵناو,هاوەڵناو,,,,LOW,"پۆل «سیفەت» is really the part of speech «هاوەڵناو» — routed nowhere, needs a decision",96560cf4-030d-4268-baea-87bb57cdf631,somaali,,,,,
7646,14892,توندی,گەرمی لە چێژەو دوکەڵدا: (توتنێ توندە),سیفەت,ئاوەڵناو,هاوەڵناو,,,,LOW,"پۆل «سیفەت» is really the part of speech «هاوەڵناو» — routed nowhere, needs a decision",96560cf4-030d-4268-baea-87bb57cdf631,somaali,,,,,
7653,14893,تونک,تفنک,ئەندامی جەستە,ناو,ناو,زانستیی پزیشکی › ئەندامی جەستە,ڕەگەز=دوولایەن,,HIGH,,96560cf4-030d-4268-baea-87bb57cdf631,somaali,,,,,
7654,14893,تونک,لوت,ئەندامی جەستە,ناو,ناو,زانستیی پزیشکی › ئەندامی جەستە,ڕەگەز=دوولایەن,,HIGH,,96560cf4-030d-4268-baea-87bb57cdf631,somaali,,,,,
7655,14893,تونک,کەپۆ,ئەندامی جەستە,ناو,ناو,زانستیی پزیشکی › ئەندامی جەستە,ڕەگەز=دوولایەن,,HIGH,,96560cf4-030d-4268-baea-87bb57cdf631,somaali,,,,,
7664,14894,تونگ,دەفری مل باریک بۆ تراو,کەرەستە | سیفەت,ناو | ئاوەڵناو,,کولتووری › کەرەستە,,,LOW,"word carries several parts of speech (ناو / هاوەڵناو); a sense may only have one ; پۆل «سیفەت» is really the part of speech «هاوەڵناو» — routed nowhere, needs a decision",96560cf4-030d-4268-baea-87bb57cdf631,somaali,,,,,
7665,14894,تونگ,تونگە,کەرەستە | سیفەت,ناو | ئاوەڵناو,,کولتووری › کەرەستە,,,LOW,"word carries several parts of speech (ناو / هاوەڵناو); a sense may only have one ; پۆل «سیفەت» is really the part of speech «هاوەڵناو» — routed nowhere, needs a decision",96560cf4-030d-4268-baea-87bb57cdf631,somaali,,,,,
7666,14894,تونگ,توند,کەرەستە | سیفەت,ناو | ئاوەڵناو,,کولتووری › کەرەستە,,,LOW,"word carries several parts of speech (ناو / هاوەڵناو); a sense may only have one ; پۆل «سیفەت» is really the part of speech «هاوەڵناو» — routed nowhere, needs a decision",96560cf4-030d-4268-baea-87bb57cdf631,somaali,,,,,
7662,14895,تونگە,دەفری ئاوی مل باریک,کەرەستە | ئامراز,ناو,ناو,کولتووری › کەرەستە | کولتووری › ئامراز,,,HIGH,,96560cf4-030d-4268-baea-87bb57cdf631,somaali,,,,,
7669,14896,تونە,هەر نیە,ئامراز | دەستەواژە | ماددە,ناو,ناو,کولتووری › ئامراز,,,HIGH,پۆل «دەستەواژە» has no home among the deck's ten (see unmapped.csv) ; پۆل «ماددە» has no home among the deck's ten (see unmapped.csv),96560cf4-030d-4268-baea-87bb57cdf631,somaali,,,,,
7670,14896,تونە,هیچ نیە,ئامراز | دەستەواژە | ماددە,ناو,ناو,کولتووری › ئامراز,,,HIGH,پۆل «دەستەواژە» has no home among the deck's ten (see unmapped.csv) ; پۆل «ماددە» has no home among the deck's ten (see unmapped.csv),96560cf4-030d-4268-baea-87bb57cdf631,somaali,,,,,
7672,14897,توونەک,تنۆک,سیفەت,ناو | ئاوەڵناو,,,,,LOW,"word carries several parts of speech (ناو / هاوەڵناو); a sense may only have one ; پۆل «سیفەت» is really the part of speech «هاوەڵناو» — routed nowhere, needs a decision",96560cf4-030d-4268-baea-87bb57cdf631,somaali,,,,,
7674,14898,توونی,تینگ,بارودۆخی جەستەیی | هەست,ناو,ناو,زانستیی پزیشکی › بارودۆخی جەستەیی,,,HIGH,پۆل «هەست» has no home among the deck's ten (see unmapped.csv),96560cf4-030d-4268-baea-87bb57cdf631,somaali,,,,,
7675,14898,توونی,تینو,بارودۆخی جەستەیی | هەست,ناو,ناو,زانستیی پزیشکی › بارودۆخی جەستەیی,,,HIGH,پۆل «هەست» has no home among the deck's ten (see unmapped.csv),96560cf4-030d-4268-baea-87bb57cdf631,somaali,,,,,
7676,14898,توونی,ئاتاجی ئاوخواردنەوە,بارودۆخی جەستەیی | هەست,ناو,ناو,زانستیی پزیشکی › بارودۆخی جەستەیی,,,HIGH,پۆل «هەست» has no home among the deck's ten (see unmapped.csv),96560cf4-030d-4268-baea-87bb57cdf631,somaali,,,,,
7678,14899,تۆو,تۆ,نەتەوە | تۆوەکان,ناو,ناو,,,,HIGH,پۆل «نەتەوە» has no home among the deck's ten (see unmapped.csv) ; پۆل «تۆوەکان» has no home among the deck's ten (see unmapped.csv),96560cf4-030d-4268-baea-87bb57cdf631,somaali,,,,,
7679,14899,تۆو,تۆم,نەتەوە | تۆوەکان,ناو,ناو,,,,HIGH,پۆل «نەتەوە» has no home among the deck's ten (see unmapped.csv) ; پۆل «تۆوەکان» has no home among the deck's ten (see unmapped.csv),96560cf4-030d-4268-baea-87bb57cdf631,somaali,,,,,
7686,14900,تۆوتکاو,لەپیاوەتی کەتوو,سیفەت | بارودۆخی جەستەیی,ناو | ئاوەڵناو,,زانستیی پزیشکی › بارودۆخی جەستەیی,ڕەگەز=نێر,,LOW,"word carries several parts of speech (ناو / هاوەڵناو); a sense may only have one ; پۆل «سیفەت» is really the part of speech «هاوەڵناو» — routed nowhere, needs a decision",96560cf4-030d-4268-baea-87bb57cdf631,somaali,,,,,
7684,14901,تۆورژاو,تۆووتکاو,سیفەت | بارودۆخی جەستەیی,ناو | ئاوەڵناو,,زانستیی پزیشکی › بارودۆخی جەستەیی,ڕەگەز=نێر,,LOW,"word carries several parts of speech (ناو / هاوەڵناو); a sense may only have one ; پۆل «سیفەت» is really the part of speech «هاوەڵناو» — routed nowhere, needs a decision",96560cf4-030d-4268-baea-87bb57cdf631,somaali,,,,,
7691,14902,توەخۆرە,خەزایی,باڵندە,ناو,ناو,زیندەوەرزانی › باڵندە,ڕەگەز=دوولایەن,,HIGH,,96560cf4-030d-4268-baea-87bb57cdf631,somaali,,,,,
7692,14902,توەخۆرە,عەینەمەل,باڵندە,ناو,ناو,زیندەوەرزانی › باڵندە,ڕەگەز=دوولایەن,,HIGH,,96560cf4-030d-4268-baea-87bb57cdf631,somaali,,,,,
7693,14902,توەخۆرە,سار ملخ خوار,باڵندە,ناو,ناو,زیندەوەرزانی › باڵندە,ڕەگەز=دوولایەن,,HIGH,,96560cf4-030d-4268-baea-87bb57cdf631,somaali,,,,,
7697,14903,توەڕەشە,گاتوو,خواردن | میوە,ناو,ناو,کولتووری › خواردن,ڕەگەز=مێ,,HIGH,پۆل «میوە» has no home among the deck's ten (see unmapped.csv),96560cf4-030d-4268-baea-87bb57cdf631,somaali,,,,,
7698,14903,توەڕەشە,شاتو,خواردن | میوە,ناو,ناو,کولتووری › خواردن,ڕەگەز=مێ,,HIGH,پۆل «میوە» has no home among the deck's ten (see unmapped.csv),96560cf4-030d-4268-baea-87bb57cdf631,somaali,,,,,
7700,14904,توەسوورە,گاتو,خواردن | میوە,ناو,ناو,کولتووری › خواردن,ڕەگەز=مێ,,HIGH,پۆل «میوە» has no home among the deck's ten (see unmapped.csv),96560cf4-030d-4268-baea-87bb57cdf631,somaali,,,,,
7702,14905,توێ,پارچەی تەنک لە گۆشت,خواردن | سیفەت,ناو | ئاوەڵناو,,کولتووری › خواردن,,,LOW,"word carries several parts of speech (ناو / هاوەڵناو); a sense may only have one ; پۆل «سیفەت» is really the part of speech «هاوەڵناو» — routed nowhere, needs a decision",96560cf4-030d-4268-baea-87bb57cdf631,somaali,,,,,
7703,14905,توێ,لەتی ناسکی گۆشت,خواردن | سیفەت,ناو | ئاوەڵناو,,کولتووری › خواردن,,,LOW,"word carries several parts of speech (ناو / هاوەڵناو); a sense may only have one ; پۆل «سیفەت» is really the part of speech «هاوەڵناو» — routed nowhere, needs a decision",96560cf4-030d-4268-baea-87bb57cdf631,somaali,,,,,
7704,14905,توێ,تاقەت و تابشت: (تاو توێم نەماوە),خواردن | سیفەت,ناو | ئاوەڵناو,,کولتووری › خواردن,,,LOW,"word carries several parts of speech (ناو / هاوەڵناو); a sense may only have one ; پۆل «سیفەت» is really the part of speech «هاوەڵناو» — routed nowhere, needs a decision",96560cf4-030d-4268-baea-87bb57cdf631,somaali,,,,,
7705,14905,توێ,ئێش و ژان: (تاوتوێی برینەکەیە گیانم دێشێ),خواردن | سیفەت,ناو | ئاوەڵناو,,کولتووری › خواردن,,,LOW,"word carries several parts of speech (ناو / هاوەڵناو); a sense may only have one ; پۆل «سیفەت» is really the part of speech «هاوەڵناو» — routed nowhere, needs a decision",96560cf4-030d-4268-baea-87bb57cdf631,somaali,,,,,
7709,14906,تۆی,زەماوەند,بۆنە,ناو,ناو,,,,HIGH,پۆل «بۆنە» has no home among the deck's ten (see unmapped.csv),96560cf4-030d-4268-baea-87bb57cdf631,somaali,,,,,
7710,14906,تۆی,بەزم و داوەتی بووک هێنان,بۆنە,ناو,ناو,,,,HIGH,پۆل «بۆنە» has no home among the deck's ten (see unmapped.csv),96560cf4-030d-4268-baea-87bb57cdf631,somaali,,,,,
7712,14907,تۆیانە,نوغڵ و شیرینی کە دەگەڵ جیازی بووکا دەینێرن,خواردن,ناو,ناو,کولتووری › خواردن,,,HIGH,,96560cf4-030d-4268-baea-87bb57cdf631,somaali,,,,,
7714,14908,باتسکە,خۆرێ هەنجیر کە زووتر پێدەگات,میوە,ناو,ناو,,ڕەگەز=مێ,,HIGH,پۆل «میوە» has no home among the deck's ten (see unmapped.csv),ebadd113-3f1e-45e8-8dab-cfe024e7156d,barzihiwa,,,,,
7715,14909,باتڵاخ,زەلکاو، زەل، زۆنگ، چەق,شوێن,ناو,ناو,ناو › شوێن,,,HIGH,,ebadd113-3f1e-45e8-8dab-cfe024e7156d,barzihiwa,,,,,
7717,14910,توێتکە,ئۆقرە,سیفەت,ئاوەڵناو,هاوەڵناو,,,,LOW,"پۆل «سیفەت» is really the part of speech «هاوەڵناو» — routed nowhere, needs a decision",96560cf4-030d-4268-baea-87bb57cdf631,somaali,,,,,
7718,14910,توێتکە,ئارام,سیفەت,ئاوەڵناو,هاوەڵناو,,,,LOW,"پۆل «سیفەت» is really the part of speech «هاوەڵناو» — routed nowhere, needs a decision",96560cf4-030d-4268-baea-87bb57cdf631,somaali,,,,,
7719,14910,توێتکە,سوکنا,سیفەت,ئاوەڵناو,هاوەڵناو,,,,LOW,"پۆل «سیفەت» is really the part of speech «هاوەڵناو» — routed nowhere, needs a decision",96560cf4-030d-4268-baea-87bb57cdf631,somaali,,,,,
7721,14911,توێتکەخواردن,داسەکنین,ئەنجامدانی کارێک,,,,,,LOW,"word has no جۆری وشە at all ; پۆل «ئەنجامدانی کارێک» is really the part of speech «کار» — routed nowhere, needs a decision",96560cf4-030d-4268-baea-87bb57cdf631,somaali,,,,,
7722,14911,توێتکەخواردن,ئۆقرەگرتن,ئەنجامدانی کارێک,,,,,,LOW,"word has no جۆری وشە at all ; پۆل «ئەنجامدانی کارێک» is really the part of speech «کار» — routed nowhere, needs a decision",96560cf4-030d-4268-baea-87bb57cdf631,somaali,,,,,
7724,14912,توێ توێ,پارچە پارچەی ناسکی گۆشت,خواردن | دەنگ,ناو | بانگکردن,ناو,کولتووری › خواردن,,,HIGH,پۆل «دەنگ» has no home among the deck's ten (see unmapped.csv),96560cf4-030d-4268-baea-87bb57cdf631,somaali,,,,,
7725,14912,توێ توێ,وشەیەکە مانگا دۆش بۆ مانگای دەڵێ تا بۆ دۆشین ڕاوەستێ,خواردن | دەنگ,ناو | بانگکردن,ناو,کولتووری › خواردن,,,HIGH,پۆل «دەنگ» has no home among the deck's ten (see unmapped.csv),96560cf4-030d-4268-baea-87bb57cdf631,somaali,,,,,
7728,14913,توێخ,تۆژاڵ,کەرەستە | ئامراز,ناو,ناو,کولتووری › کەرەستە | کولتووری › ئامراز,,,HIGH,,96560cf4-030d-4268-baea-87bb57cdf631,somaali,,,,,
7729,14913,توێخ,توژک,کەرەستە | ئامراز,ناو,ناو,کولتووری › کەرەستە | کولتووری › ئامراز,,,HIGH,,96560cf4-030d-4268-baea-87bb57cdf631,somaali,,,,,
7730,14913,توێخ,پەترۆک,کەرەستە | ئامراز,ناو,ناو,کولتووری › کەرەستە | کولتووری › ئامراز,,,HIGH,,96560cf4-030d-4268-baea-87bb57cdf631,somaali,,,,,
7731,14913,توێخ,پەردەی هەرە ناسکی سەر شیر یان سەر برین,کەرەستە | ئامراز,ناو,ناو,کولتووری › کەرەستە | کولتووری › ئامراز,,,HIGH,,96560cf4-030d-4268-baea-87bb57cdf631,somaali,,,,,
7734,14914,رارا,وازوازی,سیفەت,ئاوەڵناو,هاوەڵناو,,ڕەگەز=دوولایەن,,LOW,"پۆل «سیفەت» is really the part of speech «هاوەڵناو» — routed nowhere, needs a decision",79dd71fd-aaa5-4f5a-9211-101eeda2d0b8,taraakoy,,,,,
7735,14914,رارا,هەردەم لەسەر هەوایەک,سیفەت,ئاوەڵناو,هاوەڵناو,,ڕەگەز=دوولایەن,,LOW,"پۆل «سیفەت» is really the part of speech «هاوەڵناو» — routed nowhere, needs a decision",79dd71fd-aaa5-4f5a-9211-101eeda2d0b8,taraakoy,,,,,
7736,14914,رارا,خەت خەت,سیفەت,ئاوەڵناو,هاوەڵناو,,ڕەگەز=دوولایەن,,LOW,"پۆل «سیفەت» is really the part of speech «هاوەڵناو» — routed nowhere, needs a decision",79dd71fd-aaa5-4f5a-9211-101eeda2d0b8,taraakoy,,,,,
7739,14915,ساتان,کوتانی چەڵتوک,ڕوودانی کار,ناو | کار,,,ڕەگەز=بێلایەن,,LOW,word carries several parts of speech (ناو / کار); a sense may only have one ; پۆل «ڕوودانی کار» has no home among the deck's ten (see unmapped.csv),28902dbf-4614-41c6-af7d-b36d8dc5fce6,parzhin,,,,,
7740,14915,ساتان,برێتی لە دەرپێی ژنان,ڕوودانی کار,ناو | کار,,,ڕەگەز=بێلایەن,,LOW,word carries several parts of speech (ناو / کار); a sense may only have one ; پۆل «ڕوودانی کار» has no home among the deck's ten (see unmapped.csv),28902dbf-4614-41c6-af7d-b36d8dc5fce6,parzhin,,,,,
7741,14915,ساتان,برێتی لە ڕان و سمتی ژنان:نازانی چۆن سمت و ساتانێکی هەیە.,ڕوودانی کار,ناو | کار,,,ڕەگەز=بێلایەن,,LOW,word carries several parts of speech (ناو / کار); a sense may only have one ; پۆل «ڕوودانی کار» has no home among the deck's ten (see unmapped.csv),28902dbf-4614-41c6-af7d-b36d8dc5fce6,parzhin,,,,,
7742,14916,رارفان,بەگیرهێنان و فراندن,ئەنجامدانی کارێک,ئاوەڵکار,هاوەڵکار,,ڕەگەز=دوولایەن,,LOW,"پۆل «ئەنجامدانی کارێک» is really the part of speech «کار» — routed nowhere, needs a decision ; پۆل says «کار», جۆری وشە says «هاوەڵکار» — they disagree",79dd71fd-aaa5-4f5a-9211-101eeda2d0b8,taraakoy,,,,,
7744,14917,رارفاندن,رارفان,ئەنجامدانی کارێک,,,,,,LOW,"word has no جۆری وشە at all ; پۆل «ئەنجامدانی کارێک» is really the part of speech «کار» — routed nowhere, needs a decision",79dd71fd-aaa5-4f5a-9211-101eeda2d0b8,taraakoy,,,,,
7746,14918,رارفین,رارفان,ئەنجامدانی کارێک,ئاوەڵناو,هاوەڵناو,,,,LOW,"پۆل «ئەنجامدانی کارێک» is really the part of speech «کار» — routed nowhere, needs a decision ; پۆل says «کار», جۆری وشە says «هاوەڵناو» — they disagree",79dd71fd-aaa5-4f5a-9211-101eeda2d0b8,taraakoy,,,,,
7749,14919,زارخۆش,دەم خۆش، ئافەرین بۆ گوتەت,سیفەت,ئاوەڵناو,هاوەڵناو,,,,LOW,"پۆل «سیفەت» is really the part of speech «هاوەڵناو» — routed nowhere, needs a decision",5f16fc33-8c0b-4cb7-85ab-cf91afdbbcd3,bilalhama,,,,,
7751,14920,زارخەن,خەندەی تاڵ، کەنین لە نارەحەتیان,هەست,ئاوەڵناو,هاوەڵناو,,,,HIGH,پۆل «هەست» has no home among the deck's ten (see unmapped.csv),5f16fc33-8c0b-4cb7-85ab-cf91afdbbcd3,bilalhama,,,,,
7753,14921,زارخەنە,زارخەن,هەست,ناو,ناو,,,,HIGH,پۆل «هەست» has no home among the deck's ten (see unmapped.csv),5f16fc33-8c0b-4cb7-85ab-cf91afdbbcd3,bilalhama,,,,,
7755,14922,رارا,وازوازی,سیفەت,ئاوەڵناو,هاوەڵناو,,ڕەگەز=دوولایەن,,LOW,"پۆل «سیفەت» is really the part of speech «هاوەڵناو» — routed nowhere, needs a decision",79dd71fd-aaa5-4f5a-9211-101eeda2d0b8,taraakoy,,,,,
7756,14922,رارا,هەردەم لەسەر هەوایەک,سیفەت,ئاوەڵناو,هاوەڵناو,,ڕەگەز=دوولایەن,,LOW,"پۆل «سیفەت» is really the part of speech «هاوەڵناو» — routed nowhere, needs a decision",79dd71fd-aaa5-4f5a-9211-101eeda2d0b8,taraakoy,,,,,
7757,14922,رارا,خەت خەت,سیفەت,ئاوەڵناو,هاوەڵناو,,ڕەگەز=دوولایەن,,LOW,"پۆل «سیفەت» is really the part of speech «هاوەڵناو» — routed nowhere, needs a decision",79dd71fd-aaa5-4f5a-9211-101eeda2d0b8,taraakoy,,,,,
7761,14923,زاردراو,دەم دراو، دەم شڕ,باروودۆخ | زمانەوانی,ناو | ئاوەڵناو,,,,,LOW,word carries several parts of speech (ناو / هاوەڵناو); a sense may only have one ; پۆل «باروودۆخ» has no home among the deck's ten (see unmapped.csv) ; پۆل «زمانەوانی» has no home among the deck's ten (see unmapped.csv),5f16fc33-8c0b-4cb7-85ab-cf91afdbbcd3,bilalhama,,,,,
7763,14924,زارزار,لاسار، گوێ نەدەر,هەست | باروودۆخ,ئاوەڵناو,هاوەڵناو,,,,HIGH,پۆل «هەست» has no home among the deck's ten (see unmapped.csv) ; پۆل «باروودۆخ» has no home among the deck's ten (see unmapped.csv),5f16fc33-8c0b-4cb7-85ab-cf91afdbbcd3,bilalhama,,,,,
7764,14924,زارزار,پێداگر,هەست | باروودۆخ,ئاوەڵناو,هاوەڵناو,,,,HIGH,پۆل «هەست» has no home among the deck's ten (see unmapped.csv) ; پۆل «باروودۆخ» has no home among the deck's ten (see unmapped.csv),5f16fc33-8c0b-4cb7-85ab-cf91afdbbcd3,bilalhama,,,,,
7766,14925,زارزارک,دەمەلاسکە,سیفەت,ناو,ناو,,,,LOW,"پۆل «سیفەت» is really the part of speech «هاوەڵناو» — routed nowhere, needs a decision ; پۆل says «هاوەڵناو», جۆری وشە says «ناو» — they disagree",5f16fc33-8c0b-4cb7-85ab-cf91afdbbcd3,bilalhama,,,,,
7768,14926,زارشڕ,تێدانەوەستاو,کەس | سیفەت,ئاوەڵناو,هاوەڵناو,ناو › کەس,,,LOW,"پۆل «سیفەت» is really the part of speech «هاوەڵناو» — routed nowhere, needs a decision",5f16fc33-8c0b-4cb7-85ab-cf91afdbbcd3,bilalhama,,,,,
7770,14927,زارڤە,دەمەلاسکە,زمانەوانی,ناو,ناو,,,,HIGH,پۆل «زمانەوانی» has no home among the deck's ten (see unmapped.csv),5f16fc33-8c0b-4cb7-85ab-cf91afdbbcd3,bilalhama,,,,,
7771,14927,زارڤە,زمان دەرێنان بۆ گاڵتە پێکردن,زمانەوانی,ناو,ناو,,,,HIGH,پۆل «زمانەوانی» has no home among the deck's ten (see unmapped.csv),5f16fc33-8c0b-4cb7-85ab-cf91afdbbcd3,bilalhama,,,,,
7773,14928,توێخڵ,تێکوڵ,ئامراز,ناو,ناو,کولتووری › ئامراز,,,HIGH,,96560cf4-030d-4268-baea-87bb57cdf631,somaali,,,,,
7774,14928,توێخڵ,تۆکڵ,ئامراز,ناو,ناو,کولتووری › ئامراز,,,HIGH,,96560cf4-030d-4268-baea-87bb57cdf631,somaali,,,,,
7777,14929,تویز,کوزەڵە,سەوزە,ناو,ناو,,,,HIGH,پۆل «سەوزە» has no home among the deck's ten (see unmapped.csv),96560cf4-030d-4268-baea-87bb57cdf631,somaali,,,,,
7778,14929,تویز,گیای کووز,سەوزە,ناو,ناو,,,,HIGH,پۆل «سەوزە» has no home among the deck's ten (see unmapped.csv),96560cf4-030d-4268-baea-87bb57cdf631,somaali,,,,,
7780,14930,تویزەڵە,کووزەڵە,سەوزە,ناو,ناو,,,,HIGH,پۆل «سەوزە» has no home among the deck's ten (see unmapped.csv),96560cf4-030d-4268-baea-87bb57cdf631,somaali,,,,,
7782,14931,تەب,تا,نەخۆشی,ناو,ناو,زانستیی پزیشکی › نەخۆشی,,,HIGH,,96560cf4-030d-4268-baea-87bb57cdf631,somaali,,,,,
7783,14931,تەب,یاو,نەخۆشی,ناو,ناو,زانستیی پزیشکی › نەخۆشی,,,HIGH,,96560cf4-030d-4268-baea-87bb57cdf631,somaali,,,,,
7784,14931,تەب,گەرمای زیادی لەش,نەخۆشی,ناو,ناو,زانستیی پزیشکی › نەخۆشی,,,HIGH,,96560cf4-030d-4268-baea-87bb57cdf631,somaali,,,,,
7786,14935,ساتمە,هەڵەنگوتن,باروودۆخ,کار,کار,,ڕەگەز=بێلایەن,,HIGH,پۆل «باروودۆخ» has no home among the deck's ten (see unmapped.csv),28902dbf-4614-41c6-af7d-b36d8dc5fce6,parzhin,,,,,
7787,14936,ساتۆر,چەپەچاخ,باروودۆخ,ئاوەڵناو,هاوەڵناو,,ڕەگەز=بێلایەن,,HIGH,پۆل «باروودۆخ» has no home among the deck's ten (see unmapped.csv),28902dbf-4614-41c6-af7d-b36d8dc5fce6,parzhin,,,,,
7788,14939,ساتی,نا هەمیشەی،کاتی,چەمک,,,,ڕەگەز=بێلایەن,,LOW,word has no جۆری وشە at all ; پۆل «چەمک» has no home among the deck's ten (see unmapped.csv),28902dbf-4614-41c6-af7d-b36d8dc5fce6,parzhin,,,,,
7789,14940,ساج,دەفرێکی پەلی قوپاوی ئاسنە بۆ نان کردن و برێشکە برژاندن بەکاردێت,,,,,,,LOW,word has no جۆری وشە at all,28902dbf-4614-41c6-af7d-b36d8dc5fce6,parzhin,,,,,
7790,14943,ساجور,دارێکە بە پەتێک دەخرێت ملی سەگ،سەمەندۆک,ئامراز,ناو,ناو,کولتووری › ئامراز,ڕەگەز=بێلایەن,,HIGH,,28902dbf-4614-41c6-af7d-b36d8dc5fce6,parzhin,,,,,
7791,14945,ساچ,زاخ,ماددە,ناو,ناو,,ڕەگەز=بێلایەن,,HIGH,پۆل «ماددە» has no home among the deck's ten (see unmapped.csv),28902dbf-4614-41c6-af7d-b36d8dc5fce6,parzhin,,,,,
7792,14948,ساچان,قبوڵکردن،لەگەڵ ڕابواردن,ئەنجامدانی کارێک,کار,کار,,ڕەگەز=بێلایەن,,LOW,"پۆل «ئەنجامدانی کارێک» is really the part of speech «کار» — routed nowhere, needs a decision",28902dbf-4614-41c6-af7d-b36d8dc5fce6,parzhin,,,,,
7793,14949,ساچمە,گزم و لەمزی ورد کە دەیکەنە ناو تفەنگی ڕاو,ئامراز,ناو,ناو,کولتووری › ئامراز,ڕەگەز=بێلایەن,,HIGH,,28902dbf-4614-41c6-af7d-b36d8dc5fce6,parzhin,,,,,
7794,14953,ساچین,ساچان,درەخت,ناو,ناو,,ڕەگەز=بێلایەن,,HIGH,پۆل «درەخت» has no home among the deck's ten (see unmapped.csv),28902dbf-4614-41c6-af7d-b36d8dc5fce6,parzhin,,,,,
7795,14956,ساخ,تەندروست،ساخلەم،نەبیمار,بارودۆخی جەستەیی,ئاوەڵناو,هاوەڵناو,زانستیی پزیشکی › بارودۆخی جەستەیی,ڕەگەز=بێلایەن,,HIGH,,28902dbf-4614-41c6-af7d-b36d8dc5fce6,parzhin,,,,,
7796,14956,ساخ,ماڵی بێ عەیب,بارودۆخی جەستەیی,ئاوەڵناو,هاوەڵناو,زانستیی پزیشکی › بارودۆخی جەستەیی,ڕەگەز=بێلایەن,,HIGH,,28902dbf-4614-41c6-af7d-b36d8dc5fce6,parzhin,,,,,
7797,14957,ساخت,دەسکرد,ئەنجامدانی کارێک,کار,کار,,ڕەگەز=بێلایەن,,LOW,"پۆل «ئەنجامدانی کارێک» is really the part of speech «کار» — routed nowhere, needs a decision",28902dbf-4614-41c6-af7d-b36d8dc5fce6,parzhin,,,,,
7798,14958,ساختمان,خانووبەرە,ئامراز,ناو,ناو,کولتووری › ئامراز,ڕەگەز=بێلایەن,,HIGH,,28902dbf-4614-41c6-af7d-b36d8dc5fce6,parzhin,,,,,
7799,14961,رارفین,کەسێ کە شت دەرفێنێ,ئەنجامدانی کارێک,ئاوەڵکار,هاوەڵکار,,ڕەگەز=دوولایەن,,LOW,"پۆل «ئەنجامدانی کارێک» is really the part of speech «کار» — routed nowhere, needs a decision ; پۆل says «کار», جۆری وشە says «هاوەڵکار» — they disagree",79dd71fd-aaa5-4f5a-9211-101eeda2d0b8,taraakoy,,,,,
7800,14961,رارفین,ئەوەی شت دەرفێنێ,ئەنجامدانی کارێک,ئاوەڵکار,هاوەڵکار,,ڕەگەز=دوولایەن,,LOW,"پۆل «ئەنجامدانی کارێک» is really the part of speech «کار» — routed nowhere, needs a decision ; پۆل says «کار», جۆری وشە says «هاوەڵکار» — they disagree",79dd71fd-aaa5-4f5a-9211-101eeda2d0b8,taraakoy,,,,,
7802,14962,رارەڤ,رێ گوزەر,شوێن,ناو,ناو,ناو › شوێن,ڕەگەز=بێلایەن,,HIGH,,79dd71fd-aaa5-4f5a-9211-101eeda2d0b8,taraakoy,,,,,
7803,14962,رارەڤ,رێگەی هاتوچۆی گشتی,شوێن,ناو,ناو,ناو › شوێن,ڕەگەز=بێلایەن,,HIGH,,79dd71fd-aaa5-4f5a-9211-101eeda2d0b8,taraakoy,,,,,
7805,14963,رارەڤان,رارفان,شوێن,ناو,ناو,ناو › شوێن,ڕەگەز=بێلایەن,,HIGH,,79dd71fd-aaa5-4f5a-9211-101eeda2d0b8,taraakoy,,,,,
7808,14964,رارەو,رارەڤ,شوێن,ناو,ناو,ناو › شوێن,ڕەگەز=بێلایەن,,HIGH,,79dd71fd-aaa5-4f5a-9211-101eeda2d0b8,taraakoy,,,,,
7810,14965,راز,شاخی بلند,چەمک,ناو,ناو,,ڕەگەز=بێلایەن,,HIGH,پۆل «چەمک» has no home among the deck's ten (see unmapped.csv),79dd71fd-aaa5-4f5a-9211-101eeda2d0b8,taraakoy,,,,,
7811,14965,راز,تیشە بەردی سەرکێو,چەمک,ناو,ناو,,ڕەگەز=بێلایەن,,HIGH,پۆل «چەمک» has no home among the deck's ten (see unmapped.csv),79dd71fd-aaa5-4f5a-9211-101eeda2d0b8,taraakoy,,,,,
7812,14965,راز,سور،نهێنی,چەمک,ناو,ناو,,ڕەگەز=بێلایەن,,HIGH,پۆل «چەمک» has no home among the deck's ten (see unmapped.csv),79dd71fd-aaa5-4f5a-9211-101eeda2d0b8,taraakoy,,,,,
7813,14965,راز,چیرۆکی کورت,چەمک,ناو,ناو,,ڕەگەز=بێلایەن,,HIGH,پۆل «چەمک» has no home among the deck's ten (see unmapped.csv),79dd71fd-aaa5-4f5a-9211-101eeda2d0b8,taraakoy,,,,,
7814,14965,راز,سەرگوزەشتە,چەمک,ناو,ناو,,ڕەگەز=بێلایەن,,HIGH,پۆل «چەمک» has no home among the deck's ten (see unmapped.csv),79dd71fd-aaa5-4f5a-9211-101eeda2d0b8,taraakoy,,,,,
7815,14965,راز,قسەی دۆستانە,چەمک,ناو,ناو,,ڕەگەز=بێلایەن,,HIGH,پۆل «چەمک» has no home among the deck's ten (see unmapped.csv),79dd71fd-aaa5-4f5a-9211-101eeda2d0b8,taraakoy,,,,,
7820,14966,رازاڤ,رازاوە,سیفەت,ئاوەڵناو,هاوەڵناو,,ڕەگەز=مێ,,LOW,"پۆل «سیفەت» is really the part of speech «هاوەڵناو» — routed nowhere, needs a decision",79dd71fd-aaa5-4f5a-9211-101eeda2d0b8,taraakoy,,,,,
7821,14966,رازاڤ,جوان کراو,سیفەت,ئاوەڵناو,هاوەڵناو,,ڕەگەز=مێ,,LOW,"پۆل «سیفەت» is really the part of speech «هاوەڵناو» — routed nowhere, needs a decision",79dd71fd-aaa5-4f5a-9211-101eeda2d0b8,taraakoy,,,,,
7823,14967,باتمان,پێوانە,یەکەی پێوانە,ناو,ناو,,,,HIGH,پۆل «یەکەی پێوانە» has no home among the deck's ten (see unmapped.csv),ebadd113-3f1e-45e8-8dab-cfe024e7156d,barzihiwa,,,,,
7824,14968,باتوڤ,گیایەکە گوڵی سور دەردەکا,گژوگیا,ناو,ناو,,ڕەگەز=مێ,,HIGH,پۆل «گژوگیا» has no home among the deck's ten (see unmapped.csv),ebadd113-3f1e-45e8-8dab-cfe024e7156d,barzihiwa,,,,,
7825,14969,باتوم,قوڵە داری دەست داروغە,,,,,ڕەگەز=مێ,,LOW,word has no جۆری وشە at all,ebadd113-3f1e-45e8-8dab-cfe024e7156d,barzihiwa,,,,,
7826,14970,باتە,بات، لای تۆ، لە نزیک تۆ,شوێن,ئاوەڵکار,هاوەڵکار,ناو › شوێن,,,HIGH,,ebadd113-3f1e-45e8-8dab-cfe024e7156d,barzihiwa,,,,,
7827,14970,باتە,لجەم تە,شوێن,ئاوەڵکار,هاوەڵکار,ناو › شوێن,,,HIGH,,ebadd113-3f1e-45e8-8dab-cfe024e7156d,barzihiwa,,,,,
7829,14971,باتەقا,بەرانبەر لە باڵا یان لە کێش دا، هەمبەر، بارتەقا,سیفەت,ئاوەڵناو,هاوەڵناو,,,,LOW,"پۆل «سیفەت» is really the part of speech «هاوەڵناو» — routed nowhere, needs a decision",ebadd113-3f1e-45e8-8dab-cfe024e7156d,barzihiwa,,,,,
7831,14972,باتی,لەجێگەی، لە بری، جیات,,ناو,ناو,,,,HIGH,,ebadd113-3f1e-45e8-8dab-cfe024e7156d,barzihiwa,,,,,
7832,14973,باتێدان,نەخۆشی باداری گرتن، بە درۆ بە یەکێک هەڵگوتن و لخۆدەربردن,سیفەت,ئاوەڵناو,هاوەڵناو,,,,LOW,"پۆل «سیفەت» is really the part of speech «هاوەڵناو» — routed nowhere, needs a decision",ebadd113-3f1e-45e8-8dab-cfe024e7156d,barzihiwa,,,,,
7833,14974,باتیزک,بێ شەرم و ڕووهەڵماڵاو,سیفەت,ئاوەڵناو,هاوەڵناو,,,,LOW,"پۆل «سیفەت» is really the part of speech «هاوەڵناو» — routed nowhere, needs a decision",ebadd113-3f1e-45e8-8dab-cfe024e7156d,barzihiwa,,,,,
7834,14975,باتیزۆک,ڕوو گرژی خۆ بە زلزان,سیفەت,ئاوەڵناو,هاوەڵناو,,,,LOW,"پۆل «سیفەت» is really the part of speech «هاوەڵناو» — routed nowhere, needs a decision",ebadd113-3f1e-45e8-8dab-cfe024e7156d,barzihiwa,,,,,
7835,14976,باتیسک,خوشکی ژن، ژن خوشک,مرۆڤ,ناو,ناو,کولتووری › مرۆڤ,ڕەگەز=مێ,,HIGH,,ebadd113-3f1e-45e8-8dab-cfe024e7156d,barzihiwa,,,,,
7837,14977,باتینک,خونچەی تازە پشکوتوو,گژوگیا,ناو,ناو,,,,HIGH,پۆل «گژوگیا» has no home among the deck's ten (see unmapped.csv),ebadd113-3f1e-45e8-8dab-cfe024e7156d,barzihiwa,,,,,
7838,14978,باتینۆک,ڕەبەنۆک، گوڵە مێلاقە، ئالالە، گوڵاڵە سوورە,گژوگیا,ناو,ناو,,,,HIGH,پۆل «گژوگیا» has no home among the deck's ten (see unmapped.csv),ebadd113-3f1e-45e8-8dab-cfe024e7156d,barzihiwa,,,,,
7840,14979,زارک,دەمی هەمووشت جگە لە جانەوەر (زارکی مەشکە، زارکی ئەشکەوت),ئامراز,,,کولتووری › ئامراز,,,LOW,word has no جۆری وشە at all,5f16fc33-8c0b-4cb7-85ab-cf91afdbbcd3,bilalhama,,,,,
7842,14980,زارگۆتن,ستران، گۆرانی، مەقام، لاوک,گۆرانی کوردی,ئاوەڵناو,هاوەڵناو,,,,HIGH,پۆل «گۆرانی کوردی» has no home among the deck's ten (see unmapped.csv),5f16fc33-8c0b-4cb7-85ab-cf91afdbbcd3,bilalhama,,,,,
7844,14981,زارگا,بەرگەدە، جێگەی توکەبەر لێ روان,بارودۆخی جەستەیی,,,زانستیی پزیشکی › بارودۆخی جەستەیی,,,LOW,word has no جۆری وشە at all,5f16fc33-8c0b-4cb7-85ab-cf91afdbbcd3,bilalhama,,,,,
7846,14982,زارنەرم,زمان لوس، دەم تەر,سیفەت,ئاوەڵناو,هاوەڵناو,,,,LOW,"پۆل «سیفەت» is really the part of speech «هاوەڵناو» — routed nowhere, needs a decision",5f16fc33-8c0b-4cb7-85ab-cf91afdbbcd3,bilalhama,,,,,
7848,14983,زارۆ,کرمێکە بۆ خوێن مژین لە لەش بەکاردەهێندرێ، زەرو,مرۆڤناسی/ تەمەن و قۆناغەکانی ژیان | زیندەوەر,ناو,ناو,,,,HIGH,پۆل «مرۆڤناسی/ تەمەن و قۆناغەکانی ژیان» has no home among the deck's ten (see unmapped.csv) ; پۆل «زیندەوەر» has no home among the deck's ten (see unmapped.csv),5f16fc33-8c0b-4cb7-85ab-cf91afdbbcd3,bilalhama,,,,,
7849,14983,زارۆ,زێڵو,مرۆڤناسی/ تەمەن و قۆناغەکانی ژیان | زیندەوەر,ناو,ناو,,,,HIGH,پۆل «مرۆڤناسی/ تەمەن و قۆناغەکانی ژیان» has no home among the deck's ten (see unmapped.csv) ; پۆل «زیندەوەر» has no home among the deck's ten (see unmapped.csv),5f16fc33-8c0b-4cb7-85ab-cf91afdbbcd3,bilalhama,,,,,
7850,14983,زارۆ,زارۆ، مناڵ,مرۆڤناسی/ تەمەن و قۆناغەکانی ژیان | زیندەوەر,ناو,ناو,,,,HIGH,پۆل «مرۆڤناسی/ تەمەن و قۆناغەکانی ژیان» has no home among the deck's ten (see unmapped.csv) ; پۆل «زیندەوەر» has no home among the deck's ten (see unmapped.csv),5f16fc33-8c0b-4cb7-85ab-cf91afdbbcd3,bilalhama,,,,,
7853,14984,زارۆ,فر زەند,مرۆڤناسی/ تەمەن و قۆناغەکانی ژیان,ناو,ناو,,,,HIGH,پۆل «مرۆڤناسی/ تەمەن و قۆناغەکانی ژیان» has no home among the deck's ten (see unmapped.csv),5f16fc33-8c0b-4cb7-85ab-cf91afdbbcd3,bilalhama,,,,,
7854,14984,زارۆ,مناڵی چکۆڵە,مرۆڤناسی/ تەمەن و قۆناغەکانی ژیان,ناو,ناو,,,,HIGH,پۆل «مرۆڤناسی/ تەمەن و قۆناغەکانی ژیان» has no home among the deck's ten (see unmapped.csv),5f16fc33-8c0b-4cb7-85ab-cf91afdbbcd3,bilalhama,,,,,
7857,14985,زارۆتی,ڕۆژگاری مناڵی، زارۆکی,مرۆڤناسی/ تەمەن و قۆناغەکانی ژیان,,,,,,LOW,word has no جۆری وشە at all ; پۆل «مرۆڤناسی/ تەمەن و قۆناغەکانی ژیان» has no home among the deck's ten (see unmapped.csv),5f16fc33-8c0b-4cb7-85ab-cf91afdbbcd3,bilalhama,,,,,
7859,14986,زاروزێچ,ژن و مناڵ، خێزان بە گشتی,خێزان و بنەماڵە,,,,,,LOW,word has no جۆری وشە at all ; پۆل «خێزان و بنەماڵە» has no home among the deck's ten (see unmapped.csv),5f16fc33-8c0b-4cb7-85ab-cf91afdbbcd3,bilalhama,,,,,
7861,14987,زارۆک,زارۆ,مرۆڤ,ناو,ناو,کولتووری › مرۆڤ,,,HIGH,,5f16fc33-8c0b-4cb7-85ab-cf91afdbbcd3,bilalhama,,,,,
7863,14988,زارۆکی,زارۆتی، ڕۆژگاری منداڵی,مرۆڤناسی/ تەمەن و قۆناغەکانی ژیان,ناو,ناو,,,,HIGH,پۆل «مرۆڤناسی/ تەمەن و قۆناغەکانی ژیان» has no home among the deck's ten (see unmapped.csv),5f16fc33-8c0b-4cb7-85ab-cf91afdbbcd3,bilalhama,,,,,
7865,14989,زارۆڵە,زارۆ,مرۆڤ | مرۆڤناسی/ تەمەن و قۆناغەکانی ژیان,ناو,ناو,کولتووری › مرۆڤ,,,HIGH,پۆل «مرۆڤناسی/ تەمەن و قۆناغەکانی ژیان» has no home among the deck's ten (see unmapped.csv),5f16fc33-8c0b-4cb7-85ab-cf91afdbbcd3,bilalhama,,,,,
7867,14990,زارە,گەنمەکوتا,خواردن | ئەندامی جەستە | دانەوێڵە,ناو | ئاوەڵناو,,کولتووری › خواردن | زانستیی پزیشکی › ئەندامی جەستە,,,LOW,word carries several parts of speech (ناو / هاوەڵناو); a sense may only have one ; پۆل «دانەوێڵە» has no home among the deck's ten (see unmapped.csv),5f16fc33-8c0b-4cb7-85ab-cf91afdbbcd3,bilalhama,,,,,
7868,14990,زارە,زاراو، کیسەی زەرداوی لای جەرگ,خواردن | ئەندامی جەستە | دانەوێڵە,ناو | ئاوەڵناو,,کولتووری › خواردن | زانستیی پزیشکی › ئەندامی جەستە,,,LOW,word carries several parts of speech (ناو / هاوەڵناو); a sense may only have one ; پۆل «دانەوێڵە» has no home among the deck's ten (see unmapped.csv),5f16fc33-8c0b-4cb7-85ab-cf91afdbbcd3,bilalhama,,,,,
7869,14990,زارە,موی بەرگەدە، زار,خواردن | ئەندامی جەستە | دانەوێڵە,ناو | ئاوەڵناو,,کولتووری › خواردن | زانستیی پزیشکی › ئەندامی جەستە,,,LOW,word carries several parts of speech (ناو / هاوەڵناو); a sense may only have one ; پۆل «دانەوێڵە» has no home among the deck's ten (see unmapped.csv),5f16fc33-8c0b-4cb7-85ab-cf91afdbbcd3,bilalhama,,,,,
7873,14991,زارەترەک,زۆر ترساو، تۆقیو لە ترسان,هەست | دەروون ناسی,,,,,,LOW,word has no جۆری وشە at all ; پۆل «هەست» has no home among the deck's ten (see unmapped.csv) ; پۆل «دەروون ناسی» has no home among the deck's ten (see unmapped.csv),5f16fc33-8c0b-4cb7-85ab-cf91afdbbcd3,bilalhama,,,,,
7875,14992,زارەچوون,زارەترەک,هەست | دەروون ناسی,ئاوەڵناو,هاوەڵناو,,,,HIGH,پۆل «هەست» has no home among the deck's ten (see unmapped.csv) ; پۆل «دەروون ناسی» has no home among the deck's ten (see unmapped.csv),5f16fc33-8c0b-4cb7-85ab-cf91afdbbcd3,bilalhama,,,,,
7877,14993,زارەزار,دەنگی گریان بێ برانەوە، زۆرە زۆر,دەنگ | هەست,,,,,,LOW,word has no جۆری وشە at all ; پۆل «دەنگ» has no home among the deck's ten (see unmapped.csv) ; پۆل «هەست» has no home among the deck's ten (see unmapped.csv),5f16fc33-8c0b-4cb7-85ab-cf91afdbbcd3,bilalhama,,,,,
7879,14994,زارەگا,شوێنی ڕوانی توکەبەر,ئەندامی جەستە,ناو,ناو,زانستیی پزیشکی › ئەندامی جەستە,,,HIGH,,5f16fc33-8c0b-4cb7-85ab-cf91afdbbcd3,bilalhama,,,,,
7880,14994,زارەگا,گوڵێکە,ئەندامی جەستە,ناو,ناو,زانستیی پزیشکی › ئەندامی جەستە,,,HIGH,,5f16fc33-8c0b-4cb7-85ab-cf91afdbbcd3,bilalhama,,,,,
7883,14995,زارومبێن,دەمبێن، زاربێن,ئامراز,,,کولتووری › ئامراز,,,LOW,word has no جۆری وشە at all,5f16fc33-8c0b-4cb7-85ab-cf91afdbbcd3,bilalhama,,,,,
7885,14996,زارەوانە,تۆپەڵە پەڕۆ یان دار کە دەمی دەفری رادەکەن,کەرەستە,,,کولتووری › کەرەستە,,,LOW,word has no جۆری وشە at all,5f16fc33-8c0b-4cb7-85ab-cf91afdbbcd3,bilalhama,,,,,
7886,14997,زاری,گریان و شیوەن,دەنگ,ناو | ئاوەڵناو,,,,,LOW,word carries several parts of speech (ناو / هاوەڵناو); a sense may only have one ; پۆل «دەنگ» has no home among the deck's ten (see unmapped.csv),5f16fc33-8c0b-4cb7-85ab-cf91afdbbcd3,bilalhama,,,,,
7887,14997,زاری,زارۆڵە، مناڵ,دەنگ,ناو | ئاوەڵناو,,,,,LOW,word carries several parts of speech (ناو / هاوەڵناو); a sense may only have one ; پۆل «دەنگ» has no home among the deck's ten (see unmapped.csv),5f16fc33-8c0b-4cb7-85ab-cf91afdbbcd3,bilalhama,,,,,
7890,14998,زاریان,شین و شەپۆرکردن,دەنگ | هەست,ناو,ناو,,,,HIGH,پۆل «دەنگ» has no home among the deck's ten (see unmapped.csv) ; پۆل «هەست» has no home among the deck's ten (see unmapped.csv),5f16fc33-8c0b-4cb7-85ab-cf91afdbbcd3,bilalhama,,,,,
7891,14998,زاریان,گریانی تازیەمانی,دەنگ | هەست,ناو,ناو,,,,HIGH,پۆل «دەنگ» has no home among the deck's ten (see unmapped.csv) ; پۆل «هەست» has no home among the deck's ten (see unmapped.csv),5f16fc33-8c0b-4cb7-85ab-cf91afdbbcd3,bilalhama,,,,,
7893,14999,داردارۆک,برێتی لە نانی زۆر کۆن و هەڵاتو,خواردن,ناو,ناو,کولتووری › خواردن,,,HIGH,,fbaa1310-1a57-4439-b4e4-2b6fb312b455,banazhamad,,,,,
7895,15000,داردان,عەماری ئێزنگ,ئەنجامدانی کارێک,چاوگ,چاوگ,,,,LOW,"پۆل «ئەنجامدانی کارێک» is really the part of speech «کار» — routed nowhere, needs a decision ; پۆل says «کار», جۆری وشە says «چاوگ» — they disagree",fbaa1310-1a57-4439-b4e4-2b6fb312b455,banazhamad,,,,,
7896,15000,داردان,جێ نەمام و ریشەی زۆر,ئەنجامدانی کارێک,چاوگ,چاوگ,,,,LOW,"پۆل «ئەنجامدانی کارێک» is really the part of speech «کار» — routed nowhere, needs a decision ; پۆل says «کار», جۆری وشە says «چاوگ» — they disagree",fbaa1310-1a57-4439-b4e4-2b6fb312b455,banazhamad,,,,,
7897,15000,داردان,لە قەنارەدان,ئەنجامدانی کارێک,چاوگ,چاوگ,,,,LOW,"پۆل «ئەنجامدانی کارێک» is really the part of speech «کار» — routed nowhere, needs a decision ; پۆل says «کار», جۆری وشە says «چاوگ» — they disagree",fbaa1310-1a57-4439-b4e4-2b6fb312b455,banazhamad,,,,,
7898,15000,داردان,لە سێدارەدان,ئەنجامدانی کارێک,چاوگ,چاوگ,,,,LOW,"پۆل «ئەنجامدانی کارێک» is really the part of speech «کار» — routed nowhere, needs a decision ; پۆل says «کار», جۆری وشە says «چاوگ» — they disagree",fbaa1310-1a57-4439-b4e4-2b6fb312b455,banazhamad,,,,,
7903,15001,داردۆژەنگ,داری ئەم لاو ئەولای مەشکە، کە بەزمانە دەخرێتە ناو لۆلەپەوە,کەرەستە,ناو,ناو,کولتووری › کەرەستە,,,HIGH,,fbaa1310-1a57-4439-b4e4-2b6fb312b455,banazhamad,,,,,
7905,15002,داردەس,چێوی کە بەدەستەوە دەگیردرێ,کەرەستە,ناو,ناو,کولتووری › کەرەستە,,,HIGH,,fbaa1310-1a57-4439-b4e4-2b6fb312b455,banazhamad,,,,,
7907,15003,داردەست,داردەس,کەرەستە,ناو,ناو,کولتووری › کەرەستە,,,HIGH,,fbaa1310-1a57-4439-b4e4-2b6fb312b455,banazhamad,,,,,
7909,15004,داردینک,داری راهەنگاو بەسەر ئاخوڕدا,کەرەستە,ناو,ناو,کولتووری › کەرەستە,,,HIGH,,fbaa1310-1a57-4439-b4e4-2b6fb312b455,banazhamad,,,,,
7910,15004,داردینک,ئاخوڕ لەداری ناو کۆڵدراو,کەرەستە,ناو,ناو,کولتووری › کەرەستە,,,HIGH,,fbaa1310-1a57-4439-b4e4-2b6fb312b455,banazhamad,,,,,
7913,15005,داڕزان,داتوڵان,ئەنجامدانی کارێک,چاوگ,چاوگ,,,,LOW,"پۆل «ئەنجامدانی کارێک» is really the part of speech «کار» — routed nowhere, needs a decision ; پۆل says «کار», جۆری وشە says «چاوگ» — they disagree",fbaa1310-1a57-4439-b4e4-2b6fb312b455,banazhamad,,,,,
7914,15005,داڕزان,ڕزین تەواوی,ئەنجامدانی کارێک,چاوگ,چاوگ,,,,LOW,"پۆل «ئەنجامدانی کارێک» is really the part of speech «کار» — routed nowhere, needs a decision ; پۆل says «کار», جۆری وشە says «چاوگ» — they disagree",fbaa1310-1a57-4439-b4e4-2b6fb312b455,banazhamad,,,,,
7917,15006,داڕزاندن,توڵاندنەوە,ئەنجامدانی کارێک,چاوگ,چاوگ,,,,LOW,"پۆل «ئەنجامدانی کارێک» is really the part of speech «کار» — routed nowhere, needs a decision ; پۆل says «کار», جۆری وشە says «چاوگ» — they disagree",fbaa1310-1a57-4439-b4e4-2b6fb312b455,banazhamad,,,,,
7921,15007,داڕزیو,داڕزاو,سیفەت,ئاوەڵناو,هاوەڵناو,,,,LOW,"پۆل «سیفەت» is really the part of speech «هاوەڵناو» — routed nowhere, needs a decision",fbaa1310-1a57-4439-b4e4-2b6fb312b455,banazhamad,,,,,
7923,15008,داڕژان,لەسەرەوە بۆ خوار ڕژان,ئەنجامدانی کارێک,چاوگ,چاوگ,,,,LOW,"پۆل «ئەنجامدانی کارێک» is really the part of speech «کار» — routed nowhere, needs a decision ; پۆل says «کار», جۆری وشە says «چاوگ» — they disagree",fbaa1310-1a57-4439-b4e4-2b6fb312b455,banazhamad,,,,,
7924,15008,داڕژان,دەناو قاڵبکردن,ئەنجامدانی کارێک,چاوگ,چاوگ,,,,LOW,"پۆل «ئەنجامدانی کارێک» is really the part of speech «کار» — routed nowhere, needs a decision ; پۆل says «کار», جۆری وشە says «چاوگ» — they disagree",fbaa1310-1a57-4439-b4e4-2b6fb312b455,banazhamad,,,,,
7927,15009,داڕژاندن,سەرەوخوار رشتن,ئەنجامدانی کارێک,کار,کار,,,,LOW,"پۆل «ئەنجامدانی کارێک» is really the part of speech «کار» — routed nowhere, needs a decision",fbaa1310-1a57-4439-b4e4-2b6fb312b455,banazhamad,,,,,
7928,15009,داڕژاندن,دەقالب کردن,ئەنجامدانی کارێک,کار,کار,,,,LOW,"پۆل «ئەنجامدانی کارێک» is really the part of speech «کار» — routed nowhere, needs a decision",fbaa1310-1a57-4439-b4e4-2b6fb312b455,banazhamad,,,,,
7931,15010,داڕژاو,لەسەرەوە بۆ خوار رژاو,سیفەت,ئاوەڵناو,هاوەڵناو,,,,LOW,"پۆل «سیفەت» is really the part of speech «هاوەڵناو» — routed nowhere, needs a decision",fbaa1310-1a57-4439-b4e4-2b6fb312b455,banazhamad,,,,,
7932,15010,داڕژاو,دەقاڵبدا دروستکراو,سیفەت,ئاوەڵناو,هاوەڵناو,,,,LOW,"پۆل «سیفەت» is really the part of speech «هاوەڵناو» — routed nowhere, needs a decision",fbaa1310-1a57-4439-b4e4-2b6fb312b455,banazhamad,,,,,
7935,15011,داڕژتن,داڕژاندن,ئەنجامدانی کارێک,کار,کار,,,,LOW,"پۆل «ئەنجامدانی کارێک» is really the part of speech «کار» — routed nowhere, needs a decision",fbaa1310-1a57-4439-b4e4-2b6fb312b455,banazhamad,,,,,
7937,15012,دارژمێر,ژماردنی ئاژەڵ کە بە داردەست هیمایان بۆ دەکەن.,ئەنجامدانی کارێک,ناو,ناو,,,,LOW,"پۆل «ئەنجامدانی کارێک» is really the part of speech «کار» — routed nowhere, needs a decision ; پۆل says «کار», جۆری وشە says «ناو» — they disagree",fbaa1310-1a57-4439-b4e4-2b6fb312b455,banazhamad,,,,,
7939,15013,داڕژیان,داڕژان,ئەنجامدانی کارێک,چاوگ,چاوگ,,,,LOW,"پۆل «ئەنجامدانی کارێک» is really the part of speech «کار» — routed nowhere, needs a decision ; پۆل says «کار», جۆری وشە says «چاوگ» — they disagree",fbaa1310-1a57-4439-b4e4-2b6fb312b455,banazhamad,,,,,
7941,15014,داڕژین,داڕژان,ئەنجامدانی کارێک,چاوگ,چاوگ,,,,LOW,"پۆل «ئەنجامدانی کارێک» is really the part of speech «کار» — routed nowhere, needs a decision ; پۆل says «کار», جۆری وشە says «چاوگ» — they disagree",fbaa1310-1a57-4439-b4e4-2b6fb312b455,banazhamad,,,,,
7943,15015,دارسان,لێڕ,درەخت,ناو,ناو,,,,HIGH,پۆل «درەخت» has no home among the deck's ten (see unmapped.csv),fbaa1310-1a57-4439-b4e4-2b6fb312b455,banazhamad,,,,,
7944,15015,دارسان,لێڕەوار,درەخت,ناو,ناو,,,,HIGH,پۆل «درەخت» has no home among the deck's ten (see unmapped.csv),fbaa1310-1a57-4439-b4e4-2b6fb312b455,banazhamad,,,,,
7945,15015,دارسان,جەنگەڵ,درەخت,ناو,ناو,,,,HIGH,پۆل «درەخت» has no home among the deck's ten (see unmapped.csv),fbaa1310-1a57-4439-b4e4-2b6fb312b455,banazhamad,,,,,
7947,15016,داڕسان,هەڵمەت بردن,ئەنجامدانی کارێک,چاوگ,چاوگ,,,,LOW,"پۆل «ئەنجامدانی کارێک» is really the part of speech «کار» — routed nowhere, needs a decision ; پۆل says «کار», جۆری وشە says «چاوگ» — they disagree",fbaa1310-1a57-4439-b4e4-2b6fb312b455,banazhamad,,,,,
7948,15016,داڕسان,پەلاماردان,ئەنجامدانی کارێک,چاوگ,چاوگ,,,,LOW,"پۆل «ئەنجامدانی کارێک» is really the part of speech «کار» — routed nowhere, needs a decision ; پۆل says «کار», جۆری وشە says «چاوگ» — they disagree",fbaa1310-1a57-4439-b4e4-2b6fb312b455,banazhamad,,,,,
7950,15017,دارستان,جەنگەڵ,درەخت,ناو,ناو,,,,HIGH,پۆل «درەخت» has no home among the deck's ten (see unmapped.csv),fbaa1310-1a57-4439-b4e4-2b6fb312b455,banazhamad,,,,,
7951,15017,دارستان,لێڕەوار,درەخت,ناو,ناو,,,,HIGH,پۆل «درەخت» has no home among the deck's ten (see unmapped.csv),fbaa1310-1a57-4439-b4e4-2b6fb312b455,banazhamad,,,,,
7952,15017,دارستان,دارسان,درەخت,ناو,ناو,,,,HIGH,پۆل «درەخت» has no home among the deck's ten (see unmapped.csv),fbaa1310-1a57-4439-b4e4-2b6fb312b455,banazhamad,,,,,
7954,15018,داڕسکان,پەلاماردان,ئەنجامدانی کارێک,چاوگ,چاوگ,,,,LOW,"پۆل «ئەنجامدانی کارێک» is really the part of speech «کار» — routed nowhere, needs a decision ; پۆل says «کار», جۆری وشە says «چاوگ» — they disagree",fbaa1310-1a57-4439-b4e4-2b6fb312b455,banazhamad,,,,,
7955,15018,داڕسکان,داڕسان,ئەنجامدانی کارێک,چاوگ,چاوگ,,,,LOW,"پۆل «ئەنجامدانی کارێک» is really the part of speech «کار» — routed nowhere, needs a decision ; پۆل says «کار», جۆری وشە says «چاوگ» — they disagree",fbaa1310-1a57-4439-b4e4-2b6fb312b455,banazhamad,,,,,
7957,15019,داڕسکاندن,گرتن و بەزۆر ڕاکێشان,ئەنجامدانی کارێک,چاوگ,چاوگ,,,,LOW,"پۆل «ئەنجامدانی کارێک» is really the part of speech «کار» — routed nowhere, needs a decision ; پۆل says «کار», جۆری وشە says «چاوگ» — they disagree",fbaa1310-1a57-4439-b4e4-2b6fb312b455,banazhamad,,,,,
7959,15020,دارسیواک,ئەو دارۆکەی نوێژکەران ددانی پێ دەماڵن,کەرەستە,ناو,ناو,کولتووری › کەرەستە,,,HIGH,,fbaa1310-1a57-4439-b4e4-2b6fb312b455,banazhamad,,,,,
7961,15021,دارشاخکردن,سوکایەتی بەسەر هێنان,ئەنجامدانی کارێک,چاوگ,چاوگ,,,,LOW,"پۆل «ئەنجامدانی کارێک» is really the part of speech «کار» — routed nowhere, needs a decision ; پۆل says «کار», جۆری وشە says «چاوگ» — they disagree",fbaa1310-1a57-4439-b4e4-2b6fb312b455,banazhamad,,,,,
7963,15022,داڕشتن,داڕژاندن,ئەنجامدانی کارێک,چاوگ,چاوگ,,,,LOW,"پۆل «ئەنجامدانی کارێک» is really the part of speech «کار» — routed nowhere, needs a decision ; پۆل says «کار», جۆری وشە says «چاوگ» — they disagree",fbaa1310-1a57-4439-b4e4-2b6fb312b455,banazhamad,,,,,
7964,15022,داڕشتن,کل دەچاو کێشان,ئەنجامدانی کارێک,چاوگ,چاوگ,,,,LOW,"پۆل «ئەنجامدانی کارێک» is really the part of speech «کار» — routed nowhere, needs a decision ; پۆل says «کار», جۆری وشە says «چاوگ» — they disagree",fbaa1310-1a57-4439-b4e4-2b6fb312b455,banazhamad,,,,,
7967,15023,داڕشتە,دەقالب کراو,بەرهەمی کار,ناو,ناو,,,,HIGH,پۆل «بەرهەمی کار» has no home among the deck's ten (see unmapped.csv),fbaa1310-1a57-4439-b4e4-2b6fb312b455,banazhamad,,,,,
7969,15024,دارشەق,داری بن باڵی پاشکاو,کەرەستە,ناو,ناو,کولتووری › کەرەستە,,,HIGH,,fbaa1310-1a57-4439-b4e4-2b6fb312b455,banazhamad,,,,,
7970,15024,دارشەق,کاشۆ,کەرەستە,ناو,ناو,کولتووری › کەرەستە,,,HIGH,,fbaa1310-1a57-4439-b4e4-2b6fb312b455,banazhamad,,,,,
7971,15024,دارشەق,گۆچانی گەمەی شەقێن,کەرەستە,ناو,ناو,کولتووری › کەرەستە,,,HIGH,,fbaa1310-1a57-4439-b4e4-2b6fb312b455,banazhamad,,,,,
7974,15025,دارشەقێن,کاشۆ,کەرەستە,ناو,ناو,کولتووری › کەرەستە,,,HIGH,,fbaa1310-1a57-4439-b4e4-2b6fb312b455,banazhamad,,,,,
7975,15025,دارشەقێن,دارشەق,کەرەستە,ناو,ناو,کولتووری › کەرەستە,,,HIGH,,fbaa1310-1a57-4439-b4e4-2b6fb312b455,banazhamad,,,,,
7977,15026,دارغە,قوڵچی ناوشار,کەس,ناو,ناو,ناو › کەس,,,HIGH,,fbaa1310-1a57-4439-b4e4-2b6fb312b455,banazhamad,,,,,
7978,15026,دارغە,پاسەوانی شار,کەس,ناو,ناو,ناو › کەس,,,HIGH,,fbaa1310-1a57-4439-b4e4-2b6fb312b455,banazhamad,,,,,
7980,15027,ئازادیخواز,داواکاری سەربەستی، ڕزگاریخواز,باروودۆخ,ئاوەڵناو,هاوەڵناو,,,,HIGH,پۆل «باروودۆخ» has no home among the deck's ten (see unmapped.csv),f65f7d2f-996a-4df7-a10e-c6e846940032,ahmadaziz,,,,,
7981,15028,ئازار,ئێش و ژان، پەتا و درم، مانگی ئادار، مارس، واگیردار,وەرز و مانگەکان,ناو,ناو,,ڕەگەز=بێلایەن,,HIGH,پۆل «وەرز و مانگەکان» has no home among the deck's ten (see unmapped.csv),f65f7d2f-996a-4df7-a10e-c6e846940032,ahmadaziz,,,,,
7983,15029,ئازاردان,عەزیەت دان، ئێش پێ گەیاندن,ئەنجامدانی کارێک | بارودۆخی جەستەیی,چاوگ,چاوگ,زانستیی پزیشکی › بارودۆخی جەستەیی,,,LOW,"پۆل «ئەنجامدانی کارێک» is really the part of speech «کار» — routed nowhere, needs a decision ; پۆل says «کار», جۆری وشە says «چاوگ» — they disagree",f65f7d2f-996a-4df7-a10e-c6e846940032,ahmadaziz,,,,,
7985,15032,ساختە,درۆ،بوختان,سیفەت,ناو,ناو,,ڕەگەز=بێلایەن,,LOW,"پۆل «سیفەت» is really the part of speech «هاوەڵناو» — routed nowhere, needs a decision ; پۆل says «هاوەڵناو», جۆری وشە says «ناو» — they disagree",28902dbf-4614-41c6-af7d-b36d8dc5fce6,parzhin,,,,,
7986,15033,حەواڵە,ناردن,ئەنجامدانی کارێک,کار,کار,,,,LOW,"پۆل «ئەنجامدانی کارێک» is really the part of speech «کار» — routed nowhere, needs a decision",d53e0d86-01bb-4950-863e-beb1e3d81ccf,shkoskur,,,,,
7987,15033,حەواڵە,بەنووسراو پارەوەرگرتن,ئەنجامدانی کارێک,کار,کار,,,,LOW,"پۆل «ئەنجامدانی کارێک» is really the part of speech «کار» — routed nowhere, needs a decision",d53e0d86-01bb-4950-863e-beb1e3d81ccf,shkoskur,,,,,
7988,15034,دانەوێڵە,ئازوخەی وشک وەک نیسک و نۆک و…,دانەوێڵە,ناو,ناو,,,,HIGH,پۆل «دانەوێڵە» has no home among the deck's ten (see unmapped.csv),fbaa1310-1a57-4439-b4e4-2b6fb312b455,banazhamad,,,,,
7990,15035,حەوینەوە,پشوودان,,,,,,,LOW,word has no جۆری وشە at all,d53e0d86-01bb-4950-863e-beb1e3d81ccf,shkoskur,,,,,
7991,15035,حەوینەوە,حەوانەوە,,,,,,,LOW,word has no جۆری وشە at all,d53e0d86-01bb-4950-863e-beb1e3d81ccf,shkoskur,,,,,
7992,15036,حەی,وشەیەکە لە کاتی سەرسوڕمان بەکار دێت,وشەی سەرسوڕمان,,,,,,LOW,word has no جۆری وشە at all ; پۆل «وشەی سەرسوڕمان» has no home among the deck's ten (see unmapped.csv),d53e0d86-01bb-4950-863e-beb1e3d81ccf,shkoskur,,,,,
7993,15036,حەی,ناوێکە لە ناوەکانی خوا (الحي),وشەی سەرسوڕمان,,,,,,LOW,word has no جۆری وشە at all ; پۆل «وشەی سەرسوڕمان» has no home among the deck's ten (see unmapped.csv),d53e0d86-01bb-4950-863e-beb1e3d81ccf,shkoskur,,,,,
7994,15037,حەیا,شەرم,ئەدەب,ئاوەڵناو,هاوەڵناو,,,,HIGH,پۆل «ئەدەب» has no home among the deck's ten (see unmapped.csv),d53e0d86-01bb-4950-863e-beb1e3d81ccf,shkoskur,,,,,
7997,15038,حەیات,"ماوەی ژیان, ژیان",باروودۆخ,ناو | ئاوەڵناو,,,,,LOW,word carries several parts of speech (ناو / هاوەڵناو); a sense may only have one ; پۆل «باروودۆخ» has no home among the deck's ten (see unmapped.csv),d53e0d86-01bb-4950-863e-beb1e3d81ccf,shkoskur,,,,,
7998,15038,حەیات,وەک ناوی ئافرەتانیش  بەکار هاتووە,باروودۆخ,ناو | ئاوەڵناو,,,,,LOW,word carries several parts of speech (ناو / هاوەڵناو); a sense may only have one ; پۆل «باروودۆخ» has no home among the deck's ten (see unmapped.csv),d53e0d86-01bb-4950-863e-beb1e3d81ccf,shkoskur,,,,,
7999,15038,حەیات,خۆش، شتێک خۆش بێت  دەڵێن: کورە حەیاتە!,باروودۆخ,ناو | ئاوەڵناو,,,,,LOW,word carries several parts of speech (ناو / هاوەڵناو); a sense may only have one ; پۆل «باروودۆخ» has no home among the deck's ten (see unmapped.csv),d53e0d86-01bb-4950-863e-beb1e3d81ccf,shkoskur,,,,,
8000,15038,حەیات,دڵگیر.  کورە وەڵاهی کوردستان حەیاتە!,باروودۆخ,ناو | ئاوەڵناو,,,,,LOW,word carries several parts of speech (ناو / هاوەڵناو); a sense may only have one ; پۆل «باروودۆخ» has no home among the deck's ten (see unmapped.csv),d53e0d86-01bb-4950-863e-beb1e3d81ccf,shkoskur,,,,,
8001,15039,حەیاتکان,ئابڕووچوون,,ئاوەڵناو,هاوەڵناو,,,,HIGH,,d53e0d86-01bb-4950-863e-beb1e3d81ccf,shkoskur,,,,,
8002,15040,حەیاتکاو,بێشەرم,هەست | باروودۆخ,ناو,ناو,,,,HIGH,پۆل «هەست» has no home among the deck's ten (see unmapped.csv) ; پۆل «باروودۆخ» has no home among the deck's ten (see unmapped.csv),d53e0d86-01bb-4950-863e-beb1e3d81ccf,shkoskur,,,,,
8003,15040,حەیاتکاو,ئابڕو نەماو,هەست | باروودۆخ,ناو,ناو,,,,HIGH,پۆل «هەست» has no home among the deck's ten (see unmapped.csv) ; پۆل «باروودۆخ» has no home among the deck's ten (see unmapped.csv),d53e0d86-01bb-4950-863e-beb1e3d81ccf,shkoskur,,,,,
8004,15041,حەیاچوو,حەیاتکاو,هەست,ناو,ناو,,,,HIGH,پۆل «هەست» has no home among the deck's ten (see unmapped.csv),d53e0d86-01bb-4950-863e-beb1e3d81ccf,shkoskur,,,,,
8006,15042,حەیاچوون,ئابڕوو نەمان، حەیاتکان,,,,,,,LOW,word has no جۆری وشە at all,d53e0d86-01bb-4950-863e-beb1e3d81ccf,shkoskur,,,,,
8007,15043,حەیار,فێڵباز,ئەنجامدانی کارێک,ناو,ناو,,,,LOW,"پۆل «ئەنجامدانی کارێک» is really the part of speech «کار» — routed nowhere, needs a decision ; پۆل says «کار», جۆری وشە says «ناو» — they disagree",d53e0d86-01bb-4950-863e-beb1e3d81ccf,shkoskur,,,,,
8008,15043,حەیار,مەکرباز,ئەنجامدانی کارێک,ناو,ناو,,,,LOW,"پۆل «ئەنجامدانی کارێک» is really the part of speech «کار» — routed nowhere, needs a decision ; پۆل says «کار», جۆری وشە says «ناو» — they disagree",d53e0d86-01bb-4950-863e-beb1e3d81ccf,shkoskur,,,,,
8009,15044,دارفرسەق,داری چەقاو لەدەم ڕێگە بۆ ماوە دیاریکردن,کەرەستە,ناو,ناو,کولتووری › کەرەستە,,,HIGH,,fbaa1310-1a57-4439-b4e4-2b6fb312b455,banazhamad,,,,,
8011,15045,دارڤان,داربڕ,کەس,ناو,ناو,ناو › کەس,,,HIGH,,fbaa1310-1a57-4439-b4e4-2b6fb312b455,banazhamad,,,,,
8012,15045,دارڤان,کەسێ کە دار بەتەور و هەڕە دەبڕێتەوە,کەس,ناو,ناو,ناو › کەس,,,HIGH,,fbaa1310-1a57-4439-b4e4-2b6fb312b455,banazhamad,,,,,
8013,15045,دارڤان,دارەوان,کەس,ناو,ناو,ناو › کەس,,,HIGH,,fbaa1310-1a57-4439-b4e4-2b6fb312b455,banazhamad,,,,,
8014,15045,دارڤان,کەسێ کە باش دەتوانێ بەدرەخت هەڵگەڕێ، دارەوان,کەس,ناو,ناو,ناو › کەس,,,HIGH,,fbaa1310-1a57-4439-b4e4-2b6fb312b455,banazhamad,,,,,
8017,15046,دارقواخ,دولکێ کە لەزەوی دەچەقێنن و لولەتفەنگی سەردەخەن,کەرەستە,ناو,ناو,کولتووری › کەرەستە,,,HIGH,,fbaa1310-1a57-4439-b4e4-2b6fb312b455,banazhamad,,,,,
8019,15047,دارقەپان,دارێک کە ئاڵقەی تەرازوی گەورەی پێدادەکەن,کەرەستە,ناو,ناو,کولتووری › کەرەستە,,,HIGH,,fbaa1310-1a57-4439-b4e4-2b6fb312b455,banazhamad,,,,,
8021,15048,دارقەسپ,دارخورما,درەخت,ناو,ناو,,,,HIGH,پۆل «درەخت» has no home among the deck's ten (see unmapped.csv),fbaa1310-1a57-4439-b4e4-2b6fb312b455,banazhamad,,,,,
8022,15048,دارقەسپ,دارێکە بۆ جوانی رایدەگرن وەک دارخورما دەچێ و بەر نادا,درەخت,ناو,ناو,,,,HIGH,پۆل «درەخت» has no home among the deck's ten (see unmapped.csv),fbaa1310-1a57-4439-b4e4-2b6fb312b455,banazhamad,,,,,
8025,15049,دارکارچک,داری کرۆسک,درەخت,ناو,ناو,,,,HIGH,پۆل «درەخت» has no home among the deck's ten (see unmapped.csv),fbaa1310-1a57-4439-b4e4-2b6fb312b455,banazhamad,,,,,
8027,15050,دارقەواخ,دارقواخ,کەرەستە,ناو,ناو,کولتووری › کەرەستە,,,HIGH,,fbaa1310-1a57-4439-b4e4-2b6fb312b455,banazhamad,,,,,
8029,15051,دارقەوام,ئامرازی داری خوار راستکردنەوە,ئامێر,ناو,ناو,,,,HIGH,پۆل «ئامێر» has no home among the deck's ten (see unmapped.csv),fbaa1310-1a57-4439-b4e4-2b6fb312b455,banazhamad,,,,,
8031,15052,دارک,دەمارە تووتن,کەرەستە,ناو,ناو,کولتووری › کەرەستە,,,HIGH,,fbaa1310-1a57-4439-b4e4-2b6fb312b455,banazhamad,,,,,
8033,15053,ش,پیتی پرسیار,,وردە وشە,,,,,LOW,جۆری وشە «وردە وشە» has no equivalent among the seven,a09069b2-3fc6-4c25-8516-d6e452cd7199,Glena,,,,,
8034,15053,ش,نەرێنی(شناکەم),,وردە وشە,,,,,LOW,جۆری وشە «وردە وشە» has no equivalent among the seven,a09069b2-3fc6-4c25-8516-d6e452cd7199,Glena,,,,,
8035,15053,ش,بەستنەوەی ئاخاوتن(منیش),,وردە وشە,,,,,LOW,جۆری وشە «وردە وشە» has no equivalent among the seven,a09069b2-3fc6-4c25-8516-d6e452cd7199,Glena,,,,,
8036,15053,ش,دەنگ(بێدەنگبوون),,وردە وشە,,,,,LOW,جۆری وشە «وردە وشە» has no equivalent among the seven,a09069b2-3fc6-4c25-8516-d6e452cd7199,Glena,,,,,
8040,15054,رازان,خۆدرێژکردن,ئەنجامدانی کارێک,کار,کار,,ڕەگەز=بێلایەن,,LOW,"پۆل «ئەنجامدانی کارێک» is really the part of speech «کار» — routed nowhere, needs a decision",79dd71fd-aaa5-4f5a-9211-101eeda2d0b8,taraakoy,,,,,
8041,15054,رازان,پاڵ کەفتن,ئەنجامدانی کارێک,کار,کار,,ڕەگەز=بێلایەن,,LOW,"پۆل «ئەنجامدانی کارێک» is really the part of speech «کار» — routed nowhere, needs a decision",79dd71fd-aaa5-4f5a-9211-101eeda2d0b8,taraakoy,,,,,
8042,15054,رازان,راکشان,ئەنجامدانی کارێک,کار,کار,,ڕەگەز=بێلایەن,,LOW,"پۆل «ئەنجامدانی کارێک» is really the part of speech «کار» — routed nowhere, needs a decision",79dd71fd-aaa5-4f5a-9211-101eeda2d0b8,taraakoy,,,,,
8043,15054,رازان,خەوتن,ئەنجامدانی کارێک,کار,کار,,ڕەگەز=بێلایەن,,LOW,"پۆل «ئەنجامدانی کارێک» is really the part of speech «کار» — routed nowhere, needs a decision",79dd71fd-aaa5-4f5a-9211-101eeda2d0b8,taraakoy,,,,,
8044,15054,رازان,نڤستن,ئەنجامدانی کارێک,کار,کار,,ڕەگەز=بێلایەن,,LOW,"پۆل «ئەنجامدانی کارێک» is really the part of speech «کار» — routed nowhere, needs a decision",79dd71fd-aaa5-4f5a-9211-101eeda2d0b8,taraakoy,,,,,
8045,15054,رازان,خۆکارکرن,ئەنجامدانی کارێک,کار,کار,,ڕەگەز=بێلایەن,,LOW,"پۆل «ئەنجامدانی کارێک» is really the part of speech «کار» — routed nowhere, needs a decision",79dd71fd-aaa5-4f5a-9211-101eeda2d0b8,taraakoy,,,,,
8046,15054,رازان,ئامادەبون,ئەنجامدانی کارێک,کار,کار,,ڕەگەز=بێلایەن,,LOW,"پۆل «ئەنجامدانی کارێک» is really the part of speech «کار» — routed nowhere, needs a decision",79dd71fd-aaa5-4f5a-9211-101eeda2d0b8,taraakoy,,,,,
8050,15055,رازاندن,خەواندن,ئەنجامدانی کارێک,چاوگ,چاوگ,,ڕەگەز=بێلایەن,,LOW,"پۆل «ئەنجامدانی کارێک» is really the part of speech «کار» — routed nowhere, needs a decision ; پۆل says «کار», جۆری وشە says «چاوگ» — they disagree",79dd71fd-aaa5-4f5a-9211-101eeda2d0b8,taraakoy,,,,,
8051,15055,رازاندن,دەخەوکردن,ئەنجامدانی کارێک,چاوگ,چاوگ,,ڕەگەز=بێلایەن,,LOW,"پۆل «ئەنجامدانی کارێک» is really the part of speech «کار» — routed nowhere, needs a decision ; پۆل says «کار», جۆری وشە says «چاوگ» — they disagree",79dd71fd-aaa5-4f5a-9211-101eeda2d0b8,taraakoy,,,,,
8052,15055,رازاندن,نواندن,ئەنجامدانی کارێک,چاوگ,چاوگ,,ڕەگەز=بێلایەن,,LOW,"پۆل «ئەنجامدانی کارێک» is really the part of speech «کار» — routed nowhere, needs a decision ; پۆل says «کار», جۆری وشە says «چاوگ» — they disagree",79dd71fd-aaa5-4f5a-9211-101eeda2d0b8,taraakoy,,,,,
8053,15055,رازاندن,جوان کردن,ئەنجامدانی کارێک,چاوگ,چاوگ,,ڕەگەز=بێلایەن,,LOW,"پۆل «ئەنجامدانی کارێک» is really the part of speech «کار» — routed nowhere, needs a decision ; پۆل says «کار», جۆری وشە says «چاوگ» — they disagree",79dd71fd-aaa5-4f5a-9211-101eeda2d0b8,taraakoy,,,,,
8057,15056,رازاندنەوە,جوان کردن,ئەنجامدانی کارێک,کار,کار,,ڕەگەز=دوولایەن,,LOW,"پۆل «ئەنجامدانی کارێک» is really the part of speech «کار» — routed nowhere, needs a decision",79dd71fd-aaa5-4f5a-9211-101eeda2d0b8,taraakoy,,,,,
8058,15056,رازاندنەوە,رێکو پێک تر نیشان دان لە پێشو,ئەنجامدانی کارێک,کار,کار,,ڕەگەز=دوولایەن,,LOW,"پۆل «ئەنجامدانی کارێک» is really the part of speech «کار» — routed nowhere, needs a decision",79dd71fd-aaa5-4f5a-9211-101eeda2d0b8,taraakoy,,,,,
8061,15057,رازانن,جوان کردن,ئەنجامدانی کارێک,کار,کار,,ڕەگەز=دوولایەن,,LOW,"پۆل «ئەنجامدانی کارێک» is really the part of speech «کار» — routed nowhere, needs a decision",79dd71fd-aaa5-4f5a-9211-101eeda2d0b8,taraakoy,,,,,
8063,15058,رازاننەوە,رازانن,ئەنجامدانی کارێک,کار,کار,,ڕەگەز=دوولایەن,,LOW,"پۆل «ئەنجامدانی کارێک» is really the part of speech «کار» — routed nowhere, needs a decision",79dd71fd-aaa5-4f5a-9211-101eeda2d0b8,taraakoy,,,,,
8065,15059,رازانەوە,جوان و رێک و پێک بون,ئەنجامدانی کارێک,کار,کار,,ڕەگەز=دوولایەن,,LOW,"پۆل «ئەنجامدانی کارێک» is really the part of speech «کار» — routed nowhere, needs a decision",79dd71fd-aaa5-4f5a-9211-101eeda2d0b8,taraakoy,,,,,
8067,15060,رازاوە,جوان کراو,ئەنجامدانی کارێک,کار,کار,,ڕەگەز=دوولایەن,,LOW,"پۆل «ئەنجامدانی کارێک» is really the part of speech «کار» — routed nowhere, needs a decision",79dd71fd-aaa5-4f5a-9211-101eeda2d0b8,taraakoy,,,,,
8069,15061,رازایی,نوستو,بارودۆخی جەستەیی,ئاوەڵناو,هاوەڵناو,زانستیی پزیشکی › بارودۆخی جەستەیی,ڕەگەز=دوولایەن,,HIGH,,79dd71fd-aaa5-4f5a-9211-101eeda2d0b8,taraakoy,,,,,
8070,15061,رازایی,خەوتو,بارودۆخی جەستەیی,ئاوەڵناو,هاوەڵناو,زانستیی پزیشکی › بارودۆخی جەستەیی,ڕەگەز=دوولایەن,,HIGH,,79dd71fd-aaa5-4f5a-9211-101eeda2d0b8,taraakoy,,,,,
8072,15062,رازدار,کەسێ کە بە نهێنی دەزانێ و نای درکێنێ,کەس,ناو,ناو,ناو › کەس,ڕەگەز=دوولایەن,,HIGH,,79dd71fd-aaa5-4f5a-9211-101eeda2d0b8,taraakoy,,,,,
8073,15062,رازدار,سورهەڵگر,کەس,ناو,ناو,ناو › کەس,ڕەگەز=دوولایەن,,HIGH,,79dd71fd-aaa5-4f5a-9211-101eeda2d0b8,taraakoy,,,,,
8076,15063,رازڤان,رازدار,کەس,ناو,ناو,ناو › کەس,,,HIGH,,79dd71fd-aaa5-4f5a-9211-101eeda2d0b8,taraakoy,,,,,
8078,15064,شا,زل، زلتر، ئەستوورتر,زمانەوانی | زیندەوەر,ناو | ئاوەڵناو,,,ڕەگەز=دوولایەن,,LOW,word carries several parts of speech (ناو / هاوەڵناو); a sense may only have one ; پۆل «زمانەوانی» has no home among the deck's ten (see unmapped.csv) ; پۆل «زیندەوەر» has no home among the deck's ten (see unmapped.csv),a09069b2-3fc6-4c25-8516-d6e452cd7199,Glena,,,,,
8079,15064,شا,پادشا,زمانەوانی | زیندەوەر,ناو | ئاوەڵناو,,,ڕەگەز=دوولایەن,,LOW,word carries several parts of speech (ناو / هاوەڵناو); a sense may only have one ; پۆل «زمانەوانی» has no home among the deck's ten (see unmapped.csv) ; پۆل «زیندەوەر» has no home among the deck's ten (see unmapped.csv),a09069b2-3fc6-4c25-8516-d6e452cd7199,Glena,,,,,
8080,15064,شا,شیاوتر:(شاسوار),زمانەوانی | زیندەوەر,ناو | ئاوەڵناو,,,ڕەگەز=دوولایەن,,LOW,word carries several parts of speech (ناو / هاوەڵناو); a sense may only have one ; پۆل «زمانەوانی» has no home among the deck's ten (see unmapped.csv) ; پۆل «زیندەوەر» has no home among the deck's ten (see unmapped.csv),a09069b2-3fc6-4c25-8516-d6e452cd7199,Glena,,,,,
8081,15064,شا,داشێکی شەترەنج,زمانەوانی | زیندەوەر,ناو | ئاوەڵناو,,,ڕەگەز=دوولایەن,,LOW,word carries several parts of speech (ناو / هاوەڵناو); a sense may only have one ; پۆل «زمانەوانی» has no home among the deck's ten (see unmapped.csv) ; پۆل «زیندەوەر» has no home among the deck's ten (see unmapped.csv),a09069b2-3fc6-4c25-8516-d6e452cd7199,Glena,,,,,
8082,15064,شا,دڵخۆش، شاد,زمانەوانی | زیندەوەر,ناو | ئاوەڵناو,,,ڕەگەز=دوولایەن,,LOW,word carries several parts of speech (ناو / هاوەڵناو); a sense may only have one ; پۆل «زمانەوانی» has no home among the deck's ten (see unmapped.csv) ; پۆل «زیندەوەر» has no home among the deck's ten (see unmapped.csv),a09069b2-3fc6-4c25-8516-d6e452cd7199,Glena,,,,,
8083,15064,شا,خۆزی بە:( شا بە حاڵت),زمانەوانی | زیندەوەر,ناو | ئاوەڵناو,,,ڕەگەز=دوولایەن,,LOW,word carries several parts of speech (ناو / هاوەڵناو); a sense may only have one ; پۆل «زمانەوانی» has no home among the deck's ten (see unmapped.csv) ; پۆل «زیندەوەر» has no home among the deck's ten (see unmapped.csv),a09069b2-3fc6-4c25-8516-d6e452cd7199,Glena,,,,,
8084,15064,شا,بڕوانە، تواشاکە:(شا جەند جوانە),زمانەوانی | زیندەوەر,ناو | ئاوەڵناو,,,ڕەگەز=دوولایەن,,LOW,word carries several parts of speech (ناو / هاوەڵناو); a sense may only have one ; پۆل «زمانەوانی» has no home among the deck's ten (see unmapped.csv) ; پۆل «زیندەوەر» has no home among the deck's ten (see unmapped.csv),a09069b2-3fc6-4c25-8516-d6e452cd7199,Glena,,,,,
8085,15064,شا,داکی مێشەنگوینان(شاهەنگ),زمانەوانی | زیندەوەر,ناو | ئاوەڵناو,,,ڕەگەز=دوولایەن,,LOW,word carries several parts of speech (ناو / هاوەڵناو); a sense may only have one ; پۆل «زمانەوانی» has no home among the deck's ten (see unmapped.csv) ; پۆل «زیندەوەر» has no home among the deck's ten (see unmapped.csv),a09069b2-3fc6-4c25-8516-d6e452cd7199,Glena,,,,,
8095,15065,رازقی,گوڵێکی سپی بۆن خۆشە,گوڵ,ناو,ناو,ڕووەکناسی › گوڵ,ڕەگەز=بێلایەن,,HIGH,,79dd71fd-aaa5-4f5a-9211-101eeda2d0b8,taraakoy,,,,,
8096,15065,رازقی,جۆرێ ترێ,گوڵ,ناو,ناو,ڕووەکناسی › گوڵ,ڕەگەز=بێلایەن,,HIGH,,79dd71fd-aaa5-4f5a-9211-101eeda2d0b8,taraakoy,,,,,
8099,15066,شاباجی,خوشکی مێرد,مرۆڤ,ناو,ناو,کولتووری › مرۆڤ,,,HIGH,,a09069b2-3fc6-4c25-8516-d6e452cd7199,Glena,,,,,
8101,15067,شابادی,دەفری گەورەی دارین,کەرەستە,ناو,ناو,کولتووری › کەرەستە,,,HIGH,,a09069b2-3fc6-4c25-8516-d6e452cd7199,Glena,,,,,
8103,15068,شابادیە,شابادی,کەرەستە | ئامراز,ناو,ناو,کولتووری › کەرەستە | کولتووری › ئامراز,,,HIGH,,a09069b2-3fc6-4c25-8516-d6e452cd7199,Glena,,,,,
8105,15069,شاباز,بازی سپی,گیانلەبەر | مرۆڤ | ناو تایبەت بە ڕەگەزی نێر,ناو,ناو,کولتووری › مرۆڤ,ڕەگەز=نێر,,HIGH,پۆل «گیانلەبەر» has no home among the deck's ten (see unmapped.csv) ; پۆل «ناو تایبەت بە ڕەگەزی نێر» has no home among the deck's ten (see unmapped.csv),a09069b2-3fc6-4c25-8516-d6e452cd7199,Glena,,,,,
8106,15069,شاباز,ناوە بۆ پیاوان,گیانلەبەر | مرۆڤ | ناو تایبەت بە ڕەگەزی نێر,ناو,ناو,کولتووری › مرۆڤ,ڕەگەز=نێر,,HIGH,پۆل «گیانلەبەر» has no home among the deck's ten (see unmapped.csv) ; پۆل «ناو تایبەت بە ڕەگەزی نێر» has no home among the deck's ten (see unmapped.csv),a09069b2-3fc6-4c25-8516-d6e452cd7199,Glena,,,,,
8109,15070,شاباش,دڵخۆش بی، هەر بژی,ئەنجامدانی کارێک | بەخشین | بۆنە,ناو | هیتر,ناو,,,,LOW,"پۆل «ئەنجامدانی کارێک» is really the part of speech «کار» — routed nowhere, needs a decision ; پۆل «بەخشین» has no home among the deck's ten (see unmapped.csv) ; پۆل «بۆنە» has no home among the deck's ten (see unmapped.csv) ; پۆل says «کار», جۆری وشە says «ناو» — they disagree",a09069b2-3fc6-4c25-8516-d6e452cd7199,Glena,,,,,
8110,15070,شاباش,بەخشش بەزمگیری زەماوەند,ئەنجامدانی کارێک | بەخشین | بۆنە,ناو | هیتر,ناو,,,,LOW,"پۆل «ئەنجامدانی کارێک» is really the part of speech «کار» — routed nowhere, needs a decision ; پۆل «بەخشین» has no home among the deck's ten (see unmapped.csv) ; پۆل «بۆنە» has no home among the deck's ten (see unmapped.csv) ; پۆل says «کار», جۆری وشە says «ناو» — they disagree",a09069b2-3fc6-4c25-8516-d6e452cd7199,Glena,,,,,
8113,15071,زارین,گریان بە دەنگی بەرز,هەست,ناو | ئاوەڵناو,,,,,LOW,word carries several parts of speech (ناو / هاوەڵناو); a sense may only have one ; پۆل «هەست» has no home among the deck's ten (see unmapped.csv),5f16fc33-8c0b-4cb7-85ab-cf91afdbbcd3,bilalhama,,,,,
8115,15072,زاز,ئامرازی ژێداری مۆسیقی، ساز,ئامێر,,,,,,LOW,word has no جۆری وشە at all ; پۆل «ئامێر» has no home among the deck's ten (see unmapped.csv),5f16fc33-8c0b-4cb7-85ab-cf91afdbbcd3,bilalhama,,,,,
8118,15073,زازا,مەڵبەندێکە لە کوردستان,شوێن | زمانەوانی,,,ناو › شوێن,,,LOW,word has no جۆری وشە at all ; پۆل «زمانەوانی» has no home among the deck's ten (see unmapped.csv),5f16fc33-8c0b-4cb7-85ab-cf91afdbbcd3,bilalhama,,,,,
8119,15073,زازا,شێوە ئاخافتنێکی نزیک بە پەهلەوی,شوێن | زمانەوانی,,,ناو › شوێن,,,LOW,word has no جۆری وشە at all ; پۆل «زمانەوانی» has no home among the deck's ten (see unmapped.csv),5f16fc33-8c0b-4cb7-85ab-cf91afdbbcd3,bilalhama,,,,,
8122,15074,شاباڵ,پەڕە گەورەکانی باڵی مەل,باڵندە,ناو | هیتر,ناو,زیندەوەرزانی › باڵندە,ڕەگەز=دوولایەن,,HIGH,,a09069b2-3fc6-4c25-8516-d6e452cd7199,Glena,,,,,
8123,15074,شاباڵ,ئەندازەی لە سەری پەنجەوە تا ئەستۆ,باڵندە,ناو | هیتر,ناو,زیندەوەرزانی › باڵندە,ڕەگەز=دوولایەن,,HIGH,,a09069b2-3fc6-4c25-8516-d6e452cd7199,Glena,,,,,
8126,15075,شابان,هەشتەمین مانگی ساڵی نەچەق، مانگی پێش ڕەمەزان,ژمارەکان,ناو,ناو,,,,HIGH,پۆل «ژمارەکان» has no home among the deck's ten (see unmapped.csv),a09069b2-3fc6-4c25-8516-d6e452cd7199,Glena,,,,,
8128,15076,شابانە,جۆرێکە لە گیا,ڕووەك,ناو,ناو,ڕووەکناسی › ڕووەك,,,HIGH,,a09069b2-3fc6-4c25-8516-d6e452cd7199,Glena,,,,,
8130,15077,شابست,بستی نێوان تەوەرە و پەری تاسیاوە,ئامێر,ناو,ناو,,,,HIGH,پۆل «ئامێر» has no home among the deck's ten (see unmapped.csv),a09069b2-3fc6-4c25-8516-d6e452cd7199,Glena,,,,,
8132,15078,شابو,کوندەبو، کوندەپەپو، کوندی گەورە,باڵندە,کار | ئاوەڵناو,,زیندەوەرزانی › باڵندە,,,LOW,word carries several parts of speech (کار / هاوەڵناو); a sense may only have one,a09069b2-3fc6-4c25-8516-d6e452cd7199,Glena,,,,,
8133,15078,شابو,دڵی خۆش بوو,باڵندە,کار | ئاوەڵناو,,زیندەوەرزانی › باڵندە,,,LOW,word carries several parts of speech (کار / هاوەڵناو); a sense may only have one,a09069b2-3fc6-4c25-8516-d6e452cd7199,Glena,,,,,
8136,15079,شابوق,لقی گەورەی دار,درەخت,ناو,ناو,,,,HIGH,پۆل «درەخت» has no home among the deck's ten (see unmapped.csv),a09069b2-3fc6-4c25-8516-d6e452cd7199,Glena,,,,,
8138,15080,شابون,دڵخۆش بوون، کەیف ساز بوون,هەست | باروودۆخ | زمانەوانی,ئاوەڵناو,هاوەڵناو,,,,HIGH,پۆل «هەست» has no home among the deck's ten (see unmapped.csv) ; پۆل «باروودۆخ» has no home among the deck's ten (see unmapped.csv) ; پۆل «زمانەوانی» has no home among the deck's ten (see unmapped.csv),a09069b2-3fc6-4c25-8516-d6e452cd7199,Glena,,,,,
8140,15081,شابە,دڵخۆش بە، هەربژی,هەست | زمانەوانی,ئاوەڵناو,هاوەڵناو,,,,HIGH,پۆل «هەست» has no home among the deck's ten (see unmapped.csv) ; پۆل «زمانەوانی» has no home among the deck's ten (see unmapped.csv),a09069b2-3fc6-4c25-8516-d6e452cd7199,Glena,,,,,
8142,15082,شابەڕو,کەستانە، جۆرێ بەڕوی خڕی پانکەڵەی تێکۆل ڕەشی ئاماڵ سورە,خواردن,ناو,ناو,کولتووری › خواردن,,,HIGH,,a09069b2-3fc6-4c25-8516-d6e452cd7199,Glena,,,,,
8144,15083,شابەز,گەورە بازرگانی شار، سەرۆکی بازرگانان,مرۆڤ,ناو,ناو,کولتووری › مرۆڤ,ڕەگەز=دوولایەن,,HIGH,,a09069b2-3fc6-4c25-8516-d6e452cd7199,Glena,,,,,
8146,15084,زازاکی,ئاخافتن بەشێوەی زازایی,زمانەوانی,ئاوەڵناو,هاوەڵناو,,,,HIGH,پۆل «زمانەوانی» has no home among the deck's ten (see unmapped.csv),5f16fc33-8c0b-4cb7-85ab-cf91afdbbcd3,bilalhama,,,,,
8148,15085,زاغ,خەتی خەت کێشان، خەتی درێژ بۆ نێوانی مەبەست,ئامراز,ناو,ناو,کولتووری › ئامراز,,,HIGH,,5f16fc33-8c0b-4cb7-85ab-cf91afdbbcd3,bilalhama,,,,,
8150,15086,زاغۆر,زاخر، زاخێر,ئامراز,ناو,ناو,کولتووری › ئامراز,,,HIGH,,5f16fc33-8c0b-4cb7-85ab-cf91afdbbcd3,bilalhama,,,,,
8153,15087,زاغور,خەت کێش، ئامرازی خەت دان,ئامراز,ناو,ناو,کولتووری › ئامراز,,,HIGH,,5f16fc33-8c0b-4cb7-85ab-cf91afdbbcd3,bilalhama,,,,,
8154,15088,زاڤ,پر، زۆر، گەلێک، زەحف، زیاد، زێدە,چەمک | زمانەوانی,,,,,,LOW,word has no جۆری وشە at all ; پۆل «چەمک» has no home among the deck's ten (see unmapped.csv) ; پۆل «زمانەوانی» has no home among the deck's ten (see unmapped.csv),5f16fc33-8c0b-4cb7-85ab-cf91afdbbcd3,bilalhama,,,,,
8156,15089,زاف بیایش,زاف بون,زمانەوانی,هیتر,,,,,LOW,جۆری وشە «هیتر» has no equivalent among the seven ; پۆل «زمانەوانی» has no home among the deck's ten (see unmapped.csv),5f16fc33-8c0b-4cb7-85ab-cf91afdbbcd3,bilalhama,,,,,
8157,15090,زافت,ئەفسەر,پلەو پایە,ناو,ناو,,,,HIGH,پۆل «پلەو پایە» has no home among the deck's ten (see unmapped.csv),5f16fc33-8c0b-4cb7-85ab-cf91afdbbcd3,bilalhama,,,,,
8159,15091,زافتر,زۆرتر، پتر,زمانەوانی,ئاوەڵناو,هاوەڵناو,,,,HIGH,پۆل «زمانەوانی» has no home among the deck's ten (see unmapped.csv),5f16fc33-8c0b-4cb7-85ab-cf91afdbbcd3,bilalhama,,,,,
8160,15091,زافتر,بیشتر,زمانەوانی,ئاوەڵناو,هاوەڵناو,,,,HIGH,پۆل «زمانەوانی» has no home among the deck's ten (see unmapped.csv),5f16fc33-8c0b-4cb7-85ab-cf91afdbbcd3,bilalhama,,,,,
8161,15092,زاف راتایی,زۆر کەم بونەوە,زمانەوانی,ئاوەڵناو,هاوەڵناو,,,,HIGH,پۆل «زمانەوانی» has no home among the deck's ten (see unmapped.csv),5f16fc33-8c0b-4cb7-85ab-cf91afdbbcd3,bilalhama,,,,,
8163,15093,شابەندەر,بەردەستی باڵوێز لە وڵاتی بێگانە، قونسور,مرۆڤ | زمانەوانی,ناو | ئاوەڵناو,,کولتووری › مرۆڤ,ڕەگەز=دوولایەن,,LOW,word carries several parts of speech (ناو / هاوەڵناو); a sense may only have one ; پۆل «زمانەوانی» has no home among the deck's ten (see unmapped.csv),a09069b2-3fc6-4c25-8516-d6e452cd7199,Glena,,,,,
8164,15093,شابەندەر,بێ شەرم و زمان درێژ,مرۆڤ | زمانەوانی,ناو | ئاوەڵناو,,کولتووری › مرۆڤ,ڕەگەز=دوولایەن,,LOW,word carries several parts of speech (ناو / هاوەڵناو); a sense may only have one ; پۆل «زمانەوانی» has no home among the deck's ten (see unmapped.csv),a09069b2-3fc6-4c25-8516-d6e452cd7199,Glena,,,,,
8167,15094,زافران,بەری گیایەکە رەنگ زەرد بۆ دەرمان و پڵاو بەکاردێت,ڕووەك | گژوگیا,,,ڕووەکناسی › ڕووەك,,,LOW,word has no جۆری وشە at all ; پۆل «گژوگیا» has no home among the deck's ten (see unmapped.csv),5f16fc33-8c0b-4cb7-85ab-cf91afdbbcd3,bilalhama,,,,,
8169,15095,زافرانی,بە رەنگی زافران,ڕەنگ,ئاوەڵناو,هاوەڵناو,,,,HIGH,پۆل «ڕەنگ» has no home among the deck's ten (see unmapped.csv),5f16fc33-8c0b-4cb7-85ab-cf91afdbbcd3,bilalhama,,,,,
8170,15096,شابەنەر,بەردەستی  باڵوێز لە وڵاتی بێگانە،قونسور,مرۆڤ | زمانەوانی,,,کولتووری › مرۆڤ,,,LOW,word has no جۆری وشە at all ; پۆل «زمانەوانی» has no home among the deck's ten (see unmapped.csv),a09069b2-3fc6-4c25-8516-d6e452cd7199,Glena,,,,,
8171,15096,شابەنەر,بێ شەرم و زمان درێژ,مرۆڤ | زمانەوانی,,,کولتووری › مرۆڤ,,,LOW,word has no جۆری وشە at all ; پۆل «زمانەوانی» has no home among the deck's ten (see unmapped.csv),a09069b2-3fc6-4c25-8516-d6e452cd7199,Glena,,,,,
8174,15097,زافزاف,فرەفرە، زۆر زیاد,زمانەوانی,ناو | ئاوەڵناو,,,,,LOW,word carries several parts of speech (ناو / هاوەڵناو); a sense may only have one ; پۆل «زمانەوانی» has no home among the deck's ten (see unmapped.csv),5f16fc33-8c0b-4cb7-85ab-cf91afdbbcd3,bilalhama,,,,,
8176,15098,شاب,رنو، کلیڵە، رنی، کەوی,ئەنجامدانی کارێک | ئەندامی جەستە | دۆخی کەشوھەوا,کار,کار,زانستیی پزیشکی › ئەندامی جەستە,,,LOW,"پۆل «ئەنجامدانی کارێک» is really the part of speech «کار» — routed nowhere, needs a decision ; پۆل «دۆخی کەشوھەوا» has no home among the deck's ten (see unmapped.csv)",a09069b2-3fc6-4c25-8516-d6e452cd7199,Glena,,,,,
8177,15098,شاب,زللە، زلە,ئەنجامدانی کارێک | ئەندامی جەستە | دۆخی کەشوھەوا,کار,کار,زانستیی پزیشکی › ئەندامی جەستە,,,LOW,"پۆل «ئەنجامدانی کارێک» is really the part of speech «کار» — routed nowhere, needs a decision ; پۆل «دۆخی کەشوھەوا» has no home among the deck's ten (see unmapped.csv)",a09069b2-3fc6-4c25-8516-d6e452cd7199,Glena,,,,,
8178,15098,شاب,شەق تێهەڵدان بە پشتەپێ,ئەنجامدانی کارێک | ئەندامی جەستە | دۆخی کەشوھەوا,کار,کار,زانستیی پزیشکی › ئەندامی جەستە,,,LOW,"پۆل «ئەنجامدانی کارێک» is really the part of speech «کار» — routed nowhere, needs a decision ; پۆل «دۆخی کەشوھەوا» has no home among the deck's ten (see unmapped.csv)",a09069b2-3fc6-4c25-8516-d6e452cd7199,Glena,,,,,
8182,15099,شاپاڵوخ,بەفرماڵی پان، وەروەرە,ئامێر,ناو,ناو,,,,HIGH,پۆل «ئامێر» has no home among the deck's ten (see unmapped.csv),a09069b2-3fc6-4c25-8516-d6e452cd7199,Glena,,,,,
8184,15100,شاپالوغ,بەفرماڵی پان، وەروەرە,ئامێر,ناو,ناو,,,,HIGH,پۆل «ئامێر» has no home among the deck's ten (see unmapped.csv),a09069b2-3fc6-4c25-8516-d6e452cd7199,Glena,,,,,
8186,15101,شاپان,داردەستی ئەستور و حولی,کەرەستە,ناو,ناو,کولتووری › کەرەستە,,,HIGH,,a09069b2-3fc6-4c25-8516-d6e452cd7199,Glena,,,,,
8188,15102,شاپانکاری,بە شەق لێدان,ئەنجامدانی کارێک | زمانەوانی,کار,کار,,,,LOW,"پۆل «ئەنجامدانی کارێک» is really the part of speech «کار» — routed nowhere, needs a decision ; پۆل «زمانەوانی» has no home among the deck's ten (see unmapped.csv)",a09069b2-3fc6-4c25-8516-d6e452cd7199,Glena,,,,,
8189,15102,شاپانکاری,بە زللە لێدان,ئەنجامدانی کارێک | زمانەوانی,کار,کار,,,,LOW,"پۆل «ئەنجامدانی کارێک» is really the part of speech «کار» — routed nowhere, needs a decision ; پۆل «زمانەوانی» has no home among the deck's ten (see unmapped.csv)",a09069b2-3fc6-4c25-8516-d6e452cd7199,Glena,,,,,
8192,15103,شاپرزا,پەرێشان و سەر لێ شیو باگ,بارودۆخی جەستەیی | هەست | باروودۆخ,ناو,ناو,زانستیی پزیشکی › بارودۆخی جەستەیی,,,HIGH,پۆل «هەست» has no home among the deck's ten (see unmapped.csv) ; پۆل «باروودۆخ» has no home among the deck's ten (see unmapped.csv),a09069b2-3fc6-4c25-8516-d6e452cd7199,Glena,,,,,
8194,15104,شاپرزە,پەرێشان و سەر لێ شیوباگ,بارودۆخی جەستەیی | باروودۆخ | دەروون ناسی,ناو,ناو,زانستیی پزیشکی › بارودۆخی جەستەیی,,,HIGH,پۆل «باروودۆخ» has no home among the deck's ten (see unmapped.csv) ; پۆل «دەروون ناسی» has no home among the deck's ten (see unmapped.csv),a09069b2-3fc6-4c25-8516-d6e452cd7199,Glena,,,,,
8196,15105,شاپڵیتە,پەڕۆی لەداربەستراوی چەورکراوی ئاگرتێ بەردراو,کەرەستە,ناو,ناو,کولتووری › کەرەستە,,,HIGH,,a09069b2-3fc6-4c25-8516-d6e452cd7199,Glena,,,,,
8198,15106,شاپوراخ,جۆرێ پەپولەی زلی خاڵ خاڵ,زیندەوەر,ناو,ناو,,ڕەگەز=دوولایەن,,HIGH,پۆل «زیندەوەر» has no home among the deck's ten (see unmapped.csv),a09069b2-3fc6-4c25-8516-d6e452cd7199,Glena,,,,,
8200,15107,شاپە,رنو، کەو بە بەفر، شاپ,دۆخی کەشوھەوا,ناو,ناو,,,,HIGH,پۆل «دۆخی کەشوھەوا» has no home among the deck's ten (see unmapped.csv),a09069b2-3fc6-4c25-8516-d6e452cd7199,Glena,,,,,
8201,15107,شاپە,تاوێرە بەرد، کەڤری مەزن کە لە چیا گلاردەبێتەوە,دۆخی کەشوھەوا,ناو,ناو,,,,HIGH,پۆل «دۆخی کەشوھەوا» has no home among the deck's ten (see unmapped.csv),a09069b2-3fc6-4c25-8516-d6e452cd7199,Glena,,,,,
8202,15107,شاپە,خویان، کڵوشی بەسەر بە کادراو,دۆخی کەشوھەوا,ناو,ناو,,,,HIGH,پۆل «دۆخی کەشوھەوا» has no home among the deck's ten (see unmapped.csv),a09069b2-3fc6-4c25-8516-d6e452cd7199,Glena,,,,,
8206,15108,شاپەر,شاباڵی مەل,باڵندە,ناو,ناو,زیندەوەرزانی › باڵندە,ڕەگەز=دوولایەن,,HIGH,,a09069b2-3fc6-4c25-8516-d6e452cd7199,Glena,,,,,
8208,15109,شاپەری,پەری هەرە جوان,مرۆڤ,ناو | ئاوەڵناو,,کولتووری › مرۆڤ,ڕەگەز=مێ,,LOW,word carries several parts of speech (ناو / هاوەڵناو); a sense may only have one,a09069b2-3fc6-4c25-8516-d6e452cd7199,Glena,,,,,
8209,15109,شاپەری,ناوە بۆ ژنان,مرۆڤ,ناو | ئاوەڵناو,,کولتووری › مرۆڤ,ڕەگەز=مێ,,LOW,word carries several parts of speech (ناو / هاوەڵناو); a sense may only have one,a09069b2-3fc6-4c25-8516-d6e452cd7199,Glena,,,,,
8212,15110,شاپەریک,پەپولە,زیندەوەر,ناو,ناو,,ڕەگەز=دوولایەن,,HIGH,پۆل «زیندەوەر» has no home among the deck's ten (see unmapped.csv),a09069b2-3fc6-4c25-8516-d6e452cd7199,Glena,,,,,
8214,15111,شاپەسند,گوڵێکە ڕەنگاو ڕەنگ,مرۆڤ | گوڵ,ناو,ناو,کولتووری › مرۆڤ | ڕووەکناسی › گوڵ,ڕەگەز=مێ,,HIGH,,a09069b2-3fc6-4c25-8516-d6e452cd7199,Glena,,,,,
8215,15111,شاپەسند,ناوی ژنانە,مرۆڤ | گوڵ,ناو,ناو,کولتووری › مرۆڤ | ڕووەکناسی › گوڵ,ڕەگەز=مێ,,HIGH,,a09069b2-3fc6-4c25-8516-d6e452cd7199,Glena,,,,,
8218,15112,شاپەسەن,گوڵێکە ڕەنگاو ڕەنگ,مرۆڤ | گوڵ,ناو,ناو,کولتووری › مرۆڤ | ڕووەکناسی › گوڵ,ڕەگەز=مێ,,HIGH,,a09069b2-3fc6-4c25-8516-d6e452cd7199,Glena,,,,,
8219,15112,شاپەسەن,ناوی ژنانە,مرۆڤ | گوڵ,ناو,ناو,کولتووری › مرۆڤ | ڕووەکناسی › گوڵ,ڕەگەز=مێ,,HIGH,,a09069b2-3fc6-4c25-8516-d6e452cd7199,Glena,,,,,
8222,15113,توویر,تورت,کەرەستە | سیفەت,ناو | ئاوەڵناو,,کولتووری › کەرەستە,,,LOW,"word carries several parts of speech (ناو / هاوەڵناو); a sense may only have one ; پۆل «سیفەت» is really the part of speech «هاوەڵناو» — routed nowhere, needs a decision",96560cf4-030d-4268-baea-87bb57cdf631,somaali,,,,,
8223,15113,توویر,ئەوی زوو بشکێ و بپەڕێ,کەرەستە | سیفەت,ناو | ئاوەڵناو,,کولتووری › کەرەستە,,,LOW,"word carries several parts of speech (ناو / هاوەڵناو); a sense may only have one ; پۆل «سیفەت» is really the part of speech «هاوەڵناو» — routed nowhere, needs a decision",96560cf4-030d-4268-baea-87bb57cdf631,somaali,,,,,
8224,15113,توویر,کیسەی قوماش,کەرەستە | سیفەت,ناو | ئاوەڵناو,,کولتووری › کەرەستە,,,LOW,"word carries several parts of speech (ناو / هاوەڵناو); a sense may only have one ; پۆل «سیفەت» is really the part of speech «هاوەڵناو» — routed nowhere, needs a decision",96560cf4-030d-4268-baea-87bb57cdf631,somaali,,,,,
8225,15113,توویر,تورەکە,کەرەستە | سیفەت,ناو | ئاوەڵناو,,کولتووری › کەرەستە,,,LOW,"word carries several parts of speech (ناو / هاوەڵناو); a sense may only have one ; پۆل «سیفەت» is really the part of speech «هاوەڵناو» — routed nowhere, needs a decision",96560cf4-030d-4268-baea-87bb57cdf631,somaali,,,,,
8226,15113,توویر,ترپ,کەرەستە | سیفەت,ناو | ئاوەڵناو,,کولتووری › کەرەستە,,,LOW,"word carries several parts of speech (ناو / هاوەڵناو); a sense may only have one ; پۆل «سیفەت» is really the part of speech «هاوەڵناو» — routed nowhere, needs a decision",96560cf4-030d-4268-baea-87bb57cdf631,somaali,,,,,
8227,15113,توویر,تڤر,کەرەستە | سیفەت,ناو | ئاوەڵناو,,کولتووری › کەرەستە,,,LOW,"word carries several parts of speech (ناو / هاوەڵناو); a sense may only have one ; پۆل «سیفەت» is really the part of speech «هاوەڵناو» — routed nowhere, needs a decision",96560cf4-030d-4268-baea-87bb57cdf631,somaali,,,,,
8232,15114,ساختەچی,دەسبڕ،فێڵباز,سیفەت,جێناو,جێناو,,ڕەگەز=بێلایەن,,LOW,"پۆل «سیفەت» is really the part of speech «هاوەڵناو» — routed nowhere, needs a decision ; پۆل says «هاوەڵناو», جۆری وشە says «جێناو» — they disagree",28902dbf-4614-41c6-af7d-b36d8dc5fce6,parzhin,,,,,
8233,15121,ئازایانە,پیاوانی، نەترس، بەجەرگ،,سیفەت,ئاوەڵناو,هاوەڵناو,,,,LOW,"پۆل «سیفەت» is really the part of speech «هاوەڵناو» — routed nowhere, needs a decision",f65f7d2f-996a-4df7-a10e-c6e846940032,ahmadaziz,,,,,
8235,15122,ئازایەتی,نەترسان، گەرناسی، غیرەت,سیفەت,ئاوەڵناو,هاوەڵناو,,,,LOW,"پۆل «سیفەت» is really the part of speech «هاوەڵناو» — routed nowhere, needs a decision",f65f7d2f-996a-4df7-a10e-c6e846940032,ahmadaziz,,,,,
8237,15123,ئازپیش,چێشت لێنەر، ئاشپەز,کەس,ناو,ناو,ناو › کەس,ڕەگەز=دوولایەن,,HIGH,,f65f7d2f-996a-4df7-a10e-c6e846940032,ahmadaziz,,,,,
8241,15125,ئازگار,تەواو، بەشوێن یەکدا بێ بڕانەوە,باروودۆخ,ئاوەڵناو,هاوەڵناو,,,,HIGH,پۆل «باروودۆخ» has no home among the deck's ten (see unmapped.csv),f65f7d2f-996a-4df7-a10e-c6e846940032,ahmadaziz,,,,,
8242,15126,ئازمودە,تاقیکراوە، تەجرەبە کراو,باروودۆخ,ئاوەڵناو,هاوەڵناو,,,,HIGH,پۆل «باروودۆخ» has no home among the deck's ten (see unmapped.csv),f65f7d2f-996a-4df7-a10e-c6e846940032,ahmadaziz,,,,,
8243,15127,ئازنگ,خانوی بەسەر تەختەبەردی پانەوە دروستکراو,شوێن,ناو,ناو,ناو › شوێن,ڕەگەز=بێلایەن,,HIGH,,f65f7d2f-996a-4df7-a10e-c6e846940032,ahmadaziz,,,,,
8244,15128,شاپەسەند,گوڵێکە ڕەنگاوڕەنگ,مرۆڤ | گوڵ,ناو,ناو,کولتووری › مرۆڤ | ڕووەکناسی › گوڵ,ڕەگەز=مێ,,HIGH,,a09069b2-3fc6-4c25-8516-d6e452cd7199,Glena,,,,,
8245,15128,شاپەسەند,ناوی ژنانە,مرۆڤ | گوڵ,ناو,ناو,کولتووری › مرۆڤ | ڕووەکناسی › گوڵ,ڕەگەز=مێ,,HIGH,,a09069b2-3fc6-4c25-8516-d6e452cd7199,Glena,,,,,
8248,15129,شاپێشۆز,پینەی هاوڕەنگی پینەکراو,جلوبەرگ,ناو,ناو,,,,HIGH,پۆل «جلوبەرگ» has no home among the deck's ten (see unmapped.csv),a09069b2-3fc6-4c25-8516-d6e452cd7199,Glena,,,,,
8250,15130,شات,لکەداری تازەی یەک ساڵە، چرۆ,درەخت | بارودۆخی جەستەیی,ناو,ناو,زانستیی پزیشکی › بارودۆخی جەستەیی,,,HIGH,پۆل «درەخت» has no home among the deck's ten (see unmapped.csv),a09069b2-3fc6-4c25-8516-d6e452cd7199,Glena,,,,,
8251,15130,شات,خۆهەڵکێشان,درەخت | بارودۆخی جەستەیی,ناو,ناو,زانستیی پزیشکی › بارودۆخی جەستەیی,,,HIGH,پۆل «درەخت» has no home among the deck's ten (see unmapped.csv),a09069b2-3fc6-4c25-8516-d6e452cd7199,Glena,,,,,
8252,15130,شات,ئیفلیج,درەخت | بارودۆخی جەستەیی,ناو,ناو,زانستیی پزیشکی › بارودۆخی جەستەیی,,,HIGH,پۆل «درەخت» has no home among the deck's ten (see unmapped.csv),a09069b2-3fc6-4c25-8516-d6e452cd7199,Glena,,,,,
8253,15130,شات,زیرە، هەرا,درەخت | بارودۆخی جەستەیی,ناو,ناو,زانستیی پزیشکی › بارودۆخی جەستەیی,,,HIGH,پۆل «درەخت» has no home among the deck's ten (see unmapped.csv),a09069b2-3fc6-4c25-8516-d6e452cd7199,Glena,,,,,
8258,15131,شاتار,ئامرازێکی مۆسیقایە,ئامێر,ناو,ناو,,,,HIGH,پۆل «ئامێر» has no home among the deck's ten (see unmapped.csv),a09069b2-3fc6-4c25-8516-d6e452cd7199,Glena,,,,,
8260,15132,شاتاڵ,خرت و پرتی ناو ماڵ,جلوبەرگ,ناو,ناو,,,,HIGH,پۆل «جلوبەرگ» has no home among the deck's ten (see unmapped.csv),a09069b2-3fc6-4c25-8516-d6e452cd7199,Glena,,,,,
8261,15132,شاتاڵ,جلکی دڕاو,جلوبەرگ,ناو,ناو,,,,HIGH,پۆل «جلوبەرگ» has no home among the deck's ten (see unmapped.csv),a09069b2-3fc6-4c25-8516-d6e452cd7199,Glena,,,,,
8262,15132,شاتاڵ,پەلامار,جلوبەرگ,ناو,ناو,,,,HIGH,پۆل «جلوبەرگ» has no home among the deck's ten (see unmapped.csv),a09069b2-3fc6-4c25-8516-d6e452cd7199,Glena,,,,,
8266,15133,شاتان,زیقە، زیرە، شات,نەخۆشی | درەخت | باروودۆخ,ناو,ناو,زانستیی پزیشکی › نەخۆشی,,,HIGH,پۆل «درەخت» has no home among the deck's ten (see unmapped.csv) ; پۆل «باروودۆخ» has no home among the deck's ten (see unmapped.csv),a09069b2-3fc6-4c25-8516-d6e452cd7199,Glena,,,,,
8267,15133,شاتان,زگرەوانی,نەخۆشی | درەخت | باروودۆخ,ناو,ناو,زانستیی پزیشکی › نەخۆشی,,,HIGH,پۆل «درەخت» has no home among the deck's ten (see unmapped.csv) ; پۆل «باروودۆخ» has no home among the deck's ten (see unmapped.csv),a09069b2-3fc6-4c25-8516-d6e452cd7199,Glena,,,,,
8268,15133,شاتان,سپیندار، ئەسپیندار,نەخۆشی | درەخت | باروودۆخ,ناو,ناو,زانستیی پزیشکی › نەخۆشی,,,HIGH,پۆل «درەخت» has no home among the deck's ten (see unmapped.csv) ; پۆل «باروودۆخ» has no home among the deck's ten (see unmapped.csv),a09069b2-3fc6-4c25-8516-d6e452cd7199,Glena,,,,,
8272,15134,شاتاندن,زیقاندن، زیڕاندن,ئەندامی جەستە | باروودۆخ,بەستەر,,زانستیی پزیشکی › ئەندامی جەستە,,,LOW,جۆری وشە «بەستەر» has no equivalent among the seven ; پۆل «باروودۆخ» has no home among the deck's ten (see unmapped.csv),a09069b2-3fc6-4c25-8516-d6e452cd7199,Glena,,,,,
8273,15134,شاتاندن,زیانی گوی شل(زگچوون),ئەندامی جەستە | باروودۆخ,بەستەر,,زانستیی پزیشکی › ئەندامی جەستە,,,LOW,جۆری وشە «بەستەر» has no equivalent among the seven ; پۆل «باروودۆخ» has no home among the deck's ten (see unmapped.csv),a09069b2-3fc6-4c25-8516-d6e452cd7199,Glena,,,,,
8276,15135,توویری,چەقەڵ,ئاژەڵ,,,زیندەوەرزانی › ئاژەڵ,,,LOW,word has no جۆری وشە at all,96560cf4-030d-4268-baea-87bb57cdf631,somaali,,,,,
8278,15136,توێڕی,توویری,ئاژەڵ,ناو,ناو,زیندەوەرزانی › ئاژەڵ,ڕەگەز=دوولایەن,,HIGH,,96560cf4-030d-4268-baea-87bb57cdf631,somaali,,,,,
8279,15136,توێڕی,چەقەڵ,ئاژەڵ,ناو,ناو,زیندەوەرزانی › ئاژەڵ,ڕەگەز=دوولایەن,,HIGH,,96560cf4-030d-4268-baea-87bb57cdf631,somaali,,,,,
8281,15137,تویرشە,بەر و بوخچەی حەمام,شوێن | کەرەستە,ناو,ناو,ناو › شوێن | کولتووری › کەرەستە,,,HIGH,,96560cf4-030d-4268-baea-87bb57cdf631,somaali,,,,,
8282,15137,تویرشە,جێگەی خۆ جوانکردن و خشڵ و زێڕ,شوێن | کەرەستە,ناو,ناو,ناو › شوێن | کولتووری › کەرەستە,,,HIGH,,96560cf4-030d-4268-baea-87bb57cdf631,somaali,,,,,
8285,15138,شاتاول,پەلامار,باروودۆخ | دەروون ناسی,ناو,ناو,,,,HIGH,پۆل «باروودۆخ» has no home among the deck's ten (see unmapped.csv) ; پۆل «دەروون ناسی» has no home among the deck's ten (see unmapped.csv),a09069b2-3fc6-4c25-8516-d6e452cd7199,Glena,,,,,
8286,15138,شاتاول,تێڕاخورین,باروودۆخ | دەروون ناسی,ناو,ناو,,,,HIGH,پۆل «باروودۆخ» has no home among the deck's ten (see unmapped.csv) ; پۆل «دەروون ناسی» has no home among the deck's ten (see unmapped.csv),a09069b2-3fc6-4c25-8516-d6e452cd7199,Glena,,,,,
8287,15138,شاتاول,زیبک تێگرتن(قسەی بەپێز),باروودۆخ | دەروون ناسی,ناو,ناو,,,,HIGH,پۆل «باروودۆخ» has no home among the deck's ten (see unmapped.csv) ; پۆل «دەروون ناسی» has no home among the deck's ten (see unmapped.csv),a09069b2-3fc6-4c25-8516-d6e452cd7199,Glena,,,,,
8291,15139,توێژ,توێخ,سیفەت | ئەندامی جەستە | تام,ناو | ئاوەڵناو,,زانستیی پزیشکی › ئەندامی جەستە,,,LOW,"word carries several parts of speech (ناو / هاوەڵناو); a sense may only have one ; پۆل «سیفەت» is really the part of speech «هاوەڵناو» — routed nowhere, needs a decision ; پۆل «تام» has no home among the deck's ten (see unmapped.csv)",96560cf4-030d-4268-baea-87bb57cdf631,somaali,,,,,
8292,15139,توێژ,تیژ لە بڕینا,سیفەت | ئەندامی جەستە | تام,ناو | ئاوەڵناو,,زانستیی پزیشکی › ئەندامی جەستە,,,LOW,"word carries several parts of speech (ناو / هاوەڵناو); a sense may only have one ; پۆل «سیفەت» is really the part of speech «هاوەڵناو» — routed nowhere, needs a decision ; پۆل «تام» has no home among the deck's ten (see unmapped.csv)",96560cf4-030d-4268-baea-87bb57cdf631,somaali,,,,,
8293,15139,توێژ,تیژ لە چێژەدا,سیفەت | ئەندامی جەستە | تام,ناو | ئاوەڵناو,,زانستیی پزیشکی › ئەندامی جەستە,,,LOW,"word carries several parts of speech (ناو / هاوەڵناو); a sense may only have one ; پۆل «سیفەت» is really the part of speech «هاوەڵناو» — routed nowhere, needs a decision ; پۆل «تام» has no home among the deck's ten (see unmapped.csv)",96560cf4-030d-4268-baea-87bb57cdf631,somaali,,,,,
8297,15140,شاتر,پیادەی زۆر بەپێ,خواردن | ئەنجامدانی کارێک,ناو,ناو,کولتووری › خواردن,,,LOW,"پۆل «ئەنجامدانی کارێک» is really the part of speech «کار» — routed nowhere, needs a decision ; پۆل says «کار», جۆری وشە says «ناو» — they disagree",a09069b2-3fc6-4c25-8516-d6e452cd7199,Glena,,,,,
8298,15140,شاتر,نان بە تەندورەوەدەری نانەوایی,خواردن | ئەنجامدانی کارێک,ناو,ناو,کولتووری › خواردن,,,LOW,"پۆل «ئەنجامدانی کارێک» is really the part of speech «کار» — routed nowhere, needs a decision ; پۆل says «کار», جۆری وشە says «ناو» — they disagree",a09069b2-3fc6-4c25-8516-d6e452cd7199,Glena,,,,,
8301,15141,توێژاڵ,توژاڵ,بەرگ | ئامراز,ناو,ناو,کولتووری › ئامراز,,,HIGH,پۆل «بەرگ» has no home among the deck's ten (see unmapped.csv),96560cf4-030d-4268-baea-87bb57cdf631,somaali,,,,,
8303,15142,توێژگرتن,پەردەی ناسک هاتنە سەر شیر یان برین,باروودۆخ,چاوگ,چاوگ,,,,HIGH,پۆل «باروودۆخ» has no home among the deck's ten (see unmapped.csv),96560cf4-030d-4268-baea-87bb57cdf631,somaali,,,,,
8305,15143,شاترنج,جۆرە گیایەکە,گژوگیا,ناو,ناو,,,,HIGH,پۆل «گژوگیا» has no home among the deck's ten (see unmapped.csv),a09069b2-3fc6-4c25-8516-d6e452cd7199,Glena,,,,,
8307,15144,شاتک,ڕەگی مل، دەماری ئەستۆ,ئەندامی جەستە,ناو,ناو,زانستیی پزیشکی › ئەندامی جەستە,,,HIGH,,a09069b2-3fc6-4c25-8516-d6e452cd7199,Glena,,,,,
8309,15145,تویس,تۆسی,گژوگیا,ناو,ناو,,,,HIGH,پۆل «گژوگیا» has no home among the deck's ten (see unmapped.csv),96560cf4-030d-4268-baea-87bb57cdf631,somaali,,,,,
8311,15146,تویسو,تۆسی,گژوگیا,ناو,ناو,,,,HIGH,پۆل «گژوگیا» has no home among the deck's ten (see unmapped.csv),96560cf4-030d-4268-baea-87bb57cdf631,somaali,,,,,
8313,15147,توێسو,تۆسی,گژوگیا,ناو,ناو,,,,HIGH,پۆل «گژوگیا» has no home among the deck's ten (see unmapped.csv),96560cf4-030d-4268-baea-87bb57cdf631,somaali,,,,,
8315,15148,شاتڵ,گیایەکە بۆ دەرمان دەشێ,گژوگیا,ناو,ناو,,,,HIGH,پۆل «گژوگیا» has no home among the deck's ten (see unmapped.csv),a09069b2-3fc6-4c25-8516-d6e452cd7199,Glena,,,,,
8317,15149,توێسی,تۆسی,گژوگیا,ناو,ناو,,,,HIGH,پۆل «گژوگیا» has no home among the deck's ten (see unmapped.csv),96560cf4-030d-4268-baea-87bb57cdf631,somaali,,,,,
8319,15150,توێشتیر,توشتیر,ئاژەڵ,ناو,ناو,زیندەوەرزانی › ئاژەڵ,ڕەگەز=مێ,,HIGH,,96560cf4-030d-4268-baea-87bb57cdf631,somaali,,,,,
8321,15151,توێشو,نان و زادی ڕێگە,خواردن,ناو,ناو,کولتووری › خواردن,,,HIGH,,96560cf4-030d-4268-baea-87bb57cdf631,somaali,,,,,
8323,15152,شاتللۆرە,لەسەر تەنیشت گلاربونەوە,باروودۆخ,ناو,ناو,,,,HIGH,پۆل «باروودۆخ» has no home among the deck's ten (see unmapped.csv),a09069b2-3fc6-4c25-8516-d6e452cd7199,Glena,,,,,
8325,15153,شاتمان,ناوی گوندێکە,شوێن | ئامێر,ناو,ناو,ناو › شوێن,,,HIGH,پۆل «ئامێر» has no home among the deck's ten (see unmapped.csv),a09069b2-3fc6-4c25-8516-d6e452cd7199,Glena,,,,,
8326,15153,شاتمان,ناوی جۆرە تفەنگێکە کاری وەستای گوندی شاتمانە,شوێن | ئامێر,ناو,ناو,ناو › شوێن,,,HIGH,پۆل «ئامێر» has no home among the deck's ten (see unmapped.csv),a09069b2-3fc6-4c25-8516-d6e452cd7199,Glena,,,,,
8329,15154,شاتو,توەسورە، توی سور، گاتو,خواردن | میوە,ناو,ناو,کولتووری › خواردن,,,HIGH,پۆل «میوە» has no home among the deck's ten (see unmapped.csv),a09069b2-3fc6-4c25-8516-d6e452cd7199,Glena,,,,,
8334,15155,توێشوبەرە,تۆشەبەرە,خواردن,ناو,ناو,کولتووری › خواردن,,,HIGH,,96560cf4-030d-4268-baea-87bb57cdf631,somaali,,,,,
8336,15156,شات و شوت,زۆر گوتنی بێ بەهرە,دەستەواژە | باروودۆخ,ناو,ناو,,,,HIGH,پۆل «دەستەواژە» has no home among the deck's ten (see unmapped.csv) ; پۆل «باروودۆخ» has no home among the deck's ten (see unmapped.csv),a09069b2-3fc6-4c25-8516-d6e452cd7199,Glena,,,,,
8337,15156,شات و شوت,بڵاوکردنەوەی درۆی زل,دەستەواژە | باروودۆخ,ناو,ناو,,,,HIGH,پۆل «دەستەواژە» has no home among the deck's ten (see unmapped.csv) ; پۆل «باروودۆخ» has no home among the deck's ten (see unmapped.csv),a09069b2-3fc6-4c25-8516-d6e452cd7199,Glena,,,,,
8340,15157,توێشودان,ئەو پەڕۆ یان هەنبانەی توێشوی تێدا,کەرەستە,,,کولتووری › کەرەستە,,,LOW,word has no جۆری وشە at all,96560cf4-030d-4268-baea-87bb57cdf631,somaali,,,,,
8342,15158,توێشوکردن,ئامادەکردنی توێشو بۆ سوفەر,ئەنجامدانی کارێک,کار,کار,,,,LOW,"پۆل «ئەنجامدانی کارێک» is really the part of speech «کار» — routed nowhere, needs a decision",96560cf4-030d-4268-baea-87bb57cdf631,somaali,,,,,
8344,15159,شاتون,داری پەلک,درەخت,ناو,ناو,,,,HIGH,پۆل «درەخت» has no home among the deck's ten (see unmapped.csv),a09069b2-3fc6-4c25-8516-d6e452cd7199,Glena,,,,,
8346,15160,شاتە,بەدرۆ بەخۆهەڵدان,خواردن | دەروون ناسی,ناو,ناو,کولتووری › خواردن,,,HIGH,پۆل «دەروون ناسی» has no home among the deck's ten (see unmapped.csv),a09069b2-3fc6-4c25-8516-d6e452cd7199,Glena,,,,,
8347,15160,شاتە,نانی تەنکی تەندور,خواردن | دەروون ناسی,ناو,ناو,کولتووری › خواردن,,,HIGH,پۆل «دەروون ناسی» has no home among the deck's ten (see unmapped.csv),a09069b2-3fc6-4c25-8516-d6e452cd7199,Glena,,,,,
8350,15161,توێشە,تێشو,خواردن,ناو,ناو,کولتووری › خواردن,,,HIGH,,96560cf4-030d-4268-baea-87bb57cdf631,somaali,,,,,
8351,15161,توێشە,تۆشە,خواردن,ناو,ناو,کولتووری › خواردن,,,HIGH,,96560cf4-030d-4268-baea-87bb57cdf631,somaali,,,,,
8353,15162,شاتەرە,جۆرە گیایەکە,گژوگیا,ناو,ناو,,,,HIGH,پۆل «گژوگیا» has no home among the deck's ten (see unmapped.csv),a09069b2-3fc6-4c25-8516-d6e452cd7199,Glena,,,,,
8355,15163,تویک,تێکوڵ,بەرگ,ناو,ناو,,,,HIGH,پۆل «بەرگ» has no home among the deck's ten (see unmapped.csv),96560cf4-030d-4268-baea-87bb57cdf631,somaali,,,,,
8357,15164,توێک,توێخ,بەرگ,ناو,ناو,,,,HIGH,پۆل «بەرگ» has no home among the deck's ten (see unmapped.csv),96560cf4-030d-4268-baea-87bb57cdf631,somaali,,,,,
8359,15165,شاتەشات,زەنازەنا(ژاوەژاو),باروودۆخ,,,,,,LOW,word has no جۆری وشە at all ; پۆل «باروودۆخ» has no home among the deck's ten (see unmapped.csv),a09069b2-3fc6-4c25-8516-d6e452cd7199,Glena,,,,,
8361,15166,شاتەلی,زەرداڵویان هەنجیری پانەوە کراوی تەنک، نانەقەیسی,خواردن | میوە,ناو,ناو,کولتووری › خواردن,,,HIGH,پۆل «میوە» has no home among the deck's ten (see unmapped.csv),a09069b2-3fc6-4c25-8516-d6e452cd7199,Glena,,,,,
8363,15167,توێکردن,بەناسک هەڵبڕینی گۆشت: ( بولبول کە گەرمی نەغمەیە ناگر دەکاتەوە / خونچە حەزینە، جەرگ و دڵی بۆ دەکاتە توێ)((نالی)),ئەنجامدانی کارێک,کار,کار,,,,LOW,"پۆل «ئەنجامدانی کارێک» is really the part of speech «کار» — routed nowhere, needs a decision",96560cf4-030d-4268-baea-87bb57cdf631,somaali,,,,,
8365,15168,شاتیر,داری گەورەی سەر خانو، کاریتە,کەرەستە,ناو,ناو,کولتووری › کەرەستە,,,HIGH,,a09069b2-3fc6-4c25-8516-d6e452cd7199,Glena,,,,,
8367,15169,توێکڵ,تێخوڵ,بەرگ,ناو,ناو,,,,HIGH,پۆل «بەرگ» has no home among the deck's ten (see unmapped.csv),96560cf4-030d-4268-baea-87bb57cdf631,somaali,,,,,
8368,15169,توێکڵ,تۆکڵ,بەرگ,ناو,ناو,,,,HIGH,پۆل «بەرگ» has no home among the deck's ten (see unmapped.csv),96560cf4-030d-4268-baea-87bb57cdf631,somaali,,,,,
8369,15169,توێکڵ,تۆفڵ,بەرگ,ناو,ناو,,,,HIGH,پۆل «بەرگ» has no home among the deck's ten (see unmapped.csv),96560cf4-030d-4268-baea-87bb57cdf631,somaali,,,,,
8370,15169,توێکڵ,توێخڵ,بەرگ,ناو,ناو,,,,HIGH,پۆل «بەرگ» has no home among the deck's ten (see unmapped.csv),96560cf4-030d-4268-baea-87bb57cdf631,somaali,,,,,
8373,15170,شاتیمان,ڕستەی باوەڕی بە خوا و پێغەمبەر,زمانەوانی,ناو,ناو,,,,HIGH,پۆل «زمانەوانی» has no home among the deck's ten (see unmapped.csv),a09069b2-3fc6-4c25-8516-d6e452cd7199,Glena,,,,,
8375,15171,توێڵ,ئەنی,ئەندامی جەستە,ناو,ناو,زانستیی پزیشکی › ئەندامی جەستە,,,HIGH,,96560cf4-030d-4268-baea-87bb57cdf631,somaali,,,,,
8376,15171,توێڵ,هەنیە,ئەندامی جەستە,ناو,ناو,زانستیی پزیشکی › ئەندامی جەستە,,,HIGH,,96560cf4-030d-4268-baea-87bb57cdf631,somaali,,,,,
8377,15171,توێڵ,ناوچاوان,ئەندامی جەستە,ناو,ناو,زانستیی پزیشکی › ئەندامی جەستە,,,HIGH,,96560cf4-030d-4268-baea-87bb57cdf631,somaali,,,,,
8378,15171,توێڵ,جەمین,ئەندامی جەستە,ناو,ناو,زانستیی پزیشکی › ئەندامی جەستە,,,HIGH,,96560cf4-030d-4268-baea-87bb57cdf631,somaali,,,,,
8381,15172,شاتیمان هاوردن,گوتنی شاتیمان,چەمک,ناو,ناو,,,,HIGH,پۆل «چەمک» has no home among the deck's ten (see unmapped.csv),a09069b2-3fc6-4c25-8516-d6e452cd7199,Glena,,,,,
8382,15172,شاتیمان هاوردن,گفتن کلمە شهادین,چەمک,ناو,ناو,,,,HIGH,پۆل «چەمک» has no home among the deck's ten (see unmapped.csv),a09069b2-3fc6-4c25-8516-d6e452cd7199,Glena,,,,,
8383,15173,شاتیمان هێنان,گوتنی شاتیمان,چەمک,ناو,ناو,,,,HIGH,پۆل «چەمک» has no home among the deck's ten (see unmapped.csv),a09069b2-3fc6-4c25-8516-d6e452cd7199,Glena,,,,,
8385,15174,شاجوان,تازە لاوی خوشیک,مرۆڤ | چار شێوی ژنان,ناو,ناو,کولتووری › مرۆڤ,ڕەگەز=مێ,,HIGH,پۆل «چار شێوی ژنان» has no home among the deck's ten (see unmapped.csv),a09069b2-3fc6-4c25-8516-d6e452cd7199,Glena,,,,,
8387,15175,شاجور,ساجور (زنجیر),ئامراز,ناو,ناو,کولتووری › ئامراز,,,HIGH,,a09069b2-3fc6-4c25-8516-d6e452cd7199,Glena,,,,,
8389,15176,شاچاغ,گوڵینگە و لەرزانەی سەر بۆ جوانی و ڕازانەوە,کەرەستە,ناو,ناو,کولتووری › کەرەستە,,,HIGH,,a09069b2-3fc6-4c25-8516-d6e452cd7199,Glena,,,,,
8391,15177,شاخ,کێو، چیا,گیانلەبەر | ئامراز | درەخت | ئاژەڵ | دەروون ناسی,ناو,ناو,کولتووری › ئامراز | زیندەوەرزانی › ئاژەڵ,,,HIGH,پۆل «گیانلەبەر» has no home among the deck's ten (see unmapped.csv) ; پۆل «درەخت» has no home among the deck's ten (see unmapped.csv) ; پۆل «دەروون ناسی» has no home among the deck's ten (see unmapped.csv),a09069b2-3fc6-4c25-8516-d6e452cd7199,Glena,,,,,
8392,15177,شاخ,چیای بەردین,گیانلەبەر | ئامراز | درەخت | ئاژەڵ | دەروون ناسی,ناو,ناو,کولتووری › ئامراز | زیندەوەرزانی › ئاژەڵ,,,HIGH,پۆل «گیانلەبەر» has no home among the deck's ten (see unmapped.csv) ; پۆل «درەخت» has no home among the deck's ten (see unmapped.csv) ; پۆل «دەروون ناسی» has no home among the deck's ten (see unmapped.csv),a09069b2-3fc6-4c25-8516-d6e452cd7199,Glena,,,,,
8393,15177,شاخ,زەقی ڕەقی سەری حەیوان (شاخ، قۆچی ئاژەڵ),گیانلەبەر | ئامراز | درەخت | ئاژەڵ | دەروون ناسی,ناو,ناو,کولتووری › ئامراز | زیندەوەرزانی › ئاژەڵ,,,HIGH,پۆل «گیانلەبەر» has no home among the deck's ten (see unmapped.csv) ; پۆل «درەخت» has no home among the deck's ten (see unmapped.csv) ; پۆل «دەروون ناسی» has no home among the deck's ten (see unmapped.csv),a09069b2-3fc6-4c25-8516-d6e452cd7199,Glena,,,,,
8394,15177,شاخ,لکی دار,گیانلەبەر | ئامراز | درەخت | ئاژەڵ | دەروون ناسی,ناو,ناو,کولتووری › ئامراز | زیندەوەرزانی › ئاژەڵ,,,HIGH,پۆل «گیانلەبەر» has no home among the deck's ten (see unmapped.csv) ; پۆل «درەخت» has no home among the deck's ten (see unmapped.csv) ; پۆل «دەروون ناسی» has no home among the deck's ten (see unmapped.csv),a09069b2-3fc6-4c25-8516-d6e452cd7199,Glena,,,,,
8395,15177,شاخ,باروت دانی ڕاوکەر,گیانلەبەر | ئامراز | درەخت | ئاژەڵ | دەروون ناسی,ناو,ناو,کولتووری › ئامراز | زیندەوەرزانی › ئاژەڵ,,,HIGH,پۆل «گیانلەبەر» has no home among the deck's ten (see unmapped.csv) ; پۆل «درەخت» has no home among the deck's ten (see unmapped.csv) ; پۆل «دەروون ناسی» has no home among the deck's ten (see unmapped.csv),a09069b2-3fc6-4c25-8516-d6e452cd7199,Glena,,,,,
8396,15177,شاخ,زیقە و زیڕەی بەتوڕەیی,گیانلەبەر | ئامراز | درەخت | ئاژەڵ | دەروون ناسی,ناو,ناو,کولتووری › ئامراز | زیندەوەرزانی › ئاژەڵ,,,HIGH,پۆل «گیانلەبەر» has no home among the deck's ten (see unmapped.csv) ; پۆل «درەخت» has no home among the deck's ten (see unmapped.csv) ; پۆل «دەروون ناسی» has no home among the deck's ten (see unmapped.csv),a09069b2-3fc6-4c25-8516-d6e452cd7199,Glena,,,,,
8397,15177,شاخ,ڕوش، ڕوشە (ڕوشان),گیانلەبەر | ئامراز | درەخت | ئاژەڵ | دەروون ناسی,ناو,ناو,کولتووری › ئامراز | زیندەوەرزانی › ئاژەڵ,,,HIGH,پۆل «گیانلەبەر» has no home among the deck's ten (see unmapped.csv) ; پۆل «درەخت» has no home among the deck's ten (see unmapped.csv) ; پۆل «دەروون ناسی» has no home among the deck's ten (see unmapped.csv),a09069b2-3fc6-4c25-8516-d6e452cd7199,Glena,,,,,
9170,15178,شاخان,گۆرە، زیرەی بە قەڵسی و تورەیی,شوێن | هەست | چەمک | دەروون ناسی,,,ناو › شوێن,,,LOW,word has no جۆری وشە at all ; پۆل «هەست» has no home among the deck's ten (see unmapped.csv) ; پۆل «چەمک» has no home among the deck's ten (see unmapped.csv) ; پۆل «دەروون ناسی» has no home among the deck's ten (see unmapped.csv),a09069b2-3fc6-4c25-8516-d6e452cd7199,Glena,,,,,
9171,15178,شاخان,کێوان,شوێن | هەست | چەمک | دەروون ناسی,,,ناو › شوێن,,,LOW,word has no جۆری وشە at all ; پۆل «هەست» has no home among the deck's ten (see unmapped.csv) ; پۆل «چەمک» has no home among the deck's ten (see unmapped.csv) ; پۆل «دەروون ناسی» has no home among the deck's ten (see unmapped.csv),a09069b2-3fc6-4c25-8516-d6e452cd7199,Glena,,,,,
8409,15179,دارکاری,بەدار لێدان,ئەنجامدانی کارێک,ناو,ناو,,,,LOW,"پۆل «ئەنجامدانی کارێک» is really the part of speech «کار» — routed nowhere, needs a decision ; پۆل says «کار», جۆری وشە says «ناو» — they disagree",fbaa1310-1a57-4439-b4e4-2b6fb312b455,banazhamad,,,,,
8411,15180,دارکبژێر,هەڵاواردنی دەمار لە توتن,پیشە,کار,کار,,,,HIGH,پۆل «پیشە» has no home among the deck's ten (see unmapped.csv),fbaa1310-1a57-4439-b4e4-2b6fb312b455,banazhamad,,,,,
8412,15180,دارکبژێر,کەسێ کە دەمار لە توتن جیا دەکاتەوە,پیشە,کار,کار,,,,HIGH,پۆل «پیشە» has no home among the deck's ten (see unmapped.csv),fbaa1310-1a57-4439-b4e4-2b6fb312b455,banazhamad,,,,,
8415,15181,دارکردن,ئێزنگ کۆکردنەوە,ئەنجامدانی کارێک,چاوگ,چاوگ,,,,LOW,"پۆل «ئەنجامدانی کارێک» is really the part of speech «کار» — routed nowhere, needs a decision ; پۆل says «کار», جۆری وشە says «چاوگ» — they disagree",fbaa1310-1a57-4439-b4e4-2b6fb312b455,banazhamad,,,,,
8416,15182,دارکرۆک,دارکوتکە,باڵندە,ناو,ناو,زیندەوەرزانی › باڵندە,,,HIGH,,fbaa1310-1a57-4439-b4e4-2b6fb312b455,banazhamad,,,,,
8418,15183,دارکڕۆکە,دارکڕۆک,باڵندە,ناو,ناو,زیندەوەرزانی › باڵندە,,,HIGH,,fbaa1310-1a57-4439-b4e4-2b6fb312b455,banazhamad,,,,,
8420,15184,دارکوت,دارتەقێنە,باڵندە,ناو,ناو,زیندەوەرزانی › باڵندە,,,HIGH,,fbaa1310-1a57-4439-b4e4-2b6fb312b455,banazhamad,,,,,
8421,15184,دارکوت,دارتورکنەک,باڵندە,ناو,ناو,زیندەوەرزانی › باڵندە,,,HIGH,,fbaa1310-1a57-4439-b4e4-2b6fb312b455,banazhamad,,,,,
8423,15185,دارکوتک,دارێ کە ئاگری پێ تێک وەردەدەن,کەرەستە,ناو,ناو,کولتووری › کەرەستە,,,HIGH,,fbaa1310-1a57-4439-b4e4-2b6fb312b455,banazhamad,,,,,
8425,15186,دارکوتکە,دارکوت,باڵندە,ناو,ناو,زیندەوەرزانی › باڵندە,,,HIGH,,fbaa1310-1a57-4439-b4e4-2b6fb312b455,banazhamad,,,,,
8427,15187,دارکۆرک,دارکوتک,کەرەستە,ناو,ناو,کولتووری › کەرەستە,,,HIGH,,fbaa1310-1a57-4439-b4e4-2b6fb312b455,banazhamad,,,,,
8429,15188,دارکونکەرە,دارکوت,باڵندە,ناو,ناو,زیندەوەرزانی › باڵندە,,,HIGH,,fbaa1310-1a57-4439-b4e4-2b6fb312b455,banazhamad,,,,,
8431,15189,زاف کەردش,زاید کردن، زێدە کردن,زمانەوانی,هیتر,,,,,LOW,جۆری وشە «هیتر» has no equivalent among the seven ; پۆل «زمانەوانی» has no home among the deck's ten (see unmapped.csv),5f16fc33-8c0b-4cb7-85ab-cf91afdbbcd3,bilalhama,,,,,
8433,15190,زاف نەمەند,کەم کردوو، زۆر نەمان,زمانەوانی,,,,,,LOW,word has no جۆری وشە at all ; پۆل «زمانەوانی» has no home among the deck's ten (see unmapped.csv),5f16fc33-8c0b-4cb7-85ab-cf91afdbbcd3,bilalhama,,,,,
8435,15191,زافەران,زافران,گژوگیا | گوند,,,,,,LOW,word has no جۆری وشە at all ; پۆل «گژوگیا» has no home among the deck's ten (see unmapped.csv) ; پۆل «گوند» has no home among the deck's ten (see unmapped.csv),5f16fc33-8c0b-4cb7-85ab-cf91afdbbcd3,bilalhama,,,,,
8436,15191,زافەران,ناوی گوندێکە,گژوگیا | گوند,,,,,,LOW,word has no جۆری وشە at all ; پۆل «گژوگیا» has no home among the deck's ten (see unmapped.csv) ; پۆل «گوند» has no home among the deck's ten (see unmapped.csv),5f16fc33-8c0b-4cb7-85ab-cf91afdbbcd3,bilalhama,,,,,
8439,15192,زافەرانی,زافرانی,ڕەنگ,ئاوەڵناو,هاوەڵناو,,,,HIGH,پۆل «ڕەنگ» has no home among the deck's ten (see unmapped.csv),5f16fc33-8c0b-4cb7-85ab-cf91afdbbcd3,bilalhama,,,,,
8440,15192,زافەرانی,زعفرانی,ڕەنگ,ئاوەڵناو,هاوەڵناو,,,,HIGH,پۆل «ڕەنگ» has no home among the deck's ten (see unmapped.csv),5f16fc33-8c0b-4cb7-85ab-cf91afdbbcd3,bilalhama,,,,,
8441,15193,زافەی,فرەیی، زیادی، زێدەیی,زمانەوانی,ناو,ناو,,,,HIGH,پۆل «زمانەوانی» has no home among the deck's ten (see unmapped.csv),5f16fc33-8c0b-4cb7-85ab-cf91afdbbcd3,bilalhama,,,,,
8443,15194,زافی,زافەی,زمانەوانی,,,,,,LOW,word has no جۆری وشە at all ; پۆل «زمانەوانی» has no home among the deck's ten (see unmapped.csv),5f16fc33-8c0b-4cb7-85ab-cf91afdbbcd3,bilalhama,,,,,
8445,15195,زافێر,زافتر، زۆرتر، زێدەتر,زمانەوانی,ناو,ناو,,,,HIGH,پۆل «زمانەوانی» has no home among the deck's ten (see unmapped.csv),5f16fc33-8c0b-4cb7-85ab-cf91afdbbcd3,bilalhama,,,,,
8447,15196,زاڤ,ئەستێرەیەکی گەریدەیە,زمانەوانی,ناو | ئاوەڵناو,,,,,LOW,word carries several parts of speech (ناو / هاوەڵناو); a sense may only have one ; پۆل «زمانەوانی» has no home among the deck's ten (see unmapped.csv),5f16fc33-8c0b-4cb7-85ab-cf91afdbbcd3,bilalhama,,,,,
8448,15196,زاڤ,زۆر، فرە,زمانەوانی,ناو | ئاوەڵناو,,,,,LOW,word carries several parts of speech (ناو / هاوەڵناو); a sense may only have one ; پۆل «زمانەوانی» has no home among the deck's ten (see unmapped.csv),5f16fc33-8c0b-4cb7-85ab-cf91afdbbcd3,bilalhama,,,,,
8451,15197,توویل,تووڵ,درەخت,ناو,ناو,,,,HIGH,پۆل «درەخت» has no home among the deck's ten (see unmapped.csv),96560cf4-030d-4268-baea-87bb57cdf631,somaali,,,,,
8452,15197,توویل,شوولک,درەخت,ناو,ناو,,,,HIGH,پۆل «درەخت» has no home among the deck's ten (see unmapped.csv),96560cf4-030d-4268-baea-87bb57cdf631,somaali,,,,,
8453,15197,توویل,شووڵک,درەخت,ناو,ناو,,,,HIGH,پۆل «درەخت» has no home among the deck's ten (see unmapped.csv),96560cf4-030d-4268-baea-87bb57cdf631,somaali,,,,,
8454,15197,توویل,لکەداری باریکی بڕاو,درەخت,ناو,ناو,,,,HIGH,پۆل «درەخت» has no home among the deck's ten (see unmapped.csv),96560cf4-030d-4268-baea-87bb57cdf631,somaali,,,,,
8456,15198,توێڵاش,تڵاش,درەخت,ناو,ناو,,,,HIGH,پۆل «درەخت» has no home among the deck's ten (see unmapped.csv),96560cf4-030d-4268-baea-87bb57cdf631,somaali,,,,,
8457,15198,توێڵاش,تۆڵاشە,درەخت,ناو,ناو,,,,HIGH,پۆل «درەخت» has no home among the deck's ten (see unmapped.csv),96560cf4-030d-4268-baea-87bb57cdf631,somaali,,,,,
8458,15198,توێڵاش,پارچەی تەنک لە دار,درەخت,ناو,ناو,,,,HIGH,پۆل «درەخت» has no home among the deck's ten (see unmapped.csv),96560cf4-030d-4268-baea-87bb57cdf631,somaali,,,,,
8460,15199,توێڵبەند,هەنی پێچ,کەرەستە,ناو,ناو,کولتووری › کەرەستە,,,HIGH,,96560cf4-030d-4268-baea-87bb57cdf631,somaali,,,,,
8461,15199,توێڵبەند,ئەنی بەند,کەرەستە,ناو,ناو,کولتووری › کەرەستە,,,HIGH,,96560cf4-030d-4268-baea-87bb57cdf631,somaali,,,,,
8462,15199,توێڵبەند,پارچە قوماشێ کە بە ناو چاواندا دێت,کەرەستە,ناو,ناو,کولتووری › کەرەستە,,,HIGH,,96560cf4-030d-4268-baea-87bb57cdf631,somaali,,,,,
8464,15200,توێن,تاوێن,ئامێر | ئامراز,ناو,ناو,کولتووری › ئامراز,,,HIGH,پۆل «ئامێر» has no home among the deck's ten (see unmapped.csv),96560cf4-030d-4268-baea-87bb57cdf631,somaali,,,,,
8465,15200,توێن,تاوێنەوە,ئامێر | ئامراز,ناو,ناو,کولتووری › ئامراز,,,HIGH,پۆل «ئامێر» has no home among the deck's ten (see unmapped.csv),96560cf4-030d-4268-baea-87bb57cdf631,somaali,,,,,
8467,15201,توێنەوە,تاوێنەوە: (ئەم دەزگایە مس توێنەوەیە),ئامێر,ناو,ناو,,,,HIGH,پۆل «ئامێر» has no home among the deck's ten (see unmapped.csv),96560cf4-030d-4268-baea-87bb57cdf631,somaali,,,,,
8469,15202,توێلک,تێکوڵ,بەرگ | درەخت,ناو,ناو,,,,HIGH,پۆل «بەرگ» has no home among the deck's ten (see unmapped.csv) ; پۆل «درەخت» has no home among the deck's ten (see unmapped.csv),96560cf4-030d-4268-baea-87bb57cdf631,somaali,,,,,
8470,15202,توێلک,زڕەتو,بەرگ | درەخت,ناو,ناو,,,,HIGH,پۆل «بەرگ» has no home among the deck's ten (see unmapped.csv) ; پۆل «درەخت» has no home among the deck's ten (see unmapped.csv),96560cf4-030d-4268-baea-87bb57cdf631,somaali,,,,,
8473,15203,تە,وشەی ڕوبەڕوو,ئامراز,جێناو,جێناو,کولتووری › ئامراز,ڕەگەز=دوولایەن,,HIGH,,96560cf4-030d-4268-baea-87bb57cdf631,somaali,,,,,
8474,15203,تە,تۆ,ئامراز,جێناو,جێناو,کولتووری › ئامراز,ڕەگەز=دوولایەن,,HIGH,,96560cf4-030d-4268-baea-87bb57cdf631,somaali,,,,,
8477,15204,تەبا,ئاشت,سیفەت,ئاوەڵناو,هاوەڵناو,,,,LOW,"پۆل «سیفەت» is really the part of speech «هاوەڵناو» — routed nowhere, needs a decision",96560cf4-030d-4268-baea-87bb57cdf631,somaali,,,,,
8478,15204,تەبا,نێوان خۆش,سیفەت,ئاوەڵناو,هاوەڵناو,,,,LOW,"پۆل «سیفەت» is really the part of speech «هاوەڵناو» — routed nowhere, needs a decision",96560cf4-030d-4268-baea-87bb57cdf631,somaali,,,,,
8479,15204,تەبا,دەگەڵ,سیفەت,ئاوەڵناو,هاوەڵناو,,,,LOW,"پۆل «سیفەت» is really the part of speech «هاوەڵناو» — routed nowhere, needs a decision",96560cf4-030d-4268-baea-87bb57cdf631,somaali,,,,,
8480,15204,تەبا,رەگەڵ,سیفەت,ئاوەڵناو,هاوەڵناو,,,,LOW,"پۆل «سیفەت» is really the part of speech «هاوەڵناو» — routed nowhere, needs a decision",96560cf4-030d-4268-baea-87bb57cdf631,somaali,,,,,
8481,15204,تەبا,پێڕا,سیفەت,ئاوەڵناو,هاوەڵناو,,,,LOW,"پۆل «سیفەت» is really the part of speech «هاوەڵناو» — routed nowhere, needs a decision",96560cf4-030d-4268-baea-87bb57cdf631,somaali,,,,,
8484,15205,تەباشیر,گەچی نووسین,کەرەستە,ناو,ناو,کولتووری › کەرەستە,,,HIGH,,96560cf4-030d-4268-baea-87bb57cdf631,somaali,,,,,
8486,15208,رازکرن,لە خوا پارانەوە بە سرتە,باروودۆخ,ناو,ناو,,ڕەگەز=دوولایەن,,HIGH,پۆل «باروودۆخ» has no home among the deck's ten (see unmapped.csv),79dd71fd-aaa5-4f5a-9211-101eeda2d0b8,taraakoy,,,,,
8488,15209,رازگر,کەسێ کە بروات هەیە نهێنی تۆ ئاشکرا ناکا,کەس,ناو,ناو,ناو › کەس,ڕەگەز=دوولایەن,,HIGH,,79dd71fd-aaa5-4f5a-9211-101eeda2d0b8,taraakoy,,,,,
8490,15210,رازنان,رازاوە,سیفەت,ئاوەڵناو,هاوەڵناو,,ڕەگەز=مێ,,LOW,"پۆل «سیفەت» is really the part of speech «هاوەڵناو» — routed nowhere, needs a decision",79dd71fd-aaa5-4f5a-9211-101eeda2d0b8,taraakoy,,,,,
8492,15211,رازونە,سەکۆی بەردەرگا,,ناو,ناو,,ڕەگەز=بێلایەن,,HIGH,,79dd71fd-aaa5-4f5a-9211-101eeda2d0b8,taraakoy,,,,,
8493,15211,رازونە,خواجانشین,,ناو,ناو,,ڕەگەز=بێلایەن,,HIGH,,79dd71fd-aaa5-4f5a-9211-101eeda2d0b8,taraakoy,,,,,
8495,15212,رازە,چیرۆکی خەیاڵی,ئەفسانە,ناو,ناو,,ڕەگەز=بێلایەن,,HIGH,پۆل «ئەفسانە» has no home among the deck's ten (see unmapped.csv),79dd71fd-aaa5-4f5a-9211-101eeda2d0b8,taraakoy,,,,,
8497,15213,رازەن,رێگر,مرۆڤ,ناو,ناو,کولتووری › مرۆڤ,ڕەگەز=نێر,,HIGH,,79dd71fd-aaa5-4f5a-9211-101eeda2d0b8,taraakoy,,,,,
8498,15213,رازەن,چەتە,مرۆڤ,ناو,ناو,کولتووری › مرۆڤ,ڕەگەز=نێر,,HIGH,,79dd71fd-aaa5-4f5a-9211-101eeda2d0b8,taraakoy,,,,,
8499,15213,رازەن,گۆران,مرۆڤ,ناو,ناو,کولتووری › مرۆڤ,ڕەگەز=نێر,,HIGH,,79dd71fd-aaa5-4f5a-9211-101eeda2d0b8,taraakoy,,,,,
8500,15213,رازەن,خراپەکار,مرۆڤ,ناو,ناو,کولتووری › مرۆڤ,ڕەگەز=نێر,,HIGH,,79dd71fd-aaa5-4f5a-9211-101eeda2d0b8,taraakoy,,,,,
8502,15214,رازاوەن,کەسێ لە هەڵچون بە تیشەشاخان دا زۆر بەکارە,کەس,ناو,ناو,ناو › کەس,ڕەگەز=دوولایەن,,HIGH,,79dd71fd-aaa5-4f5a-9211-101eeda2d0b8,taraakoy,,,,,
8505,15215,رازی,قایل,کەس,ناو,ناو,ناو › کەس,,,HIGH,,79dd71fd-aaa5-4f5a-9211-101eeda2d0b8,taraakoy,,,,,
8506,15215,رازی,قادێ,کەس,ناو,ناو,ناو › کەس,,,HIGH,,79dd71fd-aaa5-4f5a-9211-101eeda2d0b8,taraakoy,,,,,
8509,15216,رازێ,چیرۆک,چیرۆک,ناو,ناو,,ڕەگەز=بێلایەن,,HIGH,پۆل «چیرۆک» has no home among the deck's ten (see unmapped.csv),79dd71fd-aaa5-4f5a-9211-101eeda2d0b8,taraakoy,,,,,
8511,15217,رازیار,هاودەم,کەس,,,ناو › کەس,ڕەگەز=دوولایەن,,LOW,word has no جۆری وشە at all,79dd71fd-aaa5-4f5a-9211-101eeda2d0b8,taraakoy,,,,,
8512,15217,رازیار,هەواڵی نزیک,کەس,,,ناو › کەس,ڕەگەز=دوولایەن,,LOW,word has no جۆری وشە at all,79dd71fd-aaa5-4f5a-9211-101eeda2d0b8,taraakoy,,,,,
8513,15217,رازیار,رازدار,کەس,,,ناو › کەس,ڕەگەز=دوولایەن,,LOW,word has no جۆری وشە at all,79dd71fd-aaa5-4f5a-9211-101eeda2d0b8,taraakoy,,,,,
8515,15218,تەبایی,ئاشتی,سیفەت,ئاوەڵناو,هاوەڵناو,,,,LOW,"پۆل «سیفەت» is really the part of speech «هاوەڵناو» — routed nowhere, needs a decision",96560cf4-030d-4268-baea-87bb57cdf631,somaali,,,,,
8516,15218,تەبایی,ئاسودەیی,سیفەت,ئاوەڵناو,هاوەڵناو,,,,LOW,"پۆل «سیفەت» is really the part of speech «هاوەڵناو» — routed nowhere, needs a decision",96560cf4-030d-4268-baea-87bb57cdf631,somaali,,,,,
8517,15218,تەبایی,دنیای بێ شەڕ و کێشە,سیفەت,ئاوەڵناو,هاوەڵناو,,,,LOW,"پۆل «سیفەت» is really the part of speech «هاوەڵناو» — routed nowhere, needs a decision",96560cf4-030d-4268-baea-87bb57cdf631,somaali,,,,,
8520,15219,تەباخ,مانگی هەشتەمی ڕۆمی,کەرەستە | وەرز و مانگەکان,ناو,ناو,کولتووری › کەرەستە,,,HIGH,پۆل «وەرز و مانگەکان» has no home among the deck's ten (see unmapped.csv),96560cf4-030d-4268-baea-87bb57cdf631,somaali,,,,,
8521,15219,تەباخ,تەبەق,کەرەستە | وەرز و مانگەکان,ناو,ناو,کولتووری › کەرەستە,,,HIGH,پۆل «وەرز و مانگەکان» has no home among the deck's ten (see unmapped.csv),96560cf4-030d-4268-baea-87bb57cdf631,somaali,,,,,
8522,15219,تەباخ,سینی,کەرەستە | وەرز و مانگەکان,ناو,ناو,کولتووری › کەرەستە,,,HIGH,پۆل «وەرز و مانگەکان» has no home among the deck's ten (see unmapped.csv),96560cf4-030d-4268-baea-87bb57cdf631,somaali,,,,,
8525,15220,تەباخچە,قاوەسینی,کەرەستە,ناو,ناو,کولتووری › کەرەستە,,,HIGH,,96560cf4-030d-4268-baea-87bb57cdf631,somaali,,,,,
8526,15220,تەباخچە,سینی چکۆڵە,کەرەستە,ناو,ناو,کولتووری › کەرەستە,,,HIGH,,96560cf4-030d-4268-baea-87bb57cdf631,somaali,,,,,
8528,15221,تەبار,بارست,یەکەی پێوانە,ناو,ناو,,,,HIGH,پۆل «یەکەی پێوانە» has no home among the deck's ten (see unmapped.csv),96560cf4-030d-4268-baea-87bb57cdf631,somaali,,,,,
8529,15221,تەبار,ڕادە,یەکەی پێوانە,ناو,ناو,,,,HIGH,پۆل «یەکەی پێوانە» has no home among the deck's ten (see unmapped.csv),96560cf4-030d-4268-baea-87bb57cdf631,somaali,,,,,
8531,15222,تەبارە,نێوان,شوێن | دانەوێڵە,ناو,ناو,ناو › شوێن,,,HIGH,پۆل «دانەوێڵە» has no home among the deck's ten (see unmapped.csv),96560cf4-030d-4268-baea-87bb57cdf631,somaali,,,,,
8532,15222,تەبارە,لەمبەر,شوێن | دانەوێڵە,ناو,ناو,ناو › شوێن,,,HIGH,پۆل «دانەوێڵە» has no home among the deck's ten (see unmapped.csv),96560cf4-030d-4268-baea-87bb57cdf631,somaali,,,,,
8533,15222,تەبارە,تیغە,شوێن | دانەوێڵە,ناو,ناو,ناو › شوێن,,,HIGH,پۆل «دانەوێڵە» has no home among the deck's ten (see unmapped.csv),96560cf4-030d-4268-baea-87bb57cdf631,somaali,,,,,
8534,15222,تەبارە,بارست,شوێن | دانەوێڵە,ناو,ناو,ناو › شوێن,,,HIGH,پۆل «دانەوێڵە» has no home among the deck's ten (see unmapped.csv),96560cf4-030d-4268-baea-87bb57cdf631,somaali,,,,,
8535,15222,تەبارە,تەبار,شوێن | دانەوێڵە,ناو,ناو,ناو › شوێن,,,HIGH,پۆل «دانەوێڵە» has no home among the deck's ten (see unmapped.csv),96560cf4-030d-4268-baea-87bb57cdf631,somaali,,,,,
8536,15222,تەبارە,دەغڵی گەیشتووی نەدوراوە,شوێن | دانەوێڵە,ناو,ناو,ناو › شوێن,,,HIGH,پۆل «دانەوێڵە» has no home among the deck's ten (see unmapped.csv),96560cf4-030d-4268-baea-87bb57cdf631,somaali,,,,,
8537,15222,تەبارە,هەرزاڵ,شوێن | دانەوێڵە,ناو,ناو,ناو › شوێن,,,HIGH,پۆل «دانەوێڵە» has no home among the deck's ten (see unmapped.csv),96560cf4-030d-4268-baea-87bb57cdf631,somaali,,,,,
8538,15222,تەبارە,پێڕک,شوێن | دانەوێڵە,ناو,ناو,ناو › شوێن,,,HIGH,پۆل «دانەوێڵە» has no home among the deck's ten (see unmapped.csv),96560cf4-030d-4268-baea-87bb57cdf631,somaali,,,,,
8543,15223,تەبانە,بانگوش,کەرەستە | ئامراز,ناو,ناو,کولتووری › کەرەستە | کولتووری › ئامراز,,,HIGH,,96560cf4-030d-4268-baea-87bb57cdf631,somaali,,,,,
8544,15223,تەبانە,باگردان,کەرەستە | ئامراز,ناو,ناو,کولتووری › کەرەستە | کولتووری › ئامراز,,,HIGH,,96560cf4-030d-4268-baea-87bb57cdf631,somaali,,,,,
8545,15223,تەبانە,بانگردێن,کەرەستە | ئامراز,ناو,ناو,کولتووری › کەرەستە | کولتووری › ئامراز,,,HIGH,,96560cf4-030d-4268-baea-87bb57cdf631,somaali,,,,,
8546,15223,تەبانە,باگوردێن,کەرەستە | ئامراز,ناو,ناو,کولتووری › کەرەستە | کولتووری › ئامراز,,,HIGH,,96560cf4-030d-4268-baea-87bb57cdf631,somaali,,,,,
8548,15224,تەبت,ئارامی,سیفەت,ئاوەڵناو,هاوەڵناو,,,,LOW,"پۆل «سیفەت» is really the part of speech «هاوەڵناو» — routed nowhere, needs a decision",96560cf4-030d-4268-baea-87bb57cdf631,somaali,,,,,
8549,15224,تەبت,هێمنایەتی,سیفەت,ئاوەڵناو,هاوەڵناو,,,,LOW,"پۆل «سیفەت» is really the part of speech «هاوەڵناو» — routed nowhere, needs a decision",96560cf4-030d-4268-baea-87bb57cdf631,somaali,,,,,
8551,15225,تەبر,تەور,کەرەستە,ناو,ناو,کولتووری › کەرەستە,,,HIGH,,96560cf4-030d-4268-baea-87bb57cdf631,somaali,,,,,
8552,15225,تەبر,بیور,کەرەستە,ناو,ناو,کولتووری › کەرەستە,,,HIGH,,96560cf4-030d-4268-baea-87bb57cdf631,somaali,,,,,
8554,15226,تەبغە,سەرانگوێلک,شوێن,ناو,ناو,ناو › شوێن,,,HIGH,,96560cf4-030d-4268-baea-87bb57cdf631,somaali,,,,,
8555,15226,تەبغە,زبڵدان,شوێن,ناو,ناو,ناو › شوێن,,,HIGH,,96560cf4-030d-4268-baea-87bb57cdf631,somaali,,,,,
8556,15226,تەبغە,کۆمای زبڵ و پەین,شوێن,ناو,ناو,ناو › شوێن,,,HIGH,,96560cf4-030d-4268-baea-87bb57cdf631,somaali,,,,,
8562,15227,تەبۆ,گەنە,ئاژەڵ,ناو,ناو,زیندەوەرزانی › ئاژەڵ,ڕەگەز=دوولایەن,,HIGH,,96560cf4-030d-4268-baea-87bb57cdf631,somaali,,,,,
8563,15227,تەبۆ,جانەوەرێکی بۆری پانکەڵەیە بە ئاژەڵەوە دەنووسێ,ئاژەڵ,ناو,ناو,زیندەوەرزانی › ئاژەڵ,ڕەگەز=دوولایەن,,HIGH,,96560cf4-030d-4268-baea-87bb57cdf631,somaali,,,,,
8565,15228,تەبور,شەنە,ئامێر,ناو,ناو,,,,HIGH,پۆل «ئامێر» has no home among the deck's ten (see unmapped.csv),96560cf4-030d-4268-baea-87bb57cdf631,somaali,,,,,
8566,15228,تەبور,شەن,ئامێر,ناو,ناو,,,,HIGH,پۆل «ئامێر» has no home among the deck's ten (see unmapped.csv),96560cf4-030d-4268-baea-87bb57cdf631,somaali,,,,,
8568,15229,تەبەتۆر,جاڵ جاڵۆکە,باڵندە | ئاژەڵ,ناو,ناو,زیندەوەرزانی › باڵندە | زیندەوەرزانی › ئاژەڵ,ڕەگەز=دوولایەن,,HIGH,,96560cf4-030d-4268-baea-87bb57cdf631,somaali,,,,,
8569,15229,تەبەتۆر,جوڵاتەنە,باڵندە | ئاژەڵ,ناو,ناو,زیندەوەرزانی › باڵندە | زیندەوەرزانی › ئاژەڵ,ڕەگەز=دوولایەن,,HIGH,,96560cf4-030d-4268-baea-87bb57cdf631,somaali,,,,,
8571,15230,تەبەتە,تەبەنە,کەرەستە,ناو,ناو,کولتووری › کەرەستە,,,HIGH,,96560cf4-030d-4268-baea-87bb57cdf631,somaali,,,,,
8572,15230,تەبەتە,دەرزی لێفە دروون,کەرەستە,ناو,ناو,کولتووری › کەرەستە,,,HIGH,,96560cf4-030d-4268-baea-87bb57cdf631,somaali,,,,,
8574,15231,تەبەر,کەللا,کەرەستە,ناو,ناو,کولتووری › کەرەستە,,,HIGH,,96560cf4-030d-4268-baea-87bb57cdf631,somaali,,,,,
8575,15231,تەبەر,هەڵمات,کەرەستە,ناو,ناو,کولتووری › کەرەستە,,,HIGH,,96560cf4-030d-4268-baea-87bb57cdf631,somaali,,,,,
8576,15231,تەبەر,مەڕ مەڕ,کەرەستە,ناو,ناو,کولتووری › کەرەستە,,,HIGH,,96560cf4-030d-4268-baea-87bb57cdf631,somaali,,,,,
8578,15232,تەبەرزە,جۆرێ خورما,خواردن | میوە,ناو,ناو,کولتووری › خواردن,,,HIGH,پۆل «میوە» has no home among the deck's ten (see unmapped.csv),96560cf4-030d-4268-baea-87bb57cdf631,somaali,,,,,
8579,15232,تەبەرزە,جۆرێ ترێ,خواردن | میوە,ناو,ناو,کولتووری › خواردن,,,HIGH,پۆل «میوە» has no home among the deck's ten (see unmapped.csv),96560cf4-030d-4268-baea-87bb57cdf631,somaali,,,,,
8582,15233,تەبەرزین,تەوەرزین,کەرەستە | ئامراز,ناو,ناو,کولتووری › کەرەستە | کولتووری › ئامراز,,,HIGH,,96560cf4-030d-4268-baea-87bb57cdf631,somaali,,,,,
8583,15233,تەبەرزین,چەکێ بوو وەک تەور بە ەەس سوارەوە,کەرەستە | ئامراز,ناو,ناو,کولتووری › کەرەستە | کولتووری › ئامراز,,,HIGH,,96560cf4-030d-4268-baea-87bb57cdf631,somaali,,,,,
8585,15234,تەبەش,ئاژەڵی ناوچاوان چەرمگ,ئاژەڵ,ناو,ناو,زیندەوەرزانی › ئاژەڵ,ڕەگەز=دوولایەن,,HIGH,,96560cf4-030d-4268-baea-87bb57cdf631,somaali,,,,,
8587,15235,تەبەق,تەبەک,شوێن | نەخۆشی,ناو,ناو,ناو › شوێن | زانستیی پزیشکی › نەخۆشی,,,HIGH,,96560cf4-030d-4268-baea-87bb57cdf631,somaali,,,,,
8588,15235,تەبەق,یاڵتەبەق,شوێن | نەخۆشی,ناو,ناو,ناو › شوێن | زانستیی پزیشکی › نەخۆشی,,,HIGH,,96560cf4-030d-4268-baea-87bb57cdf631,somaali,,,,,
8589,15235,تەبەق,مەعجومەی لە دار,شوێن | نەخۆشی,ناو,ناو,ناو › شوێن | زانستیی پزیشکی › نەخۆشی,,,HIGH,,96560cf4-030d-4268-baea-87bb57cdf631,somaali,,,,,
8590,15235,تەبەق,جۆرێننەخۆشی سمی وڵاخی بەرزە,شوێن | نەخۆشی,ناو,ناو,ناو › شوێن | زانستیی پزیشکی › نەخۆشی,,,HIGH,,96560cf4-030d-4268-baea-87bb57cdf631,somaali,,,,,
8591,15235,تەبەق,نهۆم,شوێن | نەخۆشی,ناو,ناو,ناو › شوێن | زانستیی پزیشکی › نەخۆشی,,,HIGH,,96560cf4-030d-4268-baea-87bb57cdf631,somaali,,,,,
8592,15235,تەبەق,قات,شوێن | نەخۆشی,ناو,ناو,ناو › شوێن | زانستیی پزیشکی › نەخۆشی,,,HIGH,,96560cf4-030d-4268-baea-87bb57cdf631,somaali,,,,,
8596,15236,تەبەقە,نهۆم,شوێن | نەخۆشی,ناو,ناو,ناو › شوێن | زانستیی پزیشکی › نەخۆشی,,,HIGH,,96560cf4-030d-4268-baea-87bb57cdf631,somaali,,,,,
8597,15236,تەبەقە,قاتی خانوو,شوێن | نەخۆشی,ناو,ناو,ناو › شوێن | زانستیی پزیشکی › نەخۆشی,,,HIGH,,96560cf4-030d-4268-baea-87bb57cdf631,somaali,,,,,
8598,15236,تەبەقە,نەخۆشی تەبەق,شوێن | نەخۆشی,ناو,ناو,ناو › شوێن | زانستیی پزیشکی › نەخۆشی,,,HIGH,,96560cf4-030d-4268-baea-87bb57cdf631,somaali,,,,,
8599,15236,تەبەقە,اشکوب,شوێن | نەخۆشی,ناو,ناو,ناو › شوێن | زانستیی پزیشکی › نەخۆشی,,,HIGH,,96560cf4-030d-4268-baea-87bb57cdf631,somaali,,,,,
8601,15237,تەبەک,نەخۆشی تەبەق,کەرەستە | نەخۆشی,ناو,ناو,کولتووری › کەرەستە | زانستیی پزیشکی › نەخۆشی,,,HIGH,,96560cf4-030d-4268-baea-87bb57cdf631,somaali,,,,,
8602,15237,تەبەک,تەشتی دارینی ناندێن,کەرەستە | نەخۆشی,ناو,ناو,کولتووری › کەرەستە | زانستیی پزیشکی › نەخۆشی,,,HIGH,,96560cf4-030d-4268-baea-87bb57cdf631,somaali,,,,,
8603,15237,تەبەک,سینی دارین,کەرەستە | نەخۆشی,ناو,ناو,کولتووری › کەرەستە | زانستیی پزیشکی › نەخۆشی,,,HIGH,,96560cf4-030d-4268-baea-87bb57cdf631,somaali,,,,,
8607,15238,تەبەلیە,قەڵماسک ئاسایەکی زلە بۆ چونە سەر دارخورما بەکاردێ,کەرەستە | ئامراز,ناو,ناو,کولتووری › کەرەستە | کولتووری › ئامراز,,,HIGH,,96560cf4-030d-4268-baea-87bb57cdf631,somaali,,,,,
8609,15239,تەبەنە,دەرزی درشت,کەرەستە,ناو,ناو,کولتووری › کەرەستە,,,HIGH,,96560cf4-030d-4268-baea-87bb57cdf631,somaali,,,,,
8610,15239,تەبەنە,دەرزی لێفەدرو,کەرەستە,ناو,ناو,کولتووری › کەرەستە,,,HIGH,,96560cf4-030d-4268-baea-87bb57cdf631,somaali,,,,,
8612,15240,تەبیات,ئیشتیای خواردن,هەست,ناو,ناو,,,,HIGH,پۆل «هەست» has no home among the deck's ten (see unmapped.csv),96560cf4-030d-4268-baea-87bb57cdf631,somaali,,,,,
8613,15240,تەبیات,خۆرسک,هەست,ناو,ناو,,,,HIGH,پۆل «هەست» has no home among the deck's ten (see unmapped.csv),96560cf4-030d-4268-baea-87bb57cdf631,somaali,,,,,
8614,15240,تەبیات,تەبیعەت,هەست,ناو,ناو,,,,HIGH,پۆل «هەست» has no home among the deck's ten (see unmapped.csv),96560cf4-030d-4268-baea-87bb57cdf631,somaali,,,,,
8617,15241,تەپ,تەمەڵ لە ڕێ ڕۆشتن,شوێن | نەخۆشی | سیفەت,ناو | ئاوەڵناو,,ناو › شوێن | زانستیی پزیشکی › نەخۆشی,,,LOW,"word carries several parts of speech (ناو / هاوەڵناو); a sense may only have one ; پۆل «سیفەت» is really the part of speech «هاوەڵناو» — routed nowhere, needs a decision",96560cf4-030d-4268-baea-87bb57cdf631,somaali,,,,,
8618,15241,تەپ,گزی,شوێن | نەخۆشی | سیفەت,ناو | ئاوەڵناو,,ناو › شوێن | زانستیی پزیشکی › نەخۆشی,,,LOW,"word carries several parts of speech (ناو / هاوەڵناو); a sense may only have one ; پۆل «سیفەت» is really the part of speech «هاوەڵناو» — routed nowhere, needs a decision",96560cf4-030d-4268-baea-87bb57cdf631,somaali,,,,,
8619,15241,تەپ,گەڕ,شوێن | نەخۆشی | سیفەت,ناو | ئاوەڵناو,,ناو › شوێن | زانستیی پزیشکی › نەخۆشی,,,LOW,"word carries several parts of speech (ناو / هاوەڵناو); a sense may only have one ; پۆل «سیفەت» is really the part of speech «هاوەڵناو» — routed nowhere, needs a decision",96560cf4-030d-4268-baea-87bb57cdf631,somaali,,,,,
8620,15241,تەپ,حیلە,شوێن | نەخۆشی | سیفەت,ناو | ئاوەڵناو,,ناو › شوێن | زانستیی پزیشکی › نەخۆشی,,,LOW,"word carries several parts of speech (ناو / هاوەڵناو); a sense may only have one ; پۆل «سیفەت» is really the part of speech «هاوەڵناو» — routed nowhere, needs a decision",96560cf4-030d-4268-baea-87bb57cdf631,somaali,,,,,
8621,15241,تەپ,فێ,شوێن | نەخۆشی | سیفەت,ناو | ئاوەڵناو,,ناو › شوێن | زانستیی پزیشکی › نەخۆشی,,,LOW,"word carries several parts of speech (ناو / هاوەڵناو); a sense may only have one ; پۆل «سیفەت» is really the part of speech «هاوەڵناو» — routed nowhere, needs a decision",96560cf4-030d-4268-baea-87bb57cdf631,somaali,,,,,
8622,15241,تەپ,نەخۆشی فێداری,شوێن | نەخۆشی | سیفەت,ناو | ئاوەڵناو,,ناو › شوێن | زانستیی پزیشکی › نەخۆشی,,,LOW,"word carries several parts of speech (ناو / هاوەڵناو); a sense may only have one ; پۆل «سیفەت» is really the part of speech «هاوەڵناو» — routed nowhere, needs a decision",96560cf4-030d-4268-baea-87bb57cdf631,somaali,,,,,
8623,15241,تەپ,گرد,شوێن | نەخۆشی | سیفەت,ناو | ئاوەڵناو,,ناو › شوێن | زانستیی پزیشکی › نەخۆشی,,,LOW,"word carries several parts of speech (ناو / هاوەڵناو); a sense may only have one ; پۆل «سیفەت» is really the part of speech «هاوەڵناو» — routed nowhere, needs a decision",96560cf4-030d-4268-baea-87bb57cdf631,somaali,,,,,
8624,15241,تەپ,تەپۆلکە,شوێن | نەخۆشی | سیفەت,ناو | ئاوەڵناو,,ناو › شوێن | زانستیی پزیشکی › نەخۆشی,,,LOW,"word carries several parts of speech (ناو / هاوەڵناو); a sense may only have one ; پۆل «سیفەت» is really the part of speech «هاوەڵناو» — routed nowhere, needs a decision",96560cf4-030d-4268-baea-87bb57cdf631,somaali,,,,,
8625,15241,تەپ,کۆ,شوێن | نەخۆشی | سیفەت,ناو | ئاوەڵناو,,ناو › شوێن | زانستیی پزیشکی › نەخۆشی,,,LOW,"word carries several parts of speech (ناو / هاوەڵناو); a sense may only have one ; پۆل «سیفەت» is really the part of speech «هاوەڵناو» — routed nowhere, needs a decision",96560cf4-030d-4268-baea-87bb57cdf631,somaali,,,,,
8626,15241,تەپ,کۆما,شوێن | نەخۆشی | سیفەت,ناو | ئاوەڵناو,,ناو › شوێن | زانستیی پزیشکی › نەخۆشی,,,LOW,"word carries several parts of speech (ناو / هاوەڵناو); a sense may only have one ; پۆل «سیفەت» is really the part of speech «هاوەڵناو» — routed nowhere, needs a decision",96560cf4-030d-4268-baea-87bb57cdf631,somaali,,,,,
8627,15241,تەپ,کۆگا,شوێن | نەخۆشی | سیفەت,ناو | ئاوەڵناو,,ناو › شوێن | زانستیی پزیشکی › نەخۆشی,,,LOW,"word carries several parts of speech (ناو / هاوەڵناو); a sense may only have one ; پۆل «سیفەت» is really the part of speech «هاوەڵناو» — routed nowhere, needs a decision",96560cf4-030d-4268-baea-87bb57cdf631,somaali,,,,,
8628,15241,تەپ,سل,شوێن | نەخۆشی | سیفەت,ناو | ئاوەڵناو,,ناو › شوێن | زانستیی پزیشکی › نەخۆشی,,,LOW,"word carries several parts of speech (ناو / هاوەڵناو); a sense may only have one ; پۆل «سیفەت» is really the part of speech «هاوەڵناو» — routed nowhere, needs a decision",96560cf4-030d-4268-baea-87bb57cdf631,somaali,,,,,
8629,15241,تەپ,تەپۆڵەیەک گوی بنیادەم,شوێن | نەخۆشی | سیفەت,ناو | ئاوەڵناو,,ناو › شوێن | زانستیی پزیشکی › نەخۆشی,,,LOW,"word carries several parts of speech (ناو / هاوەڵناو); a sense may only have one ; پۆل «سیفەت» is really the part of speech «هاوەڵناو» — routed nowhere, needs a decision",96560cf4-030d-4268-baea-87bb57cdf631,somaali,,,,,
8630,15241,تەپ,هێرش,شوێن | نەخۆشی | سیفەت,ناو | ئاوەڵناو,,ناو › شوێن | زانستیی پزیشکی › نەخۆشی,,,LOW,"word carries several parts of speech (ناو / هاوەڵناو); a sense may only have one ; پۆل «سیفەت» is really the part of speech «هاوەڵناو» — routed nowhere, needs a decision",96560cf4-030d-4268-baea-87bb57cdf631,somaali,,,,,
8631,15241,تەپ,بێدەنگ وس لە ترسان,شوێن | نەخۆشی | سیفەت,ناو | ئاوەڵناو,,ناو › شوێن | زانستیی پزیشکی › نەخۆشی,,,LOW,"word carries several parts of speech (ناو / هاوەڵناو); a sense may only have one ; پۆل «سیفەت» is really the part of speech «هاوەڵناو» — routed nowhere, needs a decision",96560cf4-030d-4268-baea-87bb57cdf631,somaali,,,,,
8632,15241,تەپ,تۆز,شوێن | نەخۆشی | سیفەت,ناو | ئاوەڵناو,,ناو › شوێن | زانستیی پزیشکی › نەخۆشی,,,LOW,"word carries several parts of speech (ناو / هاوەڵناو); a sense may only have one ; پۆل «سیفەت» is really the part of speech «هاوەڵناو» — routed nowhere, needs a decision",96560cf4-030d-4268-baea-87bb57cdf631,somaali,,,,,
8633,15241,تەپ,مژ,شوێن | نەخۆشی | سیفەت,ناو | ئاوەڵناو,,ناو › شوێن | زانستیی پزیشکی › نەخۆشی,,,LOW,"word carries several parts of speech (ناو / هاوەڵناو); a sense may only have one ; پۆل «سیفەت» is really the part of speech «هاوەڵناو» — routed nowhere, needs a decision",96560cf4-030d-4268-baea-87bb57cdf631,somaali,,,,,
8644,15242,تەپ کردم,بێدەنگ بوون لە ترسان,ئەنجامدانی کارێک,کار,کار,,,,LOW,"پۆل «ئەنجامدانی کارێک» is really the part of speech «کار» — routed nowhere, needs a decision",96560cf4-030d-4268-baea-87bb57cdf631,somaali,,,,,
8646,15243,ساخی,بێ عەیبی,باروودۆخ,ناو,ناو,,ڕەگەز=بێلایەن,,HIGH,پۆل «باروودۆخ» has no home among the deck's ten (see unmapped.csv),28902dbf-4614-41c6-af7d-b36d8dc5fce6,parzhin,,,,,
8647,15244,سادار,دارێک کە سایەی هەیە,درەخت,ناو,ناو,,ڕەگەز=بێلایەن,,HIGH,پۆل «درەخت» has no home among the deck's ten (see unmapped.csv),28902dbf-4614-41c6-af7d-b36d8dc5fce6,parzhin,,,,,
8648,15244,سادار,دین،شێت،لیوە,درەخت,ناو,ناو,,ڕەگەز=بێلایەن,,HIGH,پۆل «درەخت» has no home among the deck's ten (see unmapped.csv),28902dbf-4614-41c6-af7d-b36d8dc5fce6,parzhin,,,,,
8649,15247,سادە,بێ نەخش و خەت،ساکار,باروودۆخ,ئاوەڵناو,هاوەڵناو,,ڕەگەز=بێلایەن,,HIGH,پۆل «باروودۆخ» has no home among the deck's ten (see unmapped.csv),28902dbf-4614-41c6-af7d-b36d8dc5fce6,parzhin,,,,,
8650,15247,سادە,دەمڕوت،لاوی موولە ڕوو نەهاتوو,باروودۆخ,ئاوەڵناو,هاوەڵناو,,ڕەگەز=بێلایەن,,HIGH,پۆل «باروودۆخ» has no home among the deck's ten (see unmapped.csv),28902dbf-4614-41c6-af7d-b36d8dc5fce6,parzhin,,,,,
8651,15251,سادەی,وشەی هانەدان,دەستەواژە,وردە وشە,,,ڕەگەز=بێلایەن,,LOW,جۆری وشە «وردە وشە» has no equivalent among the seven ; پۆل «دەستەواژە» has no home among the deck's ten (see unmapped.csv),28902dbf-4614-41c6-af7d-b36d8dc5fce6,parzhin,,,,,
8652,15252,سادەیی,بێ موی ،بێ توکی,سیفەت,ئاوەڵناو,هاوەڵناو,,ڕەگەز=دوولایەن,,LOW,"پۆل «سیفەت» is really the part of speech «هاوەڵناو» — routed nowhere, needs a decision",28902dbf-4614-41c6-af7d-b36d8dc5fce6,parzhin,,,,,
8655,15253,سار,بەرانبەری گەرم،چایگ,شوێن,,,ناو › شوێن,,,LOW,word has no جۆری وشە at all,28902dbf-4614-41c6-af7d-b36d8dc5fce6,parzhin,,,,,
8656,15253,سار,دابارینی بەرد:(سەنگەسار),شوێن,,,ناو › شوێن,,,LOW,word has no جۆری وشە at all,28902dbf-4614-41c6-af7d-b36d8dc5fce6,parzhin,,,,,
8657,15253,سار,جار ،شوێن،جێ,شوێن,,,ناو › شوێن,,,LOW,word has no جۆری وشە at all,28902dbf-4614-41c6-af7d-b36d8dc5fce6,parzhin,,,,,
8658,15254,سارا,"چۆڵ،بیابان:(بەجێ نایە دەبێ ڕووکەینە سارا/حەقی ئادابی مەجنوون لە شارا)""مەحووی""",شوێن,ناو,ناو,ناو › شوێن,ڕەگەز=بێلایەن,,HIGH,,28902dbf-4614-41c6-af7d-b36d8dc5fce6,parzhin,,,,,
8659,15256,سارد,چایگ،سار,سیفەت,ئاوەڵناو,هاوەڵناو,,ڕەگەز=بێلایەن,,LOW,"پۆل «سیفەت» is really the part of speech «هاوەڵناو» — routed nowhere, needs a decision",28902dbf-4614-41c6-af7d-b36d8dc5fce6,parzhin,,,,,
8660,15257,سارداو,ژێرخان,شوێن,ئاوەڵناو,هاوەڵناو,ناو › شوێن,ڕەگەز=بێلایەن,,HIGH,,28902dbf-4614-41c6-af7d-b36d8dc5fce6,parzhin,,,,,
8661,15257,سارداو,قوڵگەی زەمینی بۆ ئاو تێکردا ساردکردن بەکاردێت,شوێن,ئاوەڵناو,هاوەڵناو,ناو › شوێن,ڕەگەز=بێلایەن,,HIGH,,28902dbf-4614-41c6-af7d-b36d8dc5fce6,parzhin,,,,,
8662,15260,ساردبوون,لە گەرما ڕزگاربوون,دۆخی کەشوھەوا,کار,کار,,ڕەگەز=بێلایەن,,HIGH,پۆل «دۆخی کەشوھەوا» has no home among the deck's ten (see unmapped.csv),28902dbf-4614-41c6-af7d-b36d8dc5fce6,parzhin,,,,,
8663,15261,ساردبوونەوە,چایگ بوونی شتی داغ,گۆڕانی دۆخ,ئاوەڵناو,هاوەڵناو,,ڕەگەز=بێلایەن,,HIGH,پۆل «گۆڕانی دۆخ» has no home among the deck's ten (see unmapped.csv),28902dbf-4614-41c6-af7d-b36d8dc5fce6,parzhin,,,,,
8664,15261,ساردبوونەوە,نائومێدبوون لە کار,گۆڕانی دۆخ,ئاوەڵناو,هاوەڵناو,,ڕەگەز=بێلایەن,,HIGH,پۆل «گۆڕانی دۆخ» has no home among the deck's ten (see unmapped.csv),28902dbf-4614-41c6-af7d-b36d8dc5fce6,parzhin,,,,,
8665,15263,ساردکردنەوە،,ساردکردنەوەی شتی گەرم,گۆڕانی دۆخ,کار,کار,,,,HIGH,پۆل «گۆڕانی دۆخ» has no home among the deck's ten (see unmapped.csv),28902dbf-4614-41c6-af7d-b36d8dc5fce6,parzhin,,,,,
8666,15263,ساردکردنەوە،,کوشتن(بە گوللە ساردی کردەوە),گۆڕانی دۆخ,کار,کار,,,,HIGH,پۆل «گۆڕانی دۆخ» has no home among the deck's ten (see unmapped.csv),28902dbf-4614-41c6-af7d-b36d8dc5fce6,parzhin,,,,,
8667,15265,تەپار,ڕیخ و قوڕ کە دەمی خەڵێفە مێشی پێ سواغ دەدەن,کەرەستە,ناو,ناو,کولتووری › کەرەستە,,,HIGH,,96560cf4-030d-4268-baea-87bb57cdf631,somaali,,,,,
8669,15266,تەپارک,تەپار,کەرەستە,ناو,ناو,کولتووری › کەرەستە,,,HIGH,,96560cf4-030d-4268-baea-87bb57cdf631,somaali,,,,,
8671,15267,پاڵدان,شوێنی تەپاڵە لێ دانان,شوێن,چاوگ,چاوگ,ناو › شوێن,,,HIGH,,96560cf4-030d-4268-baea-87bb57cdf631,somaali,,,,,
8672,15267,پاڵدان,عەنباری تەپاڵە,شوێن,چاوگ,چاوگ,ناو › شوێن,,,HIGH,,96560cf4-030d-4268-baea-87bb57cdf631,somaali,,,,,
8674,15268,تەپاڵە,ڕیخی وشکەوە بوو,پاشماوەی گیانداران,ناو,ناو,,,,HIGH,پۆل «پاشماوەی گیانداران» has no home among the deck's ten (see unmapped.csv),96560cf4-030d-4268-baea-87bb57cdf631,somaali,,,,,
8675,15268,تەپاڵە,شیاکەی وشک,پاشماوەی گیانداران,ناو,ناو,,,,HIGH,پۆل «پاشماوەی گیانداران» has no home among the deck's ten (see unmapped.csv),96560cf4-030d-4268-baea-87bb57cdf631,somaali,,,,,
8677,15269,تەپاڵەپێژ,ژنێ کە تەپاڵە بە دەست ڕێک و پێک دەکا,کەس | مرۆڤ,ناو,ناو,ناو › کەس | کولتووری › مرۆڤ,ڕەگەز=مێ,,HIGH,,96560cf4-030d-4268-baea-87bb57cdf631,somaali,,,,,
8679,15270,تەپام,ژێدەرانە,کەرەستە,ناو,ناو,کولتووری › کەرەستە,,,HIGH,,96560cf4-030d-4268-baea-87bb57cdf631,somaali,,,,,
8680,15270,تەپام,پاژنەی دەرگا,کەرەستە,ناو,ناو,کولتووری › کەرەستە,,,HIGH,,96560cf4-030d-4268-baea-87bb57cdf631,somaali,,,,,
8681,15270,تەپام,داری جێگەی تەوەرە ئاش,کەرەستە,ناو,ناو,کولتووری › کەرەستە,,,HIGH,,96560cf4-030d-4268-baea-87bb57cdf631,somaali,,,,,
8682,15270,تەپام,تایڵای گەڵا کوتان,کەرەستە,ناو,ناو,کولتووری › کەرەستە,,,HIGH,,96560cf4-030d-4268-baea-87bb57cdf631,somaali,,,,,
8683,15270,تەپام,چەپەری پشتیوانەی دەرگا,کەرەستە,ناو,ناو,کولتووری › کەرەستە,,,HIGH,,96560cf4-030d-4268-baea-87bb57cdf631,somaali,,,,,
8684,15270,تەپام,بەردی قورسایی سەر دینگ,کەرەستە,ناو,ناو,کولتووری › کەرەستە,,,HIGH,,96560cf4-030d-4268-baea-87bb57cdf631,somaali,,,,,
8690,15271,تەپاندن,شێلان بە لاق یان بە هەرچی,ئەنجامدانی کارێک,چاوگ,چاوگ,,,,LOW,"پۆل «ئەنجامدانی کارێک» is really the part of speech «کار» — routed nowhere, needs a decision ; پۆل says «کار», جۆری وشە says «چاوگ» — they disagree",96560cf4-030d-4268-baea-87bb57cdf631,somaali,,,,,
8691,15271,تەپاندن,تواس کردن,ئەنجامدانی کارێک,چاوگ,چاوگ,,,,LOW,"پۆل «ئەنجامدانی کارێک» is really the part of speech «کار» — routed nowhere, needs a decision ; پۆل says «کار», جۆری وشە says «چاوگ» — they disagree",96560cf4-030d-4268-baea-87bb57cdf631,somaali,,,,,
8692,15271,تەپاندن,ئاخنین,ئەنجامدانی کارێک,چاوگ,چاوگ,,,,LOW,"پۆل «ئەنجامدانی کارێک» is really the part of speech «کار» — routed nowhere, needs a decision ; پۆل says «کار», جۆری وشە says «چاوگ» — they disagree",96560cf4-030d-4268-baea-87bb57cdf631,somaali,,,,,
8696,15272,تەپانن,تەپاندن,ئەنجامدانی کارێک,چاوگ,چاوگ,,,,LOW,"پۆل «ئەنجامدانی کارێک» is really the part of speech «کار» — routed nowhere, needs a decision ; پۆل says «کار», جۆری وشە says «چاوگ» — they disagree",96560cf4-030d-4268-baea-87bb57cdf631,somaali,,,,,
8698,15273,تەپانە,دەرپێی کورت,جلوبەرگ,ناو,ناو,,ڕەگەز=دوولایەن,,HIGH,پۆل «جلوبەرگ» has no home among the deck's ten (see unmapped.csv),96560cf4-030d-4268-baea-87bb57cdf631,somaali,,,,,
8699,15273,تەپانە,تنۆکە,جلوبەرگ,ناو,ناو,,ڕەگەز=دوولایەن,,HIGH,پۆل «جلوبەرگ» has no home among the deck's ten (see unmapped.csv),96560cf4-030d-4268-baea-87bb57cdf631,somaali,,,,,
8701,15274,تەپاو,شێلدراو بە لاق یا ...,سیفەت,ئاوەڵناو,هاوەڵناو,,,,LOW,"پۆل «سیفەت» is really the part of speech «هاوەڵناو» — routed nowhere, needs a decision",96560cf4-030d-4268-baea-87bb57cdf631,somaali,,,,,
8702,15274,تەپاو,رمیاو,سیفەت,ئاوەڵناو,هاوەڵناو,,,,LOW,"پۆل «سیفەت» is really the part of speech «هاوەڵناو» — routed nowhere, needs a decision",96560cf4-030d-4268-baea-87bb57cdf631,somaali,,,,,
8703,15274,تەپاو,خەریکی رمیان,سیفەت,ئاوەڵناو,هاوەڵناو,,,,LOW,"پۆل «سیفەت» is really the part of speech «هاوەڵناو» — routed nowhere, needs a decision",96560cf4-030d-4268-baea-87bb57cdf631,somaali,,,,,
8707,15275,تەپاوتل,بەم لاو بەولادا کەوتن,ئەنجامدانی کارێک,چاوگ,چاوگ,,,,LOW,"پۆل «ئەنجامدانی کارێک» is really the part of speech «کار» — routed nowhere, needs a decision ; پۆل says «کار», جۆری وشە says «چاوگ» — they disagree",96560cf4-030d-4268-baea-87bb57cdf631,somaali,,,,,
8709,15276,تەپتەپ,دەنگی تەپاندنەوە بە دەست یا بە قاچ,دەنگ,ناو,ناو,,,,HIGH,پۆل «دەنگ» has no home among the deck's ten (see unmapped.csv),96560cf4-030d-4268-baea-87bb57cdf631,somaali,,,,,
8711,15277,تەپتەپان,تەپ تەپ کردن,ئەنجامدانی کارێک,کار,کار,,,,LOW,"پۆل «ئەنجامدانی کارێک» is really the part of speech «کار» — routed nowhere, needs a decision",96560cf4-030d-4268-baea-87bb57cdf631,somaali,,,,,
8713,15278,تەپتەپە,دوچەرخەی بە ماتۆڕ,ئامێر,ناو,ناو,,,,HIGH,پۆل «ئامێر» has no home among the deck's ten (see unmapped.csv),96560cf4-030d-4268-baea-87bb57cdf631,somaali,,,,,
8715,15279,تەپ چێور,تەکمیش,ئەنجامدانی کارێک,کار,کار,,,,LOW,"پۆل «ئەنجامدانی کارێک» is really the part of speech «کار» — routed nowhere, needs a decision",96560cf4-030d-4268-baea-87bb57cdf631,somaali,,,,,
8716,15279,تەپ چێور,بن کۆڵ کردنی زرعات و دار,ئەنجامدانی کارێک,کار,کار,,,,LOW,"پۆل «ئەنجامدانی کارێک» is really the part of speech «کار» — routed nowhere, needs a decision",96560cf4-030d-4268-baea-87bb57cdf631,somaali,,,,,
8718,15280,تەپخ,داتەپیو,سیفەت,ئاوەڵناو,هاوەڵناو,,,,LOW,"پۆل «سیفەت» is really the part of speech «هاوەڵناو» — routed nowhere, needs a decision",96560cf4-030d-4268-baea-87bb57cdf631,somaali,,,,,
8719,15280,تەپخ,تەپاو,سیفەت,ئاوەڵناو,هاوەڵناو,,,,LOW,"پۆل «سیفەت» is really the part of speech «هاوەڵناو» — routed nowhere, needs a decision",96560cf4-030d-4268-baea-87bb57cdf631,somaali,,,,,
8721,15281,تەبخ بوون,داڕوخان,باروودۆخ,کار,کار,,,,HIGH,پۆل «باروودۆخ» has no home among the deck's ten (see unmapped.csv),96560cf4-030d-4268-baea-87bb57cdf631,somaali,,,,,
8722,15281,تەبخ بوون,داتەپین,باروودۆخ,کار,کار,,,,HIGH,پۆل «باروودۆخ» has no home among the deck's ten (see unmapped.csv),96560cf4-030d-4268-baea-87bb57cdf631,somaali,,,,,
8724,15282,تەپخ کردن,ڕوخاندن,ئەنجامدانی کارێک,کار,کار,,,,LOW,"پۆل «ئەنجامدانی کارێک» is really the part of speech «کار» — routed nowhere, needs a decision",96560cf4-030d-4268-baea-87bb57cdf631,somaali,,,,,
8725,15282,تەپخ کردن,رماندن,ئەنجامدانی کارێک,کار,کار,,,,LOW,"پۆل «ئەنجامدانی کارێک» is really the part of speech «کار» — routed nowhere, needs a decision",96560cf4-030d-4268-baea-87bb57cdf631,somaali,,,,,
8727,15283,تەپدان,بەسەریەکدا کۆمەڵ کردن,ئەنجامدانی کارێک,چاوگ,چاوگ,,,,LOW,"پۆل «ئەنجامدانی کارێک» is really the part of speech «کار» — routed nowhere, needs a decision ; پۆل says «کار», جۆری وشە says «چاوگ» — they disagree",96560cf4-030d-4268-baea-87bb57cdf631,somaali,,,,,
8728,15283,تەپدان,پەلاماردان,ئەنجامدانی کارێک,چاوگ,چاوگ,,,,LOW,"پۆل «ئەنجامدانی کارێک» is really the part of speech «کار» — routed nowhere, needs a decision ; پۆل says «کار», جۆری وشە says «چاوگ» — they disagree",96560cf4-030d-4268-baea-87bb57cdf631,somaali,,,,,
8731,15284,رازیانک,گژنیژە کێویلە,گژوگیا,,,,,,LOW,word has no جۆری وشە at all ; پۆل «گژوگیا» has no home among the deck's ten (see unmapped.csv),79dd71fd-aaa5-4f5a-9211-101eeda2d0b8,taraakoy,,,,,
8733,15285,رازیانە,گیایەکە بۆ دەرمان دەشێت,گژوگیا,ناو,ناو,,ڕەگەز=بێلایەن,,HIGH,پۆل «گژوگیا» has no home among the deck's ten (see unmapped.csv),79dd71fd-aaa5-4f5a-9211-101eeda2d0b8,taraakoy,,,,,
8735,15286,رازیاتەوە,رازانەوە,ئەنجامدانی کارێک,,,,,,LOW,"word has no جۆری وشە at all ; پۆل «ئەنجامدانی کارێک» is really the part of speech «کار» — routed nowhere, needs a decision",79dd71fd-aaa5-4f5a-9211-101eeda2d0b8,taraakoy,,,,,
8737,15287,رازین,رازان,باروودۆخ,,,,,,LOW,word has no جۆری وشە at all ; پۆل «باروودۆخ» has no home among the deck's ten (see unmapped.csv),79dd71fd-aaa5-4f5a-9211-101eeda2d0b8,taraakoy,,,,,
8740,15288,رازینەر,جوان کەر,ئەنجامدانی کارێک,ئاوەڵناو,هاوەڵناو,,ڕەگەز=دوولایەن,,LOW,"پۆل «ئەنجامدانی کارێک» is really the part of speech «کار» — routed nowhere, needs a decision ; پۆل says «کار», جۆری وشە says «هاوەڵناو» — they disagree",79dd71fd-aaa5-4f5a-9211-101eeda2d0b8,taraakoy,,,,,
8741,15288,رازینەر,وەرازێن,ئەنجامدانی کارێک,ئاوەڵناو,هاوەڵناو,,ڕەگەز=دوولایەن,,LOW,"پۆل «ئەنجامدانی کارێک» is really the part of speech «کار» — routed nowhere, needs a decision ; پۆل says «کار», جۆری وشە says «هاوەڵناو» — they disagree",79dd71fd-aaa5-4f5a-9211-101eeda2d0b8,taraakoy,,,,,
8743,15289,رازێنەرەوە,رازێنەر,ئەنجامدانی کارێک,ئاوەڵناو,هاوەڵناو,,ڕەگەز=دوولایەن,,LOW,"پۆل «ئەنجامدانی کارێک» is really the part of speech «کار» — routed nowhere, needs a decision ; پۆل says «کار», جۆری وشە says «هاوەڵناو» — they disagree",79dd71fd-aaa5-4f5a-9211-101eeda2d0b8,taraakoy,,,,,
8745,15290,رازێنەوە,رازێنەر,کەس,ناو,ناو,ناو › کەس,ڕەگەز=دوولایەن,,HIGH,,79dd71fd-aaa5-4f5a-9211-101eeda2d0b8,taraakoy,,,,,
8747,15291,راژ,کاریتە,کەرەستە,ناو,ناو,کولتووری › کەرەستە,ڕەگەز=بێلایەن,,HIGH,,79dd71fd-aaa5-4f5a-9211-101eeda2d0b8,taraakoy,,,,,
8748,15291,راژ,دیرەگ,کەرەستە,ناو,ناو,کولتووری › کەرەستە,ڕەگەز=بێلایەن,,HIGH,,79dd71fd-aaa5-4f5a-9211-101eeda2d0b8,taraakoy,,,,,
8751,15292,راژا,جوڵایەوە بۆ پێشەو دواوە,بارودۆخی جەستەیی,کار,کار,زانستیی پزیشکی › بارودۆخی جەستەیی,ڕەگەز=دوولایەن,,HIGH,,79dd71fd-aaa5-4f5a-9211-101eeda2d0b8,taraakoy,,,,,
8752,15292,راژا,خەوت,بارودۆخی جەستەیی,کار,کار,زانستیی پزیشکی › بارودۆخی جەستەیی,ڕەگەز=دوولایەن,,HIGH,,79dd71fd-aaa5-4f5a-9211-101eeda2d0b8,taraakoy,,,,,
8753,15292,راژا,پاڵ کەفت,بارودۆخی جەستەیی,کار,کار,زانستیی پزیشکی › بارودۆخی جەستەیی,ڕەگەز=دوولایەن,,HIGH,,79dd71fd-aaa5-4f5a-9211-101eeda2d0b8,taraakoy,,,,,
8757,15293,راژان,رازان,بارودۆخی جەستەیی,کار,کار,زانستیی پزیشکی › بارودۆخی جەستەیی,ڕەگەز=دوولایەن,,HIGH,,79dd71fd-aaa5-4f5a-9211-101eeda2d0b8,taraakoy,,,,,
8758,15293,راژان,هەژیان,بارودۆخی جەستەیی,کار,کار,زانستیی پزیشکی › بارودۆخی جەستەیی,ڕەگەز=دوولایەن,,HIGH,,79dd71fd-aaa5-4f5a-9211-101eeda2d0b8,taraakoy,,,,,
8759,15293,راژان,هەژان,بارودۆخی جەستەیی,کار,کار,زانستیی پزیشکی › بارودۆخی جەستەیی,ڕەگەز=دوولایەن,,HIGH,,79dd71fd-aaa5-4f5a-9211-101eeda2d0b8,taraakoy,,,,,
8760,15293,راژان,جوڵانەوە بۆ دواواو پێشەوە,بارودۆخی جەستەیی,کار,کار,زانستیی پزیشکی › بارودۆخی جەستەیی,ڕەگەز=دوولایەن,,HIGH,,79dd71fd-aaa5-4f5a-9211-101eeda2d0b8,taraakoy,,,,,
8761,15293,راژان,لەرینەوە,بارودۆخی جەستەیی,کار,کار,زانستیی پزیشکی › بارودۆخی جەستەیی,ڕەگەز=دوولایەن,,HIGH,,79dd71fd-aaa5-4f5a-9211-101eeda2d0b8,taraakoy,,,,,
8765,15294,راژاندن,بەرەو پێش و پاشەوە بزاوتن,بارودۆخی جەستەیی,کار,کار,زانستیی پزیشکی › بارودۆخی جەستەیی,ڕەگەز=دوولایەن,,HIGH,,79dd71fd-aaa5-4f5a-9211-101eeda2d0b8,taraakoy,,,,,
8766,15294,راژاندن,بزاوتن,بارودۆخی جەستەیی,کار,کار,زانستیی پزیشکی › بارودۆخی جەستەیی,ڕەگەز=دوولایەن,,HIGH,,79dd71fd-aaa5-4f5a-9211-101eeda2d0b8,taraakoy,,,,,
8767,15294,راژاندن,لەراندن,بارودۆخی جەستەیی,کار,کار,زانستیی پزیشکی › بارودۆخی جەستەیی,ڕەگەز=دوولایەن,,HIGH,,79dd71fd-aaa5-4f5a-9211-101eeda2d0b8,taraakoy,,,,,
8768,15294,راژاندن,تکان دادن گهوارە مثلا,بارودۆخی جەستەیی,کار,کار,زانستیی پزیشکی › بارودۆخی جەستەیی,ڕەگەز=دوولایەن,,HIGH,,79dd71fd-aaa5-4f5a-9211-101eeda2d0b8,taraakoy,,,,,
8769,15295,راژاندنەوە,لەرانەوە بەرەو دولا,بارودۆخی جەستەیی,کار,کار,زانستیی پزیشکی › بارودۆخی جەستەیی,ڕەگەز=دوولایەن,,HIGH,,79dd71fd-aaa5-4f5a-9211-101eeda2d0b8,taraakoy,,,,,
8771,15296,راژانن,راژاندن,ئەنجامدانی کارێک,کار,کار,,ڕەگەز=بێلایەن,,LOW,"پۆل «ئەنجامدانی کارێک» is really the part of speech «کار» — routed nowhere, needs a decision",79dd71fd-aaa5-4f5a-9211-101eeda2d0b8,taraakoy,,,,,
8774,15297,راژانە,رازیانە,گوند,ناو,ناو,,ڕەگەز=بێلایەن,,HIGH,پۆل «گوند» has no home among the deck's ten (see unmapped.csv),79dd71fd-aaa5-4f5a-9211-101eeda2d0b8,taraakoy,,,,,
8775,15297,راژانە,ناوی گوندێکە,گوند,ناو,ناو,,ڕەگەز=بێلایەن,,HIGH,پۆل «گوند» has no home among the deck's ten (see unmapped.csv),79dd71fd-aaa5-4f5a-9211-101eeda2d0b8,taraakoy,,,,,
8778,15298,راژانەوە,راژاندنەوە,ئەنجامدانی کارێک,کار,کار,,ڕەگەز=دوولایەن,,LOW,"پۆل «ئەنجامدانی کارێک» is really the part of speech «کار» — routed nowhere, needs a decision",79dd71fd-aaa5-4f5a-9211-101eeda2d0b8,taraakoy,,,,,
8780,15299,راژۆر,لای بەرز لە کۆردا,کەس,ناو,ناو,ناو › کەس,ڕەگەز=دوولایەن,,HIGH,,79dd71fd-aaa5-4f5a-9211-101eeda2d0b8,taraakoy,,,,,
8781,15299,راژۆر,دەسەڵات دار,کەس,ناو,ناو,ناو › کەس,ڕەگەز=دوولایەن,,HIGH,,79dd71fd-aaa5-4f5a-9211-101eeda2d0b8,taraakoy,,,,,
8784,15300,عەبا,جل و پۆشاکی فش و فۆڵەپیاوماقول بەخۆی دادەدەن .,جلوبەرگ,ناو,ناو,,,,HIGH,پۆل «جلوبەرگ» has no home among the deck's ten (see unmapped.csv),432b11b0-059a-4486-9981-ae6a7fe0f1c4,sakar,,,,,
8785,15300,عەبا,چاوشیوی ژنان,جلوبەرگ,ناو,ناو,,,,HIGH,پۆل «جلوبەرگ» has no home among the deck's ten (see unmapped.csv),432b11b0-059a-4486-9981-ae6a7fe0f1c4,sakar,,,,,
8788,15301,عابی,ڕەنگی ئاسمان,دۆخی کەشوھەوا,ئاوەڵناو,هاوەڵناو,,,,HIGH,پۆل «دۆخی کەشوھەوا» has no home among the deck's ten (see unmapped.csv),432b11b0-059a-4486-9981-ae6a7fe0f1c4,sakar,,,,,
8790,15302,عاج,ئێسکی ددانی فیل,ئاژەڵ,ناو,ناو,زیندەوەرزانی › ئاژەڵ,,,HIGH,,432b11b0-059a-4486-9981-ae6a7fe0f1c4,sakar,,,,,
8792,15303,عاجیاتی,سەیرو سەمەرە,سیفەت,ئاوەڵناو,هاوەڵناو,,,,LOW,"پۆل «سیفەت» is really the part of speech «هاوەڵناو» — routed nowhere, needs a decision",432b11b0-059a-4486-9981-ae6a7fe0f1c4,sakar,,,,,
8794,15304,عاجز,خەمگین,سیفەت,ئاوەڵناو,هاوەڵناو,,ڕەگەز=دوولایەن,,LOW,"پۆل «سیفەت» is really the part of speech «هاوەڵناو» — routed nowhere, needs a decision",432b11b0-059a-4486-9981-ae6a7fe0f1c4,sakar,,,,,
8795,15304,عاجز,توڕەو قەڵس,سیفەت,ئاوەڵناو,هاوەڵناو,,ڕەگەز=دوولایەن,,LOW,"پۆل «سیفەت» is really the part of speech «هاوەڵناو» — routed nowhere, needs a decision",432b11b0-059a-4486-9981-ae6a7fe0f1c4,sakar,,,,,
8796,15304,عاجز,بێ دەستەڵات,سیفەت,ئاوەڵناو,هاوەڵناو,,ڕەگەز=دوولایەن,,LOW,"پۆل «سیفەت» is really the part of speech «هاوەڵناو» — routed nowhere, needs a decision",432b11b0-059a-4486-9981-ae6a7fe0f1c4,sakar,,,,,
8800,15305,عا,وشەی دەنگ دانی مێگەل,ئاژەڵ,,,زیندەوەرزانی › ئاژەڵ,,,LOW,word has no جۆری وشە at all,432b11b0-059a-4486-9981-ae6a7fe0f1c4,sakar,,,,,
8801,15305,عا,بەشێوەی مناڵانە,ئاژەڵ,,,زیندەوەرزانی › ئاژەڵ,,,LOW,word has no جۆری وشە at all,432b11b0-059a-4486-9981-ae6a7fe0f1c4,sakar,,,,,
8804,15306,عاجوج,ئاجوج,,ناو,ناو,,,,HIGH,,432b11b0-059a-4486-9981-ae6a7fe0f1c4,sakar,,,,,
8806,15307,تەپڕەش,فێڵباز,سیفەت,ئاوەڵناو,هاوەڵناو,,ڕەگەز=دوولایەن,,LOW,"پۆل «سیفەت» is really the part of speech «هاوەڵناو» — routed nowhere, needs a decision",96560cf4-030d-4268-baea-87bb57cdf631,somaali,,,,,
8807,15307,تەپڕەش,گەڕباز,سیفەت,ئاوەڵناو,هاوەڵناو,,ڕەگەز=دوولایەن,,LOW,"پۆل «سیفەت» is really the part of speech «هاوەڵناو» — routed nowhere, needs a decision",96560cf4-030d-4268-baea-87bb57cdf631,somaali,,,,,
8808,15307,تەپڕەش,حیلەباز,سیفەت,ئاوەڵناو,هاوەڵناو,,ڕەگەز=دوولایەن,,LOW,"پۆل «سیفەت» is really the part of speech «هاوەڵناو» — routed nowhere, needs a decision",96560cf4-030d-4268-baea-87bb57cdf631,somaali,,,,,
8810,15308,عاجی,حاجی,ئاژەڵ,ناو,ناو,زیندەوەرزانی › ئاژەڵ,ڕەگەز=دوولایەن,,HIGH,,432b11b0-059a-4486-9981-ae6a7fe0f1c4,sakar,,,,,
8811,15308,عاجی,لەئێسکی ددانی فیل چی بویی,ئاژەڵ,ناو,ناو,زیندەوەرزانی › ئاژەڵ,ڕەگەز=دوولایەن,,HIGH,,432b11b0-059a-4486-9981-ae6a7fe0f1c4,sakar,,,,,
8814,15309,تەپس,شێلان بەپێ,ئەنجامدانی کارێک | باروودۆخ,کار,کار,,,,LOW,"پۆل «ئەنجامدانی کارێک» is really the part of speech «کار» — routed nowhere, needs a decision ; پۆل «باروودۆخ» has no home among the deck's ten (see unmapped.csv)",96560cf4-030d-4268-baea-87bb57cdf631,somaali,,,,,
8815,15309,تەپس,تەپین و داکەوتنی دیوار,ئەنجامدانی کارێک | باروودۆخ,کار,کار,,,,LOW,"پۆل «ئەنجامدانی کارێک» is really the part of speech «کار» — routed nowhere, needs a decision ; پۆل «باروودۆخ» has no home among the deck's ten (see unmapped.csv)",96560cf4-030d-4268-baea-87bb57cdf631,somaali,,,,,
8818,15310,تەپسە,داتەپین,ڕوودانی کار,کار,کار,,,,HIGH,پۆل «ڕوودانی کار» has no home among the deck's ten (see unmapped.csv),96560cf4-030d-4268-baea-87bb57cdf631,somaali,,,,,
8819,15310,تەپسە,ڕوخان,ڕوودانی کار,کار,کار,,,,HIGH,پۆل «ڕوودانی کار» has no home among the deck's ten (see unmapped.csv),96560cf4-030d-4268-baea-87bb57cdf631,somaali,,,,,
8821,15311,عادل,مروی دەستەڵات داری بئ زوڵم,پلەو پایە,ناو,ناو,,ڕەگەز=نێر,,HIGH,پۆل «پلەو پایە» has no home among the deck's ten (see unmapped.csv),432b11b0-059a-4486-9981-ae6a7fe0f1c4,sakar,,,,,
8823,15312,تەپسی,دەفری پان و گوشاد بۆ چێشت تێکردن,کەرەستە,ناو,ناو,کولتووری › کەرەستە,,,HIGH,,96560cf4-030d-4268-baea-87bb57cdf631,somaali,,,,,
8825,15313,عادەت,ڕەوشت ، خوو,سیفەت,ئاوەڵناو,هاوەڵناو,,ڕەگەز=دوولایەن,,LOW,"پۆل «سیفەت» is really the part of speech «هاوەڵناو» — routed nowhere, needs a decision",432b11b0-059a-4486-9981-ae6a7fe0f1c4,sakar,,,,,
8827,15314,تەپش,داتەپان,ڕوودانی کار,کار,کار,,,,HIGH,پۆل «ڕوودانی کار» has no home among the deck's ten (see unmapped.csv),96560cf4-030d-4268-baea-87bb57cdf631,somaali,,,,,
8828,15314,تەپش,تەپان,ڕوودانی کار,کار,کار,,,,HIGH,پۆل «ڕوودانی کار» has no home among the deck's ten (see unmapped.csv),96560cf4-030d-4268-baea-87bb57cdf631,somaali,,,,,
8830,15315,عادەت ژنانە,بێ نوێژی ژن ، خوێنی مانگانەنەی ژن .,بارودۆخی جەستەیی,ناو,ناو,زانستیی پزیشکی › بارودۆخی جەستەیی,ڕەگەز=مێ,,HIGH,,432b11b0-059a-4486-9981-ae6a7fe0f1c4,sakar,,,,,
8832,15316,تەپشت,کۆششت,ئەنجامدانی کارێک,ناو | چاوگ,,,,,LOW,"word carries several parts of speech (ناو / چاوگ); a sense may only have one ; پۆل «ئەنجامدانی کارێک» is really the part of speech «کار» — routed nowhere, needs a decision",96560cf4-030d-4268-baea-87bb57cdf631,somaali,,,,,
8833,15316,تەپشت,تەقالا,ئەنجامدانی کارێک,ناو | چاوگ,,,,,LOW,"word carries several parts of speech (ناو / چاوگ); a sense may only have one ; پۆل «ئەنجامدانی کارێک» is really the part of speech «کار» — routed nowhere, needs a decision",96560cf4-030d-4268-baea-87bb57cdf631,somaali,,,,,
8835,15317,تەپشو,تەشوێ,کەرەستە,ناو,ناو,کولتووری › کەرەستە,,,HIGH,,96560cf4-030d-4268-baea-87bb57cdf631,somaali,,,,,
8837,15318,تەپشوێ,تەشوێ,کەرەستە,ناو,ناو,کولتووری › کەرەستە,,,HIGH,,96560cf4-030d-4268-baea-87bb57cdf631,somaali,,,,,
8839,15319,تەپک,دەوە,شوێن | کەرەستە | پاشماوەی گیانداران,ناو,ناو,ناو › شوێن | کولتووری › کەرەستە,,,HIGH,پۆل «پاشماوەی گیانداران» has no home among the deck's ten (see unmapped.csv),96560cf4-030d-4268-baea-87bb57cdf631,somaali,,,,,
8840,15319,تەپک,تەپاڵەی ژن شێلاویەتی,شوێن | کەرەستە | پاشماوەی گیانداران,ناو,ناو,ناو › شوێن | کولتووری › کەرەستە,,,HIGH,پۆل «پاشماوەی گیانداران» has no home among the deck's ten (see unmapped.csv),96560cf4-030d-4268-baea-87bb57cdf631,somaali,,,,,
8841,15319,تەپک,جۆرێ داوی ڕاو,شوێن | کەرەستە | پاشماوەی گیانداران,ناو,ناو,ناو › شوێن | کولتووری › کەرەستە,,,HIGH,پۆل «پاشماوەی گیانداران» has no home among the deck's ten (see unmapped.csv),96560cf4-030d-4268-baea-87bb57cdf631,somaali,,,,,
8842,15319,تەپک,جۆرێ تەڵە,شوێن | کەرەستە | پاشماوەی گیانداران,ناو,ناو,ناو › شوێن | کولتووری › کەرەستە,,,HIGH,پۆل «پاشماوەی گیانداران» has no home among the deck's ten (see unmapped.csv),96560cf4-030d-4268-baea-87bb57cdf631,somaali,,,,,
8843,15319,تەپک,گردولکە,شوێن | کەرەستە | پاشماوەی گیانداران,ناو,ناو,ناو › شوێن | کولتووری › کەرەستە,,,HIGH,پۆل «پاشماوەی گیانداران» has no home among the deck's ten (see unmapped.csv),96560cf4-030d-4268-baea-87bb57cdf631,somaali,,,,,
8848,15320,تەپکە,داوی لە تەختە کوتراو بۆ ڕاوی مەل,کەرەستە | پاشماوەی گیانداران,ناو,ناو,کولتووری › کەرەستە,,,HIGH,پۆل «پاشماوەی گیانداران» has no home among the deck's ten (see unmapped.csv),96560cf4-030d-4268-baea-87bb57cdf631,somaali,,,,,
8849,15320,تەپکە,تەڵە لە دوو داری سەر قوڵکە بۆ ڕاوی کەروێشک,کەرەستە | پاشماوەی گیانداران,ناو,ناو,کولتووری › کەرەستە,,,HIGH,پۆل «پاشماوەی گیانداران» has no home among the deck's ten (see unmapped.csv),96560cf4-030d-4268-baea-87bb57cdf631,somaali,,,,,
8850,15320,تەپکە,دەوە,کەرەستە | پاشماوەی گیانداران,ناو,ناو,کولتووری › کەرەستە,,,HIGH,پۆل «پاشماوەی گیانداران» has no home among the deck's ten (see unmapped.csv),96560cf4-030d-4268-baea-87bb57cdf631,somaali,,,,,
8851,15320,تەپکە,تەپالە,کەرەستە | پاشماوەی گیانداران,ناو,ناو,کولتووری › کەرەستە,,,HIGH,پۆل «پاشماوەی گیانداران» has no home among the deck's ten (see unmapped.csv),96560cf4-030d-4268-baea-87bb57cdf631,somaali,,,,,
8852,15320,تەپکە,پنجە گیا,کەرەستە | پاشماوەی گیانداران,ناو,ناو,کولتووری › کەرەستە,,,HIGH,پۆل «پاشماوەی گیانداران» has no home among the deck's ten (see unmapped.csv),96560cf4-030d-4268-baea-87bb57cdf631,somaali,,,,,
8853,15320,تەپکە,بنە گیا,کەرەستە | پاشماوەی گیانداران,ناو,ناو,کولتووری › کەرەستە,,,HIGH,پۆل «پاشماوەی گیانداران» has no home among the deck's ten (see unmapped.csv),96560cf4-030d-4268-baea-87bb57cdf631,somaali,,,,,
8858,15321,عادەت کردن,خوگرتن،کردنە ئاکار,سیفەت,ئاوەڵناو,هاوەڵناو,,ڕەگەز=دوولایەن,,LOW,"پۆل «سیفەت» is really the part of speech «هاوەڵناو» — routed nowhere, needs a decision",432b11b0-059a-4486-9981-ae6a7fe0f1c4,sakar,,,,,
8860,15322,عادەت گرتن,عادەت کردن,سیفەت,ئاوەڵناو,هاوەڵناو,,,,LOW,"پۆل «سیفەت» is really the part of speech «هاوەڵناو» — routed nowhere, needs a decision",432b11b0-059a-4486-9981-ae6a7fe0f1c4,sakar,,,,,
8862,15323,عادی,ئاسایی، شتێک کە لەلای کۆمەڵ باوەو ناسراوە .,سیفەت,ئاوەڵناو,هاوەڵناو,,,,LOW,"پۆل «سیفەت» is really the part of speech «هاوەڵناو» — routed nowhere, needs a decision",432b11b0-059a-4486-9981-ae6a7fe0f1c4,sakar,,,,,
8864,15324,عادی,ناوی پیاوانە,مرۆڤ,ناو,ناو,کولتووری › مرۆڤ,ڕەگەز=نێر,,HIGH,,432b11b0-059a-4486-9981-ae6a7fe0f1c4,sakar,,,,,
8866,15325,عار,شەرم، شورەیی، دەگەڵ ( عەیب و عار),سیفەت,ئاوەڵناو,هاوەڵناو,,,,LOW,"پۆل «سیفەت» is really the part of speech «هاوەڵناو» — routed nowhere, needs a decision",432b11b0-059a-4486-9981-ae6a7fe0f1c4,sakar,,,,,
8867,15325,عار,بریتییەلە ناوگەڵ ( عەیب و عارت داپۆشە),سیفەت,ئاوەڵناو,هاوەڵناو,,,,LOW,"پۆل «سیفەت» is really the part of speech «هاوەڵناو» — routed nowhere, needs a decision",432b11b0-059a-4486-9981-ae6a7fe0f1c4,sakar,,,,,
8870,15326,عارف,ناوی پیاوانە,مرۆڤ,ناو,ناو,کولتووری › مرۆڤ,ڕەگەز=نێر,,HIGH,,432b11b0-059a-4486-9981-ae6a7fe0f1c4,sakar,,,,,
8872,15327,راژە,دیرەک,,,,,ڕەگەز=بێلایەن,,LOW,word has no جۆری وشە at all,79dd71fd-aaa5-4f5a-9211-101eeda2d0b8,taraakoy,,,,,
8873,15327,راژە,کاریتە,,,,,ڕەگەز=بێلایەن,,LOW,word has no جۆری وشە at all,79dd71fd-aaa5-4f5a-9211-101eeda2d0b8,taraakoy,,,,,
8874,15327,راژە,ئاڵوداری میچ,,,,,ڕەگەز=بێلایەن,,LOW,word has no جۆری وشە at all,79dd71fd-aaa5-4f5a-9211-101eeda2d0b8,taraakoy,,,,,
8875,15327,راژە,راوە,,,,,ڕەگەز=بێلایەن,,LOW,word has no جۆری وشە at all,79dd71fd-aaa5-4f5a-9211-101eeda2d0b8,taraakoy,,,,,
8876,15327,راژە,مانالێدانەوە,,,,,ڕەگەز=بێلایەن,,LOW,word has no جۆری وشە at all,79dd71fd-aaa5-4f5a-9211-101eeda2d0b8,taraakoy,,,,,
8877,15327,راژە,واتەکردن,,,,,ڕەگەز=بێلایەن,,LOW,word has no جۆری وشە at all,79dd71fd-aaa5-4f5a-9211-101eeda2d0b8,taraakoy,,,,,
8878,15327,راژە,کاربۆکردن,,,,,ڕەگەز=بێلایەن,,LOW,word has no جۆری وشە at all,79dd71fd-aaa5-4f5a-9211-101eeda2d0b8,taraakoy,,,,,
8879,15327,راژە,خزمەت,,,,,ڕەگەز=بێلایەن,,LOW,word has no جۆری وشە at all,79dd71fd-aaa5-4f5a-9211-101eeda2d0b8,taraakoy,,,,,
8884,15328,راژەندن,راژاندن,بارودۆخی جەستەیی,,,زانستیی پزیشکی › بارودۆخی جەستەیی,ڕەگەز=دوولایەن,,LOW,word has no جۆری وشە at all,79dd71fd-aaa5-4f5a-9211-101eeda2d0b8,taraakoy,,,,,
8887,15329,راژەنین,راژاندن,ئەنجامدانی کارێک,کار,کار,,ڕەگەز=دوولایەن,,LOW,"پۆل «ئەنجامدانی کارێک» is really the part of speech «کار» — routed nowhere, needs a decision",79dd71fd-aaa5-4f5a-9211-101eeda2d0b8,taraakoy,,,,,
8890,15330,عارنان,تەمێ بوون، ( چەندی لێ دەدەن عارنانی ),سیفەت,ئاوەڵناو,هاوەڵناو,,ڕەگەز=دوولایەن,,LOW,"پۆل «سیفەت» is really the part of speech «هاوەڵناو» — routed nowhere, needs a decision",432b11b0-059a-4486-9981-ae6a7fe0f1c4,sakar,,,,,
8892,15331,راژێر,رایەخ,کەرەستە,,,کولتووری › کەرەستە,ڕەگەز=بێلایەن,,LOW,word has no جۆری وشە at all,79dd71fd-aaa5-4f5a-9211-101eeda2d0b8,taraakoy,,,,,
8893,15331,راژێر,ئەو شتی لەسەر زەوین پان ئەکرێتەوە,کەرەستە,,,کولتووری › کەرەستە,ڕەگەز=بێلایەن,,LOW,word has no جۆری وشە at all,79dd71fd-aaa5-4f5a-9211-101eeda2d0b8,taraakoy,,,,,
8894,15331,راژێر,باشور,کەرەستە,,,کولتووری › کەرەستە,ڕەگەز=بێلایەن,,LOW,word has no جۆری وشە at all,79dd71fd-aaa5-4f5a-9211-101eeda2d0b8,taraakoy,,,,,
8895,15331,راژێر,ژێردەست,کەرەستە,,,کولتووری › کەرەستە,ڕەگەز=بێلایەن,,LOW,word has no جۆری وشە at all,79dd71fd-aaa5-4f5a-9211-101eeda2d0b8,taraakoy,,,,,
8899,15332,عارەب,حارەب،نەتەوەیەکی زۆر زل و لە ئاسیادا ، عەرەب,نەتەوە,ناو,ناو,,,,HIGH,پۆل «نەتەوە» has no home among the deck's ten (see unmapped.csv),432b11b0-059a-4486-9981-ae6a7fe0f1c4,sakar,,,,,
8901,15333,راژێن,کەسێک کە راژاندن کاریەتی,کەس,کار,کار,ناو › کەس,ڕەگەز=دوولایەن,,HIGH,,79dd71fd-aaa5-4f5a-9211-101eeda2d0b8,taraakoy,,,,,
8904,15334,عارەبانە,هەرچی لەسەر پێچک بڕوا,کەرەستە,ناو,ناو,کولتووری › کەرەستە,,,HIGH,,432b11b0-059a-4486-9981-ae6a7fe0f1c4,sakar,,,,,
8905,15334,عارەبانە,دەفە,کەرەستە,ناو,ناو,کولتووری › کەرەستە,,,HIGH,,432b11b0-059a-4486-9981-ae6a7fe0f1c4,sakar,,,,,
8908,15335,راس,دژی خوار,سیفەت,ناو,ناو,,ڕەگەز=دوولایەن,,LOW,"پۆل «سیفەت» is really the part of speech «هاوەڵناو» — routed nowhere, needs a decision ; پۆل says «هاوەڵناو», جۆری وشە says «ناو» — they disagree",79dd71fd-aaa5-4f5a-9211-101eeda2d0b8,taraakoy,,,,,
8910,15335,راس,رەوا,سیفەت,ناو,ناو,,ڕەگەز=دوولایەن,,LOW,"پۆل «سیفەت» is really the part of speech «هاوەڵناو» — routed nowhere, needs a decision ; پۆل says «هاوەڵناو», جۆری وشە says «ناو» — they disagree",79dd71fd-aaa5-4f5a-9211-101eeda2d0b8,taraakoy,,,,,
8911,15335,راس,رێگەی بێ پێچ,سیفەت,ناو,ناو,,ڕەگەز=دوولایەن,,LOW,"پۆل «سیفەت» is really the part of speech «هاوەڵناو» — routed nowhere, needs a decision ; پۆل says «هاوەڵناو», جۆری وشە says «ناو» — they disagree",79dd71fd-aaa5-4f5a-9211-101eeda2d0b8,taraakoy,,,,,
8912,15335,راس,زەوی تەخت,سیفەت,ناو,ناو,,ڕەگەز=دوولایەن,,LOW,"پۆل «سیفەت» is really the part of speech «هاوەڵناو» — routed nowhere, needs a decision ; پۆل says «هاوەڵناو», جۆری وشە says «ناو» — they disagree",79dd71fd-aaa5-4f5a-9211-101eeda2d0b8,taraakoy,,,,,
8913,15335,راس,بەرانبەری چەپ,سیفەت,ناو,ناو,,ڕەگەز=دوولایەن,,LOW,"پۆل «سیفەت» is really the part of speech «هاوەڵناو» — routed nowhere, needs a decision ; پۆل says «هاوەڵناو», جۆری وشە says «ناو» — they disagree",79dd71fd-aaa5-4f5a-9211-101eeda2d0b8,taraakoy,,,,,
8920,15336,عارەب کەندی,گوندێکە لە کوردستان بەعسی وێران کرد .,گوند,ناو,ناو,,,,HIGH,پۆل «گوند» has no home among the deck's ten (see unmapped.csv),432b11b0-059a-4486-9981-ae6a7fe0f1c4,sakar,,,,,
8922,15337,راسا,شوێنی تەخت,چەمک,,,,ڕەگەز=بێلایەن,,LOW,word has no جۆری وشە at all ; پۆل «چەمک» has no home among the deck's ten (see unmapped.csv),79dd71fd-aaa5-4f5a-9211-101eeda2d0b8,taraakoy,,,,,
8923,15337,راسا,خەتی راست و بێ پێچ و لاری,چەمک,,,,ڕەگەز=بێلایەن,,LOW,word has no جۆری وشە at all ; پۆل «چەمک» has no home among the deck's ten (see unmapped.csv),79dd71fd-aaa5-4f5a-9211-101eeda2d0b8,taraakoy,,,,,
8924,15337,راسا,بە دەست گەفی کرد,چەمک,,,,ڕەگەز=بێلایەن,,LOW,word has no جۆری وشە at all ; پۆل «چەمک» has no home among the deck's ten (see unmapped.csv),79dd71fd-aaa5-4f5a-9211-101eeda2d0b8,taraakoy,,,,,
8929,15338,ئازوبەزە,ئۆباڵ، تاوان، گوناح,باروودۆخ,ئاوەڵناو,هاوەڵناو,,,,HIGH,پۆل «باروودۆخ» has no home among the deck's ten (see unmapped.csv),f65f7d2f-996a-4df7-a10e-c6e846940032,ahmadaziz,,,,,
8931,15339,عارەبە,ئامڕازیشت گوێستەنەوەکە پێچکدارەو گاو کەڵ دەیکێشن,ئامراز | گوند,ناو,ناو,کولتووری › ئامراز,,,HIGH,پۆل «گوند» has no home among the deck's ten (see unmapped.csv),432b11b0-059a-4486-9981-ae6a7fe0f1c4,sakar,,,,,
8932,15339,عارەبە,گوندێکە لە کوردستان بەعسی کاولی کرد,ئامراز | گوند,ناو,ناو,کولتووری › ئامراز,,,HIGH,پۆل «گوند» has no home among the deck's ten (see unmapped.csv),432b11b0-059a-4486-9981-ae6a7fe0f1c4,sakar,,,,,
8935,15340,ئازوخە,بژێوی پێداویستی لە ماڵدا، تفاق,خواردن | خواردنەوە,ناو,ناو,کولتووری › خواردن,ڕەگەز=بێلایەن,,HIGH,پۆل «خواردنەوە» has no home among the deck's ten (see unmapped.csv),f65f7d2f-996a-4df7-a10e-c6e846940032,ahmadaziz,,,,,
8937,15341,راسان,دەست بەرز کردنەوە بۆ هەڕەشە,بارودۆخی جەستەیی,,,زانستیی پزیشکی › بارودۆخی جەستەیی,ڕەگەز=دوولایەن,,LOW,word has no جۆری وشە at all,79dd71fd-aaa5-4f5a-9211-101eeda2d0b8,taraakoy,,,,,
8941,15342,ئازە,جحێڵی بێ ژن یان بێ مێرد,کەس,ناو,ناو,ناو › کەس,ڕەگەز=دوولایەن,,HIGH,,f65f7d2f-996a-4df7-a10e-c6e846940032,ahmadaziz,,,,,
8942,15343,راسایی,تەختایی زەمین,شوێن,ناو,ناو,ناو › شوێن,ڕەگەز=بێلایەن,,HIGH,,79dd71fd-aaa5-4f5a-9211-101eeda2d0b8,taraakoy,,,,,
8944,15344,ئازوقە,ئازوخە,خواردن | خواردنەوە | دانەوێڵە,ناو,ناو,کولتووری › خواردن,ڕەگەز=بێلایەن,,HIGH,پۆل «خواردنەوە» has no home among the deck's ten (see unmapped.csv) ; پۆل «دانەوێڵە» has no home among the deck's ten (see unmapped.csv),f65f7d2f-996a-4df7-a10e-c6e846940032,ahmadaziz,,,,,
8945,15345,عارەفە,ڕۆژی بەر لە جەژن .,بۆنە,ناو,ناو,,,,HIGH,پۆل «بۆنە» has no home among the deck's ten (see unmapped.csv),432b11b0-059a-4486-9981-ae6a7fe0f1c4,sakar,,,,,
8947,15346,ئازوخەداخستن,بژێوی زستانە دابین کردن، تفاق کۆم کردن,خواردن | دانەوێڵە,چاوگ,چاوگ,کولتووری › خواردن,,,HIGH,پۆل «دانەوێڵە» has no home among the deck's ten (see unmapped.csv),f65f7d2f-996a-4df7-a10e-c6e846940032,ahmadaziz,,,,,
8949,15347,ئازەبەت,زیپکەی دەم و چاوی تازە لاوان، عازەوی، عازەبی,بارودۆخی جەستەیی,ناو,ناو,زانستیی پزیشکی › بارودۆخی جەستەیی,ڕەگەز=بێلایەن,,HIGH,,f65f7d2f-996a-4df7-a10e-c6e846940032,ahmadaziz,,,,,
8951,15348,ئازەب,کۆیلەی بە دراو کڕدراو، بەندەی زەرخری,کەس,ناو,ناو,ناو › کەس,ڕەگەز=دوولایەن,,HIGH,,f65f7d2f-996a-4df7-a10e-c6e846940032,ahmadaziz,,,,,
8952,15349,تەپڵ,دەهۆڵی لەشکر,ئامێر | ئەندامی جەستە,ناو,ناو,زانستیی پزیشکی › ئەندامی جەستە,,,HIGH,پۆل «ئامێر» has no home among the deck's ten (see unmapped.csv),96560cf4-030d-4268-baea-87bb57cdf631,somaali,,,,,
8953,15349,تەپڵ,بانی سەر,ئامێر | ئەندامی جەستە,ناو,ناو,زانستیی پزیشکی › ئەندامی جەستە,,,HIGH,پۆل «ئامێر» has no home among the deck's ten (see unmapped.csv),96560cf4-030d-4268-baea-87bb57cdf631,somaali,,,,,
8956,15350,عارەق,خوو،خودان، ئارەقی لەش .,بارودۆخی جەستەیی,ناو,ناو,زانستیی پزیشکی › بارودۆخی جەستەیی,ڕەگەز=دوولایەن,,HIGH,,432b11b0-059a-4486-9981-ae6a7fe0f1c4,sakar,,,,,
8957,15350,عارەق,هەر تراوێکی کرابێتە بوخ و بوبێتەوە ئاو .,بارودۆخی جەستەیی,ناو,ناو,زانستیی پزیشکی › بارودۆخی جەستەیی,ڕەگەز=دوولایەن,,HIGH,,432b11b0-059a-4486-9981-ae6a7fe0f1c4,sakar,,,,,
8958,15350,عارەق,ئەوبادەی پیاو مەست دەکا ،هەواڵی شەڕاب,بارودۆخی جەستەیی,ناو,ناو,زانستیی پزیشکی › بارودۆخی جەستەیی,ڕەگەز=دوولایەن,,HIGH,,432b11b0-059a-4486-9981-ae6a7fe0f1c4,sakar,,,,,
8962,15351,تەپڵژەن,دەهۆڵ لێدەر,کەس | مرۆڤ,ناو,ناو,ناو › کەس | کولتووری › مرۆڤ,ڕەگەز=دوولایەن,,HIGH,,96560cf4-030d-4268-baea-87bb57cdf631,somaali,,,,,
8964,15352,عارەقاوی,خوداندای ، لەشی بە ئارەق,سیفەت | بارودۆخی جەستەیی,ئاوەڵناو,هاوەڵناو,زانستیی پزیشکی › بارودۆخی جەستەیی,ڕەگەز=دوولایەن,,LOW,"پۆل «سیفەت» is really the part of speech «هاوەڵناو» — routed nowhere, needs a decision",432b11b0-059a-4486-9981-ae6a7fe0f1c4,sakar,,,,,
8966,15353,تەپڵک,زگدانی دیوار,کەرەستە,ناو,ناو,کولتووری › کەرەستە,,,HIGH,,96560cf4-030d-4268-baea-87bb57cdf631,somaali,,,,,
8967,15353,تەپڵک,تەپڵی بچووک,کەرەستە,ناو,ناو,کولتووری › کەرەستە,,,HIGH,,96560cf4-030d-4268-baea-87bb57cdf631,somaali,,,,,
8968,15353,تەپڵک,بەرکەنداڵ,کەرەستە,ناو,ناو,کولتووری › کەرەستە,,,HIGH,,96560cf4-030d-4268-baea-87bb57cdf631,somaali,,,,,
8969,15353,تەپڵک,ئاسنی گەورەکردنەوەی شتی شکاو,کەرەستە,ناو,ناو,کولتووری › کەرەستە,,,HIGH,,96560cf4-030d-4268-baea-87bb57cdf631,somaali,,,,,
8975,15354,تەپلمۆس,تەمەڵ و تەوەزەل,سیفەت,ئاوەڵناو,هاوەڵناو,,ڕەگەز=دوولایەن,,LOW,"پۆل «سیفەت» is really the part of speech «هاوەڵناو» — routed nowhere, needs a decision",96560cf4-030d-4268-baea-87bb57cdf631,somaali,,,,,
8977,15355,تەپ,تەپ,کەس | سیفەت,ناو | ئاوەڵناو,,ناو › کەس,ڕەگەز=دوولایەن,,LOW,"word carries several parts of speech (ناو / هاوەڵناو); a sense may only have one ; پۆل «سیفەت» is really the part of speech «هاوەڵناو» — routed nowhere, needs a decision",96560cf4-030d-4268-baea-87bb57cdf631,somaali,,,,,
8978,15355,تەپ,تەمەڵ,کەس | سیفەت,ناو | ئاوەڵناو,,ناو › کەس,ڕەگەز=دوولایەن,,LOW,"word carries several parts of speech (ناو / هاوەڵناو); a sense may only have one ; پۆل «سیفەت» is really the part of speech «هاوەڵناو» — routed nowhere, needs a decision",96560cf4-030d-4268-baea-87bb57cdf631,somaali,,,,,
8979,15355,تەپ,لەش گران,کەس | سیفەت,ناو | ئاوەڵناو,,ناو › کەس,ڕەگەز=دوولایەن,,LOW,"word carries several parts of speech (ناو / هاوەڵناو); a sense may only have one ; پۆل «سیفەت» is really the part of speech «هاوەڵناو» — routed nowhere, needs a decision",96560cf4-030d-4268-baea-87bb57cdf631,somaali,,,,,
8981,15356,تەپلە,کڵاوی لباد,کەرەستە,ناو,ناو,کولتووری › کەرەستە,ڕەگەز=دوولایەن,,HIGH,,96560cf4-030d-4268-baea-87bb57cdf631,somaali,,,,,
8982,15356,تەپلە,جۆرێ کڵاوی ژنانە,کەرەستە,ناو,ناو,کولتووری › کەرەستە,ڕەگەز=دوولایەن,,HIGH,,96560cf4-030d-4268-baea-87bb57cdf631,somaali,,,,,
8985,15357,تەپڵە,کەلارە,کەرەستە,ناو,ناو,کولتووری › کەرەستە,,,HIGH,,96560cf4-030d-4268-baea-87bb57cdf631,somaali,,,,,
8986,15357,تەپڵە,دەفری لەشیاکە,کەرەستە,ناو,ناو,کولتووری › کەرەستە,,,HIGH,,96560cf4-030d-4268-baea-87bb57cdf631,somaali,,,,,
8988,15358,تەپڵەسەر,تۆقەسەر,شوێن | سیفەت | ئەندامی جەستە,ناو | ئاوەڵناو,,ناو › شوێن | زانستیی پزیشکی › ئەندامی جەستە,,,LOW,"word carries several parts of speech (ناو / هاوەڵناو); a sense may only have one ; پۆل «سیفەت» is really the part of speech «هاوەڵناو» — routed nowhere, needs a decision",96560cf4-030d-4268-baea-87bb57cdf631,somaali,,,,,
8989,15358,تەپڵەسەر,تەوقی سەر,شوێن | سیفەت | ئەندامی جەستە,ناو | ئاوەڵناو,,ناو › شوێن | زانستیی پزیشکی › ئەندامی جەستە,,,LOW,"word carries several parts of speech (ناو / هاوەڵناو); a sense may only have one ; پۆل «سیفەت» is really the part of speech «هاوەڵناو» — routed nowhere, needs a decision",96560cf4-030d-4268-baea-87bb57cdf631,somaali,,,,,
8990,15358,تەپڵەسەر,"بەرزترین شوێن لە هەر شتێ",شوێن | سیفەت | ئەندامی جەستە,ناو | ئاوەڵناو,,ناو › شوێن | زانستیی پزیشکی › ئەندامی جەستە,,,LOW,"word carries several parts of speech (ناو / هاوەڵناو); a sense may only have one ; پۆل «سیفەت» is really the part of speech «هاوەڵناو» — routed nowhere, needs a decision",96560cf4-030d-4268-baea-87bb57cdf631,somaali,,,,,
8992,15359,تەپڵەقو,دارێکی لێڕەوارە لە بەڵاڵوک کێویلە دەکا,درەخت,,,,,,LOW,word has no جۆری وشە at all ; پۆل «درەخت» has no home among the deck's ten (see unmapped.csv),96560cf4-030d-4268-baea-87bb57cdf631,somaali,,,,,
8994,15360,تەپڵەک,دەپی سەکۆڵەکەو بن میچ,شوێن | کەرەستە,ناو,ناو,ناو › شوێن | کولتووری › کەرەستە,,,HIGH,,96560cf4-030d-4268-baea-87bb57cdf631,somaali,,,,,
8995,15360,تەپڵەک,تەپەکڵاو,شوێن | کەرەستە,ناو,ناو,ناو › شوێن | کولتووری › کەرەستە,,,HIGH,,96560cf4-030d-4268-baea-87bb57cdf631,somaali,,,,,
8996,15360,تەپڵەک,تاس کڵاوی ژنان,شوێن | کەرەستە,ناو,ناو,ناو › شوێن | کولتووری › کەرەستە,,,HIGH,,96560cf4-030d-4268-baea-87bb57cdf631,somaali,,,,,
8997,15360,تەپڵەک,دەفری ژێر سیغار,شوێن | کەرەستە,ناو,ناو,ناو › شوێن | کولتووری › کەرەستە,,,HIGH,,96560cf4-030d-4268-baea-87bb57cdf631,somaali,,,,,
8998,15360,تەپڵەک,کورسیلەی شت لەسەر دانان,شوێن | کەرەستە,ناو,ناو,ناو › شوێن | کولتووری › کەرەستە,,,HIGH,,96560cf4-030d-4268-baea-87bb57cdf631,somaali,,,,,
8999,15360,تەپڵەک,بانی گڵەبان نەکراو,شوێن | کەرەستە,ناو,ناو,ناو › شوێن | کولتووری › کەرەستە,,,HIGH,,96560cf4-030d-4268-baea-87bb57cdf631,somaali,,,,,
9000,15360,تەپڵەک,تختە پارە میان ستون و سقف,شوێن | کەرەستە,ناو,ناو,ناو › شوێن | کولتووری › کەرەستە,,,HIGH,,96560cf4-030d-4268-baea-87bb57cdf631,somaali,,,,,
9006,15361,تەپڵی باز,تەپڵی بچووک کە لە ڕاوە بازا ئەیکوتن,کەرەستە,ناو,ناو,کولتووری › کەرەستە,,,HIGH,,96560cf4-030d-4268-baea-87bb57cdf631,somaali,,,,,
9008,15362,تەپڵی تۆپێن,گەمەیەکە منداڵ و لاو دەیکەن,یاری,ناو,ناو,کولتووری › یاری,,,HIGH,,96560cf4-030d-4268-baea-87bb57cdf631,somaali,,,,,
9010,15363,تەپڵی سەر,تەپڵە سەر,ئەندامی جەستە,ناو,ناو,زانستیی پزیشکی › ئەندامی جەستە,,,HIGH,,96560cf4-030d-4268-baea-87bb57cdf631,somaali,,,,,
9012,15364,تەپڵی گۆش,پەردەی گوێ,ئەندامی جەستە,ناو,ناو,زانستیی پزیشکی › ئەندامی جەستە,,,HIGH,,96560cf4-030d-4268-baea-87bb57cdf631,somaali,,,,,
9014,15365,تەپڵی گوێ,تەپڵی گۆش,ئەندامی جەستە,ناو,ناو,زانستیی پزیشکی › ئەندامی جەستە,,,HIGH,,96560cf4-030d-4268-baea-87bb57cdf631,somaali,,,,,
9016,15366,تەپۆ,مێشولەی لاق و دوندوک درێژ,سیفەت | مێشولە,ناو | ئاوەڵناو,,,,,LOW,"word carries several parts of speech (ناو / هاوەڵناو); a sense may only have one ; پۆل «سیفەت» is really the part of speech «هاوەڵناو» — routed nowhere, needs a decision ; پۆل «مێشولە» has no home among the deck's ten (see unmapped.csv)",96560cf4-030d-4268-baea-87bb57cdf631,somaali,,,,,
9017,15366,تەپۆ,لا ڕومەت شۆڕێ بێ ددان,سیفەت | مێشولە,ناو | ئاوەڵناو,,,,,LOW,"word carries several parts of speech (ناو / هاوەڵناو); a sense may only have one ; پۆل «سیفەت» is really the part of speech «هاوەڵناو» — routed nowhere, needs a decision ; پۆل «مێشولە» has no home among the deck's ten (see unmapped.csv)",96560cf4-030d-4268-baea-87bb57cdf631,somaali,,,,,
9018,15366,تەپۆ,نەفام و دەبەنگ,سیفەت | مێشولە,ناو | ئاوەڵناو,,,,,LOW,"word carries several parts of speech (ناو / هاوەڵناو); a sense may only have one ; پۆل «سیفەت» is really the part of speech «هاوەڵناو» — routed nowhere, needs a decision ; پۆل «مێشولە» has no home among the deck's ten (see unmapped.csv)",96560cf4-030d-4268-baea-87bb57cdf631,somaali,,,,,
9857,15367,تەپ وتل,هەڵسوکەوت,ئەنجامدانی کارێک,ناو,ناو,,,,LOW,"پۆل «ئەنجامدانی کارێک» is really the part of speech «کار» — routed nowhere, needs a decision ; پۆل says «کار», جۆری وشە says «ناو» — they disagree",96560cf4-030d-4268-baea-87bb57cdf631,somaali,,,,,
9858,15367,تەپ وتل,مات بون و جوڵان پێکەوە,ئەنجامدانی کارێک,ناو,ناو,,,,LOW,"پۆل «ئەنجامدانی کارێک» is really the part of speech «کار» — routed nowhere, needs a decision ; پۆل says «کار», جۆری وشە says «ناو» — they disagree",96560cf4-030d-4268-baea-87bb57cdf631,somaali,,,,,
9030,15368,تەپوتۆز,تۆز و غومار,دۆخی کەشوھەوا,ناو,ناو,,,,HIGH,پۆل «دۆخی کەشوھەوا» has no home among the deck's ten (see unmapped.csv),96560cf4-030d-4268-baea-87bb57cdf631,somaali,,,,,
9032,15369,تەپو توومان,تۆز و غومار,دۆخی کەشوھەوا,ناو,ناو,,,,HIGH,پۆل «دۆخی کەشوھەوا» has no home among the deck's ten (see unmapped.csv),96560cf4-030d-4268-baea-87bb57cdf631,somaali,,,,,
9033,15369,تەپو توومان,مژی داوەستاو,دۆخی کەشوھەوا,ناو,ناو,,,,HIGH,پۆل «دۆخی کەشوھەوا» has no home among the deck's ten (see unmapped.csv),96560cf4-030d-4268-baea-87bb57cdf631,somaali,,,,,
9036,15370,تەپوخ,رەت بردن,بارودۆخی جەستەیی | باروودۆخ,چاوگ,چاوگ,زانستیی پزیشکی › بارودۆخی جەستەیی,,,HIGH,پۆل «باروودۆخ» has no home among the deck's ten (see unmapped.csv),96560cf4-030d-4268-baea-87bb57cdf631,somaali,,,,,
9037,15370,تەپوخ,هەڵەنگوتن,بارودۆخی جەستەیی | باروودۆخ,چاوگ,چاوگ,زانستیی پزیشکی › بارودۆخی جەستەیی,,,HIGH,پۆل «باروودۆخ» has no home among the deck's ten (see unmapped.csv),96560cf4-030d-4268-baea-87bb57cdf631,somaali,,,,,
9038,15370,تەپوخ,ساتمەکردن,بارودۆخی جەستەیی | باروودۆخ,چاوگ,چاوگ,زانستیی پزیشکی › بارودۆخی جەستەیی,,,HIGH,پۆل «باروودۆخ» has no home among the deck's ten (see unmapped.csv),96560cf4-030d-4268-baea-87bb57cdf631,somaali,,,,,
9040,15371,عارقچن,ئارەخچن,سیفەت,ئاوەڵناو,هاوەڵناو,,,,LOW,"پۆل «سیفەت» is really the part of speech «هاوەڵناو» — routed nowhere, needs a decision",432b11b0-059a-4486-9981-ae6a7fe0f1c4,sakar,,,,,
9042,15372,عارەقچین,ئارەخچن,سیفەت,ئاوەڵناو,هاوەڵناو,,,,LOW,"پۆل «سیفەت» is really the part of speech «هاوەڵناو» — routed nowhere, needs a decision",432b11b0-059a-4486-9981-ae6a7fe0f1c4,sakar,,,,,
9044,15373,عارەقخۆر,شەراوخۆر,خواردنەوە,,,,,,LOW,word has no جۆری وشە at all ; پۆل «خواردنەوە» has no home among the deck's ten (see unmapped.csv),432b11b0-059a-4486-9981-ae6a7fe0f1c4,sakar,,,,,
9046,15374,عارەق دەردان,خودان دان، ئارەق کردن,بارودۆخی جەستەیی,ئاوەڵناو,هاوەڵناو,زانستیی پزیشکی › بارودۆخی جەستەیی,,,HIGH,,432b11b0-059a-4486-9981-ae6a7fe0f1c4,sakar,,,,,
9048,15375,عارەق ڕشتن,خودان دانی زۆر,بارودۆخی جەستەیی,ناو,ناو,زانستیی پزیشکی › بارودۆخی جەستەیی,,,HIGH,,432b11b0-059a-4486-9981-ae6a7fe0f1c4,sakar,,,,,
9050,15376,عارەق فرۆش,شەراو فرۆش,ئەنجامدانی کارێک,کار,کار,,,,LOW,"پۆل «ئەنجامدانی کارێک» is really the part of speech «کار» — routed nowhere, needs a decision",432b11b0-059a-4486-9981-ae6a7fe0f1c4,sakar,,,,,
9052,15377,عارەق کردن,عارەق دەردان,بارودۆخی جەستەیی,ئاوەڵناو,هاوەڵناو,زانستیی پزیشکی › بارودۆخی جەستەیی,ڕەگەز=دوولایەن,,HIGH,,432b11b0-059a-4486-9981-ae6a7fe0f1c4,sakar,,,,,
9054,15378,عارەق گرتن,بە هەڵم و بوغ ئاو لە میوەو گیاگرتن,دۆخی ماددە,کار,کار,,,,HIGH,پۆل «دۆخی ماددە» has no home among the deck's ten (see unmapped.csv),432b11b0-059a-4486-9981-ae6a7fe0f1c4,sakar,,,,,
9056,15379,عارەق قیگر,پارچەلبادی بن زین، تمەدزین،نەرمەزین.,کەرەستە,ناو,ناو,کولتووری › کەرەستە,,,HIGH,,432b11b0-059a-4486-9981-ae6a7fe0f1c4,sakar,,,,,
9058,15380,عارەو,عارەب،عەرەب.,نەتەوە,ناو,ناو,,,,HIGH,پۆل «نەتەوە» has no home among the deck's ten (see unmapped.csv),432b11b0-059a-4486-9981-ae6a7fe0f1c4,sakar,,,,,
9060,15381,عارەوی,زمانی عەرەب.,خاوەندارییەتی,ناو,ناو,,,,HIGH,پۆل «خاوەندارییەتی» has no home among the deck's ten (see unmapped.csv),432b11b0-059a-4486-9981-ae6a7fe0f1c4,sakar,,,,,
9062,15382,عازاب,عەزیەت،حەزیەت،ڕەنج و دەرد.,سیفەت,ناو,ناو,,,,LOW,"پۆل «سیفەت» is really the part of speech «هاوەڵناو» — routed nowhere, needs a decision ; پۆل says «هاوەڵناو», جۆری وشە says «ناو» — they disagree",432b11b0-059a-4486-9981-ae6a7fe0f1c4,sakar,,,,,
9064,15383,عازاو,ڕەنج و دەرد ، عازاب,سیفەت,ناو,ناو,,,,LOW,"پۆل «سیفەت» is really the part of speech «هاوەڵناو» — routed nowhere, needs a decision ; پۆل says «هاوەڵناو», جۆری وشە says «ناو» — they disagree",432b11b0-059a-4486-9981-ae6a7fe0f1c4,sakar,,,,,
9066,15384,عازەب,تازەلاوی باڵغ بووگ,سیفەت,,,,ڕەگەز=دوولایەن,,LOW,"word has no جۆری وشە at all ; پۆل «سیفەت» is really the part of speech «هاوەڵناو» — routed nowhere, needs a decision",432b11b0-059a-4486-9981-ae6a7fe0f1c4,sakar,,,,,
9067,15384,عازەب,کچ یان کوڕی بێ مێرد و ژن .,سیفەت,,,,ڕەگەز=دوولایەن,,LOW,"word has no جۆری وشە at all ; پۆل «سیفەت» is really the part of speech «هاوەڵناو» — routed nowhere, needs a decision",432b11b0-059a-4486-9981-ae6a7fe0f1c4,sakar,,,,,
9070,15385,عازەبان,گوندێکی کوردستانە بەعسی کاولی کرد,گوند,ناو,ناو,,,,HIGH,پۆل «گوند» has no home among the deck's ten (see unmapped.csv),432b11b0-059a-4486-9981-ae6a7fe0f1c4,sakar,,,,,
9174,15386,شاخاندن,زیقەزیق و هەرا کردن بە توڕەیی,هەست | باروودۆخ | دەروون ناسی,ناو,ناو,,,,HIGH,پۆل «هەست» has no home among the deck's ten (see unmapped.csv) ; پۆل «باروودۆخ» has no home among the deck's ten (see unmapped.csv) ; پۆل «دەروون ناسی» has no home among the deck's ten (see unmapped.csv),a09069b2-3fc6-4c25-8516-d6e452cd7199,Glena,,,,,
9074,15387,شاخانن,زیقەزیق و هەراکردن بە توڕەیی,باروودۆخ | دەروون ناسی,ناو,ناو,,,,HIGH,پۆل «باروودۆخ» has no home among the deck's ten (see unmapped.csv) ; پۆل «دەروون ناسی» has no home among the deck's ten (see unmapped.csv),a09069b2-3fc6-4c25-8516-d6e452cd7199,Glena,,,,,
9076,15388,شاخانە,پوشانە,چەمک,ناو,ناو,,,,HIGH,پۆل «چەمک» has no home among the deck's ten (see unmapped.csv),a09069b2-3fc6-4c25-8516-d6e452cd7199,Glena,,,,,
9078,15389,شاخاو,ڕوشاو,باروودۆخ | چەمک,ناو | هیتر,ناو,,,,HIGH,پۆل «باروودۆخ» has no home among the deck's ten (see unmapped.csv) ; پۆل «چەمک» has no home among the deck's ten (see unmapped.csv),a09069b2-3fc6-4c25-8516-d6e452cd7199,Glena,,,,,
9080,15390,شاخاوی,مەڵبەندی کێوات,شوێن,ناو,ناو,ناو › شوێن,,,HIGH,,a09069b2-3fc6-4c25-8516-d6e452cd7199,Glena,,,,,
9082,15391,شاختیز,بارووت دانی ڕاوچی، شاخ,کەرەستە,ناو,ناو,کولتووری › کەرەستە,,,HIGH,,a09069b2-3fc6-4c25-8516-d6e452cd7199,Glena,,,,,
9084,15392,شاختیزک,بارووت دانی ڕاوچی، شاخ,کەرەستە,ناو,ناو,کولتووری › کەرەستە,,,HIGH,,a09069b2-3fc6-4c25-8516-d6e452cd7199,Glena,,,,,
9086,15393,شاخدار,حەیوانێ کە شاخی هەیە,درەخت | ئاژەڵ | باروودۆخ,,,زیندەوەرزانی › ئاژەڵ,,,LOW,word has no جۆری وشە at all ; پۆل «درەخت» has no home among the deck's ten (see unmapped.csv) ; پۆل «باروودۆخ» has no home among the deck's ten (see unmapped.csv),a09069b2-3fc6-4c25-8516-d6e452cd7199,Glena,,,,,
9087,15393,شاخدار,بریتی لە دەویت,درەخت | ئاژەڵ | باروودۆخ,,,زیندەوەرزانی › ئاژەڵ,,,LOW,word has no جۆری وشە at all ; پۆل «درەخت» has no home among the deck's ten (see unmapped.csv) ; پۆل «باروودۆخ» has no home among the deck's ten (see unmapped.csv),a09069b2-3fc6-4c25-8516-d6e452cd7199,Glena,,,,,
9088,15393,شاخدار,جۆرێ بەری دار مازوو,درەخت | ئاژەڵ | باروودۆخ,,,زیندەوەرزانی › ئاژەڵ,,,LOW,word has no جۆری وشە at all ; پۆل «درەخت» has no home among the deck's ten (see unmapped.csv) ; پۆل «باروودۆخ» has no home among the deck's ten (see unmapped.csv),a09069b2-3fc6-4c25-8516-d6e452cd7199,Glena,,,,,
9092,15394,شاخ دەرێنان,بریتی لە ئابڕ و نەمان و خەجاڵەت بون,باروودۆخ | دەروون ناسی,ناو,ناو,,,,HIGH,پۆل «باروودۆخ» has no home among the deck's ten (see unmapped.csv) ; پۆل «دەروون ناسی» has no home among the deck's ten (see unmapped.csv),a09069b2-3fc6-4c25-8516-d6e452cd7199,Glena,,,,,
9094,15395,شاخ دەرێنان,بریتی لە ئابڕ و نەمان و خەجاڵەت بون,باروودۆخ | دەروون ناسی,ناو,ناو,,,,HIGH,پۆل «باروودۆخ» has no home among the deck's ten (see unmapped.csv) ; پۆل «دەروون ناسی» has no home among the deck's ten (see unmapped.csv),a09069b2-3fc6-4c25-8516-d6e452cd7199,Glena,,,,,
9096,15396,شاخ سپی,جۆرێکە لە ترێ,میوە,ناو,ناو,,,,HIGH,پۆل «میوە» has no home among the deck's ten (see unmapped.csv),a09069b2-3fc6-4c25-8516-d6e452cd7199,Glena,,,,,
9098,15397,شاخستان,شاخاوی,شوێن,ناو,ناو,ناو › شوێن,,,HIGH,,a09069b2-3fc6-4c25-8516-d6e452cd7199,Glena,,,,,
9100,15398,شاخ ڤەدان,پەرتاوتن، کەزاخە، هەڵپەرتاوتن,ئەنجامدانی کارێک,,,,,,LOW,"word has no جۆری وشە at all ; پۆل «ئەنجامدانی کارێک» is really the part of speech «کار» — routed nowhere, needs a decision",a09069b2-3fc6-4c25-8516-d6e452cd7199,Glena,,,,,
9102,15399,شاخ کردن,ڕوشاندن,ئەنجامدانی کارێک,کار,کار,,,,LOW,"پۆل «ئەنجامدانی کارێک» is really the part of speech «کار» — routed nowhere, needs a decision",a09069b2-3fc6-4c25-8516-d6e452cd7199,Glena,,,,,
9103,15399,شاخ کردن,چاپوکانەکردنی ئەسپ,ئەنجامدانی کارێک,کار,کار,,,,LOW,"پۆل «ئەنجامدانی کارێک» is really the part of speech «کار» — routed nowhere, needs a decision",a09069b2-3fc6-4c25-8516-d6e452cd7199,Glena,,,,,
9106,15400,شاخو بەڵەک,ناز و نوز,باروودۆخ,ناو,ناو,,,,HIGH,پۆل «باروودۆخ» has no home among the deck's ten (see unmapped.csv),a09069b2-3fc6-4c25-8516-d6e452cd7199,Glena,,,,,
9108,15401,شاخ و داخ,چر و کێو,شوێن,ناو,ناو,ناو › شوێن,,,HIGH,,a09069b2-3fc6-4c25-8516-d6e452cd7199,Glena,,,,,
9110,15402,شاخور,تەپۆلکەی بەردین,شوێن | دۆخی ماددە,,,ناو › شوێن,,,LOW,word has no جۆری وشە at all ; پۆل «دۆخی ماددە» has no home among the deck's ten (see unmapped.csv),a09069b2-3fc6-4c25-8516-d6e452cd7199,Glena,,,,,
9112,15403,شاخە,گورە و هەرا,درەخت | دەنگ | ڕووداوی سروشتی,ناو,ناو,,,,HIGH,پۆل «درەخت» has no home among the deck's ten (see unmapped.csv) ; پۆل «دەنگ» has no home among the deck's ten (see unmapped.csv) ; پۆل «ڕووداوی سروشتی» has no home among the deck's ten (see unmapped.csv),a09069b2-3fc6-4c25-8516-d6e452cd7199,Glena,,,,,
9113,15403,شاخە,دەنگی ڕووخانی کێو,درەخت | دەنگ | ڕووداوی سروشتی,ناو,ناو,,,,HIGH,پۆل «درەخت» has no home among the deck's ten (see unmapped.csv) ; پۆل «دەنگ» has no home among the deck's ten (see unmapped.csv) ; پۆل «ڕووداوی سروشتی» has no home among the deck's ten (see unmapped.csv),a09069b2-3fc6-4c25-8516-d6e452cd7199,Glena,,,,,
9114,15403,شاخە,لکی دار,درەخت | دەنگ | ڕووداوی سروشتی,ناو,ناو,,,,HIGH,پۆل «درەخت» has no home among the deck's ten (see unmapped.csv) ; پۆل «دەنگ» has no home among the deck's ten (see unmapped.csv) ; پۆل «ڕووداوی سروشتی» has no home among the deck's ten (see unmapped.csv),a09069b2-3fc6-4c25-8516-d6e452cd7199,Glena,,,,,
9118,15404,عازەبە,زیبکەی دەم و چاوی لاوی تازە پێ گەیشتوو,بارودۆخی جەستەیی,ناو,ناو,زانستیی پزیشکی › بارودۆخی جەستەیی,,,HIGH,,432b11b0-059a-4486-9981-ae6a7fe0f1c4,sakar,,,,,
9130,15405,شاخەبسکە,گوندێکە لە کوردستان بەعسی وێرانی کرد,شوێن | گوند,ناو,ناو,ناو › شوێن,,,HIGH,پۆل «گوند» has no home among the deck's ten (see unmapped.csv),a09069b2-3fc6-4c25-8516-d6e452cd7199,Glena,,,,,
9122,15406,عازەبی,عازەبە,چەمک,ناو,ناو,,,,HIGH,پۆل «چەمک» has no home among the deck's ten (see unmapped.csv),432b11b0-059a-4486-9981-ae6a7fe0f1c4,sakar,,,,,
9134,15407,شاخە پیسکە,لەو گوندانەی کوردستانە کە بەعسی وێرانی کاولییان کرد,شوێن | گوند,ناو,ناو,ناو › شوێن,,,HIGH,پۆل «گوند» has no home among the deck's ten (see unmapped.csv),a09069b2-3fc6-4c25-8516-d6e452cd7199,Glena,,,,,
9126,15408,عازیز,ئازیز،خۆشەویست,هەست,ئاوەڵناو,هاوەڵناو,,,,HIGH,پۆل «هەست» has no home among the deck's ten (see unmapped.csv),432b11b0-059a-4486-9981-ae6a7fe0f1c4,sakar,,,,,
9128,15409,عازیەت,سەرەخۆشی ، پرسەی مردگ,هەست,ناو,ناو,,,,HIGH,پۆل «هەست» has no home among the deck's ten (see unmapped.csv),432b11b0-059a-4486-9981-ae6a7fe0f1c4,sakar,,,,,
9132,15410,عازیەتبار,تازیەبار,وشەی پرس | هەست,ناو,ناو,,ڕەگەز=دوولایەن,,HIGH,پۆل «وشەی پرس» has no home among the deck's ten (see unmapped.csv) ; پۆل «هەست» has no home among the deck's ten (see unmapped.csv),432b11b0-059a-4486-9981-ae6a7fe0f1c4,sakar,,,,,
9136,15411,شاخە شینکە,تەنکە بەردی کەوەڕەنگی زۆر ناسک کە بە دەست هەڵدەوەرێ,ماددە,ناو,ناو,,,,HIGH,پۆل «ماددە» has no home among the deck's ten (see unmapped.csv),a09069b2-3fc6-4c25-8516-d6e452cd7199,Glena,,,,,
9138,15412,شاخەوان,رازەوان,پیشە,ناو,ناو,,ڕەگەز=دوولایەن,,HIGH,پۆل «پیشە» has no home among the deck's ten (see unmapped.csv),a09069b2-3fc6-4c25-8516-d6e452cd7199,Glena,,,,,
9140,15413,شاخی,کێوی,گیانلەبەر,ناو,ناو,,ڕەگەز=دوولایەن,,HIGH,پۆل «گیانلەبەر» has no home among the deck's ten (see unmapped.csv),a09069b2-3fc6-4c25-8516-d6e452cd7199,Glena,,,,,
9142,15414,شاخێ,ئاواییەکە لە کوردستانی بەردەستی ترکان کە لە پێشودا میرنشین بون,شوێن | گوند,ناو,ناو,ناو › شوێن,,,HIGH,پۆل «گوند» has no home among the deck's ten (see unmapped.csv),a09069b2-3fc6-4c25-8516-d6e452cd7199,Glena,,,,,
9168,15415,شاد,دڵخۆش، بەکەیف، دەماخ چاخ، شا,هەست | دەروون ناسی,ناو,ناو,,,,HIGH,پۆل «هەست» has no home among the deck's ten (see unmapped.csv) ; پۆل «دەروون ناسی» has no home among the deck's ten (see unmapped.csv),a09069b2-3fc6-4c25-8516-d6e452cd7199,Glena,,,,,
9146,15416,شادانە,جۆرە گیایەکە,گژوگیا,ناو,ناو,,,,HIGH,پۆل «گژوگیا» has no home among the deck's ten (see unmapped.csv),a09069b2-3fc6-4c25-8516-d6e452cd7199,Glena,,,,,
9160,15417,شادبون,شابون,هەست | دەروون ناسی,,,,,,LOW,word has no جۆری وشە at all ; پۆل «هەست» has no home among the deck's ten (see unmapped.csv) ; پۆل «دەروون ناسی» has no home among the deck's ten (see unmapped.csv),a09069b2-3fc6-4c25-8516-d6e452cd7199,Glena,,,,,
9162,15418,شادمان,دڵخۆش، شا، شاد,هەست | دەروون ناسی,ناو,ناو,,,,HIGH,پۆل «هەست» has no home among the deck's ten (see unmapped.csv) ; پۆل «دەروون ناسی» has no home among the deck's ten (see unmapped.csv),a09069b2-3fc6-4c25-8516-d6e452cd7199,Glena,,,,,
9164,15419,شادمانی,دڵخۆشی,هەست | دەروون ناسی | کەلتووری,ناو,ناو,,,,HIGH,پۆل «هەست» has no home among the deck's ten (see unmapped.csv) ; پۆل «دەروون ناسی» has no home among the deck's ten (see unmapped.csv) ; پۆل «کەلتووری» has no home among the deck's ten (see unmapped.csv),a09069b2-3fc6-4c25-8516-d6e452cd7199,Glena,,,,,
9165,15419,شادمانی,بەزم و داوەت، زەماوەند,هەست | دەروون ناسی | کەلتووری,ناو,ناو,,,,HIGH,پۆل «هەست» has no home among the deck's ten (see unmapped.csv) ; پۆل «دەروون ناسی» has no home among the deck's ten (see unmapped.csv) ; پۆل «کەلتووری» has no home among the deck's ten (see unmapped.csv),a09069b2-3fc6-4c25-8516-d6e452cd7199,Glena,,,,,
9176,15420,شاد و شوکور,دڵخۆشی بە دۆست گەیشتنەوە لە پاش دووری,هەست | دەروون ناسی,ناو,ناو,,,,HIGH,پۆل «هەست» has no home among the deck's ten (see unmapped.csv) ; پۆل «دەروون ناسی» has no home among the deck's ten (see unmapped.csv),a09069b2-3fc6-4c25-8516-d6e452cd7199,Glena,,,,,
9178,15421,شادومان,شادمان,چەمک,ناو,ناو,,,,HIGH,پۆل «چەمک» has no home among the deck's ten (see unmapped.csv),a09069b2-3fc6-4c25-8516-d6e452cd7199,Glena,,,,,
9180,15422,شادومانە,شاتیمان,چەمک,ناو,ناو,,,,HIGH,پۆل «چەمک» has no home among the deck's ten (see unmapped.csv),a09069b2-3fc6-4c25-8516-d6e452cd7199,Glena,,,,,
9182,15423,شادە,کەسێ کە ئاگای لە ڕووداوێکە,کەس | کەرەستە | هەست | ڕوودانی کار,ناو | ئاوەڵناو,,ناو › کەس | کولتووری › کەرەستە,,,LOW,word carries several parts of speech (ناو / هاوەڵناو); a sense may only have one ; پۆل «هەست» has no home among the deck's ten (see unmapped.csv) ; پۆل «ڕوودانی کار» has no home among the deck's ten (see unmapped.csv),a09069b2-3fc6-4c25-8516-d6e452cd7199,Glena,,,,,
9183,15423,شادە,شتێ کە کەسێ پێی ئاگادارە,کەس | کەرەستە | هەست | ڕوودانی کار,ناو | ئاوەڵناو,,ناو › کەس | کولتووری › کەرەستە,,,LOW,word carries several parts of speech (ناو / هاوەڵناو); a sense may only have one ; پۆل «هەست» has no home among the deck's ten (see unmapped.csv) ; پۆل «ڕوودانی کار» has no home among the deck's ten (see unmapped.csv),a09069b2-3fc6-4c25-8516-d6e452cd7199,Glena,,,,,
9184,15423,شادە,شاتیمان,کەس | کەرەستە | هەست | ڕوودانی کار,ناو | ئاوەڵناو,,ناو › کەس | کولتووری › کەرەستە,,,LOW,word carries several parts of speech (ناو / هاوەڵناو); a sense may only have one ; پۆل «هەست» has no home among the deck's ten (see unmapped.csv) ; پۆل «ڕوودانی کار» has no home among the deck's ten (see unmapped.csv),a09069b2-3fc6-4c25-8516-d6e452cd7199,Glena,,,,,
9185,15423,شادە,تبلی دوشاومژە,کەس | کەرەستە | هەست | ڕوودانی کار,ناو | ئاوەڵناو,,ناو › کەس | کولتووری › کەرەستە,,,LOW,word carries several parts of speech (ناو / هاوەڵناو); a sense may only have one ; پۆل «هەست» has no home among the deck's ten (see unmapped.csv) ; پۆل «ڕوودانی کار» has no home among the deck's ten (see unmapped.csv),a09069b2-3fc6-4c25-8516-d6e452cd7199,Glena,,,,,
9186,15423,شادە,داری سنووری کا و گەنم,کەس | کەرەستە | هەست | ڕوودانی کار,ناو | ئاوەڵناو,,ناو › کەس | کولتووری › کەرەستە,,,LOW,word carries several parts of speech (ناو / هاوەڵناو); a sense may only have one ; پۆل «هەست» has no home among the deck's ten (see unmapped.csv) ; پۆل «ڕوودانی کار» has no home among the deck's ten (see unmapped.csv),a09069b2-3fc6-4c25-8516-d6e452cd7199,Glena,,,,,
9187,15423,شادە,دڵخۆشە,کەس | کەرەستە | هەست | ڕوودانی کار,ناو | ئاوەڵناو,,ناو › کەس | کولتووری › کەرەستە,,,LOW,word carries several parts of speech (ناو / هاوەڵناو); a sense may only have one ; پۆل «هەست» has no home among the deck's ten (see unmapped.csv) ; پۆل «ڕوودانی کار» has no home among the deck's ten (see unmapped.csv),a09069b2-3fc6-4c25-8516-d6e452cd7199,Glena,,,,,
9194,15424,شادەئیمان,شاتیمان,هەست | چەمک,ناو,ناو,,,,HIGH,پۆل «هەست» has no home among the deck's ten (see unmapped.csv) ; پۆل «چەمک» has no home among the deck's ten (see unmapped.csv),a09069b2-3fc6-4c25-8516-d6e452cd7199,Glena,,,,,
9196,15425,شادەدان,خەبەردان لە ڕووداوێک,ئەنجامدانی کارێک,کار,کار,,,,LOW,"پۆل «ئەنجامدانی کارێک» is really the part of speech «کار» — routed nowhere, needs a decision",a09069b2-3fc6-4c25-8516-d6e452cd7199,Glena,,,,,
9198,15426,شادەمار,ڕەگی هەرە ئەستوور لە ئەندامی گیانداردا,گیانلەبەر | ئەندامی جەستە,ناو,ناو,زانستیی پزیشکی › ئەندامی جەستە,,,HIGH,پۆل «گیانلەبەر» has no home among the deck's ten (see unmapped.csv),a09069b2-3fc6-4c25-8516-d6e452cd7199,Glena,,,,,
9200,15427,شادەمارگ,سەکتە لە خۆشیان,هەست | باروودۆخ,ئاوەڵناو,هاوەڵناو,,,,HIGH,پۆل «هەست» has no home among the deck's ten (see unmapped.csv) ; پۆل «باروودۆخ» has no home among the deck's ten (see unmapped.csv),a09069b2-3fc6-4c25-8516-d6e452cd7199,Glena,,,,,
9202,15428,شادەمەرگ بوون,سەکتەکردن لەبەر دڵخۆشی زۆر,هەست | باروودۆخ,ناو | ئاوەڵناو,,,,,LOW,word carries several parts of speech (ناو / هاوەڵناو); a sense may only have one ; پۆل «هەست» has no home among the deck's ten (see unmapped.csv) ; پۆل «باروودۆخ» has no home among the deck's ten (see unmapped.csv),a09069b2-3fc6-4c25-8516-d6e452cd7199,Glena,,,,,
9204,15429,شادەنوێژ,تبلی شادە,ئەنجامدانی کارێک,ناو | کار,,,,,LOW,"word carries several parts of speech (ناو / کار); a sense may only have one ; پۆل «ئەنجامدانی کارێک» is really the part of speech «کار» — routed nowhere, needs a decision",a09069b2-3fc6-4c25-8516-d6e452cd7199,Glena,,,,,
9206,15430,شادە و ئیمان,شاتیمان,ئەنجامدانی کارێک | چەمک,ناو | کار,,,,,LOW,"word carries several parts of speech (ناو / کار); a sense may only have one ; پۆل «ئەنجامدانی کارێک» is really the part of speech «کار» — routed nowhere, needs a decision ; پۆل «چەمک» has no home among the deck's ten (see unmapped.csv)",a09069b2-3fc6-4c25-8516-d6e452cd7199,Glena,,,,,
9208,15431,شادە هێنان,شاتیمان هێنان,ئەنجامدانی کارێک | چەمک,ناو | کار,,,,,LOW,"word carries several parts of speech (ناو / کار); a sense may only have one ; پۆل «ئەنجامدانی کارێک» is really the part of speech «کار» — routed nowhere, needs a decision ; پۆل «چەمک» has no home among the deck's ten (see unmapped.csv)",a09069b2-3fc6-4c25-8516-d6e452cd7199,Glena,,,,,
9210,15432,شادەیمان,شاتیمان,ئەنجامدانی کارێک | چەمک,ناو | کار,,,,,LOW,"word carries several parts of speech (ناو / کار); a sense may only have one ; پۆل «ئەنجامدانی کارێک» is really the part of speech «کار» — routed nowhere, needs a decision ; پۆل «چەمک» has no home among the deck's ten (see unmapped.csv)",a09069b2-3fc6-4c25-8516-d6e452cd7199,Glena,,,,,
9212,15433,شادی,دڵخۆشی,کەس | گیانلەبەر | مرۆڤ | هەست | بۆنە,ناو | کار | ئاوەڵناو,,ناو › کەس | کولتووری › مرۆڤ,ڕەگەز=مێ,,LOW,word carries several parts of speech (ناو / کار / هاوەڵناو); a sense may only have one ; پۆل «گیانلەبەر» has no home among the deck's ten (see unmapped.csv) ; پۆل «هەست» has no home among the deck's ten (see unmapped.csv) ; پۆل «بۆنە» has no home among the deck's ten (see unmapped.csv),a09069b2-3fc6-4c25-8516-d6e452cd7199,Glena,,,,,
9213,15433,شادی,شادومانی، داوەت و بەزم,کەس | گیانلەبەر | مرۆڤ | هەست | بۆنە,ناو | کار | ئاوەڵناو,,ناو › کەس | کولتووری › مرۆڤ,ڕەگەز=مێ,,LOW,word carries several parts of speech (ناو / کار / هاوەڵناو); a sense may only have one ; پۆل «گیانلەبەر» has no home among the deck's ten (see unmapped.csv) ; پۆل «هەست» has no home among the deck's ten (see unmapped.csv) ; پۆل «بۆنە» has no home among the deck's ten (see unmapped.csv),a09069b2-3fc6-4c25-8516-d6e452cd7199,Glena,,,,,
9214,15433,شادی,مەیمونی چکۆڵە، حەمتەر,کەس | گیانلەبەر | مرۆڤ | هەست | بۆنە,ناو | کار | ئاوەڵناو,,ناو › کەس | کولتووری › مرۆڤ,ڕەگەز=مێ,,LOW,word carries several parts of speech (ناو / کار / هاوەڵناو); a sense may only have one ; پۆل «گیانلەبەر» has no home among the deck's ten (see unmapped.csv) ; پۆل «هەست» has no home among the deck's ten (see unmapped.csv) ; پۆل «بۆنە» has no home among the deck's ten (see unmapped.csv),a09069b2-3fc6-4c25-8516-d6e452cd7199,Glena,,,,,
9215,15433,شادی,ناوی ژنانە,کەس | گیانلەبەر | مرۆڤ | هەست | بۆنە,ناو | کار | ئاوەڵناو,,ناو › کەس | کولتووری › مرۆڤ,ڕەگەز=مێ,,LOW,word carries several parts of speech (ناو / کار / هاوەڵناو); a sense may only have one ; پۆل «گیانلەبەر» has no home among the deck's ten (see unmapped.csv) ; پۆل «هەست» has no home among the deck's ten (see unmapped.csv) ; پۆل «بۆنە» has no home among the deck's ten (see unmapped.csv),a09069b2-3fc6-4c25-8516-d6e452cd7199,Glena,,,,,
9220,15434,شادیانە,زەماوەند، داوەت,هەست | گۆڕانی دۆخ | ڕوودانی کار | بۆنە,کار,کار,,,,HIGH,پۆل «هەست» has no home among the deck's ten (see unmapped.csv) ; پۆل «گۆڕانی دۆخ» has no home among the deck's ten (see unmapped.csv) ; پۆل «ڕوودانی کار» has no home among the deck's ten (see unmapped.csv) ; پۆل «بۆنە» has no home among the deck's ten (see unmapped.csv),a09069b2-3fc6-4c25-8516-d6e452cd7199,Glena,,,,,
9221,15434,شادیانە,مزگێنی بۆ خەبەری خۆش,هەست | گۆڕانی دۆخ | ڕوودانی کار | بۆنە,کار,کار,,,,HIGH,پۆل «هەست» has no home among the deck's ten (see unmapped.csv) ; پۆل «گۆڕانی دۆخ» has no home among the deck's ten (see unmapped.csv) ; پۆل «ڕوودانی کار» has no home among the deck's ten (see unmapped.csv) ; پۆل «بۆنە» has no home among the deck's ten (see unmapped.csv),a09069b2-3fc6-4c25-8516-d6e452cd7199,Glena,,,,,
9224,15435,شادیک,وەرویرکە، دڵخۆشکەرەی خێزان:(شادیکەماڵی),کەس | ئەنجامدانی کارێک | هەست,کار | ئاوەڵناو,,ناو › کەس,,,LOW,"word carries several parts of speech (کار / هاوەڵناو); a sense may only have one ; پۆل «ئەنجامدانی کارێک» is really the part of speech «کار» — routed nowhere, needs a decision ; پۆل «هەست» has no home among the deck's ten (see unmapped.csv)",a09069b2-3fc6-4c25-8516-d6e452cd7199,Glena,,,,,
9226,15436,عاسا,داردەستی سەربە گۆپکە,کەرەستە,ناو,ناو,کولتووری › کەرەستە,,,HIGH,,432b11b0-059a-4486-9981-ae6a7fe0f1c4,sakar,,,,,
9228,15437,عاست,حاست،ئاقار,باروودۆخ,ناو,ناو,,ڕەگەز=بێلایەن,,HIGH,پۆل «باروودۆخ» has no home among the deck's ten (see unmapped.csv),432b11b0-059a-4486-9981-ae6a7fe0f1c4,sakar,,,,,
9229,15437,عاست,رووبەرو( لاعاست تۆ چاوم هەڵنایە),باروودۆخ,ناو,ناو,,ڕەگەز=بێلایەن,,HIGH,پۆل «باروودۆخ» has no home among the deck's ten (see unmapped.csv),432b11b0-059a-4486-9981-ae6a7fe0f1c4,sakar,,,,,
9232,15438,عاستەم,حاستەم,یەکەی پێوانە,ناو,ناو,,ڕەگەز=بێلایەن,,HIGH,پۆل «یەکەی پێوانە» has no home among the deck's ten (see unmapped.csv),432b11b0-059a-4486-9981-ae6a7fe0f1c4,sakar,,,,,
9235,15439,ئازەخ,بالوکە، بالوک، زیبکەی ئاسایی زەوی بێ ژانە لەدەست و پل دێت,نەخۆشی,ناو,ناو,زانستیی پزیشکی › نەخۆشی,ڕەگەز=بێلایەن,,HIGH,,f65f7d2f-996a-4df7-a10e-c6e846940032,ahmadaziz,,,,,
9237,15440,ئازەر,نۆھەمین مانگی ئێرانی بەرانبەر بە سەرماوەرز,وەرز و مانگەکان,ناو,ناو,,ڕەگەز=بێلایەن,,HIGH,پۆل «وەرز و مانگەکان» has no home among the deck's ten (see unmapped.csv),f65f7d2f-996a-4df7-a10e-c6e846940032,ahmadaziz,,,,,
9239,15441,ئازەنتی,مانا لێکدانەوە، شیکردنەوەی نوسراوێک بە نوسراوێک,ئەنجامدانی کارێک,کار,کار,,ڕەگەز=دوولایەن,,LOW,"پۆل «ئەنجامدانی کارێک» is really the part of speech «کار» — routed nowhere, needs a decision",f65f7d2f-996a-4df7-a10e-c6e846940032,ahmadaziz,,,,,
9240,15442,عاستەم و دوبەلانە,زۆرنزیک لەئەنجامی کار,ئەنجامدانی کارێک,ناو,ناو,,ڕەگەز=بێلایەن,,LOW,"پۆل «ئەنجامدانی کارێک» is really the part of speech «کار» — routed nowhere, needs a decision ; پۆل says «کار», جۆری وشە says «ناو» — they disagree",432b11b0-059a-4486-9981-ae6a7fe0f1c4,sakar,,,,,
9242,15443,ئازیز,خۆشەویست,سیفەت,ئاوەڵناو,هاوەڵناو,,,,LOW,"پۆل «سیفەت» is really the part of speech «هاوەڵناو» — routed nowhere, needs a decision",f65f7d2f-996a-4df7-a10e-c6e846940032,ahmadaziz,,,,,
9244,15444,عاسمان,ئاسمان,دۆخی کەشوھەوا,ناو,ناو,,ڕەگەز=بێلایەن,,HIGH,پۆل «دۆخی کەشوھەوا» has no home among the deck's ten (see unmapped.csv),432b11b0-059a-4486-9981-ae6a7fe0f1c4,sakar,,,,,
9246,15445,ئازیز مەردە,تازیە بار، خۆشەویست مردوو,کەس,ناو,ناو,ناو › کەس,ڕەگەز=دوولایەن,,HIGH,,f65f7d2f-996a-4df7-a10e-c6e846940032,ahmadaziz,,,,,
9247,15446,عاسمان ڕوشین,بڵندایی زۆربڵند,شوێن,ناو,ناو,ناو › شوێن,ڕەگەز=بێلایەن,,HIGH,,432b11b0-059a-4486-9981-ae6a7fe0f1c4,sakar,,,,,
9249,15447,ئازیزە,ناوی ھەوایەکی گۆرانی کۆنی کوردە,گۆرانی کوردی | ئەدەب,ناو,ناو,,ڕەگەز=بێلایەن,,HIGH,پۆل «گۆرانی کوردی» has no home among the deck's ten (see unmapped.csv) ; پۆل «ئەدەب» has no home among the deck's ten (see unmapped.csv),f65f7d2f-996a-4df7-a10e-c6e846940032,ahmadaziz,,,,,
9250,15448,عاسی,جێگەی هەڵەمووت و سەخت,شوێن,ناو,ناو,ناو › شوێن,ڕەگەز=بێلایەن,,HIGH,,432b11b0-059a-4486-9981-ae6a7fe0f1c4,sakar,,,,,
9251,15448,عاسی,گیرخواردوو،حاسیە,شوێن,ناو,ناو,ناو › شوێن,ڕەگەز=بێلایەن,,HIGH,,432b11b0-059a-4486-9981-ae6a7fe0f1c4,sakar,,,,,
9252,15448,عاسی,سەربزیوو,شوێن,ناو,ناو,ناو › شوێن,ڕەگەز=بێلایەن,,HIGH,,432b11b0-059a-4486-9981-ae6a7fe0f1c4,sakar,,,,,
9256,15449,ئاژ,بەرانبەری لوس و لێک، زبر و زور،,سیفەت,ئاوەڵناو,هاوەڵناو,,,,LOW,"پۆل «سیفەت» is really the part of speech «هاوەڵناو» — routed nowhere, needs a decision",f65f7d2f-996a-4df7-a10e-c6e846940032,ahmadaziz,,,,,
9257,15450,عاسیە,حاسیە،دژوار،عاسێ,شوێن,,,ناو › شوێن,ڕەگەز=بێلایەن,,LOW,word has no جۆری وشە at all,432b11b0-059a-4486-9981-ae6a7fe0f1c4,sakar,,,,,
9259,15451,ئاژاژک,باوێشک، لەبەر خەو دەم داچەقاندن,سیفەت,ئاوەڵناو,هاوەڵناو,,,,LOW,"پۆل «سیفەت» is really the part of speech «هاوەڵناو» — routed nowhere, needs a decision",f65f7d2f-996a-4df7-a10e-c6e846940032,ahmadaziz,,,,,
9261,15452,دارگورد,داری نێوان رایەڵی تەون,کەرەستە,ناو,ناو,کولتووری › کەرەستە,,,HIGH,,fbaa1310-1a57-4439-b4e4-2b6fb312b455,banazhamad,,,,,
9263,15453,دارگوز,دارێ کە بەتەڵەوە دەیبەستن تانچیر نەتوانێ بیبا,کەرەستە,ناو,ناو,کولتووری › کەرەستە,,,HIGH,,fbaa1310-1a57-4439-b4e4-2b6fb312b455,banazhamad,,,,,
9265,15454,دارگوزدین,دارێ کە لەتۆپێندا لەتۆپی دەدەن,کەرەستە,ناو,ناو,کولتووری › کەرەستە,,,HIGH,,fbaa1310-1a57-4439-b4e4-2b6fb312b455,banazhamad,,,,,
9267,15455,عاشتەبا,هیچ شت،حاشتەبا,یەکەی پێوانە,ناو,ناو,,ڕەگەز=بێلایەن,,HIGH,پۆل «یەکەی پێوانە» has no home among the deck's ten (see unmapped.csv),432b11b0-059a-4486-9981-ae6a7fe0f1c4,sakar,,,,,
9269,15456,داڕمان,روخانی سەربەرەوژێر,ئەنجامدانی کارێک,چاوگ,چاوگ,,,,LOW,"پۆل «ئەنجامدانی کارێک» is really the part of speech «کار» — routed nowhere, needs a decision ; پۆل says «کار», جۆری وشە says «چاوگ» — they disagree",fbaa1310-1a57-4439-b4e4-2b6fb312b455,banazhamad,,,,,
9271,15457,عاشق,ئەڤیندار,هەست,ئاوەڵناو,هاوەڵناو,,ڕەگەز=دوولایەن,,HIGH,پۆل «هەست» has no home among the deck's ten (see unmapped.csv),432b11b0-059a-4486-9981-ae6a7fe0f1c4,sakar,,,,,
9273,15458,داڕماو,روخاو لەسەرەوە بۆ خوار,سیفەت,ئاوەڵناو,هاوەڵناو,,,,LOW,"پۆل «سیفەت» is really the part of speech «هاوەڵناو» — routed nowhere, needs a decision",fbaa1310-1a57-4439-b4e4-2b6fb312b455,banazhamad,,,,,
9275,15459,داڕماندن,روخاندن لەسەر بۆ خوار,ئەنجامدانی کارێک,چاوگ,چاوگ,,,,LOW,"پۆل «ئەنجامدانی کارێک» is really the part of speech «کار» — routed nowhere, needs a decision ; پۆل says «کار», جۆری وشە says «چاوگ» — they disagree",fbaa1310-1a57-4439-b4e4-2b6fb312b455,banazhamad,,,,,
9277,15460,داڕمانن,داڕماندن,ئەنجامدانی کارێک,چاوگ,چاوگ,,,,LOW,"پۆل «ئەنجامدانی کارێک» is really the part of speech «کار» — routed nowhere, needs a decision ; پۆل says «کار», جۆری وشە says «چاوگ» — they disagree",fbaa1310-1a57-4439-b4e4-2b6fb312b455,banazhamad,,,,,
9279,15461,داڕمین,داڕمان,ئەنجامدانی کارێک,چاوگ,چاوگ,,,,LOW,"پۆل «ئەنجامدانی کارێک» is really the part of speech «کار» — routed nowhere, needs a decision ; پۆل says «کار», جۆری وشە says «چاوگ» — they disagree",fbaa1310-1a57-4439-b4e4-2b6fb312b455,banazhamad,,,,,
9281,15462,داڕووتاو,داڕناو,سیفەت,ئاوەڵناو,هاوەڵناو,,,,LOW,"پۆل «سیفەت» is really the part of speech «هاوەڵناو» — routed nowhere, needs a decision",fbaa1310-1a57-4439-b4e4-2b6fb312b455,banazhamad,,,,,
9283,15463,داڕووتای,داڕووتاو,سیفەت,ئاوەڵناو,هاوەڵناو,,,,LOW,"پۆل «سیفەت» is really the part of speech «هاوەڵناو» — routed nowhere, needs a decision",fbaa1310-1a57-4439-b4e4-2b6fb312b455,banazhamad,,,,,
9285,15464,داڕوجان,دەنکێکی ڕەشە لەناو برنجدا,تۆوەکان,ناو,ناو,,,,HIGH,پۆل «تۆوەکان» has no home among the deck's ten (see unmapped.csv),fbaa1310-1a57-4439-b4e4-2b6fb312b455,banazhamad,,,,,
9289,15465,داروچکە,چیلکە,درەخت,ناو,ناو,,,,HIGH,پۆل «درەخت» has no home among the deck's ten (see unmapped.csv),fbaa1310-1a57-4439-b4e4-2b6fb312b455,banazhamad,,,,,
9290,15465,داروچکە,داری چکۆلە,درەخت,ناو,ناو,,,,HIGH,پۆل «درەخت» has no home among the deck's ten (see unmapped.csv),fbaa1310-1a57-4439-b4e4-2b6fb312b455,banazhamad,,,,,
9292,15466,سارد و سڕ,زۆر سارد,سیفەت,ناو,ناو,,ڕەگەز=بێلایەن,,LOW,"پۆل «سیفەت» is really the part of speech «هاوەڵناو» — routed nowhere, needs a decision ; پۆل says «هاوەڵناو», جۆری وشە says «ناو» — they disagree",28902dbf-4614-41c6-af7d-b36d8dc5fce6,parzhin,,,,,
9735,15467,ساردوسڕی,وەختی زۆر سارد:زستانان لە چەنگەی سارد و سڕیدا,سیفەت,ئاوەڵناو,هاوەڵناو,,ڕەگەز=بێلایەن,,LOW,"پۆل «سیفەت» is really the part of speech «هاوەڵناو» — routed nowhere, needs a decision",28902dbf-4614-41c6-af7d-b36d8dc5fce6,parzhin,,,,,
9294,15469,ئاژار,حاسڵاتی زەوی و زار,دانەوێڵە,دیارخەر,,,,,LOW,جۆری وشە «دیارخەر» has no equivalent among the seven ; پۆل «دانەوێڵە» has no home among the deck's ten (see unmapped.csv),f65f7d2f-996a-4df7-a10e-c6e846940032,ahmadaziz,,,,,
9296,15470,ئاژاشکە,موچرک، تەزو، موچرک، باوێشک,سیفەت | بارودۆخی جەستەیی,ئاوەڵناو,هاوەڵناو,زانستیی پزیشکی › بارودۆخی جەستەیی,,,LOW,"پۆل «سیفەت» is really the part of speech «هاوەڵناو» — routed nowhere, needs a decision",f65f7d2f-996a-4df7-a10e-c6e846940032,ahmadaziz,,,,,
9298,15471,حەیاز,چقە,ئاژەڵ,,,زیندەوەرزانی › ئاژەڵ,,,LOW,word has no جۆری وشە at all,d53e0d86-01bb-4950-863e-beb1e3d81ccf,shkoskur,,,,,
9299,15471,حەیاز,پاژنەی کەڵەشێر,ئاژەڵ,,,زیندەوەرزانی › ئاژەڵ,,,LOW,word has no جۆری وشە at all,d53e0d86-01bb-4950-863e-beb1e3d81ccf,shkoskur,,,,,
9300,15472,حەیام,دەورەزەمانە,باروودۆخ,ئاوەڵکار,هاوەڵکار,,,,HIGH,پۆل «باروودۆخ» has no home among the deck's ten (see unmapped.csv),d53e0d86-01bb-4950-863e-beb1e3d81ccf,shkoskur,,,,,
9301,15473,حەیان,زانراو,دەستەواژە,ناو,ناو,,,,HIGH,پۆل «دەستەواژە» has no home among the deck's ten (see unmapped.csv),d53e0d86-01bb-4950-863e-beb1e3d81ccf,shkoskur,,,,,
9303,15473,حەیان,ڕوونبوونەوە و دەرکەوتنی ڕووووداوێک یا شێتک (لێم حەیان  بوو،  مووچە دوا دەکەوێت.),دەستەواژە,ناو,ناو,,,,HIGH,پۆل «دەستەواژە» has no home among the deck's ten (see unmapped.csv),d53e0d86-01bb-4950-863e-beb1e3d81ccf,shkoskur,,,,,
9304,15474,حەیب,شورەیی,,ئاوەڵکار,هاوەڵکار,,,,HIGH,,d53e0d86-01bb-4950-863e-beb1e3d81ccf,shkoskur,,,,,
9306,15474,حەیب,کەموکوڕی (سەیارەکە بێحەیبە),,ئاوەڵکار,هاوەڵکار,,,,HIGH,,d53e0d86-01bb-4950-863e-beb1e3d81ccf,shkoskur,,,,,
9307,15475,حەیبدار,زەدەدار,,,,,,,LOW,word has no جۆری وشە at all,d53e0d86-01bb-4950-863e-beb1e3d81ccf,shkoskur,,,,,
9309,15476,حەیبەت,مەترسی,باروودۆخ,ئاوەڵناو,هاوەڵناو,,,,HIGH,پۆل «باروودۆخ» has no home among the deck's ten (see unmapped.csv),d53e0d86-01bb-4950-863e-beb1e3d81ccf,shkoskur,,,,,
9310,15476,حەیبەت,سام و ترس,باروودۆخ,ئاوەڵناو,هاوەڵناو,,,,HIGH,پۆل «باروودۆخ» has no home among the deck's ten (see unmapped.csv),d53e0d86-01bb-4950-863e-beb1e3d81ccf,shkoskur,,,,,
9311,15476,حەیبەت,بەشکۆ و خاوەن قەدر,باروودۆخ,ئاوەڵناو,هاوەڵناو,,,,HIGH,پۆل «باروودۆخ» has no home among the deck's ten (see unmapped.csv),d53e0d86-01bb-4950-863e-beb1e3d81ccf,shkoskur,,,,,
9314,15477,حەیتە,زەلامی زلحۆرت و گەورە,مرۆڤ | سیفەت | دەستەواژە | شتێک پیاو لێی سەرسام بێت,ئاوەڵکار,هاوەڵکار,کولتووری › مرۆڤ,,,LOW,"پۆل «سیفەت» is really the part of speech «هاوەڵناو» — routed nowhere, needs a decision ; پۆل «دەستەواژە» has no home among the deck's ten (see unmapped.csv) ; پۆل «شتێک پیاو لێی سەرسام بێت» has no home among the deck's ten (see unmapped.csv) ; پۆل says «هاوەڵناو», جۆری وشە says «هاوەڵکار» — they disagree",d53e0d86-01bb-4950-863e-beb1e3d81ccf,shkoskur,,,,,
9315,15477,حەیتە,پیاوی بەردەستی ئاغا,مرۆڤ | سیفەت | دەستەواژە | شتێک پیاو لێی سەرسام بێت,ئاوەڵکار,هاوەڵکار,کولتووری › مرۆڤ,,,LOW,"پۆل «سیفەت» is really the part of speech «هاوەڵناو» — routed nowhere, needs a decision ; پۆل «دەستەواژە» has no home among the deck's ten (see unmapped.csv) ; پۆل «شتێک پیاو لێی سەرسام بێت» has no home among the deck's ten (see unmapped.csv) ; پۆل says «هاوەڵناو», جۆری وشە says «هاوەڵکار» — they disagree",d53e0d86-01bb-4950-863e-beb1e3d81ccf,shkoskur,,,,,
9316,15477,حەیتە,هاواروداد,مرۆڤ | سیفەت | دەستەواژە | شتێک پیاو لێی سەرسام بێت,ئاوەڵکار,هاوەڵکار,کولتووری › مرۆڤ,,,LOW,"پۆل «سیفەت» is really the part of speech «هاوەڵناو» — routed nowhere, needs a decision ; پۆل «دەستەواژە» has no home among the deck's ten (see unmapped.csv) ; پۆل «شتێک پیاو لێی سەرسام بێت» has no home among the deck's ten (see unmapped.csv) ; پۆل says «هاوەڵناو», جۆری وشە says «هاوەڵکار» — they disagree",d53e0d86-01bb-4950-863e-beb1e3d81ccf,shkoskur,,,,,
9317,15477,حەیتە,بۆ تێخورینیش بەکاردێت (دە حەیتە بە),مرۆڤ | سیفەت | دەستەواژە | شتێک پیاو لێی سەرسام بێت,ئاوەڵکار,هاوەڵکار,کولتووری › مرۆڤ,,,LOW,"پۆل «سیفەت» is really the part of speech «هاوەڵناو» — routed nowhere, needs a decision ; پۆل «دەستەواژە» has no home among the deck's ten (see unmapped.csv) ; پۆل «شتێک پیاو لێی سەرسام بێت» has no home among the deck's ten (see unmapped.csv) ; پۆل says «هاوەڵناو», جۆری وشە says «هاوەڵکار» — they disagree",d53e0d86-01bb-4950-863e-beb1e3d81ccf,shkoskur,,,,,
9318,15478,حەیچە,هاواروداد,,,,,,,LOW,word has no جۆری وشە at all,d53e0d86-01bb-4950-863e-beb1e3d81ccf,shkoskur,,,,,
9319,15479,حەی حەی,وشەی سەرسوڕمانە,وشەی سەرسوڕمان | شتێک پیاو لێی سەرسام بێت,,,,,,LOW,word has no جۆری وشە at all ; پۆل «وشەی سەرسوڕمان» has no home among the deck's ten (see unmapped.csv) ; پۆل «شتێک پیاو لێی سەرسام بێت» has no home among the deck's ten (see unmapped.csv),d53e0d86-01bb-4950-863e-beb1e3d81ccf,shkoskur,,,,,
9320,15480,حەیرا,هۆ فڵانکەس,بانگکردن,,,,,,LOW,word has no جۆری وشە at all ; پۆل «بانگکردن» has no home among the deck's ten (see unmapped.csv),d53e0d86-01bb-4950-863e-beb1e3d81ccf,shkoskur,,,,,
9327,15481,حەیران,عاشق,دەنگ | هەست | ژانەر | گۆرانی کوردی | شتێک پیاو لێی سەرسام بێت | زمانەوانی | ئەدەب | کەلتووری | چیرۆک,ناو,ناو,,,,HIGH,پۆل «دەنگ» has no home among the deck's ten (see unmapped.csv) ; پۆل «هەست» has no home among the deck's ten (see unmapped.csv) ; پۆل «ژانەر» has no home among the deck's ten (see unmapped.csv) ; پۆل «گۆرانی کوردی» has no home among the deck's ten (see unmapped.csv) ; پۆل «شتێک پیاو لێی سەرسام بێت» has no home among the deck's ten (see unmapped.csv) ; پۆل «زمانەوانی» has no home among the deck's ten (see unmapped.csv) ; پۆل «ئەدەب» has no home among the deck's ten (see unmapped.csv) ; پۆل «کەلتووری» has no home among the deck's ten (see unmapped.csv) ; پۆل «چیرۆک» has no home among the deck's ten (see unmapped.csv),d53e0d86-01bb-4950-863e-beb1e3d81ccf,shkoskur,,,,,
9328,15481,حەیران,ئەویندار,دەنگ | هەست | ژانەر | گۆرانی کوردی | شتێک پیاو لێی سەرسام بێت | زمانەوانی | ئەدەب | کەلتووری | چیرۆک,ناو,ناو,,,,HIGH,پۆل «دەنگ» has no home among the deck's ten (see unmapped.csv) ; پۆل «هەست» has no home among the deck's ten (see unmapped.csv) ; پۆل «ژانەر» has no home among the deck's ten (see unmapped.csv) ; پۆل «گۆرانی کوردی» has no home among the deck's ten (see unmapped.csv) ; پۆل «شتێک پیاو لێی سەرسام بێت» has no home among the deck's ten (see unmapped.csv) ; پۆل «زمانەوانی» has no home among the deck's ten (see unmapped.csv) ; پۆل «ئەدەب» has no home among the deck's ten (see unmapped.csv) ; پۆل «کەلتووری» has no home among the deck's ten (see unmapped.csv) ; پۆل «چیرۆک» has no home among the deck's ten (see unmapped.csv),d53e0d86-01bb-4950-863e-beb1e3d81ccf,shkoskur,,,,,
9329,15481,حەیران,حاڵەتێکە مرۆڤ تووشی دەبێت  نازانێت چی بکات,دەنگ | هەست | ژانەر | گۆرانی کوردی | شتێک پیاو لێی سەرسام بێت | زمانەوانی | ئەدەب | کەلتووری | چیرۆک,ناو,ناو,,,,HIGH,پۆل «دەنگ» has no home among the deck's ten (see unmapped.csv) ; پۆل «هەست» has no home among the deck's ten (see unmapped.csv) ; پۆل «ژانەر» has no home among the deck's ten (see unmapped.csv) ; پۆل «گۆرانی کوردی» has no home among the deck's ten (see unmapped.csv) ; پۆل «شتێک پیاو لێی سەرسام بێت» has no home among the deck's ten (see unmapped.csv) ; پۆل «زمانەوانی» has no home among the deck's ten (see unmapped.csv) ; پۆل «ئەدەب» has no home among the deck's ten (see unmapped.csv) ; پۆل «کەلتووری» has no home among the deck's ten (see unmapped.csv) ; پۆل «چیرۆک» has no home among the deck's ten (see unmapped.csv),d53e0d86-01bb-4950-863e-beb1e3d81ccf,shkoskur,,,,,
9330,15481,حەیران,بەندەوار,دەنگ | هەست | ژانەر | گۆرانی کوردی | شتێک پیاو لێی سەرسام بێت | زمانەوانی | ئەدەب | کەلتووری | چیرۆک,ناو,ناو,,,,HIGH,پۆل «دەنگ» has no home among the deck's ten (see unmapped.csv) ; پۆل «هەست» has no home among the deck's ten (see unmapped.csv) ; پۆل «ژانەر» has no home among the deck's ten (see unmapped.csv) ; پۆل «گۆرانی کوردی» has no home among the deck's ten (see unmapped.csv) ; پۆل «شتێک پیاو لێی سەرسام بێت» has no home among the deck's ten (see unmapped.csv) ; پۆل «زمانەوانی» has no home among the deck's ten (see unmapped.csv) ; پۆل «ئەدەب» has no home among the deck's ten (see unmapped.csv) ; پۆل «کەلتووری» has no home among the deck's ten (see unmapped.csv) ; پۆل «چیرۆک» has no home among the deck's ten (see unmapped.csv),d53e0d86-01bb-4950-863e-beb1e3d81ccf,shkoskur,,,,,
9331,15481,حەیران,سەرلێشێواو,دەنگ | هەست | ژانەر | گۆرانی کوردی | شتێک پیاو لێی سەرسام بێت | زمانەوانی | ئەدەب | کەلتووری | چیرۆک,ناو,ناو,,,,HIGH,پۆل «دەنگ» has no home among the deck's ten (see unmapped.csv) ; پۆل «هەست» has no home among the deck's ten (see unmapped.csv) ; پۆل «ژانەر» has no home among the deck's ten (see unmapped.csv) ; پۆل «گۆرانی کوردی» has no home among the deck's ten (see unmapped.csv) ; پۆل «شتێک پیاو لێی سەرسام بێت» has no home among the deck's ten (see unmapped.csv) ; پۆل «زمانەوانی» has no home among the deck's ten (see unmapped.csv) ; پۆل «ئەدەب» has no home among the deck's ten (see unmapped.csv) ; پۆل «کەلتووری» has no home among the deck's ten (see unmapped.csv) ; پۆل «چیرۆک» has no home among the deck's ten (see unmapped.csv),d53e0d86-01bb-4950-863e-beb1e3d81ccf,shkoskur,,,,,
9332,15481,حەیران,جۆرێکی گوتنە فۆلکلۆرییەکانی نەتەوەی کوردە، زیاتر داستانی عاشقانە و ئەفسانە و چیرۆکە لەسەر شێوەی وتنێکی حەزین و هەسبزوێن دەگوترێت. (شکۆ شکور),دەنگ | هەست | ژانەر | گۆرانی کوردی | شتێک پیاو لێی سەرسام بێت | زمانەوانی | ئەدەب | کەلتووری | چیرۆک,ناو,ناو,,,,HIGH,پۆل «دەنگ» has no home among the deck's ten (see unmapped.csv) ; پۆل «هەست» has no home among the deck's ten (see unmapped.csv) ; پۆل «ژانەر» has no home among the deck's ten (see unmapped.csv) ; پۆل «گۆرانی کوردی» has no home among the deck's ten (see unmapped.csv) ; پۆل «شتێک پیاو لێی سەرسام بێت» has no home among the deck's ten (see unmapped.csv) ; پۆل «زمانەوانی» has no home among the deck's ten (see unmapped.csv) ; پۆل «ئەدەب» has no home among the deck's ten (see unmapped.csv) ; پۆل «کەلتووری» has no home among the deck's ten (see unmapped.csv) ; پۆل «چیرۆک» has no home among the deck's ten (see unmapped.csv),d53e0d86-01bb-4950-863e-beb1e3d81ccf,shkoskur,,,,,
9333,15482,حەیز,دەستەواژەیەکی فیقهییە,دەستەواژە | بارودۆخی جەستەیی,ناو,ناو,زانستیی پزیشکی › بارودۆخی جەستەیی,ڕەگەز=مێ,,HIGH,پۆل «دەستەواژە» has no home among the deck's ten (see unmapped.csv),d53e0d86-01bb-4950-863e-beb1e3d81ccf,shkoskur,,,,,
9334,15482,حەیز,بێنوێژی ئافرەت بەهۆی  سوڕی مانگانەوە، کە  ٢٨ ڕۆژ  (کەمتر یا زیاتر) توشی دەبێت بۆ ماوەی ٥ بۆ ٧ ڕۆژ، کە تێیدا  نوێژ و ڕۆژووی وەک واجبی لەسەر لا دەجێت. (شکۆ شکور),دەستەواژە | بارودۆخی جەستەیی,ناو,ناو,زانستیی پزیشکی › بارودۆخی جەستەیی,ڕەگەز=مێ,,HIGH,پۆل «دەستەواژە» has no home among the deck's ten (see unmapped.csv),d53e0d86-01bb-4950-863e-beb1e3d81ccf,shkoskur,,,,,
9335,15482,حەیز,بێنوێژی ئافرەت,دەستەواژە | بارودۆخی جەستەیی,ناو,ناو,زانستیی پزیشکی › بارودۆخی جەستەیی,ڕەگەز=مێ,,HIGH,پۆل «دەستەواژە» has no home among the deck's ten (see unmapped.csv),d53e0d86-01bb-4950-863e-beb1e3d81ccf,shkoskur,,,,,
9336,15483,شار,ئاوەدانی گەورەی بە دوکان و بازار، باژێر,شوێن | دۆخی ماددە | چار شێوی ژنان | زیندەوەر,ناو,ناو,ناو › شوێن,,,HIGH,پۆل «دۆخی ماددە» has no home among the deck's ten (see unmapped.csv) ; پۆل «چار شێوی ژنان» has no home among the deck's ten (see unmapped.csv) ; پۆل «زیندەوەر» has no home among the deck's ten (see unmapped.csv),a09069b2-3fc6-4c25-8516-d6e452cd7199,Glena,,,,,
9337,15483,شار,سەری مەیدانی وازی,شوێن | دۆخی ماددە | چار شێوی ژنان | زیندەوەر,ناو,ناو,ناو › شوێن,,,HIGH,پۆل «دۆخی ماددە» has no home among the deck's ten (see unmapped.csv) ; پۆل «چار شێوی ژنان» has no home among the deck's ten (see unmapped.csv) ; پۆل «زیندەوەر» has no home among the deck's ten (see unmapped.csv),a09069b2-3fc6-4c25-8516-d6e452cd7199,Glena,,,,,
9338,15483,شار,ماڵی مێروولە و زەردەواڵە,شوێن | دۆخی ماددە | چار شێوی ژنان | زیندەوەر,ناو,ناو,ناو › شوێن,,,HIGH,پۆل «دۆخی ماددە» has no home among the deck's ten (see unmapped.csv) ; پۆل «چار شێوی ژنان» has no home among the deck's ten (see unmapped.csv) ; پۆل «زیندەوەر» has no home among the deck's ten (see unmapped.csv),a09069b2-3fc6-4c25-8516-d6e452cd7199,Glena,,,,,
9339,15483,شار,پاشگر بە واتا: ڕێک کوشین,شوێن | دۆخی ماددە | چار شێوی ژنان | زیندەوەر,ناو,ناو,ناو › شوێن,,,HIGH,پۆل «دۆخی ماددە» has no home among the deck's ten (see unmapped.csv) ; پۆل «چار شێوی ژنان» has no home among the deck's ten (see unmapped.csv) ; پۆل «زیندەوەر» has no home among the deck's ten (see unmapped.csv),a09069b2-3fc6-4c25-8516-d6e452cd7199,Glena,,,,,
9340,15483,شار,داخی، گەرمی,شوێن | دۆخی ماددە | چار شێوی ژنان | زیندەوەر,ناو,ناو,ناو › شوێن,,,HIGH,پۆل «دۆخی ماددە» has no home among the deck's ten (see unmapped.csv) ; پۆل «چار شێوی ژنان» has no home among the deck's ten (see unmapped.csv) ; پۆل «زیندەوەر» has no home among the deck's ten (see unmapped.csv),a09069b2-3fc6-4c25-8516-d6e452cd7199,Glena,,,,,
9341,15483,شار,سەرپۆشی ژنانە,شوێن | دۆخی ماددە | چار شێوی ژنان | زیندەوەر,ناو,ناو,ناو › شوێن,,,HIGH,پۆل «دۆخی ماددە» has no home among the deck's ten (see unmapped.csv) ; پۆل «چار شێوی ژنان» has no home among the deck's ten (see unmapped.csv) ; پۆل «زیندەوەر» has no home among the deck's ten (see unmapped.csv),a09069b2-3fc6-4c25-8516-d6e452cd7199,Glena,,,,,
9342,15483,شار,دەسرۆکەی دەوری کڵاوی لباد,شوێن | دۆخی ماددە | چار شێوی ژنان | زیندەوەر,ناو,ناو,ناو › شوێن,,,HIGH,پۆل «دۆخی ماددە» has no home among the deck's ten (see unmapped.csv) ; پۆل «چار شێوی ژنان» has no home among the deck's ten (see unmapped.csv) ; پۆل «زیندەوەر» has no home among the deck's ten (see unmapped.csv),a09069b2-3fc6-4c25-8516-d6e452cd7199,Glena,,,,,
9350,15484,شارا,ماسولکەی گەنم لەسەر خەرمان,کەرەستە | گژوگیا,ناو,ناو,کولتووری › کەرەستە,,,HIGH,پۆل «گژوگیا» has no home among the deck's ten (see unmapped.csv),a09069b2-3fc6-4c25-8516-d6e452cd7199,Glena,,,,,
9351,15484,شارا,کەمێ لە خۆیان کە لە درێژەوەیە,کەرەستە | گژوگیا,ناو,ناو,کولتووری › کەرەستە,,,HIGH,پۆل «گژوگیا» has no home among the deck's ten (see unmapped.csv),a09069b2-3fc6-4c25-8516-d6e452cd7199,Glena,,,,,
9352,15484,شارا,کای نێوان دیوارەی چاڵ و دەخڵ,کەرەستە | گژوگیا,ناو,ناو,کولتووری › کەرەستە,,,HIGH,پۆل «گژوگیا» has no home among the deck's ten (see unmapped.csv),a09069b2-3fc6-4c25-8516-d6e452cd7199,Glena,,,,,
9353,15484,شارا,گیشەی دەخڵی درواو,کەرەستە | گژوگیا,ناو,ناو,کولتووری › کەرەستە,,,HIGH,پۆل «گژوگیا» has no home among the deck's ten (see unmapped.csv),a09069b2-3fc6-4c25-8516-d6e452cd7199,Glena,,,,,
9358,15485,شاران,گەردانەی لە گوێز و بادام,شوێن | چار شێوی ژنان,ناو,ناو,ناو › شوێن,,,HIGH,پۆل «چار شێوی ژنان» has no home among the deck's ten (see unmapped.csv),a09069b2-3fc6-4c25-8516-d6e452cd7199,Glena,,,,,
9359,15485,شاران,چەند باژێر,شوێن | چار شێوی ژنان,ناو,ناو,ناو › شوێن,,,HIGH,پۆل «چار شێوی ژنان» has no home among the deck's ten (see unmapped.csv),a09069b2-3fc6-4c25-8516-d6e452cd7199,Glena,,,,,
9362,15486,شارانگەر,گەریدە بە باژێراندا,کەس | ئەنجامدانی کارێک,ناو | کار,,ناو › کەس,,,LOW,"word carries several parts of speech (ناو / کار); a sense may only have one ; پۆل «ئەنجامدانی کارێک» is really the part of speech «کار» — routed nowhere, needs a decision",a09069b2-3fc6-4c25-8516-d6e452cd7199,Glena,,,,,
9364,15487,شارانگەشت,شارانگەر,کەس | ئەنجامدانی کارێک,ناو | کار,,ناو › کەس,,,LOW,"word carries several parts of speech (ناو / کار); a sense may only have one ; پۆل «ئەنجامدانی کارێک» is really the part of speech «کار» — routed nowhere, needs a decision",a09069b2-3fc6-4c25-8516-d6e452cd7199,Glena,,,,,
9366,15488,شاراوە,بە نهێنی تاقەت کراو,چەمک,,,,,,LOW,word has no جۆری وشە at all ; پۆل «چەمک» has no home among the deck's ten (see unmapped.csv),a09069b2-3fc6-4c25-8516-d6e452cd7199,Glena,,,,,
9368,15489,شاربەدەر,لە ئاوایی درکراو,چەمک,ئاوەڵناو,هاوەڵناو,,,,HIGH,پۆل «چەمک» has no home among the deck's ten (see unmapped.csv),a09069b2-3fc6-4c25-8516-d6e452cd7199,Glena,,,,,
9370,15490,شاردار,دارۆغە,پیشە,ناو,ناو,,,,HIGH,پۆل «پیشە» has no home among the deck's ten (see unmapped.csv),a09069b2-3fc6-4c25-8516-d6e452cd7199,Glena,,,,,
9372,15491,شاردراوە,شاراوە,چەمک,ئاوەڵناو,هاوەڵناو,,,,HIGH,پۆل «چەمک» has no home among the deck's ten (see unmapped.csv),a09069b2-3fc6-4c25-8516-d6e452cd7199,Glena,,,,,
9374,15492,شاردن,بە نهێنی تاقەت کراو,چەمک,ئاوەڵناو,هاوەڵناو,,,,HIGH,پۆل «چەمک» has no home among the deck's ten (see unmapped.csv),a09069b2-3fc6-4c25-8516-d6e452cd7199,Glena,,,,,
9376,15493,شاردنەوە,شاردن,چەمک,ئاوەڵناو,هاوەڵناو,,,,HIGH,پۆل «چەمک» has no home among the deck's ten (see unmapped.csv),a09069b2-3fc6-4c25-8516-d6e452cd7199,Glena,,,,,
9378,15494,شار راوە,شاراوە,چەمک,ئاوەڵناو,هاوەڵناو,,,,HIGH,پۆل «چەمک» has no home among the deck's ten (see unmapped.csv),a09069b2-3fc6-4c25-8516-d6e452cd7199,Glena,,,,,
9380,15495,شارسان,شار,شوێن,ناو,ناو,ناو › شوێن,,,HIGH,,a09069b2-3fc6-4c25-8516-d6e452cd7199,Glena,,,,,
9382,15496,شارسانی,خەڵکی شار، باژێرێ,مرۆڤ,ناو,ناو,کولتووری › مرۆڤ,,,HIGH,,a09069b2-3fc6-4c25-8516-d6e452cd7199,Glena,,,,,
9384,15497,شارستان,شارسان,شوێن | چەمک,,,ناو › شوێن,,,LOW,word has no جۆری وشە at all ; پۆل «چەمک» has no home among the deck's ten (see unmapped.csv),a09069b2-3fc6-4c25-8516-d6e452cd7199,Glena,,,,,
9386,15498,شارستانی,شارسانی,شوێن | چەمک,ناو,ناو,ناو › شوێن,,,HIGH,پۆل «چەمک» has no home among the deck's ten (see unmapped.csv),a09069b2-3fc6-4c25-8516-d6e452cd7199,Glena,,,,,
9388,15499,شارستانێتی,ژیانی شارستان، ژیاری,شوێن | چەمک,ناو,ناو,ناو › شوێن,,,HIGH,پۆل «چەمک» has no home among the deck's ten (see unmapped.csv),a09069b2-3fc6-4c25-8516-d6e452cd7199,Glena,,,,,
9390,15500,شارستانیەتی,شارستانێتی,شوێن | چەمک,ناو,ناو,ناو › شوێن,,,HIGH,پۆل «چەمک» has no home among the deck's ten (see unmapped.csv),a09069b2-3fc6-4c25-8516-d6e452cd7199,Glena,,,,,
9392,15501,شارستێن,شارستان,شوێن,ناو,ناو,ناو › شوێن,,,HIGH,,a09069b2-3fc6-4c25-8516-d6e452cd7199,Glena,,,,,
9393,15501,شارستێن,ناوی گوندێکە لە موکوریان,شوێن,ناو,ناو,ناو › شوێن,,,HIGH,,a09069b2-3fc6-4c25-8516-d6e452cd7199,Glena,,,,,
9394,15501,شارستێن,گوندێکە لە کوردستان بەعسی وێرانی کرد,شوێن,ناو,ناو,ناو › شوێن,,,HIGH,,a09069b2-3fc6-4c25-8516-d6e452cd7199,Glena,,,,,
9398,15502,شارستێنە,شارستان,شوێن,ناو,ناو,ناو › شوێن,,,HIGH,,a09069b2-3fc6-4c25-8516-d6e452cd7199,Glena,,,,,
9399,15502,شارستێنە,ناوی گوندێکە لە کوردستان,شوێن,ناو,ناو,ناو › شوێن,,,HIGH,,a09069b2-3fc6-4c25-8516-d6e452cd7199,Glena,,,,,
9402,15503,شارسێنە,گوندێکە لە کوردستان بەعسی وێرانی کرد,شوێن,ناو,ناو,ناو › شوێن,,,HIGH,,a09069b2-3fc6-4c25-8516-d6e452cd7199,Glena,,,,,
9404,15504,شارگر,وشەیەکە لە بازی چاوشارکێدا,یاری,ناو,ناو,کولتووری › یاری,,,HIGH,,a09069b2-3fc6-4c25-8516-d6e452cd7199,Glena,,,,,
9406,15505,شارگە,حەشارگە، ڕەبەت، سیپە,شوێن,ناو,ناو,ناو › شوێن,,,HIGH,,a09069b2-3fc6-4c25-8516-d6e452cd7199,Glena,,,,,
9408,15506,شارۆ,پاشەرۆک,دانەوێڵە,ناو,ناو,,,,HIGH,پۆل «دانەوێڵە» has no home among the deck's ten (see unmapped.csv),a09069b2-3fc6-4c25-8516-d6e452cd7199,Glena,,,,,
9409,15506,شارۆ,گیشە گەنم,دانەوێڵە,ناو,ناو,,,,HIGH,پۆل «دانەوێڵە» has no home among the deck's ten (see unmapped.csv),a09069b2-3fc6-4c25-8516-d6e452cd7199,Glena,,,,,
9410,15506,شارۆ,خۆیان، کۆکردنەوەی گەنمی درواو لەسەر جێ خەرمان,دانەوێڵە,ناو,ناو,,,,HIGH,پۆل «دانەوێڵە» has no home among the deck's ten (see unmapped.csv),a09069b2-3fc6-4c25-8516-d6e452cd7199,Glena,,,,,
9414,15507,شارواڵ,ئاواڵ کراسی بە گنجی ژنانە,جلوبەرگ,ناو,ناو,,ڕەگەز=دوولایەن,,HIGH,پۆل «جلوبەرگ» has no home among the deck's ten (see unmapped.csv),a09069b2-3fc6-4c25-8516-d6e452cd7199,Glena,,,,,
9415,15507,شارواڵ,پانتۆڵی پیاوانە,جلوبەرگ,ناو,ناو,,ڕەگەز=دوولایەن,,HIGH,پۆل «جلوبەرگ» has no home among the deck's ten (see unmapped.csv),a09069b2-3fc6-4c25-8516-d6e452cd7199,Glena,,,,,
9418,15508,شارۆخ,چەمیلە، ترۆزی، ترێزو,میوە | سەوزە,,,,,,LOW,word has no جۆری وشە at all ; پۆل «میوە» has no home among the deck's ten (see unmapped.csv) ; پۆل «سەوزە» has no home among the deck's ten (see unmapped.csv),a09069b2-3fc6-4c25-8516-d6e452cd7199,Glena,,,,,
9420,15509,شارود,مەلێکی زەردی ئاماڵ سەوزە,باڵندە,ناو,ناو,زیندەوەرزانی › باڵندە,ڕەگەز=دوولایەن,,HIGH,,a09069b2-3fc6-4c25-8516-d6e452cd7199,Glena,,,,,
9422,15510,شارور,شالول، گاوانی، سێرو، ڕەشۆڵە,ئەنجامدانی کارێک,ناو,ناو,,ڕەگەز=نێر,,LOW,"پۆل «ئەنجامدانی کارێک» is really the part of speech «کار» — routed nowhere, needs a decision ; پۆل says «کار», جۆری وشە says «ناو» — they disagree",a09069b2-3fc6-4c25-8516-d6e452cd7199,Glena,,,,,
9424,15511,شارۆق,شارۆخ,میوە | سەوزە,ناو,ناو,,,,HIGH,پۆل «میوە» has no home among the deck's ten (see unmapped.csv) ; پۆل «سەوزە» has no home among the deck's ten (see unmapped.csv),a09069b2-3fc6-4c25-8516-d6e452cd7199,Glena,,,,,
9426,15512,شارۆکە,شاری بچووک، قەسەبچە,شوێن,ناو,ناو,ناو › شوێن,,,HIGH,,a09069b2-3fc6-4c25-8516-d6e452cd7199,Glena,,,,,
9428,15513,شارۆکە,شارۆکە,شوێن,ناو,ناو,ناو › شوێن,,,HIGH,,a09069b2-3fc6-4c25-8516-d6e452cd7199,Glena,,,,,
9430,15514,شاروەری,باژێری، ژیان لە شار,شوێن | باروودۆخ,هیتر,,ناو › شوێن,,,LOW,جۆری وشە «هیتر» has no equivalent among the seven ; پۆل «باروودۆخ» has no home among the deck's ten (see unmapped.csv),a09069b2-3fc6-4c25-8516-d6e452cd7199,Glena,,,,,
9432,15515,شاروێران,مەڵبەندێکە لە موکوریان,شوێن,ناو,ناو,ناو › شوێن,,,HIGH,,a09069b2-3fc6-4c25-8516-d6e452cd7199,Glena,,,,,
9434,15516,شارە,ماسولکەی گەنم لەسەر خەرمان,گژوگیا | دانەوێڵە,ناو,ناو,,,,HIGH,پۆل «گژوگیا» has no home among the deck's ten (see unmapped.csv) ; پۆل «دانەوێڵە» has no home among the deck's ten (see unmapped.csv),a09069b2-3fc6-4c25-8516-d6e452cd7199,Glena,,,,,
9435,15516,شارە,کەمێ لەخۆیان کە لە ژێرەوەیە,گژوگیا | دانەوێڵە,ناو,ناو,,,,HIGH,پۆل «گژوگیا» has no home among the deck's ten (see unmapped.csv) ; پۆل «دانەوێڵە» has no home among the deck's ten (see unmapped.csv),a09069b2-3fc6-4c25-8516-d6e452cd7199,Glena,,,,,
9436,15516,شارە,کای نێوان دیوارەی چاڵ و دەخڵ,گژوگیا | دانەوێڵە,ناو,ناو,,,,HIGH,پۆل «گژوگیا» has no home among the deck's ten (see unmapped.csv) ; پۆل «دانەوێڵە» has no home among the deck's ten (see unmapped.csv),a09069b2-3fc6-4c25-8516-d6e452cd7199,Glena,,,,,
9437,15516,شارە,گیشەی دەخڵی درواو,گژوگیا | دانەوێڵە,ناو,ناو,,,,HIGH,پۆل «گژوگیا» has no home among the deck's ten (see unmapped.csv) ; پۆل «دانەوێڵە» has no home among the deck's ten (see unmapped.csv),a09069b2-3fc6-4c25-8516-d6e452cd7199,Glena,,,,,
9442,15517,شارەدێ,گوندی زۆر قەوغا,گوند,ناو,ناو,,,,HIGH,پۆل «گوند» has no home among the deck's ten (see unmapped.csv),a09069b2-3fc6-4c25-8516-d6e452cd7199,Glena,,,,,
9444,15518,شارەزا,بەڵەد، بەڕێگەزان,چەمک,ئاوەڵناو,هاوەڵناو,,,,HIGH,پۆل «چەمک» has no home among the deck's ten (see unmapped.csv),a09069b2-3fc6-4c25-8516-d6e452cd7199,Glena,,,,,
9445,15518,شارەزا,زانا لە کاروبار,چەمک,ئاوەڵناو,هاوەڵناو,,,,HIGH,پۆل «چەمک» has no home among the deck's ten (see unmapped.csv),a09069b2-3fc6-4c25-8516-d6e452cd7199,Glena,,,,,
9448,15519,شارەزایی,بەڵەدی، ڕێ ناسی,چەمک,ئاوەڵناو,هاوەڵناو,,,,HIGH,پۆل «چەمک» has no home among the deck's ten (see unmapped.csv),a09069b2-3fc6-4c25-8516-d6e452cd7199,Glena,,,,,
9449,15519,شارەزایی,پسپۆڕی,چەمک,ئاوەڵناو,هاوەڵناو,,,,HIGH,پۆل «چەمک» has no home among the deck's ten (see unmapped.csv),a09069b2-3fc6-4c25-8516-d6e452cd7199,Glena,,,,,
9452,15520,شارەزور,مەڵبەندێکی پان و بەرین لە کوردستان,شوێن,ناو,ناو,ناو › شوێن,,,HIGH,,a09069b2-3fc6-4c25-8516-d6e452cd7199,Glena,,,,,
9454,15521,شارەگ,شادەمار,ئەندامی جەستە,ناو,ناو,زانستیی پزیشکی › ئەندامی جەستە,,,HIGH,,a09069b2-3fc6-4c25-8516-d6e452cd7199,Glena,,,,,
9456,15522,شارە گرد,لەو گوندانەی کوردستانە کە بەعسی کاولیان کرد,گوند,ناو,ناو,,,,HIGH,پۆل «گوند» has no home among the deck's ten (see unmapped.csv),a09069b2-3fc6-4c25-8516-d6e452cd7199,Glena,,,,,
9458,15523,شارەمرۆچە,کونی مێرولان,شوێن,ناو,ناو,ناو › شوێن,,,HIGH,,a09069b2-3fc6-4c25-8516-d6e452cd7199,Glena,,,,,
9460,15524,شارەمێروو,شارە مروچە,شوێن,ناو,ناو,ناو › شوێن,,,HIGH,,a09069b2-3fc6-4c25-8516-d6e452cd7199,Glena,,,,,
9462,15525,شارەوان,دارۆغە,مرۆڤ | پیشە,ناو,ناو,کولتووری › مرۆڤ,,,HIGH,پۆل «پیشە» has no home among the deck's ten (see unmapped.csv),a09069b2-3fc6-4c25-8516-d6e452cd7199,Glena,,,,,
9464,15526,شارەوانی,بنکەی دارۆغەی شار,شوێن,ناو,ناو,ناو › شوێن,,,HIGH,,a09069b2-3fc6-4c25-8516-d6e452cd7199,Glena,,,,,
9466,15527,شارهە,شادەمار,ئەندامی جەستە,ناو,ناو,زانستیی پزیشکی › ئەندامی جەستە,,,HIGH,,a09069b2-3fc6-4c25-8516-d6e452cd7199,Glena,,,,,
9468,15528,شارەهەن,ئاوەڕۆی گەورەی ناوی پیس,شوێن,ناو,ناو,ناو › شوێن,,,HIGH,,a09069b2-3fc6-4c25-8516-d6e452cd7199,Glena,,,,,
9470,15529,شاری,باژێری، شارسانی، شارستانی,چەمک,ئاوەڵناو,هاوەڵناو,,,,HIGH,پۆل «چەمک» has no home among the deck's ten (see unmapped.csv),a09069b2-3fc6-4c25-8516-d6e452cd7199,Glena,,,,,
9472,15530,شارێ,جادەڕێ، ڕێگەی پان و سەرەکی,شوێن,ناو,ناو,ناو › شوێن,,,HIGH,,a09069b2-3fc6-4c25-8516-d6e452cd7199,Glena,,,,,
9474,15531,شاریا,گوندێکە لە کوردستان کە بەعسی وێرانی کرد,گوند,ناو,ناو,,,,HIGH,پۆل «گوند» has no home among the deck's ten (see unmapped.csv),a09069b2-3fc6-4c25-8516-d6e452cd7199,Glena,,,,,
9476,15532,شاریا گەورە,شاراوە,چەمک,ئاوەڵناو,هاوەڵناو,,,,HIGH,پۆل «چەمک» has no home among the deck's ten (see unmapped.csv),a09069b2-3fc6-4c25-8516-d6e452cd7199,Glena,,,,,
9478,15533,شاریان,شاردنەوە,ئەنجامدانی کارێک | چەمک,کار | ئاوەڵناو,,,,,LOW,"word carries several parts of speech (کار / هاوەڵناو); a sense may only have one ; پۆل «ئەنجامدانی کارێک» is really the part of speech «کار» — routed nowhere, needs a decision ; پۆل «چەمک» has no home among the deck's ten (see unmapped.csv)",a09069b2-3fc6-4c25-8516-d6e452cd7199,Glena,,,,,
9479,15533,شاریان,گەرم داهاتن,ئەنجامدانی کارێک | چەمک,کار | ئاوەڵناو,,,,,LOW,"word carries several parts of speech (کار / هاوەڵناو); a sense may only have one ; پۆل «ئەنجامدانی کارێک» is really the part of speech «کار» — routed nowhere, needs a decision ; پۆل «چەمک» has no home among the deck's ten (see unmapped.csv)",a09069b2-3fc6-4c25-8516-d6e452cd7199,Glena,,,,,
9482,15534,شاریای,گەرم داهاتوو,چەمک,ئاوەڵناو,هاوەڵناو,,,,HIGH,پۆل «چەمک» has no home among the deck's ten (see unmapped.csv),a09069b2-3fc6-4c25-8516-d6e452cd7199,Glena,,,,,
9484,15535,عاشقباش,نەخۆشیەکی یەکسم,نەخۆشی,ناو,ناو,زانستیی پزیشکی › نەخۆشی,,,HIGH,,432b11b0-059a-4486-9981-ae6a7fe0f1c4,sakar,,,,,
9486,15536,عاشیرەت,خێڵ و تیرە،هۆز,خێزان و بنەماڵە,ناو,ناو,,,,HIGH,پۆل «خێزان و بنەماڵە» has no home among the deck's ten (see unmapped.csv),432b11b0-059a-4486-9981-ae6a7fe0f1c4,sakar,,,,,
9487,15536,عاشیرەت,هێمابەدەست یان بەچاونیشانکردن (بی دەس وەگەردەن دەم لەناو دەم/خوابی وری عاشیرەت وەچەم) «فۆلکلۆر»,خێزان و بنەماڵە,ناو,ناو,,,,HIGH,پۆل «خێزان و بنەماڵە» has no home among the deck's ten (see unmapped.csv),432b11b0-059a-4486-9981-ae6a7fe0f1c4,sakar,,,,,
9490,15537,عاعا,پیسایی بەزمانی منداڵان,دەنگ,ناو,ناو,,,,HIGH,پۆل «دەنگ» has no home among the deck's ten (see unmapped.csv),432b11b0-059a-4486-9981-ae6a7fe0f1c4,sakar,,,,,
9492,15538,عافراندن,رسکاندن،بەدیهێنان،داهێنان,ئەنجامدانی کارێک | گۆڕانی دۆخ,کار,کار,,ڕەگەز=دوولایەن,,LOW,"پۆل «ئەنجامدانی کارێک» is really the part of speech «کار» — routed nowhere, needs a decision ; پۆل «گۆڕانی دۆخ» has no home among the deck's ten (see unmapped.csv)",432b11b0-059a-4486-9981-ae6a7fe0f1c4,sakar,,,,,
9494,15539,عافرەت,ژن،جنسی ژن، ئافرەت.,چار شێوی ژنان,ناو,ناو,,ڕەگەز=مێ,,HIGH,پۆل «چار شێوی ژنان» has no home among the deck's ten (see unmapped.csv),432b11b0-059a-4486-9981-ae6a7fe0f1c4,sakar,,,,,
9496,15540,عافو,بووردن،بەخشین لە هەڵە,ئەنجامدانی کارێک,کار,کار,,ڕەگەز=بێلایەن,,LOW,"پۆل «ئەنجامدانی کارێک» is really the part of speech «کار» — routed nowhere, needs a decision",432b11b0-059a-4486-9981-ae6a7fe0f1c4,sakar,,,,,
9498,15541,عافوات,بەخشینی تاوانبار لەلایەن دەوڵەتەوە ،,ئەنجامدانی کارێک,ناو | کار,,,ڕەگەز=دوولایەن,,LOW,"word carries several parts of speech (ناو / کار); a sense may only have one ; پۆل «ئەنجامدانی کارێک» is really the part of speech «کار» — routed nowhere, needs a decision",432b11b0-059a-4486-9981-ae6a7fe0f1c4,sakar,,,,,
9500,15542,عافەرم,ئافەرم، ئافەریم,هەست,ئاوەڵناو,هاوەڵناو,,ڕەگەز=دوولایەن,,HIGH,پۆل «هەست» has no home among the deck's ten (see unmapped.csv),432b11b0-059a-4486-9981-ae6a7fe0f1c4,sakar,,,,,
9502,15543,عافیەت,نۆشی گیان ( ئاوت خواردەوە بە عافیەتت بێ),ئەنجامدانی کارێک,ناو,ناو,,ڕەگەز=دوولایەن,,LOW,"پۆل «ئەنجامدانی کارێک» is really the part of speech «کار» — routed nowhere, needs a decision ; پۆل says «کار», جۆری وشە says «ناو» — they disagree",432b11b0-059a-4486-9981-ae6a7fe0f1c4,sakar,,,,,
9504,15544,عاقشقە,پەنجەرەی دودەری,کەرەستە,ناو,ناو,کولتووری › کەرەستە,ڕەگەز=بێلایەن,,HIGH,,432b11b0-059a-4486-9981-ae6a7fe0f1c4,sakar,,,,,
9506,15545,عاقڵ,ژیر،بەئاوەز،ئاقڵ,سیفەت,ئاوەڵناو,هاوەڵناو,,ڕەگەز=دوولایەن,,LOW,"پۆل «سیفەت» is really the part of speech «هاوەڵناو» — routed nowhere, needs a decision",432b11b0-059a-4486-9981-ae6a7fe0f1c4,sakar,,,,,
9508,15546,عاقیبەت,دوماهی،ئاخری کار,بەرهەمی کار,ناو,ناو,,,,HIGH,پۆل «بەرهەمی کار» has no home among the deck's ten (see unmapped.csv),432b11b0-059a-4486-9981-ae6a7fe0f1c4,sakar,,,,,
9510,15547,عال,زۆرباش، فرەخاس,باروودۆخ,ناو,ناو,,ڕەگەز=دوولایەن,,HIGH,پۆل «باروودۆخ» has no home among the deck's ten (see unmapped.csv),432b11b0-059a-4486-9981-ae6a7fe0f1c4,sakar,,,,,
9512,15548,ساڕێژ,نەخۆشی پدو، پووک زاماربوون,نەخۆشی,ناو,ناو,زانستیی پزیشکی › نەخۆشی,,,HIGH,,a09069b2-3fc6-4c25-8516-d6e452cd7199,Glena,,,,,
9514,15549,عالا,ئاڵا، بەیداغ,کەرەستە,ناو,ناو,کولتووری › کەرەستە,ڕەگەز=بێلایەن,,HIGH,,432b11b0-059a-4486-9981-ae6a7fe0f1c4,sakar,,,,,
9516,15550,شاڕیشە,ڕەگی هەرە ئەستووری دار,درەخت,ناو,ناو,,,,HIGH,پۆل «درەخت» has no home among the deck's ten (see unmapped.csv),a09069b2-3fc6-4c25-8516-d6e452cd7199,Glena,,,,,
9518,15551,عالم,زانا، هۆزان,سیفەت,ناو | ئاوەڵناو,,,ڕەگەز=دوولایەن,,LOW,"word carries several parts of speech (ناو / هاوەڵناو); a sense may only have one ; پۆل «سیفەت» is really the part of speech «هاوەڵناو» — routed nowhere, needs a decision",432b11b0-059a-4486-9981-ae6a7fe0f1c4,sakar,,,,,
9520,15552,عالوسال,پشوو لەسەرخۆیی،مەندی,سیفەت | باروودۆخ,ئاوەڵناو,هاوەڵناو,,ڕەگەز=دوولایەن,,LOW,"پۆل «سیفەت» is really the part of speech «هاوەڵناو» — routed nowhere, needs a decision ; پۆل «باروودۆخ» has no home among the deck's ten (see unmapped.csv)",432b11b0-059a-4486-9981-ae6a7fe0f1c4,sakar,,,,,
9522,15553,عالەم,خەڵک، مەردم,کەس,ناو,ناو,ناو › کەس,ڕەگەز=دوولایەن,,HIGH,,432b11b0-059a-4486-9981-ae6a7fe0f1c4,sakar,,,,,
9524,15554,عالی,عال,گوند,ناو,ناو,,,,HIGH,پۆل «گوند» has no home among the deck's ten (see unmapped.csv),432b11b0-059a-4486-9981-ae6a7fe0f1c4,sakar,,,,,
9525,15554,عالی,گوندێکی کوردستانە بەعسی کاولی کرد .,گوند,ناو,ناو,,,,HIGH,پۆل «گوند» has no home among the deck's ten (see unmapped.csv),432b11b0-059a-4486-9981-ae6a7fe0f1c4,sakar,,,,,
9528,15555,عالیاوا,لەوگوندانەی کورستانە کە بەعسی کاولیان کرد .,شوێن | گوند,ناو,ناو,ناو › شوێن,,,HIGH,پۆل «گوند» has no home among the deck's ten (see unmapped.csv),432b11b0-059a-4486-9981-ae6a7fe0f1c4,sakar,,,,,
9530,15556,عام,حام،گش لە گش,ژمارەکان,ناو,ناو,,,,HIGH,پۆل «ژمارەکان» has no home among the deck's ten (see unmapped.csv),432b11b0-059a-4486-9981-ae6a7fe0f1c4,sakar,,,,,
9532,15557,شاڕێگە,شاڕێ,شوێن,ناو,ناو,ناو › شوێن,,,HIGH,,a09069b2-3fc6-4c25-8516-d6e452cd7199,Glena,,,,,
9534,15558,شاز,جۆرێ چینێکی زڕاو,چەمک,ئاوەڵناو,هاوەڵناو,,,,HIGH,پۆل «چەمک» has no home among the deck's ten (see unmapped.csv),a09069b2-3fc6-4c25-8516-d6e452cd7199,Glena,,,,,
9535,15558,شاز,هەڵکەوتە، بەهونەر,چەمک,ئاوەڵناو,هاوەڵناو,,,,HIGH,پۆل «چەمک» has no home among the deck's ten (see unmapped.csv),a09069b2-3fc6-4c25-8516-d6e452cd7199,Glena,,,,,
9572,15559,شازادە,بەچکە شا,مرۆڤ,ناو,ناو,کولتووری › مرۆڤ,ڕەگەز=دوولایەن,,HIGH,,a09069b2-3fc6-4c25-8516-d6e452cd7199,Glena,,,,,
9573,15559,شازادە,بریتیە لە لاوی ئاکارباشی دڵاوا,مرۆڤ,ناو,ناو,کولتووری › مرۆڤ,ڕەگەز=دوولایەن,,HIGH,,a09069b2-3fc6-4c25-8516-d6e452cd7199,Glena,,,,,
9542,15560,عامامە,سەرو مێزەری مەلا,جلوبەرگ,ناو,ناو,,ڕەگەز=نێر,,HIGH,پۆل «جلوبەرگ» has no home among the deck's ten (see unmapped.csv),432b11b0-059a-4486-9981-ae6a7fe0f1c4,sakar,,,,,
9544,15561,عامباز,ئامباز،دەباوەش گرتن,ئەنجامدانی کارێک,ناو | کار,,,ڕەگەز=دوولایەن,,LOW,"word carries several parts of speech (ناو / کار); a sense may only have one ; پۆل «ئەنجامدانی کارێک» is really the part of speech «کار» — routed nowhere, needs a decision",432b11b0-059a-4486-9981-ae6a7fe0f1c4,sakar,,,,,
9546,15562,شازبەند,چووزەڵە، دووزەڵە,ئامێر,,,,,,LOW,word has no جۆری وشە at all ; پۆل «ئامێر» has no home among the deck's ten (see unmapped.csv),a09069b2-3fc6-4c25-8516-d6e452cd7199,Glena,,,,,
9548,15563,عام فام,جارکێشان بە ناو خەڵکا، ڕاگەیاندنی حەبەر بە گشت مەردم .,ئەنجامدانی کارێک,کار,کار,,,,LOW,"پۆل «ئەنجامدانی کارێک» is really the part of speech «کار» — routed nowhere, needs a decision",432b11b0-059a-4486-9981-ae6a7fe0f1c4,sakar,,,,,
9550,15564,شازدە,ژمارەی دوای پازدە,مرۆڤ | ژمارەکان,ناو,ناو,کولتووری › مرۆڤ,,,HIGH,پۆل «ژمارەکان» has no home among the deck's ten (see unmapped.csv),a09069b2-3fc6-4c25-8516-d6e452cd7199,Glena,,,,,
9551,15564,شازدە,شازادە,مرۆڤ | ژمارەکان,ناو,ناو,کولتووری › مرۆڤ,,,HIGH,پۆل «ژمارەکان» has no home among the deck's ten (see unmapped.csv),a09069b2-3fc6-4c25-8516-d6e452cd7199,Glena,,,,,
9554,15565,عاملان,ڕاهاتن،فێربوون,سیفەت,ناو,ناو,,ڕەگەز=دوولایەن,,LOW,"پۆل «سیفەت» is really the part of speech «هاوەڵناو» — routed nowhere, needs a decision ; پۆل says «هاوەڵناو», جۆری وشە says «ناو» — they disagree",432b11b0-059a-4486-9981-ae6a7fe0f1c4,sakar,,,,,
9556,15566,شازدەمین,شازدەهەم,ژمارەکان,ناو,ناو,,,,HIGH,پۆل «ژمارەکان» has no home among the deck's ten (see unmapped.csv),a09069b2-3fc6-4c25-8516-d6e452cd7199,Glena,,,,,
9558,15567,شازدەهەم,ژمارەی دوای یازدەهەم,ژمارەکان,ناو,ناو,,,,HIGH,پۆل «ژمارەکان» has no home among the deck's ten (see unmapped.csv),a09069b2-3fc6-4c25-8516-d6e452cd7199,Glena,,,,,
9560,15568,شازدەهەمین,شازدەهەم,ژمارەکان,ناو,ناو,,,,HIGH,پۆل «ژمارەکان» has no home among the deck's ten (see unmapped.csv),a09069b2-3fc6-4c25-8516-d6e452cd7199,Glena,,,,,
9562,15569,عاملاندن,ڕاهێنان، فێرکردن,ئەنجامدانی کارێک,کار,کار,,ڕەگەز=دوولایەن,,LOW,"پۆل «ئەنجامدانی کارێک» is really the part of speech «کار» — routed nowhere, needs a decision",432b11b0-059a-4486-9981-ae6a7fe0f1c4,sakar,,,,,
9563,15569,عاملاندن,بەخێوکردن,ئەنجامدانی کارێک,کار,کار,,ڕەگەز=دوولایەن,,LOW,"پۆل «ئەنجامدانی کارێک» is really the part of speech «کار» — routed nowhere, needs a decision",432b11b0-059a-4486-9981-ae6a7fe0f1c4,sakar,,,,,
9566,15570,شاز و قاز,چیایەکە کە لە موکوریانی کوردستان,شوێن,ناو,ناو,ناو › شوێن,,,HIGH,,a09069b2-3fc6-4c25-8516-d6e452cd7199,Glena,,,,,
9568,15571,عاملاو,ڕاهێندراو،فێرکراو,بەرهەمی کار,کار,کار,,ڕەگەز=دوولایەن,,HIGH,پۆل «بەرهەمی کار» has no home among the deck's ten (see unmapped.csv),432b11b0-059a-4486-9981-ae6a7fe0f1c4,sakar,,,,,
9578,15572,شازی,جۆرێ مەیمون,گیانلەبەر | ئاژەڵ,ناو,ناو,زیندەوەرزانی › ئاژەڵ,ڕەگەز=دوولایەن,,HIGH,پۆل «گیانلەبەر» has no home among the deck's ten (see unmapped.csv),a09069b2-3fc6-4c25-8516-d6e452cd7199,Glena,,,,,
9576,15573,عامورە,گوندێکی کوردستانە بەعسی کاولی کرد .,گوند,ناو,ناو,,ڕەگەز=بێلایەن,,HIGH,پۆل «گوند» has no home among the deck's ten (see unmapped.csv),432b11b0-059a-4486-9981-ae6a7fe0f1c4,sakar,,,,,
9580,15574,عاموزا,ئامۆزا، پس مام، دوت مام .,خێزان و بنەماڵە,ناو,ناو,,ڕەگەز=دوولایەن,,HIGH,پۆل «خێزان و بنەماڵە» has no home among the deck's ten (see unmapped.csv),432b11b0-059a-4486-9981-ae6a7fe0f1c4,sakar,,,,,
9582,15575,شاژن,ژنی شا,مرۆڤ,ناو,ناو,کولتووری › مرۆڤ,ڕەگەز=مێ,,HIGH,,a09069b2-3fc6-4c25-8516-d6e452cd7199,Glena,,,,,
9583,15575,شاژن,پاڵشای مێچکە,مرۆڤ,ناو,ناو,کولتووری › مرۆڤ,ڕەگەز=مێ,,HIGH,,a09069b2-3fc6-4c25-8516-d6e452cd7199,Glena,,,,,
9584,15575,شاژن,سەرەژن,مرۆڤ,ناو,ناو,کولتووری › مرۆڤ,ڕەگەز=مێ,,HIGH,,a09069b2-3fc6-4c25-8516-d6e452cd7199,Glena,,,,,
9588,15576,عان,کات، وەخت، دەم .,کات,ئاوەڵکار,هاوەڵکار,,,,HIGH,پۆل «کات» has no home among the deck's ten (see unmapped.csv),432b11b0-059a-4486-9981-ae6a7fe0f1c4,sakar,,,,,
9593,15577,شاسوار,سواری چاک، سواری بێ وێنە,مرۆڤ | ناو تایبەت بە ڕەگەزی نێر,ناو,ناو,کولتووری › مرۆڤ,ڕەگەز=نێر,,HIGH,پۆل «ناو تایبەت بە ڕەگەزی نێر» has no home among the deck's ten (see unmapped.csv),a09069b2-3fc6-4c25-8516-d6e452cd7199,Glena,,,,,
9594,15577,شاسوار,ناوی پیاوانە,مرۆڤ | ناو تایبەت بە ڕەگەزی نێر,ناو,ناو,کولتووری › مرۆڤ,ڕەگەز=نێر,,HIGH,پۆل «ناو تایبەت بە ڕەگەزی نێر» has no home among the deck's ten (see unmapped.csv),a09069b2-3fc6-4c25-8516-d6e452cd7199,Glena,,,,,
9597,15578,عانە,دراوێکی هیندوستانە,خاوەندارییەتی,ناو,ناو,,,,HIGH,پۆل «خاوەندارییەتی» has no home among the deck's ten (see unmapped.csv),432b11b0-059a-4486-9981-ae6a7fe0f1c4,sakar,,,,,
9599,15579,عایل,زاڵم، ناهەق,سیفەت,ئاوەڵناو,هاوەڵناو,,ڕەگەز=دوولایەن,,LOW,"پۆل «سیفەت» is really the part of speech «هاوەڵناو» — routed nowhere, needs a decision",432b11b0-059a-4486-9981-ae6a7fe0f1c4,sakar,,,,,
9601,15580,شاسە,جەنگەی بارانی بەهار، شەستە باران,دۆخی کەشوھەوا | ڕووداوی سروشتی,ناو,ناو,,,,HIGH,پۆل «دۆخی کەشوھەوا» has no home among the deck's ten (see unmapped.csv) ; پۆل «ڕووداوی سروشتی» has no home among the deck's ten (see unmapped.csv),a09069b2-3fc6-4c25-8516-d6e452cd7199,Glena,,,,,
9602,15580,شاسە,ژێهاتی,دۆخی کەشوھەوا | ڕووداوی سروشتی,ناو,ناو,,,,HIGH,پۆل «دۆخی کەشوھەوا» has no home among the deck's ten (see unmapped.csv) ; پۆل «ڕووداوی سروشتی» has no home among the deck's ten (see unmapped.csv),a09069b2-3fc6-4c25-8516-d6e452cd7199,Glena,,,,,
9605,15581,شاسەلیم,بی بی جان خانم,مرۆڤ,ناو,ناو,کولتووری › مرۆڤ,ڕەگەز=مێ,,HIGH,,a09069b2-3fc6-4c25-8516-d6e452cd7199,Glena,,,,,
9607,15582,عایلەمەن,خەزایی،,خێزان و بنەماڵە,ناو,ناو,,ڕەگەز=دوولایەن,,HIGH,پۆل «خێزان و بنەماڵە» has no home among the deck's ten (see unmapped.csv),432b11b0-059a-4486-9981-ae6a7fe0f1c4,sakar,,,,,
9608,15582,عایلەمەن,خێزاندار,خێزان و بنەماڵە,ناو,ناو,,ڕەگەز=دوولایەن,,HIGH,پۆل «خێزان و بنەماڵە» has no home among the deck's ten (see unmapped.csv),432b11b0-059a-4486-9981-ae6a7fe0f1c4,sakar,,,,,
9611,15583,عاینەمەل,عایلەمەن، خەزایی,خێزان و بنەماڵە,ناو,ناو,,ڕەگەز=دوولایەن,,HIGH,پۆل «خێزان و بنەماڵە» has no home among the deck's ten (see unmapped.csv),432b11b0-059a-4486-9981-ae6a7fe0f1c4,sakar,,,,,
9613,15584,عایەت,عادەت,سیفەت,ئاوەڵناو,هاوەڵناو,,ڕەگەز=دوولایەن,,LOW,"پۆل «سیفەت» is really the part of speech «هاوەڵناو» — routed nowhere, needs a decision",432b11b0-059a-4486-9981-ae6a7fe0f1c4,sakar,,,,,
9615,15585,شاسەیوان,چادری گەورە، خێوەتی زل,کەرەستە | خێزان و بنەماڵە,ناو,ناو,کولتووری › کەرەستە,,,HIGH,پۆل «خێزان و بنەماڵە» has no home among the deck's ten (see unmapped.csv),a09069b2-3fc6-4c25-8516-d6e452cd7199,Glena,,,,,
9616,15585,شاسەیوان,هۆزێکی کۆچەرە لە ئێران,کەرەستە | خێزان و بنەماڵە,ناو,ناو,کولتووری › کەرەستە,,,HIGH,پۆل «خێزان و بنەماڵە» has no home among the deck's ten (see unmapped.csv),a09069b2-3fc6-4c25-8516-d6e452cd7199,Glena,,,,,
9619,15586,عایەر,حیلەباز,سیفەت,ئاوەڵناو,هاوەڵناو,,ڕەگەز=مێ,,LOW,"پۆل «سیفەت» is really the part of speech «هاوەڵناو» — routed nowhere, needs a decision",432b11b0-059a-4486-9981-ae6a7fe0f1c4,sakar,,,,,
9621,15587,عجول,توکە سەری قرژو شێواو,کەس,ناو,ناو,ناو › کەس,ڕەگەز=دوولایەن,,HIGH,,432b11b0-059a-4486-9981-ae6a7fe0f1c4,sakar,,,,,
9623,15588,عرک,جێگەی ریخۆلەلەزگدا،ورگ.,شوێن,ناو,ناو,ناو › شوێن,ڕەگەز=دوولایەن,,HIGH,,432b11b0-059a-4486-9981-ae6a7fe0f1c4,sakar,,,,,
9625,15589,عشتر,دەڤە،وشتر,ئاژەڵ,ناو,ناو,زیندەوەرزانی › ئاژەڵ,ڕەگەز=دوولایەن,,HIGH,,432b11b0-059a-4486-9981-ae6a7fe0f1c4,sakar,,,,,
9627,15590,عشک,وشک، پێچەوانەی تەڕ,گۆڕانی دۆخ,ناو,ناو,,ڕەگەز=بێلایەن,,HIGH,پۆل «گۆڕانی دۆخ» has no home among the deck's ten (see unmapped.csv),432b11b0-059a-4486-9981-ae6a7fe0f1c4,sakar,,,,,
9629,15591,علعول,نەرم و لوس لەناودەستا,سیفەت,ناو,ناو,,,,LOW,"پۆل «سیفەت» is really the part of speech «هاوەڵناو» — routed nowhere, needs a decision ; پۆل says «هاوەڵناو», جۆری وشە says «ناو» — they disagree",432b11b0-059a-4486-9981-ae6a7fe0f1c4,sakar,,,,,
9649,15592,شاش,پێچی سەر، مێزەر,سیفەت | هەست | جلوبەرگ | باروودۆخ | زیندەوەر,ناو | ئاوەڵناو,,,,,LOW,"word carries several parts of speech (ناو / هاوەڵناو); a sense may only have one ; پۆل «سیفەت» is really the part of speech «هاوەڵناو» — routed nowhere, needs a decision ; پۆل «هەست» has no home among the deck's ten (see unmapped.csv) ; پۆل «جلوبەرگ» has no home among the deck's ten (see unmapped.csv) ; پۆل «باروودۆخ» has no home among the deck's ten (see unmapped.csv) ; پۆل «زیندەوەر» has no home among the deck's ten (see unmapped.csv)",a09069b2-3fc6-4c25-8516-d6e452cd7199,Glena,,,,,
9650,15592,شاش,ئەسپێی ئارد و گەنم,سیفەت | هەست | جلوبەرگ | باروودۆخ | زیندەوەر,ناو | ئاوەڵناو,,,,,LOW,"word carries several parts of speech (ناو / هاوەڵناو); a sense may only have one ; پۆل «سیفەت» is really the part of speech «هاوەڵناو» — routed nowhere, needs a decision ; پۆل «هەست» has no home among the deck's ten (see unmapped.csv) ; پۆل «جلوبەرگ» has no home among the deck's ten (see unmapped.csv) ; پۆل «باروودۆخ» has no home among the deck's ten (see unmapped.csv) ; پۆل «زیندەوەر» has no home among the deck's ten (see unmapped.csv)",a09069b2-3fc6-4c25-8516-d6e452cd7199,Glena,,,,,
9651,15592,شاش,قوماشی شل تەندراو، نەسفت,سیفەت | هەست | جلوبەرگ | باروودۆخ | زیندەوەر,ناو | ئاوەڵناو,,,,,LOW,"word carries several parts of speech (ناو / هاوەڵناو); a sense may only have one ; پۆل «سیفەت» is really the part of speech «هاوەڵناو» — routed nowhere, needs a decision ; پۆل «هەست» has no home among the deck's ten (see unmapped.csv) ; پۆل «جلوبەرگ» has no home among the deck's ten (see unmapped.csv) ; پۆل «باروودۆخ» has no home among the deck's ten (see unmapped.csv) ; پۆل «زیندەوەر» has no home among the deck's ten (see unmapped.csv)",a09069b2-3fc6-4c25-8516-d6e452cd7199,Glena,,,,,
9652,15592,شاش,بیربڵاوی,سیفەت | هەست | جلوبەرگ | باروودۆخ | زیندەوەر,ناو | ئاوەڵناو,,,,,LOW,"word carries several parts of speech (ناو / هاوەڵناو); a sense may only have one ; پۆل «سیفەت» is really the part of speech «هاوەڵناو» — routed nowhere, needs a decision ; پۆل «هەست» has no home among the deck's ten (see unmapped.csv) ; پۆل «جلوبەرگ» has no home among the deck's ten (see unmapped.csv) ; پۆل «باروودۆخ» has no home among the deck's ten (see unmapped.csv) ; پۆل «زیندەوەر» has no home among the deck's ten (see unmapped.csv)",a09069b2-3fc6-4c25-8516-d6e452cd7199,Glena,,,,,
9653,15592,شاش,سەهوکار,سیفەت | هەست | جلوبەرگ | باروودۆخ | زیندەوەر,ناو | ئاوەڵناو,,,,,LOW,"word carries several parts of speech (ناو / هاوەڵناو); a sense may only have one ; پۆل «سیفەت» is really the part of speech «هاوەڵناو» — routed nowhere, needs a decision ; پۆل «هەست» has no home among the deck's ten (see unmapped.csv) ; پۆل «جلوبەرگ» has no home among the deck's ten (see unmapped.csv) ; پۆل «باروودۆخ» has no home among the deck's ten (see unmapped.csv) ; پۆل «زیندەوەر» has no home among the deck's ten (see unmapped.csv)",a09069b2-3fc6-4c25-8516-d6e452cd7199,Glena,,,,,
9654,15592,شاش,میز، گمێز,سیفەت | هەست | جلوبەرگ | باروودۆخ | زیندەوەر,ناو | ئاوەڵناو,,,,,LOW,"word carries several parts of speech (ناو / هاوەڵناو); a sense may only have one ; پۆل «سیفەت» is really the part of speech «هاوەڵناو» — routed nowhere, needs a decision ; پۆل «هەست» has no home among the deck's ten (see unmapped.csv) ; پۆل «جلوبەرگ» has no home among the deck's ten (see unmapped.csv) ; پۆل «باروودۆخ» has no home among the deck's ten (see unmapped.csv) ; پۆل «زیندەوەر» has no home among the deck's ten (see unmapped.csv)",a09069b2-3fc6-4c25-8516-d6e452cd7199,Glena,,,,,
9655,15592,شاش,تێکەڵ و ئاڵۆزاو,سیفەت | هەست | جلوبەرگ | باروودۆخ | زیندەوەر,ناو | ئاوەڵناو,,,,,LOW,"word carries several parts of speech (ناو / هاوەڵناو); a sense may only have one ; پۆل «سیفەت» is really the part of speech «هاوەڵناو» — routed nowhere, needs a decision ; پۆل «هەست» has no home among the deck's ten (see unmapped.csv) ; پۆل «جلوبەرگ» has no home among the deck's ten (see unmapped.csv) ; پۆل «باروودۆخ» has no home among the deck's ten (see unmapped.csv) ; پۆل «زیندەوەر» has no home among the deck's ten (see unmapped.csv)",a09069b2-3fc6-4c25-8516-d6e452cd7199,Glena,,,,,
9656,15592,شاش,خێل، خوێل,سیفەت | هەست | جلوبەرگ | باروودۆخ | زیندەوەر,ناو | ئاوەڵناو,,,,,LOW,"word carries several parts of speech (ناو / هاوەڵناو); a sense may only have one ; پۆل «سیفەت» is really the part of speech «هاوەڵناو» — routed nowhere, needs a decision ; پۆل «هەست» has no home among the deck's ten (see unmapped.csv) ; پۆل «جلوبەرگ» has no home among the deck's ten (see unmapped.csv) ; پۆل «باروودۆخ» has no home among the deck's ten (see unmapped.csv) ; پۆل «زیندەوەر» has no home among the deck's ten (see unmapped.csv)",a09069b2-3fc6-4c25-8516-d6e452cd7199,Glena,,,,,
9647,15593,شاشان,ناوە بۆ ژنان,مرۆڤ,ناو,ناو,کولتووری › مرۆڤ,ڕەگەز=مێ,,HIGH,,a09069b2-3fc6-4c25-8516-d6e452cd7199,Glena,,,,,
9665,15594,عنگرین,ڕق هەستان، توڕەبوون .,باروودۆخ,ئاوەڵناو,هاوەڵناو,,ڕەگەز=دوولایەن,,HIGH,پۆل «باروودۆخ» has no home among the deck's ten (see unmapped.csv),432b11b0-059a-4486-9981-ae6a7fe0f1c4,sakar,,,,,
9667,15595,عنە,کونی پاشەوە، قنگ,شوێن,ناو,ناو,ناو › شوێن,ڕەگەز=دوولایەن,,HIGH,,432b11b0-059a-4486-9981-ae6a7fe0f1c4,sakar,,,,,
9669,15596,شاشبەن,میزگیران,نەخۆشی,ناو,ناو,زانستیی پزیشکی › نەخۆشی,,,HIGH,,a09069b2-3fc6-4c25-8516-d6e452cd7199,Glena,,,,,
9671,15597,شاشخاپێن,مەلا و شێخی خەڵک خەڵەتێن,مرۆڤ,ناو,ناو,کولتووری › مرۆڤ,,,HIGH,,a09069b2-3fc6-4c25-8516-d6e452cd7199,Glena,,,,,
9673,15598,عنەب,گوندێکی کوردستانە، بەعسی کامولی کرد .,گوند,ناو,ناو,,ڕەگەز=بێلایەن,,HIGH,پۆل «گوند» has no home among the deck's ten (see unmapped.csv),432b11b0-059a-4486-9981-ae6a7fe0f1c4,sakar,,,,,
9675,15599,عوج,حوج,کەس,ئاوەڵناو,هاوەڵناو,ناو › کەس,ڕەگەز=دوولایەن,,HIGH,,432b11b0-059a-4486-9981-ae6a7fe0f1c4,sakar,,,,,
9677,15600,عودەت,ئەرک بەجێ هێنان، توانای پێکهێنان ( لەعودەی ئەم کارەم) .,ئەنجامدانی کارێک,کار,کار,,ڕەگەز=دوولایەن,,LOW,"پۆل «ئەنجامدانی کارێک» is really the part of speech «کار» — routed nowhere, needs a decision",432b11b0-059a-4486-9981-ae6a7fe0f1c4,sakar,,,,,
9679,15601,شاشک,مێزەر، پێچی سەر,جلوبەرگ | یاری,ناو,ناو,کولتووری › یاری,,,HIGH,پۆل «جلوبەرگ» has no home among the deck's ten (see unmapped.csv),a09069b2-3fc6-4c25-8516-d6e452cd7199,Glena,,,,,
9680,15601,شاشک,ناوی گەمەیەکە,جلوبەرگ | یاری,ناو,ناو,کولتووری › یاری,,,HIGH,پۆل «جلوبەرگ» has no home among the deck's ten (see unmapped.csv),a09069b2-3fc6-4c25-8516-d6e452cd7199,Glena,,,,,
9683,15602,عور,ورگ، عرک,شوێن,ناو,ناو,ناو › شوێن,ڕەگەز=دوولایەن,,HIGH,,432b11b0-059a-4486-9981-ae6a7fe0f1c4,sakar,,,,,
9685,15603,عورزە,شیاوی,کەس,ناو,ناو,ناو › کەس,ڕەگەز=دوولایەن,,HIGH,,432b11b0-059a-4486-9981-ae6a7fe0f1c4,sakar,,,,,
9687,15604,عوورگ,عور، ورگ,شوێن,ناو,ناو,ناو › شوێن,ڕەگەز=دوولایەن,,HIGH,,432b11b0-059a-4486-9981-ae6a7fe0f1c4,sakar,,,,,
9689,15605,شاش گەور,مێزەرسپی,مرۆڤ | کەلتووری,ناو,ناو,کولتووری › مرۆڤ,ڕەگەز=نێر,,HIGH,پۆل «کەلتووری» has no home among the deck's ten (see unmapped.csv),a09069b2-3fc6-4c25-8516-d6e452cd7199,Glena,,,,,
9690,15605,شاش گەور,بریتیە لە پەیڕەوانی مەزەبی دورزی,مرۆڤ | کەلتووری,ناو,ناو,کولتووری › مرۆڤ,ڕەگەز=نێر,,HIGH,پۆل «کەلتووری» has no home among the deck's ten (see unmapped.csv),a09069b2-3fc6-4c25-8516-d6e452cd7199,Glena,,,,,
9693,15606,شاشوبێش,خوار و خێچ,چەمک,ئاوەڵناو,هاوەڵناو,,,,HIGH,پۆل «چەمک» has no home among the deck's ten (see unmapped.csv),a09069b2-3fc6-4c25-8516-d6e452cd7199,Glena,,,,,
9694,15606,شاشوبێش,قسە و کاری کە پیاو سەری لێ دەرناکا,چەمک,ئاوەڵناو,هاوەڵناو,,,,HIGH,پۆل «چەمک» has no home among the deck's ten (see unmapped.csv),a09069b2-3fc6-4c25-8516-d6e452cd7199,Glena,,,,,
9697,15607,عورف,ڕێو شوێنی گشتی.,خاوەندارییەتی,ناو,ناو,,ڕەگەز=بێلایەن,,HIGH,پۆل «خاوەندارییەتی» has no home among the deck's ten (see unmapped.csv),432b11b0-059a-4486-9981-ae6a7fe0f1c4,sakar,,,,,
9698,15607,عورف,پیت،حەرف( بەهەرسێ عورفی کەلامەڵایە),خاوەندارییەتی,ناو,ناو,,ڕەگەز=بێلایەن,,HIGH,پۆل «خاوەندارییەتی» has no home among the deck's ten (see unmapped.csv),432b11b0-059a-4486-9981-ae6a7fe0f1c4,sakar,,,,,
9701,15608,شاشوپەر,جلکی زۆر جوان و ڕێک و پێک,جلوبەرگ,ناو,ناو,,,,HIGH,پۆل «جلوبەرگ» has no home among the deck's ten (see unmapped.csv),a09069b2-3fc6-4c25-8516-d6e452cd7199,Glena,,,,,
9703,15609,عورمەزن,ورگن، زگ زل,ئەندامی جەستە,ناو,ناو,زانستیی پزیشکی › ئەندامی جەستە,ڕەگەز=دوولایەن,,HIGH,,432b11b0-059a-4486-9981-ae6a7fe0f1c4,sakar,,,,,
9705,15610,شەشو وێش,خوار و خێچ,چەمک,ئاوەڵناو,هاوەڵناو,,,,HIGH,پۆل «چەمک» has no home among the deck's ten (see unmapped.csv),a09069b2-3fc6-4c25-8516-d6e452cd7199,Glena,,,,,
9706,15610,شەشو وێش,قسە و کارێ کە پیاو سەری لێ دەرناکا,چەمک,ئاوەڵناو,هاوەڵناو,,,,HIGH,پۆل «چەمک» has no home among the deck's ten (see unmapped.csv),a09069b2-3fc6-4c25-8516-d6e452cd7199,Glena,,,,,
9709,15611,عورووس,لەبنەچەکەی ڕوس.,نەتەوە,ناو,ناو,,,,HIGH,پۆل «نەتەوە» has no home among the deck's ten (see unmapped.csv),432b11b0-059a-4486-9981-ae6a7fe0f1c4,sakar,,,,,
9711,15612,شاشە,شاسە,شوێن,ناو,ناو,ناو › شوێن,,,HIGH,,a09069b2-3fc6-4c25-8516-d6e452cd7199,Glena,,,,,
9712,15612,شاشە,زەوی تەخت دراو بۆ توتن چاندن ، شەستە,شوێن,ناو,ناو,ناو › شوێن,,,HIGH,,a09069b2-3fc6-4c25-8516-d6e452cd7199,Glena,,,,,
9715,15613,عورووسی,جۆری پەنجەرەکەهەلدەدرێتەوە .,کەرەستە,ناو,ناو,کولتووری › کەرەستە,,,HIGH,,432b11b0-059a-4486-9981-ae6a7fe0f1c4,sakar,,,,,
9716,15613,عورووسی,زمانی ڕووسی,کەرەستە,ناو,ناو,کولتووری › کەرەستە,,,HIGH,,432b11b0-059a-4486-9981-ae6a7fe0f1c4,sakar,,,,,
9719,15614,عوروسیات,سەرزەمینێ کە عوڕووسی لێ دەژین .,شوێن,ناو,ناو,ناو › شوێن,,,HIGH,,432b11b0-059a-4486-9981-ae6a7fe0f1c4,sakar,,,,,
9721,15615,شاشەک,مەلێکە بۆری پنۆک پنۆک لە کۆتر گچکەترە گۆشتی دەخورێ، کۆرکۆر، قەتێ,باڵندە,ناو,ناو,زیندەوەرزانی › باڵندە,,,HIGH,,a09069b2-3fc6-4c25-8516-d6e452cd7199,Glena,,,,,
9722,15615,شاشەک,روبابە,باڵندە,ناو,ناو,زیندەوەرزانی › باڵندە,,,HIGH,,a09069b2-3fc6-4c25-8516-d6e452cd7199,Glena,,,,,
9725,15616,شاشیک,شاشک، مێزەر، پێچی سەر,جلوبەرگ,ناو,ناو,,,,HIGH,پۆل «جلوبەرگ» has no home among the deck's ten (see unmapped.csv),a09069b2-3fc6-4c25-8516-d6e452cd7199,Glena,,,,,
9727,15617,عورە,خۆیانی وردکراوی ئامادەی شەن کردن .,کەرەستە,ناو,ناو,کولتووری › کەرەستە,,,HIGH,,432b11b0-059a-4486-9981-ae6a7fe0f1c4,sakar,,,,,
9729,15618,شاشین,میزکردن,ئەنجامدانی کارێک,ناو,ناو,,,,LOW,"پۆل «ئەنجامدانی کارێک» is really the part of speech «کار» — routed nowhere, needs a decision ; پۆل says «کار», جۆری وشە says «ناو» — they disagree",a09069b2-3fc6-4c25-8516-d6e452cd7199,Glena,,,,,
9731,15619,شاف,دەرمانێ کە قنگی ڕادەکەن,دەرمان,ناو,ناو,,,,HIGH,پۆل «دەرمان» has no home among the deck's ten (see unmapped.csv),a09069b2-3fc6-4c25-8516-d6e452cd7199,Glena,,,,,
9733,15620,شاف پێ هەڵگرتن,بریتیە لە خاپاندن,ئەنجامدانی کارێک | دەرمان,ناو,ناو,,,,LOW,"پۆل «ئەنجامدانی کارێک» is really the part of speech «کار» — routed nowhere, needs a decision ; پۆل «دەرمان» has no home among the deck's ten (see unmapped.csv) ; پۆل says «کار», جۆری وشە says «ناو» — they disagree",a09069b2-3fc6-4c25-8516-d6e452cd7199,Glena,,,,,
9736,15622,شافر,بیابانی چۆڵ و هۆڵ,شوێن,ناو,ناو,ناو › شوێن,,,HIGH,,a09069b2-3fc6-4c25-8516-d6e452cd7199,Glena,,,,,
9737,15622,شافر,دەشتی پان و بەرینی بێ داروبار,شوێن,ناو,ناو,ناو › شوێن,,,HIGH,,a09069b2-3fc6-4c25-8516-d6e452cd7199,Glena,,,,,
9740,15623,شافعی,سوننی پەیڕەوی ئیمامی شافعی,نەتەوە,ناو,ناو,,,,HIGH,پۆل «نەتەوە» has no home among the deck's ten (see unmapped.csv),a09069b2-3fc6-4c25-8516-d6e452cd7199,Glena,,,,,
9742,15624,ساردوگەرم,ئاوی نیوەگەرم،شلەتێن,,ئاوەڵناو,هاوەڵناو,,ڕەگەز=بێلایەن,,HIGH,,28902dbf-4614-41c6-af7d-b36d8dc5fce6,parzhin,,,,,
9743,15624,ساردوگەرم,دەفرێک کە تا ماوەیەکی زۆر ئاو بە گەرمی یان ساردی ڕاگرێت,,ئاوەڵناو,هاوەڵناو,,ڕەگەز=بێلایەن,,HIGH,,28902dbf-4614-41c6-af7d-b36d8dc5fce6,parzhin,,,,,
9744,15626,شاف هەڵگرتن,خۆ دەرمان کردن بە شاف,ئەنجامدانی کارێک | دەرمان,ناو,ناو,,,,LOW,"پۆل «ئەنجامدانی کارێک» is really the part of speech «کار» — routed nowhere, needs a decision ; پۆل «دەرمان» has no home among the deck's ten (see unmapped.csv) ; پۆل says «کار», جۆری وشە says «ناو» — they disagree",a09069b2-3fc6-4c25-8516-d6e452cd7199,Glena,,,,,
9746,15627,ساردە,مەرەزەی کەوتبێتە پایزەوە,,ناو,ناو,,ڕەگەز=بێلایەن,,HIGH,,28902dbf-4614-41c6-af7d-b36d8dc5fce6,parzhin,,,,,
9751,15628,ساردەستدان,جۆرە نەخۆشێکی وەڵاخی بەرزە,,ناو,ناو,,ڕەگەز=بێلایەن,,HIGH,,28902dbf-4614-41c6-af7d-b36d8dc5fce6,parzhin,,,,,
9747,15629,شاڤ,دەنگی کەروێشک,باڵندە | دەنگی ئاژەڵ,ناو,ناو,زیندەوەرزانی › باڵندە,ڕەگەز=دوولایەن,,HIGH,پۆل «دەنگی ئاژەڵ» has no home among the deck's ten (see unmapped.csv),a09069b2-3fc6-4c25-8516-d6e452cd7199,Glena,,,,,
9748,15629,شاڤ,مەلێکی لنگ درێژی باڵ شینە هەر لە دەم ئاو دەژی، شاوە ، شاهۆ,باڵندە | دەنگی ئاژەڵ,ناو,ناو,زیندەوەرزانی › باڵندە,ڕەگەز=دوولایەن,,HIGH,پۆل «دەنگی ئاژەڵ» has no home among the deck's ten (see unmapped.csv),a09069b2-3fc6-4c25-8516-d6e452cd7199,Glena,,,,,
9752,15630,عوورین,دەنگی بەرزی گامێش,دەنگ | ئاژەڵ,ناو,ناو,زیندەوەرزانی › ئاژەڵ,ڕەگەز=نێر,,HIGH,پۆل «دەنگ» has no home among the deck's ten (see unmapped.csv),432b11b0-059a-4486-9981-ae6a7fe0f1c4,sakar,,,,,
9754,15631,شاڤا,هەنگاو، گاو، پا بڵاودانان لە زەوی,ئەنجامدانی کارێک | چەمک,کار,کار,,,,LOW,"پۆل «ئەنجامدانی کارێک» is really the part of speech «کار» — routed nowhere, needs a decision ; پۆل «چەمک» has no home among the deck's ten (see unmapped.csv)",a09069b2-3fc6-4c25-8516-d6e452cd7199,Glena,,,,,
9756,15634,شاڤاشین,مەلی شاڤ,باڵندە,ناو,ناو,زیندەوەرزانی › باڵندە,,,HIGH,,a09069b2-3fc6-4c25-8516-d6e452cd7199,Glena,,,,,
9758,15635,سارسارۆک,ئاو ڕوونکەرەوە,,ناو,ناو,,,,HIGH,,28902dbf-4614-41c6-af7d-b36d8dc5fce6,parzhin,,,,,
9759,15636,عوزر,عادەت ژنانە,بارودۆخی جەستەیی,ناو,ناو,زانستیی پزیشکی › بارودۆخی جەستەیی,ڕەگەز=مێ,,HIGH,,432b11b0-059a-4486-9981-ae6a7fe0f1c4,sakar,,,,,
9760,15636,عوزر,بیانو,بارودۆخی جەستەیی,ناو,ناو,زانستیی پزیشکی › بارودۆخی جەستەیی,ڕەگەز=مێ,,HIGH,,432b11b0-059a-4486-9981-ae6a7fe0f1c4,sakar,,,,,
9761,15636,عوزر,داوای لێبوردن,بارودۆخی جەستەیی,ناو,ناو,زانستیی پزیشکی › بارودۆخی جەستەیی,ڕەگەز=مێ,,HIGH,,432b11b0-059a-4486-9981-ae6a7fe0f1c4,sakar,,,,,
9765,15637,شاڤەشین,مەلی شاڤاشین,باڵندە,ناو,ناو,زیندەوەرزانی › باڵندە,,,HIGH,,a09069b2-3fc6-4c25-8516-d6e452cd7199,Glena,,,,,
9767,15638,ساڕستە,ڕستەو وشەی ناتەواو وەک: (ئەو پیاوە....),,ناو,ناو,,ڕەگەز=بێلایەن,,HIGH,,28902dbf-4614-41c6-af7d-b36d8dc5fce6,parzhin,,,,,
9768,15640,عوزرخوایی,داوای بوردن کردن,ئەنجامدانی کارێک,کار,کار,,ڕەگەز=دوولایەن,,LOW,"پۆل «ئەنجامدانی کارێک» is really the part of speech «کار» — routed nowhere, needs a decision",432b11b0-059a-4486-9981-ae6a7fe0f1c4,sakar,,,,,
9770,15641,شاڤێر,دەبەنگ، گێل و حۆل,گژوگیا | چەمک,ناو | ئاوەڵناو,,,,,LOW,word carries several parts of speech (ناو / هاوەڵناو); a sense may only have one ; پۆل «گژوگیا» has no home among the deck's ten (see unmapped.csv) ; پۆل «چەمک» has no home among the deck's ten (see unmapped.csv),a09069b2-3fc6-4c25-8516-d6e452cd7199,Glena,,,,,
9771,15641,شاڤێر,جۆرە گیایەکە,گژوگیا | چەمک,ناو | ئاوەڵناو,,,,,LOW,word carries several parts of speech (ناو / هاوەڵناو); a sense may only have one ; پۆل «گژوگیا» has no home among the deck's ten (see unmapped.csv) ; پۆل «چەمک» has no home among the deck's ten (see unmapped.csv),a09069b2-3fc6-4c25-8516-d6e452cd7199,Glena,,,,,
9774,15642,عوزرشتن,عادەت ژنانە,بارودۆخی جەستەیی,ناو,ناو,زانستیی پزیشکی › بارودۆخی جەستەیی,ڕەگەز=مێ,,HIGH,,432b11b0-059a-4486-9981-ae6a7fe0f1c4,sakar,,,,,
9776,15644,شاڤین,باقاندنی کەروێشک,گیانلەبەر | دەنگی ئاژەڵ,ناو,ناو,,,,HIGH,پۆل «گیانلەبەر» has no home among the deck's ten (see unmapped.csv) ; پۆل «دەنگی ئاژەڵ» has no home among the deck's ten (see unmapped.csv),a09069b2-3fc6-4c25-8516-d6e452cd7199,Glena,,,,,
9778,15645,سارمە,گیایەکە بنەکەی بۆ دەقی چیت بەکاردێت,,ناو,ناو,,ڕەگەز=بێلایەن,,HIGH,,28902dbf-4614-41c6-af7d-b36d8dc5fce6,parzhin,,,,,
9779,15645,سارمە,نەخشی تەقەڵ درووی زین,,ناو,ناو,,ڕەگەز=بێلایەن,,HIGH,,28902dbf-4614-41c6-af7d-b36d8dc5fce6,parzhin,,,,,
9780,15645,سارمە,گوڵینگەی لە ئاوریشم و تاڵە زیو,,ناو,ناو,,ڕەگەز=بێلایەن,,HIGH,,28902dbf-4614-41c6-af7d-b36d8dc5fce6,parzhin,,,,,
9781,15646,عوزم,سەنگینی و پشو لەسەوخۆیی,سیفەت,ئاوەڵناو,هاوەڵناو,,ڕەگەز=دوولایەن,,LOW,"پۆل «سیفەت» is really the part of speech «هاوەڵناو» — routed nowhere, needs a decision",432b11b0-059a-4486-9981-ae6a7fe0f1c4,sakar,,,,,
9783,15648,عوسل,خۆشتنی ئاینی، دەرکردنی لەش لە پیسی .,ئەنجامدانی کارێک,کار,کار,,ڕەگەز=دوولایەن,,LOW,"پۆل «ئەنجامدانی کارێک» is really the part of speech «کار» — routed nowhere, needs a decision",432b11b0-059a-4486-9981-ae6a7fe0f1c4,sakar,,,,,
9785,15649,عوسمانەکە,گوندێکی کوردستانە بەعسی کاولی کرد .,گوند,ناو,ناو,,,,HIGH,پۆل «گوند» has no home among the deck's ten (see unmapped.csv),432b11b0-059a-4486-9981-ae6a7fe0f1c4,sakar,,,,,
9787,15653,عوشاقی,جۆری تری,میوە,ناو,ناو,,,,HIGH,پۆل «میوە» has no home among the deck's ten (see unmapped.csv),432b11b0-059a-4486-9981-ae6a7fe0f1c4,sakar,,,,,
9789,15657,عوعو,وشەی مناڵ ترسێن ( داکەوە عوعوهات ),دەنگ | بانگکردن,بانگکردن,,,ڕەگەز=دوولایەن,,LOW,جۆری وشە «بانگکردن» has no equivalent among the seven ; پۆل «دەنگ» has no home among the deck's ten (see unmapped.csv) ; پۆل «بانگکردن» has no home among the deck's ten (see unmapped.csv),432b11b0-059a-4486-9981-ae6a7fe0f1c4,sakar,,,,,
9791,15658,سارە,بەرەبەیانی زوو,,ناو,ناو,,ڕەگەز=بێلایەن,,HIGH,,28902dbf-4614-41c6-af7d-b36d8dc5fce6,parzhin,,,,,
9792,15658,سارە,بەیانی ڕۆژی دواتر,,ناو,ناو,,ڕەگەز=بێلایەن,,HIGH,,28902dbf-4614-41c6-af7d-b36d8dc5fce6,parzhin,,,,,
9793,15659,عول,خێڵ,خێزان و بنەماڵە,ناو,ناو,,,,HIGH,پۆل «خێزان و بنەماڵە» has no home among the deck's ten (see unmapped.csv),432b11b0-059a-4486-9981-ae6a7fe0f1c4,sakar,,,,,
9795,15661,شاق,ماسیگرە، مەلێکی سپیە بە کۆمەڵ ڕاوەماسی دەکەن,کەرەستە | گیانلەبەر | ئەنجامدانی کارێک | باڵندە | دەنگی ئاژەڵ | چەمک,ناو | کار,,کولتووری › کەرەستە | زیندەوەرزانی › باڵندە,,,LOW,"word carries several parts of speech (ناو / کار); a sense may only have one ; پۆل «گیانلەبەر» has no home among the deck's ten (see unmapped.csv) ; پۆل «ئەنجامدانی کارێک» is really the part of speech «کار» — routed nowhere, needs a decision ; پۆل «دەنگی ئاژەڵ» has no home among the deck's ten (see unmapped.csv) ; پۆل «چەمک» has no home among the deck's ten (see unmapped.csv)",a09069b2-3fc6-4c25-8516-d6e452cd7199,Glena,,,,,
9796,15661,شاق,قیڕەی مریشک,کەرەستە | گیانلەبەر | ئەنجامدانی کارێک | باڵندە | دەنگی ئاژەڵ | چەمک,ناو | کار,,کولتووری › کەرەستە | زیندەوەرزانی › باڵندە,,,LOW,"word carries several parts of speech (ناو / کار); a sense may only have one ; پۆل «گیانلەبەر» has no home among the deck's ten (see unmapped.csv) ; پۆل «ئەنجامدانی کارێک» is really the part of speech «کار» — routed nowhere, needs a decision ; پۆل «دەنگی ئاژەڵ» has no home among the deck's ten (see unmapped.csv) ; پۆل «چەمک» has no home among the deck's ten (see unmapped.csv)",a09069b2-3fc6-4c25-8516-d6e452cd7199,Glena,,,,,
9797,15661,شاق,لێدان بە پشتی پێ، شاب,کەرەستە | گیانلەبەر | ئەنجامدانی کارێک | باڵندە | دەنگی ئاژەڵ | چەمک,ناو | کار,,کولتووری › کەرەستە | زیندەوەرزانی › باڵندە,,,LOW,"word carries several parts of speech (ناو / کار); a sense may only have one ; پۆل «گیانلەبەر» has no home among the deck's ten (see unmapped.csv) ; پۆل «ئەنجامدانی کارێک» is really the part of speech «کار» — routed nowhere, needs a decision ; پۆل «دەنگی ئاژەڵ» has no home among the deck's ten (see unmapped.csv) ; پۆل «چەمک» has no home among the deck's ten (see unmapped.csv)",a09069b2-3fc6-4c25-8516-d6e452cd7199,Glena,,,,,
9798,15661,شاق,هەنگاو,کەرەستە | گیانلەبەر | ئەنجامدانی کارێک | باڵندە | دەنگی ئاژەڵ | چەمک,ناو | کار,,کولتووری › کەرەستە | زیندەوەرزانی › باڵندە,,,LOW,"word carries several parts of speech (ناو / کار); a sense may only have one ; پۆل «گیانلەبەر» has no home among the deck's ten (see unmapped.csv) ; پۆل «ئەنجامدانی کارێک» is really the part of speech «کار» — routed nowhere, needs a decision ; پۆل «دەنگی ئاژەڵ» has no home among the deck's ten (see unmapped.csv) ; پۆل «چەمک» has no home among the deck's ten (see unmapped.csv)",a09069b2-3fc6-4c25-8516-d6e452cd7199,Glena,,,,,
9799,15661,شاق,زللە,کەرەستە | گیانلەبەر | ئەنجامدانی کارێک | باڵندە | دەنگی ئاژەڵ | چەمک,ناو | کار,,کولتووری › کەرەستە | زیندەوەرزانی › باڵندە,,,LOW,"word carries several parts of speech (ناو / کار); a sense may only have one ; پۆل «گیانلەبەر» has no home among the deck's ten (see unmapped.csv) ; پۆل «ئەنجامدانی کارێک» is really the part of speech «کار» — routed nowhere, needs a decision ; پۆل «دەنگی ئاژەڵ» has no home among the deck's ten (see unmapped.csv) ; پۆل «چەمک» has no home among the deck's ten (see unmapped.csv)",a09069b2-3fc6-4c25-8516-d6e452cd7199,Glena,,,,,
9800,15661,شاق,گۆچانی بازی گۆپێن,کەرەستە | گیانلەبەر | ئەنجامدانی کارێک | باڵندە | دەنگی ئاژەڵ | چەمک,ناو | کار,,کولتووری › کەرەستە | زیندەوەرزانی › باڵندە,,,LOW,"word carries several parts of speech (ناو / کار); a sense may only have one ; پۆل «گیانلەبەر» has no home among the deck's ten (see unmapped.csv) ; پۆل «ئەنجامدانی کارێک» is really the part of speech «کار» — routed nowhere, needs a decision ; پۆل «دەنگی ئاژەڵ» has no home among the deck's ten (see unmapped.csv) ; پۆل «چەمک» has no home among the deck's ten (see unmapped.csv)",a09069b2-3fc6-4c25-8516-d6e452cd7199,Glena,,,,,
9807,15662,عومبەر,حومبەر، ناوی پیاوانە,ناو تایبەت بە ڕەگەزی نێر,ناو,ناو,,ڕەگەز=نێر,,HIGH,پۆل «ناو تایبەت بە ڕەگەزی نێر» has no home among the deck's ten (see unmapped.csv),432b11b0-059a-4486-9981-ae6a7fe0f1c4,sakar,,,,,
9809,15663,عومدە,بازرگانی زل,پیشە,ناو,ناو,,ڕەگەز=دوولایەن,,HIGH,پۆل «پیشە» has no home among the deck's ten (see unmapped.csv),432b11b0-059a-4486-9981-ae6a7fe0f1c4,sakar,,,,,
9811,15664,عومدەفرۆش,بازرگانێ کە بەتێکڕایی ماڵ بە بازرگانێکی بچوکتردەفرۆشێت.,ئەنجامدانی کارێک | پیشە,کار,کار,,ڕەگەز=دوولایەن,,LOW,"پۆل «ئەنجامدانی کارێک» is really the part of speech «کار» — routed nowhere, needs a decision ; پۆل «پیشە» has no home among the deck's ten (see unmapped.csv)",432b11b0-059a-4486-9981-ae6a7fe0f1c4,sakar,,,,,
9813,15665,عەمر,تەمەن، ماوەی،ژیان,مرۆڤ,ناو,ناو,کولتووری › مرۆڤ,ڕەگەز=دوولایەن,,HIGH,,432b11b0-059a-4486-9981-ae6a7fe0f1c4,sakar,,,,,
9815,15666,عومەر,عومبەر، ناوی پیاوانە,ناو تایبەت بە ڕەگەزی نێر,ناو,ناو,,ڕەگەز=نێر,,HIGH,پۆل «ناو تایبەت بە ڕەگەزی نێر» has no home among the deck's ten (see unmapped.csv),432b11b0-059a-4486-9981-ae6a7fe0f1c4,sakar,,,,,
9817,15667,عون,قنگ،کونی پاشەوە,ئەندامی جەستە,ناو,ناو,زانستیی پزیشکی › ئەندامی جەستە,ڕەگەز=دوولایەن,,HIGH,,432b11b0-059a-4486-9981-ae6a7fe0f1c4,sakar,,,,,
9819,15668,عوویرگ,عوور،ورگ,ئەندامی جەستە,ناو,ناو,زانستیی پزیشکی › ئەندامی جەستە,ڕەگەز=دوولایەن,,HIGH,,432b11b0-059a-4486-9981-ae6a7fe0f1c4,sakar,,,,,
9821,15669,عە,عا,دەنگ,وردە وشە,,,,,LOW,جۆری وشە «وردە وشە» has no equivalent among the seven ; پۆل «دەنگ» has no home among the deck's ten (see unmapped.csv),432b11b0-059a-4486-9981-ae6a7fe0f1c4,sakar,,,,,
9823,15670,عەبا,عابا,جلوبەرگ,ناو,ناو,,ڕەگەز=مێ,,HIGH,پۆل «جلوبەرگ» has no home among the deck's ten (see unmapped.csv),432b11b0-059a-4486-9981-ae6a7fe0f1c4,sakar,,,,,
9825,15671,عەبابەیلە,گوندێکی کوردستانە بەعسی کاولی کرد .,گوند,ناو,ناو,,ڕەگەز=بێلایەن,,HIGH,پۆل «گوند» has no home among the deck's ten (see unmapped.csv),432b11b0-059a-4486-9981-ae6a7fe0f1c4,sakar,,,,,
9827,15672,عەباس,ناوەبۆپیاوان,ناو تایبەت بە ڕەگەزی نێر,ناو,ناو,,ڕەگەز=نێر,,HIGH,پۆل «ناو تایبەت بە ڕەگەزی نێر» has no home among the deck's ten (see unmapped.csv),432b11b0-059a-4486-9981-ae6a7fe0f1c4,sakar,,,,,
9829,15673,عەباسی,گوندایکی کوردستانە کە بەعسی کاولی کرد,گوند,ناو,ناو,,ڕەگەز=بێلایەن,,HIGH,پۆل «گوند» has no home among the deck's ten (see unmapped.csv),432b11b0-059a-4486-9981-ae6a7fe0f1c4,sakar,,,,,
9831,15674,عەبانی,سوکەڵە ناوی عبداڵلە، ناوی پیاوانە .,ناو تایبەت بە ڕەگەزی نێر,ناو,ناو,,ڕەگەز=نێر,,HIGH,پۆل «ناو تایبەت بە ڕەگەزی نێر» has no home among the deck's ten (see unmapped.csv),432b11b0-059a-4486-9981-ae6a7fe0f1c4,sakar,,,,,
9833,15675,عەبد,کۆیلە، بەنی,سیفەت,ناو | ئاوەڵناو,,,ڕەگەز=دوولایەن,,LOW,"word carries several parts of speech (ناو / هاوەڵناو); a sense may only have one ; پۆل «سیفەت» is really the part of speech «هاوەڵناو» — routed nowhere, needs a decision",432b11b0-059a-4486-9981-ae6a7fe0f1c4,sakar,,,,,
9835,15676,عەبدە,سوکەڵە ناوی عبدالڵە,ناو تایبەت بە ڕەگەزی نێر,ناو,ناو,,ڕەگەز=نێر,,HIGH,پۆل «ناو تایبەت بە ڕەگەزی نێر» has no home among the deck's ten (see unmapped.csv),432b11b0-059a-4486-9981-ae6a7fe0f1c4,sakar,,,,,
9837,15677,عەبدۆیی,ناوی هۆزێکی کوردە، کە سمایلاغای سمکۆلەوانە.,خاوەندارییەتی | خێزان و بنەماڵە,ناو,ناو,,ڕەگەز=دوولایەن,,HIGH,پۆل «خاوەندارییەتی» has no home among the deck's ten (see unmapped.csv) ; پۆل «خێزان و بنەماڵە» has no home among the deck's ten (see unmapped.csv),432b11b0-059a-4486-9981-ae6a7fe0f1c4,sakar,,,,,
9839,15683,ساز,ئامرازێکی مۆسیقی,,ناو,ناو,,ڕەگەز=بێلایەن,,HIGH,,28902dbf-4614-41c6-af7d-b36d8dc5fce6,parzhin,,,,,
9840,15683,ساز,دڵخۆش,,ناو,ناو,,ڕەگەز=بێلایەن,,HIGH,,28902dbf-4614-41c6-af7d-b36d8dc5fce6,parzhin,,,,,
9841,15683,ساز,دەوڵەمەند,,ناو,ناو,,ڕەگەز=بێلایەن,,HIGH,,28902dbf-4614-41c6-af7d-b36d8dc5fce6,parzhin,,,,,
9842,15683,ساز,ئامادە,,ناو,ناو,,ڕەگەز=بێلایەن,,HIGH,,28902dbf-4614-41c6-af7d-b36d8dc5fce6,parzhin,,,,,
9843,15683,ساز,بارگەوکەلوپەلی سەفەر,,ناو,ناو,,ڕەگەز=بێلایەن,,HIGH,,28902dbf-4614-41c6-af7d-b36d8dc5fce6,parzhin,,,,,
9844,15684,سازان,ساچان,,ناو,ناو,,ڕەگەز=بێلایەن,,HIGH,,28902dbf-4614-41c6-af7d-b36d8dc5fce6,parzhin,,,,,
9845,15685,سازاندن,پێکهێنانەوەی دوو لایەنی دژ,,کار,کار,,ڕەگەز=بێلایەن,,HIGH,,28902dbf-4614-41c6-af7d-b36d8dc5fce6,parzhin,,,,,
9846,15687,سازبوون,ئامادەبوون,,کار,کار,,ڕەگەز=بێلایەن,,HIGH,,28902dbf-4614-41c6-af7d-b36d8dc5fce6,parzhin,,,,,
9847,15688,سازبەند,سازبەند،سازژەن,,ناو,ناو,,ڕەگەز=دوولایەن,,HIGH,,28902dbf-4614-41c6-af7d-b36d8dc5fce6,parzhin,,,,,
9848,15690,سازشت,ساچان,,ئاوەڵناو,هاوەڵناو,,ڕەگەز=بێلایەن,,HIGH,,28902dbf-4614-41c6-af7d-b36d8dc5fce6,parzhin,,,,,
9849,15691,سازڤان,سازڤان,,ناو,ناو,,ڕەگەز=دوولایەن,,HIGH,,28902dbf-4614-41c6-af7d-b36d8dc5fce6,parzhin,,,,,
9850,15692,سازکردن,ئامادەکردن,,کار,کار,,ڕەگەز=بێلایەن,,HIGH,,28902dbf-4614-41c6-af7d-b36d8dc5fce6,parzhin,,,,,
9851,15692,سازکردن,ڕاستکردن,,کار,کار,,ڕەگەز=بێلایەن,,HIGH,,28902dbf-4614-41c6-af7d-b36d8dc5fce6,parzhin,,,,,
9852,15695,سازەند,زوڕناژەن،سازلێدەر,,ناو,ناو,,ڕەگەز=دوولایەن,,HIGH,,28902dbf-4614-41c6-af7d-b36d8dc5fce6,parzhin,,,,,
9853,15703,ساغبوونەوە,بە ئاکام گەیشتنی کارێک,,کار,کار,,ڕەگەز=بێلایەن,,HIGH,,28902dbf-4614-41c6-af7d-b36d8dc5fce6,parzhin,,,,,
9854,15703,ساغبوونەوە,چاکبوونەوە لە نەخۆشی,,کار,کار,,ڕەگەز=بێلایەن,,HIGH,,28902dbf-4614-41c6-af7d-b36d8dc5fce6,parzhin,,,,,
9855,15707,تەپودوومان,مژی زۆر داوەستاو,دۆخی کەشوھەوا,ناو,ناو,,ڕەگەز=بێلایەن,,HIGH,پۆل «دۆخی کەشوھەوا» has no home among the deck's ten (see unmapped.csv),96560cf4-030d-4268-baea-87bb57cdf631,somaali,,,,,
9861,15708,تەپۆکە,گردولکە,شوێن,ناو,ناو,ناو › شوێن,ڕەگەز=بێلایەن,,HIGH,,96560cf4-030d-4268-baea-87bb57cdf631,somaali,,,,,
9862,15708,تەپۆکە,تەپکی نە زۆر بڵند,شوێن,ناو,ناو,ناو › شوێن,ڕەگەز=بێلایەن,,HIGH,,96560cf4-030d-4268-baea-87bb57cdf631,somaali,,,,,
9864,15709,تەپۆلکە,تەپۆکە,شوێن,ناو,ناو,ناو › شوێن,ڕەگەز=بێلایەن,,HIGH,,96560cf4-030d-4268-baea-87bb57cdf631,somaali,,,,,
9866,15710,تەپۆڵکە,تەپۆکە,شوێن,ناو,ناو,ناو › شوێن,ڕەگەز=بێلایەن,,HIGH,,96560cf4-030d-4268-baea-87bb57cdf631,somaali,,,,,
9870,15711,تەپومژ,مژی بە قوەت,دۆخی کەشوھەوا,ناو,ناو,,ڕەگەز=بێلایەن,,HIGH,پۆل «دۆخی کەشوھەوا» has no home among the deck's ten (see unmapped.csv),96560cf4-030d-4268-baea-87bb57cdf631,somaali,,,,,
9872,15712,تەپۆنکە,تەپۆکە,شوێن,ناو,ناو,ناو › شوێن,ڕەگەز=بێلایەن,,HIGH,,96560cf4-030d-4268-baea-87bb57cdf631,somaali,,,,,
9874,15713,تەپونم,باران و مژ پێکەوە,دۆخی کەشوھەوا,ناو,ناو,,ڕەگەز=بێلایەن,,HIGH,پۆل «دۆخی کەشوھەوا» has no home among the deck's ten (see unmapped.csv),96560cf4-030d-4268-baea-87bb57cdf631,somaali,,,,,
9876,15714,تەپە,دەنگی کەوتنی شتی نەرمی قورس,شوێن | دەنگ,ناو,ناو,ناو › شوێن,ڕەگەز=بێلایەن,,HIGH,پۆل «دەنگ» has no home among the deck's ten (see unmapped.csv),96560cf4-030d-4268-baea-87bb57cdf631,somaali,,,,,
9877,15714,تەپە,دەنگی پای بنیادەم,شوێن | دەنگ,ناو,ناو,ناو › شوێن,ڕەگەز=بێلایەن,,HIGH,پۆل «دەنگ» has no home among the deck's ten (see unmapped.csv),96560cf4-030d-4268-baea-87bb57cdf631,somaali,,,,,
9878,15714,تەپە,تەپڵەکی ئاخرەچن,شوێن | دەنگ,ناو,ناو,ناو › شوێن,ڕەگەز=بێلایەن,,HIGH,پۆل «دەنگ» has no home among the deck's ten (see unmapped.csv),96560cf4-030d-4268-baea-87bb57cdf631,somaali,,,,,
9879,15714,تەپە,گرد کێوی چکۆڵە,شوێن | دەنگ,ناو,ناو,ناو › شوێن,ڕەگەز=بێلایەن,,HIGH,پۆل «دەنگ» has no home among the deck's ten (see unmapped.csv),96560cf4-030d-4268-baea-87bb57cdf631,somaali,,,,,
9884,15715,تەپەتەپ,تەپتەپ,دەنگ,ناو,ناو,,ڕەگەز=بێلایەن,,HIGH,پۆل «دەنگ» has no home among the deck's ten (see unmapped.csv),96560cf4-030d-4268-baea-87bb57cdf631,somaali,,,,,
9887,15716,تەپەتڕە,برێتی لە ساوای تازەپێ گرتوو کە دەکەوێ و هەڵدەستێتەوە,کەس | سیفەت,ناو,ناو,ناو › کەس,,,LOW,"پۆل «سیفەت» is really the part of speech «هاوەڵناو» — routed nowhere, needs a decision ; پۆل says «هاوەڵناو», جۆری وشە says «ناو» — they disagree",96560cf4-030d-4268-baea-87bb57cdf631,somaali,,,,,
9889,15717,تەپەدان,بەسەریەکا کردن و لەسەر یەک هەڵچنین,ئەنجامدانی کارێک,چاوگ,چاوگ,,ڕەگەز=بێلایەن,,LOW,"پۆل «ئەنجامدانی کارێک» is really the part of speech «کار» — routed nowhere, needs a decision ; پۆل says «کار», جۆری وشە says «چاوگ» — they disagree",96560cf4-030d-4268-baea-87bb57cdf631,somaali,,,,,
9891,15718,تەپەدۆر,زاربێنی شوشە لە داری نەرم,کەرەستە,ناو,ناو,کولتووری › کەرەستە,ڕەگەز=بێلایەن,,HIGH,,96560cf4-030d-4268-baea-87bb57cdf631,somaali,,,,,
9893,15719,تەپەدوکەڵ,دوکەڵی زۆر,سیفەت | باروودۆخ,ناو | ئاوەڵناو,,,ڕەگەز=بێلایەن,,LOW,"word carries several parts of speech (ناو / هاوەڵناو); a sense may only have one ; پۆل «سیفەت» is really the part of speech «هاوەڵناو» — routed nowhere, needs a decision ; پۆل «باروودۆخ» has no home among the deck's ten (see unmapped.csv)",96560cf4-030d-4268-baea-87bb57cdf631,somaali,,,,,
9895,15720,تەپەسەر,سەرزەنشت,ئەنجامدانی کارێک | باروودۆخ,ناو,ناو,,ڕەگەز=بێلایەن,,LOW,"پۆل «ئەنجامدانی کارێک» is really the part of speech «کار» — routed nowhere, needs a decision ; پۆل «باروودۆخ» has no home among the deck's ten (see unmapped.csv) ; پۆل says «کار», جۆری وشە says «ناو» — they disagree",96560cf4-030d-4268-baea-87bb57cdf631,somaali,,,,,
9896,15720,تەپەسەر,سەرکۆنە,ئەنجامدانی کارێک | باروودۆخ,ناو,ناو,,ڕەگەز=بێلایەن,,LOW,"پۆل «ئەنجامدانی کارێک» is really the part of speech «کار» — routed nowhere, needs a decision ; پۆل «باروودۆخ» has no home among the deck's ten (see unmapped.csv) ; پۆل says «کار», جۆری وشە says «ناو» — they disagree",96560cf4-030d-4268-baea-87bb57cdf631,somaali,,,,,
9898,15721,تەپەکڵاو,پارچەی تەپڵەسەر داپۆش لە ئارەخچندا,کەرەستە,ناو,ناو,کولتووری › کەرەستە,ڕەگەز=بێلایەن,,HIGH,,96560cf4-030d-4268-baea-87bb57cdf631,somaali,,,,,
9899,15721,تەپەکڵاو,تەختەی گڕۆوەر لەسەر چەڵاکی خێوەت و ڕەشماڵ,کەرەستە,ناو,ناو,کولتووری › کەرەستە,ڕەگەز=بێلایەن,,HIGH,,96560cf4-030d-4268-baea-87bb57cdf631,somaali,,,,,
9902,15722,تەپەڵۆک,تەپاڵەی پێژراو,پاشماوەی گیانداران,ناو,ناو,,ڕەگەز=بێلایەن,,HIGH,پۆل «پاشماوەی گیانداران» has no home among the deck's ten (see unmapped.csv),96560cf4-030d-4268-baea-87bb57cdf631,somaali,,,,,
9904,15723,تەپیان,رمان,ڕوودانی کار,چاوگ,چاوگ,,ڕەگەز=بێلایەن,,HIGH,پۆل «ڕوودانی کار» has no home among the deck's ten (see unmapped.csv),96560cf4-030d-4268-baea-87bb57cdf631,somaali,,,,,
9905,15723,تەپیان,بەسەر یەکا هاتنی دیوار,ڕوودانی کار,چاوگ,چاوگ,,ڕەگەز=بێلایەن,,HIGH,پۆل «ڕوودانی کار» has no home among the deck's ten (see unmapped.csv),96560cf4-030d-4268-baea-87bb57cdf631,somaali,,,,,
9907,15724,تەپین,ڕوخان,ڕوودانی کار,چاوگ,چاوگ,,ڕەگەز=بێلایەن,,HIGH,پۆل «ڕوودانی کار» has no home among the deck's ten (see unmapped.csv),96560cf4-030d-4268-baea-87bb57cdf631,somaali,,,,,
9908,15724,تەپین,بەسەر یەکا هاتنە خواری دیوار,ڕوودانی کار,چاوگ,چاوگ,,ڕەگەز=بێلایەن,,HIGH,پۆل «ڕوودانی کار» has no home among the deck's ten (see unmapped.csv),96560cf4-030d-4268-baea-87bb57cdf631,somaali,,,,,
9909,15724,تەپین,تەپیان,ڕوودانی کار,چاوگ,چاوگ,,ڕەگەز=بێلایەن,,HIGH,پۆل «ڕوودانی کار» has no home among the deck's ten (see unmapped.csv),96560cf4-030d-4268-baea-87bb57cdf631,somaali,,,,,
9910,15724,تەپین,داتەپین,ڕوودانی کار,چاوگ,چاوگ,,ڕەگەز=بێلایەن,,HIGH,پۆل «ڕوودانی کار» has no home among the deck's ten (see unmapped.csv),96560cf4-030d-4268-baea-87bb57cdf631,somaali,,,,,
9911,15724,تەپین,نەوی بوون و قوپانی شت,ڕوودانی کار,چاوگ,چاوگ,,ڕەگەز=بێلایەن,,HIGH,پۆل «ڕوودانی کار» has no home among the deck's ten (see unmapped.csv),96560cf4-030d-4268-baea-87bb57cdf631,somaali,,,,,
9914,15725,شاقام,هەنگاوی زل,ئەنجامدانی کارێک | چەمک,ئاوەڵناو,هاوەڵناو,,,,LOW,"پۆل «ئەنجامدانی کارێک» is really the part of speech «کار» — routed nowhere, needs a decision ; پۆل «چەمک» has no home among the deck's ten (see unmapped.csv) ; پۆل says «کار», جۆری وشە says «هاوەڵناو» — they disagree",a09069b2-3fc6-4c25-8516-d6e452cd7199,Glena,,,,,
9916,15726,تەپیو,روخاو,سیفەت,ئاوەڵناو,هاوەڵناو,,ڕەگەز=بێلایەن,,LOW,"پۆل «سیفەت» is really the part of speech «هاوەڵناو» — routed nowhere, needs a decision",96560cf4-030d-4268-baea-87bb57cdf631,somaali,,,,,
9917,15726,تەپیو,رمیاگ,سیفەت,ئاوەڵناو,هاوەڵناو,,ڕەگەز=بێلایەن,,LOW,"پۆل «سیفەت» is really the part of speech «هاوەڵناو» — routed nowhere, needs a decision",96560cf4-030d-4268-baea-87bb57cdf631,somaali,,,,,
9919,15727,شاقاو,شاقام,ئەنجامدانی کارێک | چەمک,ئاوەڵناو,هاوەڵناو,,,,LOW,"پۆل «ئەنجامدانی کارێک» is really the part of speech «کار» — routed nowhere, needs a decision ; پۆل «چەمک» has no home among the deck's ten (see unmapped.csv) ; پۆل says «کار», جۆری وشە says «هاوەڵناو» — they disagree",a09069b2-3fc6-4c25-8516-d6e452cd7199,Glena,,,,,
9921,15728,شاقروان,بۆق، بەق,گیانلەبەر,ناو,ناو,,ڕەگەز=دوولایەن,,HIGH,پۆل «گیانلەبەر» has no home among the deck's ten (see unmapped.csv),a09069b2-3fc6-4c25-8516-d6e452cd7199,Glena,,,,,
9923,15729,تهتاوک,نەعنا کێویلکە,ڕووەك,ناو,ناو,ڕووەکناسی › ڕووەك,ڕەگەز=بێلایەن,,HIGH,,96560cf4-030d-4268-baea-87bb57cdf631,somaali,,,,,
9925,15730,شاقڵ,دامێنە کەوای لاهەڵتلیشاو,جلوبەرگ,ناو,ناو,,,,HIGH,پۆل «جلوبەرگ» has no home among the deck's ten (see unmapped.csv),a09069b2-3fc6-4c25-8516-d6e452cd7199,Glena,,,,,
9927,15731,شاقوبانێ,گەمەی گۆبازی,یاری,ناو,ناو,کولتووری › یاری,,,HIGH,,a09069b2-3fc6-4c25-8516-d6e452cd7199,Glena,,,,,
9929,15732,شاقوت,پەرتاوتنی لکی زل,ئەنجامدانی کارێک | درەخت,ناو | کار,,,,,LOW,"word carries several parts of speech (ناو / کار); a sense may only have one ; پۆل «ئەنجامدانی کارێک» is really the part of speech «کار» — routed nowhere, needs a decision ; پۆل «درەخت» has no home among the deck's ten (see unmapped.csv)",a09069b2-3fc6-4c25-8516-d6e452cd7199,Glena,,,,,
9931,15733,شاقول,شاقوڵی بەنا,ئامێر,ناو,ناو,,,,HIGH,پۆل «ئامێر» has no home among the deck's ten (see unmapped.csv),a09069b2-3fc6-4c25-8516-d6e452cd7199,Glena,,,,,
9932,15733,شاقول,تەڵە کەروێشک,ئامێر,ناو,ناو,,,,HIGH,پۆل «ئامێر» has no home among the deck's ten (see unmapped.csv),a09069b2-3fc6-4c25-8516-d6e452cd7199,Glena,,,,,
9935,15734,شاقۆڵ,شاقوبانێ,ئامێر,ناو,ناو,,,,HIGH,پۆل «ئامێر» has no home among the deck's ten (see unmapped.csv),a09069b2-3fc6-4c25-8516-d6e452cd7199,Glena,,,,,
9936,15734,شاقۆڵ,ئامرازێکی بەنایانە,ئامێر,ناو,ناو,,,,HIGH,پۆل «ئامێر» has no home among the deck's ten (see unmapped.csv),a09069b2-3fc6-4c25-8516-d6e452cd7199,Glena,,,,,
9937,15734,شاقۆڵ,تەڵە کەروێشک,ئامێر,ناو,ناو,,,,HIGH,پۆل «ئامێر» has no home among the deck's ten (see unmapped.csv),a09069b2-3fc6-4c25-8516-d6e452cd7199,Glena,,,,,
9941,15735,شاقولاپ,قوڵاپی درشتی ماسی گرتن,شوێن | ئەنجامدانی کارێک,ناو,ناو,ناو › شوێن,,,LOW,"پۆل «ئەنجامدانی کارێک» is really the part of speech «کار» — routed nowhere, needs a decision ; پۆل says «کار», جۆری وشە says «ناو» — they disagree",a09069b2-3fc6-4c25-8516-d6e452cd7199,Glena,,,,,
9943,15736,دارۆخان,گوندێکە لە کوردستان,گوند,ناو,ناو,,,,HIGH,پۆل «گوند» has no home among the deck's ten (see unmapped.csv),fbaa1310-1a57-4439-b4e4-2b6fb312b455,banazhamad,,,,,
9945,15737,شاقۆلانێ,شاقوبانێ,یاری,ناو,ناو,کولتووری › یاری,,,HIGH,,a09069b2-3fc6-4c25-8516-d6e452cd7199,Glena,,,,,
9947,15738,داڕوخاو,داڕماو,سیفەت,ئاوەڵناو,هاوەڵناو,,,,LOW,"پۆل «سیفەت» is really the part of speech «هاوەڵناو» — routed nowhere, needs a decision",fbaa1310-1a57-4439-b4e4-2b6fb312b455,banazhamad,,,,,
9949,15739,شاقولیاغا,مەلێکی ڕەشی بچوکە، هەنجیرخۆرە,باڵندە,ناو,ناو,زیندەوەرزانی › باڵندە,ڕەگەز=دوولایەن,,HIGH,,a09069b2-3fc6-4c25-8516-d6e452cd7199,Glena,,,,,
9951,15740,داڕوخیاگ,داڕماو,سیفەت,ئاوەڵناو,هاوەڵناو,,,,LOW,"پۆل «سیفەت» is really the part of speech «هاوەڵناو» — routed nowhere, needs a decision",fbaa1310-1a57-4439-b4e4-2b6fb312b455,banazhamad,,,,,
9953,15741,داڕوخیاو,داڕماو,سیفەت,ئاوەڵناو,هاوەڵناو,,,,LOW,"پۆل «سیفەت» is really the part of speech «هاوەڵناو» — routed nowhere, needs a decision",fbaa1310-1a57-4439-b4e4-2b6fb312b455,banazhamad,,,,,
9955,15742,شاقەشین,شافاشین,باڵندە,ناو,ناو,زیندەوەرزانی › باڵندە,,,HIGH,,a09069b2-3fc6-4c25-8516-d6e452cd7199,Glena,,,,,
9957,15743,شاقەل,شاقل,بەرگ | جلوبەرگ,ناو,ناو,,,,HIGH,پۆل «بەرگ» has no home among the deck's ten (see unmapped.csv) ; پۆل «جلوبەرگ» has no home among the deck's ten (see unmapped.csv),a09069b2-3fc6-4c25-8516-d6e452cd7199,Glena,,,,,
9959,15744,دارودەستە,دەس و پێوەند,کەس,ناو,ناو,ناو › کەس,,,HIGH,,fbaa1310-1a57-4439-b4e4-2b6fb312b455,banazhamad,,,,,
9961,15745,شاقەڵ,بارستە، ئەستوورایی و درێژایی,چەمک,ناو,ناو,,,,HIGH,پۆل «چەمک» has no home among the deck's ten (see unmapped.csv),a09069b2-3fc6-4c25-8516-d6e452cd7199,Glena,,,,,
9963,15746,دارودەسە,دارودەستە,کەس,ناو,ناو,ناو › کەس,ڕەگەز=دوولایەن,,HIGH,,fbaa1310-1a57-4439-b4e4-2b6fb312b455,banazhamad,,,,,
9965,15747,شاقەڵدار,زەلامی ئەستوور,مرۆڤ,ناو,ناو,کولتووری › مرۆڤ,ڕەگەز=نێر,,HIGH,,a09069b2-3fc6-4c25-8516-d6e452cd7199,Glena,,,,,
9967,15748,دار و دەوەن,لێڕەواری بەپنچک,درەخت,ناو,ناو,,ڕەگەز=بێلایەن,,HIGH,پۆل «درەخت» has no home among the deck's ten (see unmapped.csv),fbaa1310-1a57-4439-b4e4-2b6fb312b455,banazhamad,,,,,
9969,15749,دارۆغە,دارغە,کەس,ناو,ناو,ناو › کەس,ڕەگەز=نێر,,HIGH,,fbaa1310-1a57-4439-b4e4-2b6fb312b455,banazhamad,,,,,
9971,15750,تەتک,لەپک,کەرەستە | دەنگی ئاژەڵ,ناو,ناو,کولتووری › کەرەستە,ڕەگەز=بێلایەن,,HIGH,پۆل «دەنگی ئاژەڵ» has no home among the deck's ten (see unmapped.csv),96560cf4-030d-4268-baea-87bb57cdf631,somaali,,,,,
9972,15750,تەتک,دەستکێش,کەرەستە | دەنگی ئاژەڵ,ناو,ناو,کولتووری › کەرەستە,ڕەگەز=بێلایەن,,HIGH,پۆل «دەنگی ئاژەڵ» has no home among the deck's ten (see unmapped.csv),96560cf4-030d-4268-baea-87bb57cdf631,somaali,,,,,
9973,15750,تەتک,سمت و ساتان,کەرەستە | دەنگی ئاژەڵ,ناو,ناو,کولتووری › کەرەستە,ڕەگەز=بێلایەن,,HIGH,پۆل «دەنگی ئاژەڵ» has no home among the deck's ten (see unmapped.csv),96560cf4-030d-4268-baea-87bb57cdf631,somaali,,,,,
9976,15751,شاک,مرقەی نێری لە تێ بەرداندا,میوە | ئاژەڵ,ناو,ناو,زیندەوەرزانی › ئاژەڵ,ڕەگەز=نێر,,HIGH,پۆل «میوە» has no home among the deck's ten (see unmapped.csv),a09069b2-3fc6-4c25-8516-d6e452cd7199,Glena,,,,,
9977,15751,شاک,بڕە، کووز، پارچەی بڕاو لە میوە، قاش,میوە | ئاژەڵ,ناو,ناو,زیندەوەرزانی › ئاژەڵ,ڕەگەز=نێر,,HIGH,پۆل «میوە» has no home among the deck's ten (see unmapped.csv),a09069b2-3fc6-4c25-8516-d6e452cd7199,Glena,,,,,
9978,15751,شاک,بەرانی دووساڵە، شەک بەران,میوە | ئاژەڵ,ناو,ناو,زیندەوەرزانی › ئاژەڵ,ڕەگەز=نێر,,HIGH,پۆل «میوە» has no home among the deck's ten (see unmapped.csv),a09069b2-3fc6-4c25-8516-d6e452cd7199,Glena,,,,,
9982,15752,داروونی,گوندێی کوردستانە بەعسی وێرانی کرد,گوند,ناو,ناو,,,,HIGH,پۆل «گوند» has no home among the deck's ten (see unmapped.csv),fbaa1310-1a57-4439-b4e4-2b6fb312b455,banazhamad,,,,,
9984,15753,تەتلەمیران,کرمێکە ئەستور دوو ڕیزی پێی هەیە و ڕەش و سپییە,ئاژەڵ,ناو,ناو,زیندەوەرزانی › ئاژەڵ,ڕەگەز=دوولایەن,,HIGH,,96560cf4-030d-4268-baea-87bb57cdf631,somaali,,,,,
9986,15754,شاکار,کاری زۆر باش,ئەنجامدانی کارێک | چەمک,ئاوەڵناو,هاوەڵناو,,,,LOW,"پۆل «ئەنجامدانی کارێک» is really the part of speech «کار» — routed nowhere, needs a decision ; پۆل «چەمک» has no home among the deck's ten (see unmapped.csv) ; پۆل says «کار», جۆری وشە says «هاوەڵناو» — they disagree",a09069b2-3fc6-4c25-8516-d6e452cd7199,Glena,,,,,
9988,15755,دارەبازە,داربەست,کەرەستە,ناو,ناو,کولتووری › کەرەستە,,,HIGH,,fbaa1310-1a57-4439-b4e4-2b6fb312b455,banazhamad,,,,,
9989,15755,دارەبازە,دودارە,کەرەستە,ناو,ناو,کولتووری › کەرەستە,,,HIGH,,fbaa1310-1a57-4439-b4e4-2b6fb312b455,banazhamad,,,,,
9990,15755,دارەبازە,تاوت,کەرەستە,ناو,ناو,کولتووری › کەرەستە,,,HIGH,,fbaa1310-1a57-4439-b4e4-2b6fb312b455,banazhamad,,,,,
9992,15756,دارەبەن,دارقەزوان,درەخت,ناو,ناو,,,,HIGH,پۆل «درەخت» has no home among the deck's ten (see unmapped.csv),fbaa1310-1a57-4439-b4e4-2b6fb312b455,banazhamad,,,,,
9993,15756,دارەبەن,داربنێشت,درەخت,ناو,ناو,,,,HIGH,پۆل «درەخت» has no home among the deck's ten (see unmapped.csv),fbaa1310-1a57-4439-b4e4-2b6fb312b455,banazhamad,,,,,
9994,15756,دارەبەن,داربەنوشت,درەخت,ناو,ناو,,,,HIGH,پۆل «درەخت» has no home among the deck's ten (see unmapped.csv),fbaa1310-1a57-4439-b4e4-2b6fb312b455,banazhamad,,,,,
9996,15757,شاکاشی,دەفری گەورەی گڵینی ڕەنگکراو,کەرەستە,ناو,ناو,کولتووری › کەرەستە,,,HIGH,,a09069b2-3fc6-4c25-8516-d6e452cd7199,Glena,,,,,
9998,15758,دارەپیچان,داڵان,شوێن,ناو,ناو,ناو › شوێن,,,HIGH,,fbaa1310-1a57-4439-b4e4-2b6fb312b455,banazhamad,,,,,
9999,15758,دارەپیچان,رێگەی سەر داپۆشراو,شوێن,ناو,ناو,ناو › شوێن,,,HIGH,,fbaa1310-1a57-4439-b4e4-2b6fb312b455,banazhamad,,,,,
10001,15759,تەتن,قوڕ,,ناو,ناو,,ڕەگەز=بێلایەن,,HIGH,,96560cf4-030d-4268-baea-87bb57cdf631,somaali,,,,,
10002,15759,تەتن,حەڕی,,ناو,ناو,,ڕەگەز=بێلایەن,,HIGH,,96560cf4-030d-4268-baea-87bb57cdf631,somaali,,,,,
10003,15759,تەتن,هەڕ,,ناو,ناو,,ڕەگەز=بێلایەن,,HIGH,,96560cf4-030d-4268-baea-87bb57cdf631,somaali,,,,,
10005,15760,شاکاک,وردەمووی زەردی لا جانگی لاو کە دوایی دەوەرێ، گەندەموو,مرۆڤ | بارودۆخی جەستەیی,ناو,ناو,کولتووری › مرۆڤ | زانستیی پزیشکی › بارودۆخی جەستەیی,ڕەگەز=نێر,,HIGH,,a09069b2-3fc6-4c25-8516-d6e452cd7199,Glena,,,,,
10007,15761,داڕەت,قامچ,کەرەستە,ناو,ناو,کولتووری › کەرەستە,,,HIGH,,fbaa1310-1a57-4439-b4e4-2b6fb312b455,banazhamad,,,,,
10008,15761,داڕەت,بەردەس,کەرەستە,ناو,ناو,کولتووری › کەرەستە,,,HIGH,,fbaa1310-1a57-4439-b4e4-2b6fb312b455,banazhamad,,,,,
10009,15761,داڕەت,نزیک بۆ دەست تێگرتن,کەرەستە,ناو,ناو,کولتووری › کەرەستە,,,HIGH,,fbaa1310-1a57-4439-b4e4-2b6fb312b455,banazhamad,,,,,
10011,15762,تەتە,بووکەڵەی مناڵان لە قوڕ یان لە هەویر,کەس | کەرەستە | مرۆڤ,ناو,ناو,ناو › کەس | کولتووری › کەرەستە | کولتووری › مرۆڤ,ڕەگەز=مێ,,HIGH,,96560cf4-030d-4268-baea-87bb57cdf631,somaali,,,,,
10012,15762,تەتە,پوور,کەس | کەرەستە | مرۆڤ,ناو,ناو,ناو › کەس | کولتووری › کەرەستە | کولتووری › مرۆڤ,ڕەگەز=مێ,,HIGH,,96560cf4-030d-4268-baea-87bb57cdf631,somaali,,,,,
10013,15762,تەتە,خوشکی باوک,کەس | کەرەستە | مرۆڤ,ناو,ناو,ناو › کەس | کولتووری › کەرەستە | کولتووری › مرۆڤ,ڕەگەز=مێ,,HIGH,,96560cf4-030d-4268-baea-87bb57cdf631,somaali,,,,,
10014,15762,تەتە,پلە,کەس | کەرەستە | مرۆڤ,ناو,ناو,ناو › کەس | کولتووری › کەرەستە | کولتووری › مرۆڤ,ڕەگەز=مێ,,HIGH,,96560cf4-030d-4268-baea-87bb57cdf631,somaali,,,,,
10015,15762,تەتە,مەت,کەس | کەرەستە | مرۆڤ,ناو,ناو,ناو › کەس | کولتووری › کەرەستە | کولتووری › مرۆڤ,ڕەگەز=مێ,,HIGH,,96560cf4-030d-4268-baea-87bb57cdf631,somaali,,,,,
10016,15762,تەتە,خیشک بۆ زەوی لوسکردن,کەس | کەرەستە | مرۆڤ,ناو,ناو,ناو › کەس | کولتووری › کەرەستە | کولتووری › مرۆڤ,ڕەگەز=مێ,,HIGH,,96560cf4-030d-4268-baea-87bb57cdf631,somaali,,,,,
10017,15762,تەتە,عروسک گلی یا خمیری,کەس | کەرەستە | مرۆڤ,ناو,ناو,ناو › کەس | کولتووری › کەرەستە | کولتووری › مرۆڤ,ڕەگەز=مێ,,HIGH,,96560cf4-030d-4268-baea-87bb57cdf631,somaali,,,,,
10020,15763,شاکم,ڕەنگە، وێ دەچێ، وادیارە,زمانەوانی,وردە وشە,,,,,LOW,جۆری وشە «وردە وشە» has no equivalent among the seven ; پۆل «زمانەوانی» has no home among the deck's ten (see unmapped.csv),a09069b2-3fc6-4c25-8516-d6e452cd7199,Glena,,,,,
10022,15764,تەتەر,شاتر,کەس,ناو,ناو,ناو › کەس,ڕەگەز=نێر,,HIGH,,96560cf4-030d-4268-baea-87bb57cdf631,somaali,,,,,
10023,15764,تەتەر,پیاوی بە پێ,کەس,ناو,ناو,ناو › کەس,ڕەگەز=نێر,,HIGH,,96560cf4-030d-4268-baea-87bb57cdf631,somaali,,,,,
10024,15764,تەتەر,کەسێ نامە دەباو دێنی,کەس,ناو,ناو,ناو › کەس,ڕەگەز=نێر,,HIGH,,96560cf4-030d-4268-baea-87bb57cdf631,somaali,,,,,
10027,15765,دارەتو,دار تفێ,درەخت | گوند,ناو,ناو,,,,HIGH,پۆل «درەخت» has no home among the deck's ten (see unmapped.csv) ; پۆل «گوند» has no home among the deck's ten (see unmapped.csv),fbaa1310-1a57-4439-b4e4-2b6fb312b455,banazhamad,,,,,
10028,15765,دارەتو,گوندێکی کوردە بەعسی وێرانی کرد,درەخت | گوند,ناو,ناو,,,,HIGH,پۆل «درەخت» has no home among the deck's ten (see unmapped.csv) ; پۆل «گوند» has no home among the deck's ten (see unmapped.csv),fbaa1310-1a57-4439-b4e4-2b6fb312b455,banazhamad,,,,,
10031,15766,تەتەری,سماق,خواردن,ناو,ناو,کولتووری › خواردن,ڕەگەز=بێلایەن,,HIGH,,96560cf4-030d-4268-baea-87bb57cdf631,somaali,,,,,
10032,15766,تەتەری,ترشی سماق,خواردن,ناو,ناو,کولتووری › خواردن,ڕەگەز=بێلایەن,,HIGH,,96560cf4-030d-4268-baea-87bb57cdf631,somaali,,,,,
10034,15767,شاکول,پێڵاوی بن چەرمی سەرموو,جلوبەرگ,ناو,ناو,,,,HIGH,پۆل «جلوبەرگ» has no home among the deck's ten (see unmapped.csv),a09069b2-3fc6-4c25-8516-d6e452cd7199,Glena,,,,,
10036,15768,دارەڕا,داپۆشینی چاوەخانو بەکاریتەو دەستەک,ئەنجامدانی کارێک,ناو,ناو,,,,LOW,"پۆل «ئەنجامدانی کارێک» is really the part of speech «کار» — routed nowhere, needs a decision ; پۆل says «کار», جۆری وشە says «ناو» — they disagree",fbaa1310-1a57-4439-b4e4-2b6fb312b455,banazhamad,,,,,
10038,15769,تەتەشۆر,تاتەشوار,شوێن,ناو,ناو,ناو › شوێن,ڕەگەز=بێلایەن,,HIGH,,96560cf4-030d-4268-baea-87bb57cdf631,somaali,,,,,
10039,15769,تەتەشۆر,جێگەی مردوو لە کاتی شۆردن,شوێن,ناو,ناو,ناو › شوێن,ڕەگەز=بێلایەن,,HIGH,,96560cf4-030d-4268-baea-87bb57cdf631,somaali,,,,,
10041,15770,دارەڕەش,ناروەن,درەخت,ناو,ناو,,,,HIGH,پۆل «درەخت» has no home among the deck's ten (see unmapped.csv),fbaa1310-1a57-4439-b4e4-2b6fb312b455,banazhamad,,,,,
10042,15770,دارەڕەش,جۆرێ داری بێبەر و شەنگە,درەخت,ناو,ناو,,,,HIGH,پۆل «درەخت» has no home among the deck's ten (see unmapped.csv),fbaa1310-1a57-4439-b4e4-2b6fb312b455,banazhamad,,,,,
10044,15771,شاکۆل,شاپان، تێڵای لووس و بێ گرێ,کەرەستە | ئامراز,,,کولتووری › کەرەستە | کولتووری › ئامراز,,,LOW,word has no جۆری وشە at all,a09069b2-3fc6-4c25-8516-d6e452cd7199,Glena,,,,,
10046,15772,شاکۆن,گۆچان,کەرەستە | ئامراز,ناو,ناو,کولتووری › کەرەستە | کولتووری › ئامراز,,,HIGH,,a09069b2-3fc6-4c25-8516-d6e452cd7199,Glena,,,,,
10048,15773,داڕەشکێنە,دەرمانێکە بۆ برین,دەرمان,ناو,ناو,,,,HIGH,پۆل «دەرمان» has no home among the deck's ten (see unmapped.csv),fbaa1310-1a57-4439-b4e4-2b6fb312b455,banazhamad,,,,,
10050,15774,تەتەڵە,پارچە تەختە یان پارچە بەردی پانکەڵە بۆ لەسەر نووسین,کەرەستە | ئەنجامدانی کارێک | ئەندامی جەستە | باڵندە,ناو | چاوگ,,کولتووری › کەرەستە | زانستیی پزیشکی › ئەندامی جەستە | زیندەوەرزانی › باڵندە,ڕەگەز=بێلایەن,,LOW,"word carries several parts of speech (ناو / چاوگ); a sense may only have one ; پۆل «ئەنجامدانی کارێک» is really the part of speech «کار» — routed nowhere, needs a decision",96560cf4-030d-4268-baea-87bb57cdf631,somaali,,,,,
10051,15774,تەتەڵە,نێوان ڕان و مۆغەرە پشت,کەرەستە | ئەنجامدانی کارێک | ئەندامی جەستە | باڵندە,ناو | چاوگ,,کولتووری › کەرەستە | زانستیی پزیشکی › ئەندامی جەستە | زیندەوەرزانی › باڵندە,ڕەگەز=بێلایەن,,LOW,"word carries several parts of speech (ناو / چاوگ); a sense may only have one ; پۆل «ئەنجامدانی کارێک» is really the part of speech «کار» — routed nowhere, needs a decision",96560cf4-030d-4268-baea-87bb57cdf631,somaali,,,,,
10052,15774,تەتەڵە,کەمەر لە پشتەوە,کەرەستە | ئەنجامدانی کارێک | ئەندامی جەستە | باڵندە,ناو | چاوگ,,کولتووری › کەرەستە | زانستیی پزیشکی › ئەندامی جەستە | زیندەوەرزانی › باڵندە,ڕەگەز=بێلایەن,,LOW,"word carries several parts of speech (ناو / چاوگ); a sense may only have one ; پۆل «ئەنجامدانی کارێک» is really the part of speech «کار» — routed nowhere, needs a decision",96560cf4-030d-4268-baea-87bb57cdf631,somaali,,,,,
10053,15774,تەتەڵە,ڕوومەت و لاجانگ پێکەوە,کەرەستە | ئەنجامدانی کارێک | ئەندامی جەستە | باڵندە,ناو | چاوگ,,کولتووری › کەرەستە | زانستیی پزیشکی › ئەندامی جەستە | زیندەوەرزانی › باڵندە,ڕەگەز=بێلایەن,,LOW,"word carries several parts of speech (ناو / چاوگ); a sense may only have one ; پۆل «ئەنجامدانی کارێک» is really the part of speech «کار» — routed nowhere, needs a decision",96560cf4-030d-4268-baea-87bb57cdf631,somaali,,,,,
10054,15774,تەتەڵە,پاککردنی دەغڵ و توتن بە هەڵتەکاندن,کەرەستە | ئەنجامدانی کارێک | ئەندامی جەستە | باڵندە,ناو | چاوگ,,کولتووری › کەرەستە | زانستیی پزیشکی › ئەندامی جەستە | زیندەوەرزانی › باڵندە,ڕەگەز=بێلایەن,,LOW,"word carries several parts of speech (ناو / چاوگ); a sense may only have one ; پۆل «ئەنجامدانی کارێک» is really the part of speech «کار» — routed nowhere, needs a decision",96560cf4-030d-4268-baea-87bb57cdf631,somaali,,,,,
10060,15775,دارەقوتە,گوندێکی کوردستانە بەعسی وێرانی کرد,گوند,ناو,ناو,,,,HIGH,پۆل «گوند» has no home among the deck's ten (see unmapped.csv),fbaa1310-1a57-4439-b4e4-2b6fb312b455,banazhamad,,,,,
10062,15776,شاکە,باڵەفڕەی جوچکەی تازە فێرە فڕین,ئەنجامدانی کارێک | باڵندە | چەمک,ناو | کار,,زیندەوەرزانی › باڵندە,ڕەگەز=دوولایەن,,LOW,"word carries several parts of speech (ناو / کار); a sense may only have one ; پۆل «ئەنجامدانی کارێک» is really the part of speech «کار» — routed nowhere, needs a decision ; پۆل «چەمک» has no home among the deck's ten (see unmapped.csv)",a09069b2-3fc6-4c25-8516-d6e452cd7199,Glena,,,,,
10063,15776,شاکە,پاڕانەوە,ئەنجامدانی کارێک | باڵندە | چەمک,ناو | کار,,زیندەوەرزانی › باڵندە,ڕەگەز=دوولایەن,,LOW,"word carries several parts of speech (ناو / کار); a sense may only have one ; پۆل «ئەنجامدانی کارێک» is really the part of speech «کار» — routed nowhere, needs a decision ; پۆل «چەمک» has no home among the deck's ten (see unmapped.csv)",a09069b2-3fc6-4c25-8516-d6e452cd7199,Glena,,,,,
10066,15777,دارەلەک,گوندێکە لە موکریان,گوند,ناو,ناو,,,,HIGH,پۆل «گوند» has no home among the deck's ten (see unmapped.csv),fbaa1310-1a57-4439-b4e4-2b6fb312b455,banazhamad,,,,,
10068,15778,تەتەڵەکردن,هەڵتەکاندنی دەغڵ و توتن بۆ پاککردنەوە,ئەنجامدانی کارێک,کار,کار,,ڕەگەز=بێلایەن,,LOW,"پۆل «ئەنجامدانی کارێک» is really the part of speech «کار» — routed nowhere, needs a decision",96560cf4-030d-4268-baea-87bb57cdf631,somaali,,,,,
10069,15778,تەتەڵەکردن,هەڵەکردن لە قسەدا و زمان تێکەڵبوون,ئەنجامدانی کارێک,کار,کار,,ڕەگەز=بێلایەن,,LOW,"پۆل «ئەنجامدانی کارێک» is really the part of speech «کار» — routed nowhere, needs a decision",96560cf4-030d-4268-baea-87bb57cdf631,somaali,,,,,
10070,15778,تەتەڵەکردن,بەهەڵەچوون لە نیشانە ئەنگاوتندا,ئەنجامدانی کارێک,کار,کار,,ڕەگەز=بێلایەن,,LOW,"پۆل «ئەنجامدانی کارێک» is really the part of speech «کار» — routed nowhere, needs a decision",96560cf4-030d-4268-baea-87bb57cdf631,somaali,,,,,
10074,15779,پاڕانەوەی زۆر,پاڕانەوەی زۆر,چەمک,ئاوەڵناو,هاوەڵناو,,,,HIGH,پۆل «چەمک» has no home among the deck's ten (see unmapped.csv),a09069b2-3fc6-4c25-8516-d6e452cd7199,Glena,,,,,
10076,15780,دارەمەیت,دارتەرم,کەرەستە,ناو,ناو,کولتووری › کەرەستە,,,HIGH,,fbaa1310-1a57-4439-b4e4-2b6fb312b455,banazhamad,,,,,
10077,15780,دارەمەیت,داربەست,کەرەستە,ناو,ناو,کولتووری › کەرەستە,,,HIGH,,fbaa1310-1a57-4439-b4e4-2b6fb312b455,banazhamad,,,,,
10078,15780,دارەمەیت,تاوت,کەرەستە,ناو,ناو,کولتووری › کەرەستە,,,HIGH,,fbaa1310-1a57-4439-b4e4-2b6fb312b455,banazhamad,,,,,
10080,15781,تەیەڵەمیران,تەتڵەمیران,ئاژەڵ | یاری,ناو,ناو,زیندەوەرزانی › ئاژەڵ | کولتووری › یاری,ڕەگەز=دوولایەن,,HIGH,,96560cf4-030d-4268-baea-87bb57cdf631,somaali,,,,,
10081,15781,تەیەڵەمیران,گاڵتەو گەمە,ئاژەڵ | یاری,ناو,ناو,زیندەوەرزانی › ئاژەڵ | کولتووری › یاری,ڕەگەز=دوولایەن,,HIGH,,96560cf4-030d-4268-baea-87bb57cdf631,somaali,,,,,
10084,15782,شاکەل,گوندێکە لە کوردستان بەعسی وێرانی کرد,شوێن | گوند,ناو,ناو,ناو › شوێن,,,HIGH,پۆل «گوند» has no home among the deck's ten (see unmapped.csv),a09069b2-3fc6-4c25-8516-d6e452cd7199,Glena,,,,,
10086,15783,تەتی,سمت و ساتان,شوێن,,,ناو › شوێن,ڕەگەز=بێلایەن,,LOW,word has no جۆری وشە at all,96560cf4-030d-4268-baea-87bb57cdf631,somaali,,,,,
10087,15783,تەتی,ئاودەس,شوێن,,,ناو › شوێن,ڕەگەز=بێلایەن,,LOW,word has no جۆری وشە at all,96560cf4-030d-4268-baea-87bb57cdf631,somaali,,,,,
10090,15784,شاگا,شابە، وشەیەکە کە لە جیاتی ڕۆژباش و سڵاو,چەمک,وردە وشە,,,,,LOW,جۆری وشە «وردە وشە» has no equivalent among the seven ; پۆل «چەمک» has no home among the deck's ten (see unmapped.csv),a09069b2-3fc6-4c25-8516-d6e452cd7199,Glena,,,,,
10092,15785,دارەوان,کەسێ باش بەدار هەڵدەچێ,کەس,ناو,ناو,ناو › کەس,ڕەگەز=دوولایەن,,HIGH,,fbaa1310-1a57-4439-b4e4-2b6fb312b455,banazhamad,,,,,
10094,15786,شاگرد,بەردەستی وەستا,پیشە,ناو,ناو,,,,HIGH,پۆل «پیشە» has no home among the deck's ten (see unmapped.csv),a09069b2-3fc6-4c25-8516-d6e452cd7199,Glena,,,,,
10096,15787,تەجە,تەگە,ئاژەڵ,ناو,ناو,زیندەوەرزانی › ئاژەڵ,ڕەگەز=نێر,,HIGH,,96560cf4-030d-4268-baea-87bb57cdf631,somaali,,,,,
10097,15787,تەجە,نێرەبزن,ئاژەڵ,ناو,ناو,زیندەوەرزانی › ئاژەڵ,ڕەگەز=نێر,,HIGH,,96560cf4-030d-4268-baea-87bb57cdf631,somaali,,,,,
10098,15787,تەجە,سابرێن,ئاژەڵ,ناو,ناو,زیندەوەرزانی › ئاژەڵ,ڕەگەز=نێر,,HIGH,,96560cf4-030d-4268-baea-87bb57cdf631,somaali,,,,,
10099,15787,تەجە,ساورێن,ئاژەڵ,ناو,ناو,زیندەوەرزانی › ئاژەڵ,ڕەگەز=نێر,,HIGH,,96560cf4-030d-4268-baea-87bb57cdf631,somaali,,,,,
10101,15788,تەجەنەر,تەگە,ئاژەڵ,ناو,ناو,زیندەوەرزانی › ئاژەڵ,ڕەگەز=نێر,,HIGH,,96560cf4-030d-4268-baea-87bb57cdf631,somaali,,,,,
10103,15789,دارهەلووک,دارە درێژەکەی گەمەی هەلووکێن,کەرەستە,ناو,ناو,کولتووری › کەرەستە,ڕەگەز=بێلایەن,,HIGH,,fbaa1310-1a57-4439-b4e4-2b6fb312b455,banazhamad,,,,,
10104,15789,دارهەلووک,چوب بلند بازی الک دولک,کەرەستە,ناو,ناو,کولتووری › کەرەستە,ڕەگەز=بێلایەن,,HIGH,,fbaa1310-1a57-4439-b4e4-2b6fb312b455,banazhamad,,,,,
10105,15790,شاگردانە,بەخششی شاگرد,بەخشین,ناو,ناو,,,,HIGH,پۆل «بەخشین» has no home among the deck's ten (see unmapped.csv),a09069b2-3fc6-4c25-8516-d6e452cd7199,Glena,,,,,
10107,15791,شاگردە,دارێکی سەر بە ئاڵقەیە جۆڵا تاڵی ڕایەڵی پێ دەبژێرێ,ئامێر | ئامراز,ناو,ناو,کولتووری › ئامراز,,,HIGH,پۆل «ئامێر» has no home among the deck's ten (see unmapped.csv),a09069b2-3fc6-4c25-8516-d6e452cd7199,Glena,,,,,
10109,15793,شاگونج,دارێکە وەک ڕەحەتی دەخرێتە دەم دۆڵاشەوە,ئامێر | ئامراز,ناو,ناو,کولتووری › ئامراز,,,HIGH,پۆل «ئامێر» has no home among the deck's ten (see unmapped.csv),a09069b2-3fc6-4c25-8516-d6e452cd7199,Glena,,,,,
10111,15794,دارێ,داسی دروێنە,شوێن | کەرەستە,ناو,ناو,ناو › شوێن | کولتووری › کەرەستە,,,HIGH,,fbaa1310-1a57-4439-b4e4-2b6fb312b455,banazhamad,,,,,
10112,15794,دارێ,شارێکی کۆنی کوردە,شوێن | کەرەستە,ناو,ناو,ناو › شوێن | کولتووری › کەرەستە,,,HIGH,,fbaa1310-1a57-4439-b4e4-2b6fb312b455,banazhamad,,,,,
10115,15795,داریانەوە,بوورانەوە,بارودۆخی جەستەیی,ئاوەڵکار,هاوەڵکار,زانستیی پزیشکی › بارودۆخی جەستەیی,,,HIGH,,fbaa1310-1a57-4439-b4e4-2b6fb312b455,banazhamad,,,,,
10116,15795,داریانەوە,دڵ لەخۆچون,بارودۆخی جەستەیی,ئاوەڵکار,هاوەڵکار,زانستیی پزیشکی › بارودۆخی جەستەیی,,,HIGH,,fbaa1310-1a57-4439-b4e4-2b6fb312b455,banazhamad,,,,,
10117,15795,داریانەوە,بەم لاو بەولادا کەوتن,بارودۆخی جەستەیی,ئاوەڵکار,هاوەڵکار,زانستیی پزیشکی › بارودۆخی جەستەیی,,,HIGH,,fbaa1310-1a57-4439-b4e4-2b6fb312b455,banazhamad,,,,,
10120,15796,تەجیر,تامان,کەرەستە,ناو,ناو,کولتووری › کەرەستە,,,HIGH,,96560cf4-030d-4268-baea-87bb57cdf631,somaali,,,,,
10121,15796,تەجیر,تەیمان,کەرەستە,ناو,ناو,کولتووری › کەرەستە,,,HIGH,,96560cf4-030d-4268-baea-87bb57cdf631,somaali,,,,,
10122,15796,تەجیر,دیواری لەشووڵ,کەرەستە,ناو,ناو,کولتووری › کەرەستە,,,HIGH,,96560cf4-030d-4268-baea-87bb57cdf631,somaali,,,,,
10123,15796,تەجیر,چەپەر,کەرەستە,ناو,ناو,کولتووری › کەرەستە,,,HIGH,,96560cf4-030d-4268-baea-87bb57cdf631,somaali,,,,,
10125,15797,شاگوڵ,گوڵی زلی وێنە مافوورە,گوڵ | دانەوێڵە,ناو,ناو,ڕووەکناسی › گوڵ,,,HIGH,پۆل «دانەوێڵە» has no home among the deck's ten (see unmapped.csv),a09069b2-3fc6-4c25-8516-d6e452cd7199,Glena,,,,,
10126,15797,شاگوڵ,گوڵی سەرەکی دەخڵ,گوڵ | دانەوێڵە,ناو,ناو,ڕووەکناسی › گوڵ,,,HIGH,پۆل «دانەوێڵە» has no home among the deck's ten (see unmapped.csv),a09069b2-3fc6-4c25-8516-d6e452cd7199,Glena,,,,,
10129,15798,داڕێژگە,قالبی شت تێدا تواندنەوەی پیشەسازان,ئامێر,ناو,ناو,,ڕەگەز=بێلایەن,,HIGH,پۆل «ئامێر» has no home among the deck's ten (see unmapped.csv),fbaa1310-1a57-4439-b4e4-2b6fb312b455,banazhamad,,,,,
10131,15799,تەجیری,هیزە,کەرەستە,ناو,ناو,کولتووری › کەرەستە,ڕەگەز=بێلایەن,,HIGH,,96560cf4-030d-4268-baea-87bb57cdf631,somaali,,,,,
10132,15799,تەجیری,خیگ,کەرەستە,ناو,ناو,کولتووری › کەرەستە,ڕەگەز=بێلایەن,,HIGH,,96560cf4-030d-4268-baea-87bb57cdf631,somaali,,,,,
10133,15799,تەجیری,خیگە,کەرەستە,ناو,ناو,کولتووری › کەرەستە,ڕەگەز=بێلایەن,,HIGH,,96560cf4-030d-4268-baea-87bb57cdf631,somaali,,,,,
10134,15799,تەجیری,پێستە,کەرەستە,ناو,ناو,کولتووری › کەرەستە,ڕەگەز=بێلایەن,,HIGH,,96560cf4-030d-4268-baea-87bb57cdf631,somaali,,,,,
10136,15800,داڕێژی,کاری دەقالب کردنی تاویاو,ئەنجامدانی کارێک,کار,کار,,,,LOW,"پۆل «ئەنجامدانی کارێک» is really the part of speech «کار» — routed nowhere, needs a decision",fbaa1310-1a57-4439-b4e4-2b6fb312b455,banazhamad,,,,,
10138,15801,شاگول بەند,بێن خۆشکە، بۆ خۆشکە، گیایەکە,گژوگیا,ناو,ناو,,,,HIGH,پۆل «گژوگیا» has no home among the deck's ten (see unmapped.csv),a09069b2-3fc6-4c25-8516-d6e452cd7199,Glena,,,,,
10140,15802,تەح,وشەی سەرسوڕمان,ئامراز | وشەی سەرسوڕمان,هیتر,,کولتووری › ئامراز,ڕەگەز=بێلایەن,,LOW,جۆری وشە «هیتر» has no equivalent among the seven ; پۆل «وشەی سەرسوڕمان» has no home among the deck's ten (see unmapped.csv),96560cf4-030d-4268-baea-87bb57cdf631,somaali,,,,,
10142,15803,داریلانک,گوڵێکی بۆن خۆشە,گوڵ,ناو,ناو,ڕووەکناسی › گوڵ,,,HIGH,,fbaa1310-1a57-4439-b4e4-2b6fb312b455,banazhamad,,,,,
10144,15804,یەحا,تەح,وشەی سەرسوڕمان,هیتر,,,ڕەگەز=بێلایەن,,LOW,جۆری وشە «هیتر» has no equivalent among the seven ; پۆل «وشەی سەرسوڕمان» has no home among the deck's ten (see unmapped.csv),96560cf4-030d-4268-baea-87bb57cdf631,somaali,,,,,
10146,15805,شاگە,شاگا، وشەیەکە لە جیاتی ڕۆژباش و سڵاو,چەمک,وردە وشە,,,,,LOW,جۆری وشە «وردە وشە» has no equivalent among the seven ; پۆل «چەمک» has no home among the deck's ten (see unmapped.csv),a09069b2-3fc6-4c25-8516-d6e452cd7199,Glena,,,,,
10148,15806,تەحام,خواردەمەنی,خواردن,ناو,ناو,کولتووری › خواردن,ڕەگەز=بێلایەن,,HIGH,,96560cf4-030d-4268-baea-87bb57cdf631,somaali,,,,,
10149,15806,تەحام,شیو,خواردن,ناو,ناو,کولتووری › خواردن,ڕەگەز=بێلایەن,,HIGH,,96560cf4-030d-4268-baea-87bb57cdf631,somaali,,,,,
10151,15807,تەحامات,خواردەمەنی جۆراو خۆر و ڕەنگاو ڕەنگ,خواردن,ناو,ناو,کولتووری › خواردن,ڕەگەز=بێلایەن,,HIGH,,96560cf4-030d-4268-baea-87bb57cdf631,somaali,,,,,
10153,15808,دارین,هەرشتێ لەدار کریابێ,کەرەستە,ناو,ناو,کولتووری › کەرەستە,ڕەگەز=بێلایەن,,HIGH,,fbaa1310-1a57-4439-b4e4-2b6fb312b455,banazhamad,,,,,
10155,15809,شاگەردانی,پاشاگەرانی، دنیای بێ قانوون و پڕ لە ئاژاوە,چەمک,ئاوەڵناو,هاوەڵناو,,,,HIGH,پۆل «چەمک» has no home among the deck's ten (see unmapped.csv),a09069b2-3fc6-4c25-8516-d6e452cd7199,Glena,,,,,
10157,15810,دارینە,دارین,کەرەستە,ناو,ناو,کولتووری › کەرەستە,ڕەگەز=بێلایەن,,HIGH,,fbaa1310-1a57-4439-b4e4-2b6fb312b455,banazhamad,,,,,
10158,15810,دارینە,چوبین,کەرەستە,ناو,ناو,کولتووری › کەرەستە,ڕەگەز=بێلایەن,,HIGH,,fbaa1310-1a57-4439-b4e4-2b6fb312b455,banazhamad,,,,,
10159,15811,تەحت,شاخ,شوێن,ناو,ناو,ناو › شوێن,ڕەگەز=بێلایەن,,HIGH,,96560cf4-030d-4268-baea-87bb57cdf631,somaali,,,,,
10160,15811,تەحت,کێوی لەبەردی لوس و بڵند,شوێن,ناو,ناو,ناو › شوێن,ڕەگەز=بێلایەن,,HIGH,,96560cf4-030d-4268-baea-87bb57cdf631,somaali,,,,,
10161,15811,تەحت,لباد,شوێن,ناو,ناو,ناو › شوێن,ڕەگەز=بێلایەن,,HIGH,,96560cf4-030d-4268-baea-87bb57cdf631,somaali,,,,,
10162,15811,تەحت,نمد,شوێن,ناو,ناو,ناو › شوێن,ڕەگەز=بێلایەن,,HIGH,,96560cf4-030d-4268-baea-87bb57cdf631,somaali,,,,,
10165,15812,شاگەشکە,بوورانەوە لە خۆشیان,هەست | دەروون ناسی,ئاوەڵناو,هاوەڵناو,,,,HIGH,پۆل «هەست» has no home among the deck's ten (see unmapped.csv) ; پۆل «دەروون ناسی» has no home among the deck's ten (see unmapped.csv),a09069b2-3fc6-4c25-8516-d6e452cd7199,Glena,,,,,
10166,15812,شاگەشکە,پووکاوڵە، چەمووڵە,هەست | دەروون ناسی,ئاوەڵناو,هاوەڵناو,,,,HIGH,پۆل «هەست» has no home among the deck's ten (see unmapped.csv) ; پۆل «دەروون ناسی» has no home among the deck's ten (see unmapped.csv),a09069b2-3fc6-4c25-8516-d6e452cd7199,Glena,,,,,
10169,15813,داژدار,قەڵاچی,کەس,ناو,ناو,ناو › کەس,ڕەگەز=نێر,,HIGH,,fbaa1310-1a57-4439-b4e4-2b6fb312b455,banazhamad,,,,,
10170,15813,داژدار,پاسەوانی کەلهە,کەس,ناو,ناو,ناو › کەس,ڕەگەز=نێر,,HIGH,,fbaa1310-1a57-4439-b4e4-2b6fb312b455,banazhamad,,,,,
10171,15813,داژدار,برێتی لە لاگر و پارێزەر,کەس,ناو,ناو,ناو › کەس,ڕەگەز=نێر,,HIGH,,fbaa1310-1a57-4439-b4e4-2b6fb312b455,banazhamad,,,,,
10174,15814,شاگەشکەبوون,بوورانەوە لە خۆشیان,هەست,ئاوەڵناو,هاوەڵناو,,,,HIGH,پۆل «هەست» has no home among the deck's ten (see unmapped.csv),a09069b2-3fc6-4c25-8516-d6e452cd7199,Glena,,,,,
10176,15815,داژگیر,بێژنگی کون هەڵە بۆ گەنم پاکردن,کەرەستە,ناو,ناو,کولتووری › کەرەستە,ڕەگەز=بێلایەن,,HIGH,,fbaa1310-1a57-4439-b4e4-2b6fb312b455,banazhamad,,,,,
10178,15816,داس,دارێ,کەرەستە,ناو,ناو,کولتووری › کەرەستە,ڕەگەز=بێلایەن,,HIGH,,fbaa1310-1a57-4439-b4e4-2b6fb312b455,banazhamad,,,,,
10180,15817,شاگەشکە لێنان,پووکاوڵە لێنان، چەمووڵە لێنان,هەست,ئاوەڵناو,هاوەڵناو,,,,HIGH,پۆل «هەست» has no home among the deck's ten (see unmapped.csv),a09069b2-3fc6-4c25-8516-d6e452cd7199,Glena,,,,,
10182,15818,داسک,داسی چکۆلە,کەرەستە,ناو,ناو,کولتووری › کەرەستە,ڕەگەز=بێلایەن,,HIGH,,fbaa1310-1a57-4439-b4e4-2b6fb312b455,banazhamad,,,,,
10183,15818,داسک,تەورداس,کەرەستە,ناو,ناو,کولتووری › کەرەستە,ڕەگەز=بێلایەن,,HIGH,,fbaa1310-1a57-4439-b4e4-2b6fb312b455,banazhamad,,,,,
10184,15818,داسک,هەودای دەزو,کەرەستە,ناو,ناو,کولتووری › کەرەستە,ڕەگەز=بێلایەن,,HIGH,,fbaa1310-1a57-4439-b4e4-2b6fb312b455,banazhamad,,,,,
10188,15819,شال,ڕانک,ئامێر | جلوبەرگ,ناو,ناو,,ڕەگەز=نێر,,HIGH,پۆل «ئامێر» has no home among the deck's ten (see unmapped.csv) ; پۆل «جلوبەرگ» has no home among the deck's ten (see unmapped.csv),a09069b2-3fc6-4c25-8516-d6e452cd7199,Glena,,,,,
10189,15819,شال,چەتانی کڵۆش ڕاگوێزتن بۆ سەر خەرمان,ئامێر | جلوبەرگ,ناو,ناو,,ڕەگەز=نێر,,HIGH,پۆل «ئامێر» has no home among the deck's ten (see unmapped.csv) ; پۆل «جلوبەرگ» has no home among the deck's ten (see unmapped.csv),a09069b2-3fc6-4c25-8516-d6e452cd7199,Glena,,,,,
10192,15820,شاڵ,شال,جلوبەرگ,ناو,ناو,,,,HIGH,پۆل «جلوبەرگ» has no home among the deck's ten (see unmapped.csv),a09069b2-3fc6-4c25-8516-d6e452cd7199,Glena,,,,,
10193,15820,شاڵ,پارچەی سەوزی تایبەتی پێچ و پشتێنی سەید,جلوبەرگ,ناو,ناو,,,,HIGH,پۆل «جلوبەرگ» has no home among the deck's ten (see unmapped.csv),a09069b2-3fc6-4c25-8516-d6e452cd7199,Glena,,,,,
10194,15820,شاڵ,بووزو,جلوبەرگ,ناو,ناو,,,,HIGH,پۆل «جلوبەرگ» has no home among the deck's ten (see unmapped.csv),a09069b2-3fc6-4c25-8516-d6e452cd7199,Glena,,,,,
10198,15821,شاڵاو,پەلامار,ئەنجامدانی کارێک,ئاوەڵکار,هاوەڵکار,,,,LOW,"پۆل «ئەنجامدانی کارێک» is really the part of speech «کار» — routed nowhere, needs a decision ; پۆل says «کار», جۆری وشە says «هاوەڵکار» — they disagree",a09069b2-3fc6-4c25-8516-d6e452cd7199,Glena,,,,,
10200,15822,شاڵک,عابا، سەر جلی تەنکی فش و فۆڵ,جلوبەرگ,ناو,ناو,,ڕەگەز=مێ,,HIGH,پۆل «جلوبەرگ» has no home among the deck's ten (see unmapped.csv),a09069b2-3fc6-4c25-8516-d6e452cd7199,Glena,,,,,
10202,15823,شاڵ گەردەن,پارچەی دەوری مل داپۆشین,جلوبەرگ,ناو,ناو,,,,HIGH,پۆل «جلوبەرگ» has no home among the deck's ten (see unmapped.csv),a09069b2-3fc6-4c25-8516-d6e452cd7199,Glena,,,,,
10204,15824,شالوو,کوللێرەی بە شەدانەوە,خواردن,ناو,ناو,کولتووری › خواردن,,,HIGH,,a09069b2-3fc6-4c25-8516-d6e452cd7199,Glena,,,,,
10206,15825,شالووت,کەسێ لووتی زل بێ,ئەندامی جەستە,ئاوەڵناو,هاوەڵناو,زانستیی پزیشکی › ئەندامی جەستە,,,HIGH,,a09069b2-3fc6-4c25-8516-d6e452cd7199,Glena,,,,,
10208,15826,شالوور,ڕیشۆڵەی ڕەش، گاوانی سیا,باڵندە,ناو,ناو,زیندەوەرزانی › باڵندە,,,HIGH,,a09069b2-3fc6-4c25-8516-d6e452cd7199,Glena,,,,,
10210,15827,شالووز,ریاباز، مەرایی کەر,چەمک,ئاوەڵناو,هاوەڵناو,,,,HIGH,پۆل «چەمک» has no home among the deck's ten (see unmapped.csv),a09069b2-3fc6-4c25-8516-d6e452cd7199,Glena,,,,,
10212,15828,شالوول,شالوور,باڵندە,,,زیندەوەرزانی › باڵندە,,,LOW,word has no جۆری وشە at all,a09069b2-3fc6-4c25-8516-d6e452cd7199,Glena,,,,,
10214,15829,شالوویل,شالوور,باڵندە,ناو,ناو,زیندەوەرزانی › باڵندە,ڕەگەز=دوولایەن,,HIGH,,a09069b2-3fc6-4c25-8516-d6e452cd7199,Glena,,,,,
10216,15830,شالیار,پاشای شارێک,مرۆڤ | پیشە,ناو,ناو,کولتووری › مرۆڤ,ڕەگەز=نێر,,HIGH,پۆل «پیشە» has no home among the deck's ten (see unmapped.csv),a09069b2-3fc6-4c25-8516-d6e452cd7199,Glena,,,,,
10217,15830,شالیار,ئاواڵ دۆستی شا,مرۆڤ | پیشە,ناو,ناو,کولتووری › مرۆڤ,ڕەگەز=نێر,,HIGH,پۆل «پیشە» has no home among the deck's ten (see unmapped.csv),a09069b2-3fc6-4c25-8516-d6e452cd7199,Glena,,,,,
10220,15831,شالیار,ڕیشۆڵەی ڕەش، گاوانی سیا,باڵندە,ناو,ناو,زیندەوەرزانی › باڵندە,ڕەگەز=نێر,,HIGH,,a09069b2-3fc6-4c25-8516-d6e452cd7199,Glena,,,,,
10222,15832,شاڵیار,پاشای شارێک,مرۆڤ | پیشە,ناو,ناو,کولتووری › مرۆڤ,ڕەگەز=نێر,,HIGH,پۆل «پیشە» has no home among the deck's ten (see unmapped.csv),a09069b2-3fc6-4c25-8516-d6e452cd7199,Glena,,,,,
10223,15832,شاڵیار,ئاواڵ و دۆستی شا,مرۆڤ | پیشە,ناو,ناو,کولتووری › مرۆڤ,ڕەگەز=نێر,,HIGH,پۆل «پیشە» has no home among the deck's ten (see unmapped.csv),a09069b2-3fc6-4c25-8516-d6e452cd7199,Glena,,,,,
10226,15833,شالیل,شالوور,باڵندە,ناو,ناو,زیندەوەرزانی › باڵندە,ڕەگەز=نێر,,HIGH,,a09069b2-3fc6-4c25-8516-d6e452cd7199,Glena,,,,,
10228,15834,شاڵینە,پارچەی چوارگۆشە لە خوری,کەرەستە,ناو,ناو,کولتووری › کەرەستە,,,HIGH,,a09069b2-3fc6-4c25-8516-d6e452cd7199,Glena,,,,,
10230,15835,شام,پایتەختی وڵاتی سوریا,شوێن | خواردن,ناو,ناو,ناو › شوێن | کولتووری › خواردن,,,HIGH,,a09069b2-3fc6-4c25-8516-d6e452cd7199,Glena,,,,,
10231,15835,شام,نانی شێوان,شوێن | خواردن,ناو,ناو,ناو › شوێن | کولتووری › خواردن,,,HIGH,,a09069b2-3fc6-4c25-8516-d6e452cd7199,Glena,,,,,
10232,15835,شام,تەنگی نانی شێوان,شوێن | خواردن,ناو,ناو,ناو › شوێن | کولتووری › خواردن,,,HIGH,,a09069b2-3fc6-4c25-8516-d6e452cd7199,Glena,,,,,
10233,15835,شام,شامنم,شوێن | خواردن,ناو,ناو,ناو › شوێن | کولتووری › خواردن,,,HIGH,,a09069b2-3fc6-4c25-8516-d6e452cd7199,Glena,,,,,
10238,15836,شامات,دەشتی شۆرەکات,شوێن | چەمک,ناو,ناو,ناو › شوێن,,,HIGH,پۆل «چەمک» has no home among the deck's ten (see unmapped.csv),a09069b2-3fc6-4c25-8516-d6e452cd7199,Glena,,,,,
10239,15836,شامات,مەڵبەندێکە لە کوردستان,شوێن | چەمک,ناو,ناو,ناو › شوێن,,,HIGH,پۆل «چەمک» has no home among the deck's ten (see unmapped.csv),a09069b2-3fc6-4c25-8516-d6e452cd7199,Glena,,,,,
10240,15836,شامات,وشەی دۆڕانی شەتڕەنج,شوێن | چەمک,ناو,ناو,ناو › شوێن,,,HIGH,پۆل «چەمک» has no home among the deck's ten (see unmapped.csv),a09069b2-3fc6-4c25-8516-d6e452cd7199,Glena,,,,,
10244,15837,شامار,حەزیا، زەها,ئاژەڵ,ناو,ناو,زیندەوەرزانی › ئاژەڵ,,,HIGH,,a09069b2-3fc6-4c25-8516-d6e452cd7199,Glena,,,,,
10246,15838,شاماکی,مەمک بەند,جلوبەرگ | چار شێوی ژنان,ناو,ناو,,ڕەگەز=مێ,,HIGH,پۆل «جلوبەرگ» has no home among the deck's ten (see unmapped.csv) ; پۆل «چار شێوی ژنان» has no home among the deck's ten (see unmapped.csv),a09069b2-3fc6-4c25-8516-d6e452cd7199,Glena,,,,,
10248,15839,شامبۆز,ئازا، جوامێر,چەمک | زمانەوانی,ئاوەڵناو,هاوەڵناو,,,,HIGH,پۆل «چەمک» has no home among the deck's ten (see unmapped.csv) ; پۆل «زمانەوانی» has no home among the deck's ten (see unmapped.csv),a09069b2-3fc6-4c25-8516-d6e452cd7199,Glena,,,,,
10250,15840,شامبۆیی,گەماڵی خێرا کە ئاگاداری لە ڕان و مێگەل دەکا,ئاژەڵ,ناو,ناو,زیندەوەرزانی › ئاژەڵ,ڕەگەز=نێر,,HIGH,,a09069b2-3fc6-4c25-8516-d6e452cd7199,Glena,,,,,
10252,15841,شام خواردن,شێو خواردن,خواردن,ناو,ناو,کولتووری › خواردن,,,HIGH,,a09069b2-3fc6-4c25-8516-d6e452cd7199,Glena,,,,,
10254,15842,شام دەرزی,جۆرێ شمشێری بەناوبانگە,کەرەستە | کانزا,ناو,ناو,کولتووری › کەرەستە,,,HIGH,پۆل «کانزا» has no home among the deck's ten (see unmapped.csv),a09069b2-3fc6-4c25-8516-d6e452cd7199,Glena,,,,,
10256,15843,شام کردن,شام خواردن,خواردن | کات,,,کولتووری › خواردن,,,LOW,word has no جۆری وشە at all ; پۆل «کات» has no home among the deck's ten (see unmapped.csv),a09069b2-3fc6-4c25-8516-d6e452cd7199,Glena,,,,,
10258,15844,شامۆیی,جۆرێکە لە توتن,گژوگیا,ناو,ناو,,,,HIGH,پۆل «گژوگیا» has no home among the deck's ten (see unmapped.csv),a09069b2-3fc6-4c25-8516-d6e452cd7199,Glena,,,,,
10260,15845,شامی,شووتی، جەبەژ، ژەبەش، شفتی، هەنی,شوێن | میوە | مرۆڤ | باڵندە | دانەوێڵە | زمانەوانی,ناو,ناو,ناو › شوێن | کولتووری › مرۆڤ | زیندەوەرزانی › باڵندە,ڕەگەز=بێلایەن,,HIGH,پۆل «میوە» has no home among the deck's ten (see unmapped.csv) ; پۆل «دانەوێڵە» has no home among the deck's ten (see unmapped.csv) ; پۆل «زمانەوانی» has no home among the deck's ten (see unmapped.csv),a09069b2-3fc6-4c25-8516-d6e452cd7199,Glena,,,,,
10261,15845,شامی,گەنمەشامی، گوڵە پێغەمبەرە، گوڵەگەنم,شوێن | میوە | مرۆڤ | باڵندە | دانەوێڵە | زمانەوانی,ناو,ناو,ناو › شوێن | کولتووری › مرۆڤ | زیندەوەرزانی › باڵندە,ڕەگەز=بێلایەن,,HIGH,پۆل «میوە» has no home among the deck's ten (see unmapped.csv) ; پۆل «دانەوێڵە» has no home among the deck's ten (see unmapped.csv) ; پۆل «زمانەوانی» has no home among the deck's ten (see unmapped.csv),a09069b2-3fc6-4c25-8516-d6e452cd7199,Glena,,,,,
10262,15845,شامی,قەلەموونە، عەلەشیش,شوێن | میوە | مرۆڤ | باڵندە | دانەوێڵە | زمانەوانی,ناو,ناو,ناو › شوێن | کولتووری › مرۆڤ | زیندەوەرزانی › باڵندە,ڕەگەز=بێلایەن,,HIGH,پۆل «میوە» has no home among the deck's ten (see unmapped.csv) ; پۆل «دانەوێڵە» has no home among the deck's ten (see unmapped.csv) ; پۆل «زمانەوانی» has no home among the deck's ten (see unmapped.csv),a09069b2-3fc6-4c25-8516-d6e452cd7199,Glena,,,,,
10263,15845,شامی,پاش وشەی مریشکە دێت( مریشکە شامی),شوێن | میوە | مرۆڤ | باڵندە | دانەوێڵە | زمانەوانی,ناو,ناو,ناو › شوێن | کولتووری › مرۆڤ | زیندەوەرزانی › باڵندە,ڕەگەز=بێلایەن,,HIGH,پۆل «میوە» has no home among the deck's ten (see unmapped.csv) ; پۆل «دانەوێڵە» has no home among the deck's ten (see unmapped.csv) ; پۆل «زمانەوانی» has no home among the deck's ten (see unmapped.csv),a09069b2-3fc6-4c25-8516-d6e452cd7199,Glena,,,,,
10264,15845,شامی,خەڵکی شام,شوێن | میوە | مرۆڤ | باڵندە | دانەوێڵە | زمانەوانی,ناو,ناو,ناو › شوێن | کولتووری › مرۆڤ | زیندەوەرزانی › باڵندە,ڕەگەز=بێلایەن,,HIGH,پۆل «میوە» has no home among the deck's ten (see unmapped.csv) ; پۆل «دانەوێڵە» has no home among the deck's ten (see unmapped.csv) ; پۆل «زمانەوانی» has no home among the deck's ten (see unmapped.csv),a09069b2-3fc6-4c25-8516-d6e452cd7199,Glena,,,,,
10265,15845,شامی,سوکەڵە ناوی شامراد,شوێن | میوە | مرۆڤ | باڵندە | دانەوێڵە | زمانەوانی,ناو,ناو,ناو › شوێن | کولتووری › مرۆڤ | زیندەوەرزانی › باڵندە,ڕەگەز=بێلایەن,,HIGH,پۆل «میوە» has no home among the deck's ten (see unmapped.csv) ; پۆل «دانەوێڵە» has no home among the deck's ten (see unmapped.csv) ; پۆل «زمانەوانی» has no home among the deck's ten (see unmapped.csv),a09069b2-3fc6-4c25-8516-d6e452cd7199,Glena,,,,,
10272,15846,شامی کەباب,قیمەی لێکدراوی پارچەکراوی لە تاوەدا سوورەوەکراو,خواردن,ناو,ناو,کولتووری › خواردن,,,HIGH,,a09069b2-3fc6-4c25-8516-d6e452cd7199,Glena,,,,,
10274,15847,شامێر,مرۆچەی درشت,زیندەوەر,ناو,ناو,,,,HIGH,پۆل «زیندەوەر» has no home among the deck's ten (see unmapped.csv),a09069b2-3fc6-4c25-8516-d6e452cd7199,Glena,,,,,
10276,15848,داژەندن,بەرەو خوار بردن: (لووتی  داژندوە),ئەنجامدانی کارێک,چاوگ,چاوگ,,,,LOW,"پۆل «ئەنجامدانی کارێک» is really the part of speech «کار» — routed nowhere, needs a decision ; پۆل says «کار», جۆری وشە says «چاوگ» — they disagree",fbaa1310-1a57-4439-b4e4-2b6fb312b455,banazhamad,,,,,
10278,15849,داژەنن,داژەندن,ئەنجامدانی کارێک,چاوگ,چاوگ,,,,LOW,"پۆل «ئەنجامدانی کارێک» is really the part of speech «کار» — routed nowhere, needs a decision ; پۆل says «کار», جۆری وشە says «چاوگ» — they disagree",fbaa1310-1a57-4439-b4e4-2b6fb312b455,banazhamad,,,,,
10279,15849,داژەنن,هەڵواسین,ئەنجامدانی کارێک,چاوگ,چاوگ,,,,LOW,"پۆل «ئەنجامدانی کارێک» is really the part of speech «کار» — routed nowhere, needs a decision ; پۆل says «کار», جۆری وشە says «چاوگ» — they disagree",fbaa1310-1a57-4439-b4e4-2b6fb312b455,banazhamad,,,,,
10282,15850,داژەنین,داژەندن,ئەنجامدانی کارێک,چاوگ,چاوگ,,,,LOW,"پۆل «ئەنجامدانی کارێک» is really the part of speech «کار» — routed nowhere, needs a decision ; پۆل says «کار», جۆری وشە says «چاوگ» — they disagree",fbaa1310-1a57-4439-b4e4-2b6fb312b455,banazhamad,,,,,
10283,15850,داژەنین,لەبەریەک هەڵوەشاندنی کەلوپەلی وەک سەعات و چەک,ئەنجامدانی کارێک,چاوگ,چاوگ,,,,LOW,"پۆل «ئەنجامدانی کارێک» is really the part of speech «کار» — routed nowhere, needs a decision ; پۆل says «کار», جۆری وشە says «چاوگ» — they disagree",fbaa1310-1a57-4439-b4e4-2b6fb312b455,banazhamad,,,,,
10286,15851,داژیار,بژیو,,,,,ڕەگەز=بێلایەن,,LOW,word has no جۆری وشە at all,fbaa1310-1a57-4439-b4e4-2b6fb312b455,banazhamad,,,,,
10287,15851,داژیار,رسق,,,,,ڕەگەز=بێلایەن,,LOW,word has no جۆری وشە at all,fbaa1310-1a57-4439-b4e4-2b6fb312b455,banazhamad,,,,,
10288,15851,داژیار,رۆزی,,,,,ڕەگەز=بێلایەن,,LOW,word has no جۆری وشە at all,fbaa1310-1a57-4439-b4e4-2b6fb312b455,banazhamad,,,,,
10291,15852,داسپاردن,راسپاردن,ئەنجامدانی کارێک,چاوگ,چاوگ,,,,LOW,"پۆل «ئەنجامدانی کارێک» is really the part of speech «کار» — routed nowhere, needs a decision ; پۆل says «کار», جۆری وشە says «چاوگ» — they disagree",fbaa1310-1a57-4439-b4e4-2b6fb312b455,banazhamad,,,,,
10292,15852,داسپاردن,قەوینتی کردن,ئەنجامدانی کارێک,چاوگ,چاوگ,,,,LOW,"پۆل «ئەنجامدانی کارێک» is really the part of speech «کار» — routed nowhere, needs a decision ; پۆل says «کار», جۆری وشە says «چاوگ» — they disagree",fbaa1310-1a57-4439-b4e4-2b6fb312b455,banazhamad,,,,,
10294,15853,داسپەڕێن,بەداس پەڕاندنی وێنجەی ساوا تا پنجی قایم تر بێ,سیفەت | ئامراز,ناو,ناو,کولتووری › ئامراز,,,LOW,"پۆل «سیفەت» is really the part of speech «هاوەڵناو» — routed nowhere, needs a decision ; پۆل says «هاوەڵناو», جۆری وشە says «ناو» — they disagree",fbaa1310-1a57-4439-b4e4-2b6fb312b455,banazhamad,,,,,
10296,15854,داستان,چیرۆک,ئەدەب,ناو,ناو,,,,HIGH,پۆل «ئەدەب» has no home among the deck's ten (see unmapped.csv),fbaa1310-1a57-4439-b4e4-2b6fb312b455,banazhamad,,,,,
10298,15855,داسخاڵە,داسی گوشاد کە تایبەتی گیادرونە,کەرەستە,ناو,ناو,کولتووری › کەرەستە,,,HIGH,,fbaa1310-1a57-4439-b4e4-2b6fb312b455,banazhamad,,,,,
10300,15856,داسرەفتن,هەدادان,بارودۆخی جەستەیی,چاوگ,چاوگ,زانستیی پزیشکی › بارودۆخی جەستەیی,,,HIGH,,fbaa1310-1a57-4439-b4e4-2b6fb312b455,banazhamad,,,,,
10301,15856,داسرەفتن,ئارامگرتن,بارودۆخی جەستەیی,چاوگ,چاوگ,زانستیی پزیشکی › بارودۆخی جەستەیی,,,HIGH,,fbaa1310-1a57-4439-b4e4-2b6fb312b455,banazhamad,,,,,
10302,15856,داسرەفتن,داسەکنان,بارودۆخی جەستەیی,چاوگ,چاوگ,زانستیی پزیشکی › بارودۆخی جەستەیی,,,HIGH,,fbaa1310-1a57-4439-b4e4-2b6fb312b455,banazhamad,,,,,
10303,15856,داسرەفتن,آرام گرفتن,بارودۆخی جەستەیی,چاوگ,چاوگ,زانستیی پزیشکی › بارودۆخی جەستەیی,,,HIGH,,fbaa1310-1a57-4439-b4e4-2b6fb312b455,banazhamad,,,,,
10304,15857,داسرەوتن,داسرەفتن,بارودۆخی جەستەیی,چاوگ,چاوگ,زانستیی پزیشکی › بارودۆخی جەستەیی,,,HIGH,,fbaa1310-1a57-4439-b4e4-2b6fb312b455,banazhamad,,,,,
10306,15858,داسرەوین,داسرەفتن,بارودۆخی جەستەیی,چاوگ,چاوگ,زانستیی پزیشکی › بارودۆخی جەستەیی,,,HIGH,,fbaa1310-1a57-4439-b4e4-2b6fb312b455,banazhamad,,,,,
10308,15859,داسگ,داسوی گوڵت دەغڵ,دانەوێڵە,ناو,ناو,,,,HIGH,پۆل «دانەوێڵە» has no home among the deck's ten (see unmapped.csv),fbaa1310-1a57-4439-b4e4-2b6fb312b455,banazhamad,,,,,
10309,15859,داسگ,اخگل,دانەوێڵە,ناو,ناو,,,,HIGH,پۆل «دانەوێڵە» has no home among the deck's ten (see unmapped.csv),fbaa1310-1a57-4439-b4e4-2b6fb312b455,banazhamad,,,,,
10311,15860,داسماڵ,دروینەی گیا بەداس,کەرەستە,ناو,ناو,کولتووری › کەرەستە,,,HIGH,,fbaa1310-1a57-4439-b4e4-2b6fb312b455,banazhamad,,,,,
10313,15861,داسماڵە,داسماڵ,کەرەستە,ناو,ناو,کولتووری › کەرەستە,,,HIGH,,fbaa1310-1a57-4439-b4e4-2b6fb312b455,banazhamad,,,,,
10315,15862,داسوو,پرزەی گوڵی گەنم و جۆ,دانەوێڵە,ناو,ناو,,,,HIGH,پۆل «دانەوێڵە» has no home among the deck's ten (see unmapped.csv),fbaa1310-1a57-4439-b4e4-2b6fb312b455,banazhamad,,,,,
10318,15863,داسووک,داسوو,دانەوێڵە,ناو,ناو,,,,HIGH,پۆل «دانەوێڵە» has no home among the deck's ten (see unmapped.csv),fbaa1310-1a57-4439-b4e4-2b6fb312b455,banazhamad,,,,,
10320,15863,داسووک,داسە,دانەوێڵە,ناو,ناو,,,,HIGH,پۆل «دانەوێڵە» has no home among the deck's ten (see unmapped.csv),fbaa1310-1a57-4439-b4e4-2b6fb312b455,banazhamad,,,,,
10321,15864,داسووکە,داسوو,دانەوێڵە,ناو,ناو,,,,HIGH,پۆل «دانەوێڵە» has no home among the deck's ten (see unmapped.csv),fbaa1310-1a57-4439-b4e4-2b6fb312b455,banazhamad,,,,,
10324,15865,داسولکە,داسوو,دانەوێڵە,ناو,ناو,,,,HIGH,پۆل «دانەوێڵە» has no home among the deck's ten (see unmapped.csv),fbaa1310-1a57-4439-b4e4-2b6fb312b455,banazhamad,,,,,
10325,15865,داسولکە,داسی پچوک,دانەوێڵە,ناو,ناو,,,,HIGH,پۆل «دانەوێڵە» has no home among the deck's ten (see unmapped.csv),fbaa1310-1a57-4439-b4e4-2b6fb312b455,banazhamad,,,,,
10328,15866,داسە,داسوو,دانەوێڵە,ناو,ناو,,,,HIGH,پۆل «دانەوێڵە» has no home among the deck's ten (see unmapped.csv),fbaa1310-1a57-4439-b4e4-2b6fb312b455,banazhamad,,,,,
10330,15867,داسیلە,داسی پچوک,کەس,ناو,ناو,ناو › کەس,,,HIGH,,fbaa1310-1a57-4439-b4e4-2b6fb312b455,banazhamad,,,,,
10331,15867,داسیلە,داس کوچک,کەس,ناو,ناو,ناو › کەس,,,HIGH,,fbaa1310-1a57-4439-b4e4-2b6fb312b455,banazhamad,,,,,
10332,15868,داسەکنان,داسرەوین,بارودۆخی جەستەیی,چاوگ,چاوگ,زانستیی پزیشکی › بارودۆخی جەستەیی,,,HIGH,,fbaa1310-1a57-4439-b4e4-2b6fb312b455,banazhamad,,,,,
10334,15869,داسەکناو,سرەوتو,سیفەت,ئاوەڵناو,هاوەڵناو,,,,LOW,"پۆل «سیفەت» is really the part of speech «هاوەڵناو» — routed nowhere, needs a decision",fbaa1310-1a57-4439-b4e4-2b6fb312b455,banazhamad,,,,,
10335,15869,داسەکناو,ئۆقرەگرتو,سیفەت,ئاوەڵناو,هاوەڵناو,,,,LOW,"پۆل «سیفەت» is really the part of speech «هاوەڵناو» — routed nowhere, needs a decision",fbaa1310-1a57-4439-b4e4-2b6fb312b455,banazhamad,,,,,
10337,15870,داسەکنین,داسەکنان,بارودۆخی جەستەیی,چاوگ,چاوگ,زانستیی پزیشکی › بارودۆخی جەستەیی,,,HIGH,,fbaa1310-1a57-4439-b4e4-2b6fb312b455,banazhamad,,,,,
10340,15871,داش,کوورەی ئاسنگەرو پیشەکاران,کەرەستە,,,کولتووری › کەرەستە,,,LOW,word has no جۆری وشە at all,fbaa1310-1a57-4439-b4e4-2b6fb312b455,banazhamad,,,,,
10341,15871,داش,پیادەی دامەو شەترەنج,کەرەستە,,,کولتووری › کەرەستە,,,LOW,word has no جۆری وشە at all,fbaa1310-1a57-4439-b4e4-2b6fb312b455,banazhamad,,,,,
10344,15872,تەحتەقاپو,ئاوایی نشین,کەس | مرۆڤ,ناو,ناو,ناو › کەس | کولتووری › مرۆڤ,ڕەگەز=دوولایەن,,HIGH,,96560cf4-030d-4268-baea-87bb57cdf631,somaali,,,,,
10345,15872,تەحتەقاپو,بەرانبەری چۆالپەرست و کۆچەری,کەس | مرۆڤ,ناو,ناو,ناو › کەس | کولتووری › مرۆڤ,ڕەگەز=دوولایەن,,HIGH,,96560cf4-030d-4268-baea-87bb57cdf631,somaali,,,,,
10347,15873,تەحتیل,وچانا,کات | باروودۆخ,ناو,ناو,,ڕەگەز=بێلایەن,,HIGH,پۆل «کات» has no home among the deck's ten (see unmapped.csv) ; پۆل «باروودۆخ» has no home among the deck's ten (see unmapped.csv),96560cf4-030d-4268-baea-87bb57cdf631,somaali,,,,,
10348,15873,تەحتیل,ڕۆژی پشوودان,کات | باروودۆخ,ناو,ناو,,ڕەگەز=بێلایەن,,HIGH,پۆل «کات» has no home among the deck's ten (see unmapped.csv) ; پۆل «باروودۆخ» has no home among the deck's ten (see unmapped.csv),96560cf4-030d-4268-baea-87bb57cdf631,somaali,,,,,
10349,15873,تەحتیل,بەتاڵی,کات | باروودۆخ,ناو,ناو,,ڕەگەز=بێلایەن,,HIGH,پۆل «کات» has no home among the deck's ten (see unmapped.csv) ; پۆل «باروودۆخ» has no home among the deck's ten (see unmapped.csv),96560cf4-030d-4268-baea-87bb57cdf631,somaali,,,,,
10350,15873,تەحتیل,بێکاری,کات | باروودۆخ,ناو,ناو,,ڕەگەز=بێلایەن,,HIGH,پۆل «کات» has no home among the deck's ten (see unmapped.csv) ; پۆل «باروودۆخ» has no home among the deck's ten (see unmapped.csv),96560cf4-030d-4268-baea-87bb57cdf631,somaali,,,,,
10352,15874,تەححا,وشەی سەیرمان و سەرسوڕمان,وشەی سەرسوڕمان,هیتر,,,ڕەگەز=بێلایەن,,LOW,جۆری وشە «هیتر» has no equivalent among the seven ; پۆل «وشەی سەرسوڕمان» has no home among the deck's ten (see unmapped.csv),96560cf4-030d-4268-baea-87bb57cdf631,somaali,,,,,
10354,15875,تەحر,تەرز,ئەندامی جەستە,ناو,ناو,زانستیی پزیشکی › ئەندامی جەستە,ڕەگەز=بێلایەن,,HIGH,,96560cf4-030d-4268-baea-87bb57cdf631,somaali,,,,,
10355,15875,تەحر,شێوە,ئەندامی جەستە,ناو,ناو,زانستیی پزیشکی › ئەندامی جەستە,ڕەگەز=بێلایەن,,HIGH,,96560cf4-030d-4268-baea-87bb57cdf631,somaali,,,,,
10356,15875,تەحر,بیچم,ئەندامی جەستە,ناو,ناو,زانستیی پزیشکی › ئەندامی جەستە,ڕەگەز=بێلایەن,,HIGH,,96560cf4-030d-4268-baea-87bb57cdf631,somaali,,,,,
10360,15876,تەحرە,جەنگەی گەرمای نیوەڕۆ,کات,ناو,ناو,,ڕەگەز=بێلایەن,,HIGH,پۆل «کات» has no home among the deck's ten (see unmapped.csv),96560cf4-030d-4268-baea-87bb57cdf631,somaali,,,,,
10362,15877,داش بەداش,وشەیەکە لە گەمەی دامەدا,یاری,ناو,ناو,کولتووری › یاری,,,HIGH,,fbaa1310-1a57-4439-b4e4-2b6fb312b455,banazhamad,,,,,
10363,15877,داش بەداش,برێتی لە تۆڵەسەندنەوە,یاری,ناو,ناو,کولتووری › یاری,,,HIGH,,fbaa1310-1a57-4439-b4e4-2b6fb312b455,banazhamad,,,,,
10366,15878,داشت,ئاژەڵی راگیراو بۆ بەروبو,ئاژەڵ,ناو,ناو,زیندەوەرزانی › ئاژەڵ,,,HIGH,,fbaa1310-1a57-4439-b4e4-2b6fb312b455,banazhamad,,,,,
10368,15879,داشتن,ئاولێنان,ئەنجامدانی کارێک,ناو,ناو,,ڕەگەز=بێلایەن,,LOW,"پۆل «ئەنجامدانی کارێک» is really the part of speech «کار» — routed nowhere, needs a decision ; پۆل says «کار», جۆری وشە says «ناو» — they disagree",fbaa1310-1a57-4439-b4e4-2b6fb312b455,banazhamad,,,,,
10369,15879,داشتن,ئاویاری,ئەنجامدانی کارێک,ناو,ناو,,ڕەگەز=بێلایەن,,LOW,"پۆل «ئەنجامدانی کارێک» is really the part of speech «کار» — routed nowhere, needs a decision ; پۆل says «کار», جۆری وشە says «ناو» — they disagree",fbaa1310-1a57-4439-b4e4-2b6fb312b455,banazhamad,,,,,
10370,15879,داشتن,ئاودێری,ئەنجامدانی کارێک,ناو,ناو,,ڕەگەز=بێلایەن,,LOW,"پۆل «ئەنجامدانی کارێک» is really the part of speech «کار» — routed nowhere, needs a decision ; پۆل says «کار», جۆری وشە says «ناو» — they disagree",fbaa1310-1a57-4439-b4e4-2b6fb312b455,banazhamad,,,,,
10371,15879,داشتن,لەسەر بۆ خوار شوشتن,ئەنجامدانی کارێک,ناو,ناو,,ڕەگەز=بێلایەن,,LOW,"پۆل «ئەنجامدانی کارێک» is really the part of speech «کار» — routed nowhere, needs a decision ; پۆل says «کار», جۆری وشە says «ناو» — they disagree",fbaa1310-1a57-4439-b4e4-2b6fb312b455,banazhamad,,,,,
10374,15880,داشتە,داشت,سیفەت,ئاوەڵناو,هاوەڵناو,,,,LOW,"پۆل «سیفەت» is really the part of speech «هاوەڵناو» — routed nowhere, needs a decision",fbaa1310-1a57-4439-b4e4-2b6fb312b455,banazhamad,,,,,
10375,15880,داشتە,کۆنە: (نیم داشتە بەکاردێ),سیفەت,ئاوەڵناو,هاوەڵناو,,,,LOW,"پۆل «سیفەت» is really the part of speech «هاوەڵناو» — routed nowhere, needs a decision",fbaa1310-1a57-4439-b4e4-2b6fb312b455,banazhamad,,,,,
10378,15881,داشە,داشت,سیفەت,ئاوەڵناو,هاوەڵناو,,,,LOW,"پۆل «سیفەت» is really the part of speech «هاوەڵناو» — routed nowhere, needs a decision",fbaa1310-1a57-4439-b4e4-2b6fb312b455,banazhamad,,,,,
10380,15882,داشدار,داژدار,کەس,ناو,ناو,ناو › کەس,,,HIGH,,fbaa1310-1a57-4439-b4e4-2b6fb312b455,banazhamad,,,,,
10382,15883,داشداری,لایەنگری,کەس,ناو,ناو,ناو › کەس,,,HIGH,,fbaa1310-1a57-4439-b4e4-2b6fb312b455,banazhamad,,,,,
10383,15883,داشداری,ئاگاداری,کەس,ناو,ناو,ناو › کەس,,,HIGH,,fbaa1310-1a57-4439-b4e4-2b6fb312b455,banazhamad,,,,,
10384,15883,داشداری,پارێزگاری,کەس,ناو,ناو,ناو › کەس,,,HIGH,,fbaa1310-1a57-4439-b4e4-2b6fb312b455,banazhamad,,,,,
10386,15884,داشدیار,بناوان,,ناو,ناو,,ڕەگەز=دوولایەن,,HIGH,,fbaa1310-1a57-4439-b4e4-2b6fb312b455,banazhamad,,,,,
10387,15884,داشدیار,ئاگاداری ماڵ,,ناو,ناو,,ڕەگەز=دوولایەن,,HIGH,,fbaa1310-1a57-4439-b4e4-2b6fb312b455,banazhamad,,,,,
10389,15885,داشک,بەچکەی کەر,ئاژەڵ,ناو,ناو,زیندەوەرزانی › ئاژەڵ,ڕەگەز=نێر,,HIGH,,fbaa1310-1a57-4439-b4e4-2b6fb312b455,banazhamad,,,,,
10390,15885,داشک,جاش,ئاژەڵ,ناو,ناو,زیندەوەرزانی › ئاژەڵ,ڕەگەز=نێر,,HIGH,,fbaa1310-1a57-4439-b4e4-2b6fb312b455,banazhamad,,,,,
10392,15886,داشکان,هەڵبڕانی جۆگە بۆ ئاودێری,ئەنجامدانی کارێک,چاوگ,چاوگ,,,,LOW,"پۆل «ئەنجامدانی کارێک» is really the part of speech «کار» — routed nowhere, needs a decision ; پۆل says «کار», جۆری وشە says «چاوگ» — they disagree",fbaa1310-1a57-4439-b4e4-2b6fb312b455,banazhamad,,,,,
10393,15886,داشکان,لەحەساو کەمکردنەوە,ئەنجامدانی کارێک,چاوگ,چاوگ,,,,LOW,"پۆل «ئەنجامدانی کارێک» is really the part of speech «کار» — routed nowhere, needs a decision ; پۆل says «کار», جۆری وشە says «چاوگ» — they disagree",fbaa1310-1a57-4439-b4e4-2b6fb312b455,banazhamad,,,,,
10394,15886,داشکان,ڕەتاندن,ئەنجامدانی کارێک,چاوگ,چاوگ,,,,LOW,"پۆل «ئەنجامدانی کارێک» is really the part of speech «کار» — routed nowhere, needs a decision ; پۆل says «کار», جۆری وشە says «چاوگ» — they disagree",fbaa1310-1a57-4439-b4e4-2b6fb312b455,banazhamad,,,,,
10399,15887,داشکاندن,داشکان,ئەنجامدانی کارێک,چاوگ,چاوگ,,,,LOW,"پۆل «ئەنجامدانی کارێک» is really the part of speech «کار» — routed nowhere, needs a decision ; پۆل says «کار», جۆری وشە says «چاوگ» — they disagree",fbaa1310-1a57-4439-b4e4-2b6fb312b455,banazhamad,,,,,
10401,15888,داشکانن,داشکان,ئەنجامدانی کارێک,چاوگ,چاوگ,,,,LOW,"پۆل «ئەنجامدانی کارێک» is really the part of speech «کار» — routed nowhere, needs a decision ; پۆل says «کار», جۆری وشە says «چاوگ» — they disagree",fbaa1310-1a57-4439-b4e4-2b6fb312b455,banazhamad,,,,,
10403,15889,داش کەلەرم,کەلەمی بێ گەڵای ڕەق وەک توور دەخورێ,سەوزە,ناو,ناو,,ڕەگەز=بێلایەن,,HIGH,پۆل «سەوزە» has no home among the deck's ten (see unmapped.csv),fbaa1310-1a57-4439-b4e4-2b6fb312b455,banazhamad,,,,,
10405,15890,داش کەلەم,داش کەلەرم,سەوزە,ناو,ناو,,ڕەگەز=بێلایەن,,HIGH,پۆل «سەوزە» has no home among the deck's ten (see unmapped.csv),fbaa1310-1a57-4439-b4e4-2b6fb312b455,banazhamad,,,,,
10407,15891,تەحس,شەمت,سیفەت,ئاوەڵناو,هاوەڵناو,,ڕەگەز=بێلایەن,,LOW,"پۆل «سیفەت» is really the part of speech «هاوەڵناو» — routed nowhere, needs a decision",96560cf4-030d-4268-baea-87bb57cdf631,somaali,,,,,
10408,15891,تەحس,خلیسک,سیفەت,ئاوەڵناو,هاوەڵناو,,ڕەگەز=بێلایەن,,LOW,"پۆل «سیفەت» is really the part of speech «هاوەڵناو» — routed nowhere, needs a decision",96560cf4-030d-4268-baea-87bb57cdf631,somaali,,,,,
10410,15892,داشگیر,داژگیر,سیفەت,ئاوەڵناو,هاوەڵناو,,,,LOW,"پۆل «سیفەت» is really the part of speech «هاوەڵناو» — routed nowhere, needs a decision",fbaa1310-1a57-4439-b4e4-2b6fb312b455,banazhamad,,,,,
10412,15893,تەحسین,خلیسکان,ڕوودانی کار,چاوگ,چاوگ,,ڕەگەز=بێلایەن,,HIGH,پۆل «ڕوودانی کار» has no home among the deck's ten (see unmapped.csv),96560cf4-030d-4268-baea-87bb57cdf631,somaali,,,,,
10413,15893,تەحسین,شەمتین,ڕوودانی کار,چاوگ,چاوگ,,ڕەگەز=بێلایەن,,HIGH,پۆل «ڕوودانی کار» has no home among the deck's ten (see unmapped.csv),96560cf4-030d-4268-baea-87bb57cdf631,somaali,,,,,
10416,15894,داشلانە,شاگردی کلیسا لە گوندەکانی کوردستان,کەس,ناو,ناو,ناو › کەس,ڕەگەز=نێر,,HIGH,,fbaa1310-1a57-4439-b4e4-2b6fb312b455,banazhamad,,,,,
10418,15895,داشۆ,برا گەورە,کەس,ناو,ناو,ناو › کەس,ڕەگەز=نێر,,HIGH,,fbaa1310-1a57-4439-b4e4-2b6fb312b455,banazhamad,,,,,
10419,15895,داشۆ,وشەی دواندنی براگەورە,کەس,ناو,ناو,ناو › کەس,ڕەگەز=نێر,,HIGH,,fbaa1310-1a57-4439-b4e4-2b6fb312b455,banazhamad,,,,,
10422,15896,داشڵیقیان,فڵیقانەوە,ڕوودانی کار,چاوگ,چاوگ,,,,HIGH,پۆل «ڕوودانی کار» has no home among the deck's ten (see unmapped.csv),fbaa1310-1a57-4439-b4e4-2b6fb312b455,banazhamad,,,,,
10423,15896,داشڵیقیان,پڵیخانەوە,ڕوودانی کار,چاوگ,چاوگ,,,,HIGH,پۆل «ڕوودانی کار» has no home among the deck's ten (see unmapped.csv),fbaa1310-1a57-4439-b4e4-2b6fb312b455,banazhamad,,,,,
10425,15897,راسایی,تەختایی زەمین,شوێن,ناو,ناو,ناو › شوێن,ڕەگەز=بێلایەن,,HIGH,,79dd71fd-aaa5-4f5a-9211-101eeda2d0b8,taraakoy,,,,,
10427,15898,داشۆران,شۆردن بە ئاو لەسەر بۆ خوار,ئەنجامدانی کارێک,چاوگ,چاوگ,,,,LOW,"پۆل «ئەنجامدانی کارێک» is really the part of speech «کار» — routed nowhere, needs a decision ; پۆل says «کار», جۆری وشە says «چاوگ» — they disagree",fbaa1310-1a57-4439-b4e4-2b6fb312b455,banazhamad,,,,,
10429,15899,داشۆران,بەرەوژێر شۆڕبوونەوە,ڕوودانی کار,چاوگ,چاوگ,,,,HIGH,پۆل «ڕوودانی کار» has no home among the deck's ten (see unmapped.csv),fbaa1310-1a57-4439-b4e4-2b6fb312b455,banazhamad,,,,,
10431,15900,تەحفیل,بیسمیل,باروودۆخ,چاوگ,چاوگ,,ڕەگەز=بێلایەن,,HIGH,پۆل «باروودۆخ» has no home among the deck's ten (see unmapped.csv),96560cf4-030d-4268-baea-87bb57cdf631,somaali,,,,,
10432,15900,تەحفیل,خاوێن بوونەوەی پیس بە شوشتن,باروودۆخ,چاوگ,چاوگ,,ڕەگەز=بێلایەن,,HIGH,پۆل «باروودۆخ» has no home among the deck's ten (see unmapped.csv),96560cf4-030d-4268-baea-87bb57cdf631,somaali,,,,,
10435,15901,داشۆراندن,شوشتن لەسەرەوە بۆ خوار,ئەنجامدانی کارێک,چاوگ,چاوگ,,,,LOW,"پۆل «ئەنجامدانی کارێک» is really the part of speech «کار» — routed nowhere, needs a decision ; پۆل says «کار», جۆری وشە says «چاوگ» — they disagree",fbaa1310-1a57-4439-b4e4-2b6fb312b455,banazhamad,,,,,
10437,15902,داشۆڕاندن,شۆڕەوەکردن,ئەنجامدانی کارێک,چاوگ,چاوگ,,,,LOW,"پۆل «ئەنجامدانی کارێک» is really the part of speech «کار» — routed nowhere, needs a decision ; پۆل says «کار», جۆری وشە says «چاوگ» — they disagree",fbaa1310-1a57-4439-b4e4-2b6fb312b455,banazhamad,,,,,
10438,15902,داشۆڕاندن,داهێڵان,ئەنجامدانی کارێک,چاوگ,چاوگ,,,,LOW,"پۆل «ئەنجامدانی کارێک» is really the part of speech «کار» — routed nowhere, needs a decision ; پۆل says «کار», جۆری وشە says «چاوگ» — they disagree",fbaa1310-1a57-4439-b4e4-2b6fb312b455,banazhamad,,,,,
10440,15903,راس بونەوە,هەڵسانەوە،دوای کەوتن راست بونەوە سەر پا,بارودۆخی جەستەیی,,,زانستیی پزیشکی › بارودۆخی جەستەیی,ڕەگەز=دوولایەن,,LOW,word has no جۆری وشە at all,79dd71fd-aaa5-4f5a-9211-101eeda2d0b8,taraakoy,,,,,
10441,15903,راس بونەوە,لەنەخۆشی چا بون,بارودۆخی جەستەیی,,,زانستیی پزیشکی › بارودۆخی جەستەیی,ڕەگەز=دوولایەن,,LOW,word has no جۆری وشە at all,79dd71fd-aaa5-4f5a-9211-101eeda2d0b8,taraakoy,,,,,
10442,15903,راس بونەوە,لە خواری ڕزگاربون,بارودۆخی جەستەیی,,,زانستیی پزیشکی › بارودۆخی جەستەیی,ڕەگەز=دوولایەن,,LOW,word has no جۆری وشە at all,79dd71fd-aaa5-4f5a-9211-101eeda2d0b8,taraakoy,,,,,
10446,15904,راسپاردن,قەوینتی کردن,ئەنجامدانی کارێک,کار,کار,,ڕەگەز=دوولایەن,,LOW,"پۆل «ئەنجامدانی کارێک» is really the part of speech «کار» — routed nowhere, needs a decision",79dd71fd-aaa5-4f5a-9211-101eeda2d0b8,taraakoy,,,,,
10448,15905,تەحل,تاڵ,سیفەت | تام,,,,ڕەگەز=بێلایەن,,LOW,"word has no جۆری وشە at all ; پۆل «سیفەت» is really the part of speech «هاوەڵناو» — routed nowhere, needs a decision ; پۆل «تام» has no home among the deck's ten (see unmapped.csv)",96560cf4-030d-4268-baea-87bb57cdf631,somaali,,,,,
10449,15905,تەحل,تار,سیفەت | تام,,,,ڕەگەز=بێلایەن,,LOW,"word has no جۆری وشە at all ; پۆل «سیفەت» is really the part of speech «هاوەڵناو» — routed nowhere, needs a decision ; پۆل «تام» has no home among the deck's ten (see unmapped.csv)",96560cf4-030d-4268-baea-87bb57cdf631,somaali,,,,,
10450,15905,تەحل,بەرانبەری شیرین,سیفەت | تام,,,,ڕەگەز=بێلایەن,,LOW,"word has no جۆری وشە at all ; پۆل «سیفەت» is really the part of speech «هاوەڵناو» — routed nowhere, needs a decision ; پۆل «تام» has no home among the deck's ten (see unmapped.csv)",96560cf4-030d-4268-baea-87bb57cdf631,somaali,,,,,
10452,15906,داشۆراو,بەئاو لەسەر تاخوار شۆریاو,سیفەت,ئاوەڵناو,هاوەڵناو,,,,LOW,"پۆل «سیفەت» is really the part of speech «هاوەڵناو» — routed nowhere, needs a decision",fbaa1310-1a57-4439-b4e4-2b6fb312b455,banazhamad,,,,,
10454,15907,تەحلک,تاڵکە,کەس | میوە | سیفەت | ڕەنگ,ناو | ئاوەڵناو,,ناو › کەس,ڕەگەز=بێلایەن,,LOW,"word carries several parts of speech (ناو / هاوەڵناو); a sense may only have one ; پۆل «میوە» has no home among the deck's ten (see unmapped.csv) ; پۆل «سیفەت» is really the part of speech «هاوەڵناو» — routed nowhere, needs a decision ; پۆل «ڕەنگ» has no home among the deck's ten (see unmapped.csv)",96560cf4-030d-4268-baea-87bb57cdf631,somaali,,,,,
10455,15907,تەحلک,جۆرێ گڕکە کە هەتا کاڵە تاڵە,کەس | میوە | سیفەت | ڕەنگ,ناو | ئاوەڵناو,,ناو › کەس,ڕەگەز=بێلایەن,,LOW,"word carries several parts of speech (ناو / هاوەڵناو); a sense may only have one ; پۆل «میوە» has no home among the deck's ten (see unmapped.csv) ; پۆل «سیفەت» is really the part of speech «هاوەڵناو» — routed nowhere, needs a decision ; پۆل «ڕەنگ» has no home among the deck's ten (see unmapped.csv)",96560cf4-030d-4268-baea-87bb57cdf631,somaali,,,,,
10456,15907,تەحلک,ڕەش تاڵە,کەس | میوە | سیفەت | ڕەنگ,ناو | ئاوەڵناو,,ناو › کەس,ڕەگەز=بێلایەن,,LOW,"word carries several parts of speech (ناو / هاوەڵناو); a sense may only have one ; پۆل «میوە» has no home among the deck's ten (see unmapped.csv) ; پۆل «سیفەت» is really the part of speech «هاوەڵناو» — routed nowhere, needs a decision ; پۆل «ڕەنگ» has no home among the deck's ten (see unmapped.csv)",96560cf4-030d-4268-baea-87bb57cdf631,somaali,,,,,
10457,15907,تەحلک,ئەسمەری ئاماڵ ڕەش,کەس | میوە | سیفەت | ڕەنگ,ناو | ئاوەڵناو,,ناو › کەس,ڕەگەز=بێلایەن,,LOW,"word carries several parts of speech (ناو / هاوەڵناو); a sense may only have one ; پۆل «میوە» has no home among the deck's ten (see unmapped.csv) ; پۆل «سیفەت» is really the part of speech «هاوەڵناو» — routed nowhere, needs a decision ; پۆل «ڕەنگ» has no home among the deck's ten (see unmapped.csv)",96560cf4-030d-4268-baea-87bb57cdf631,somaali,,,,,
10459,15907,تەحلک,سیەفام,کەس | میوە | سیفەت | ڕەنگ,ناو | ئاوەڵناو,,ناو › کەس,ڕەگەز=بێلایەن,,LOW,"word carries several parts of speech (ناو / هاوەڵناو); a sense may only have one ; پۆل «میوە» has no home among the deck's ten (see unmapped.csv) ; پۆل «سیفەت» is really the part of speech «هاوەڵناو» — routed nowhere, needs a decision ; پۆل «ڕەنگ» has no home among the deck's ten (see unmapped.csv)",96560cf4-030d-4268-baea-87bb57cdf631,somaali,,,,,
10460,15908,داشۆریاگ,بەئاو شۆراو لەسەر تاخوار,سیفەت,ئاوەڵناو,هاوەڵناو,,,,LOW,"پۆل «سیفەت» is really the part of speech «هاوەڵناو» — routed nowhere, needs a decision",fbaa1310-1a57-4439-b4e4-2b6fb312b455,banazhamad,,,,,
10461,15908,داشۆریاگ,برێتی لە بێشەرم و ئابڕو,سیفەت,ئاوەڵناو,هاوەڵناو,,,,LOW,"پۆل «سیفەت» is really the part of speech «هاوەڵناو» — routed nowhere, needs a decision",fbaa1310-1a57-4439-b4e4-2b6fb312b455,banazhamad,,,,,
10464,15909,راسپاردن,قەوینتی کردن,ئەنجامدانی کارێک,کار,کار,,ڕەگەز=دوولایەن,,LOW,"پۆل «ئەنجامدانی کارێک» is really the part of speech «کار» — routed nowhere, needs a decision",79dd71fd-aaa5-4f5a-9211-101eeda2d0b8,taraakoy,,,,,
10466,15910,راسپارە,راسپاردە,ئەنجامدانی کارێک,کار,کار,,ڕەگەز=دوولایەن,,LOW,"پۆل «ئەنجامدانی کارێک» is really the part of speech «کار» — routed nowhere, needs a decision",79dd71fd-aaa5-4f5a-9211-101eeda2d0b8,taraakoy,,,,,
10468,15911,تەحلەسێڤ,گوژالک,میوە,ناو,ناو,,ڕەگەز=بێلایەن,,HIGH,پۆل «میوە» has no home among the deck's ten (see unmapped.csv),96560cf4-030d-4268-baea-87bb57cdf631,somaali,,,,,
10469,15911,تەحلەسێڤ,کاڵەکە مارانە,میوە,ناو,ناو,,ڕەگەز=بێلایەن,,HIGH,پۆل «میوە» has no home among the deck's ten (see unmapped.csv),96560cf4-030d-4268-baea-87bb57cdf631,somaali,,,,,
10471,15912,راسپاردە,کەسێ کە کارێکی پێ سپێردراوە,ئەنجامدانی کارێک,ئاوەڵکار,هاوەڵکار,,ڕەگەز=دوولایەن,,LOW,"پۆل «ئەنجامدانی کارێک» is really the part of speech «کار» — routed nowhere, needs a decision ; پۆل says «کار», جۆری وشە says «هاوەڵکار» — they disagree",79dd71fd-aaa5-4f5a-9211-101eeda2d0b8,taraakoy,,,,,
10472,15912,راسپاردە,ناردراو بۆ کارێک,ئەنجامدانی کارێک,ئاوەڵکار,هاوەڵکار,,ڕەگەز=دوولایەن,,LOW,"پۆل «ئەنجامدانی کارێک» is really the part of speech «کار» — routed nowhere, needs a decision ; پۆل says «کار», جۆری وشە says «هاوەڵکار» — they disagree",79dd71fd-aaa5-4f5a-9211-101eeda2d0b8,taraakoy,,,,,
10475,15913,راسپێر,خاوەنی راسپاردن,کەس,ناو,ناو,ناو › کەس,ڕەگەز=دوولایەن,,HIGH,,79dd71fd-aaa5-4f5a-9211-101eeda2d0b8,taraakoy,,,,,
10478,15914,تەحلی,چێژەی تاڵی,تام | گژوگیا,ناو,ناو,,ڕەگەز=بێلایەن,,HIGH,پۆل «تام» has no home among the deck's ten (see unmapped.csv) ; پۆل «گژوگیا» has no home among the deck's ten (see unmapped.csv),96560cf4-030d-4268-baea-87bb57cdf631,somaali,,,,,
10479,15914,تەحلی,تاڵیشکە,تام | گژوگیا,ناو,ناو,,ڕەگەز=بێلایەن,,HIGH,پۆل «تام» has no home among the deck's ten (see unmapped.csv) ; پۆل «گژوگیا» has no home among the deck's ten (see unmapped.csv),96560cf4-030d-4268-baea-87bb57cdf631,somaali,,,,,
10480,15914,تەحلی,گیای کەوان,تام | گژوگیا,ناو,ناو,,ڕەگەز=بێلایەن,,HIGH,پۆل «تام» has no home among the deck's ten (see unmapped.csv) ; پۆل «گژوگیا» has no home among the deck's ten (see unmapped.csv),96560cf4-030d-4268-baea-87bb57cdf631,somaali,,,,,
10483,15915,راسپێران,راسپاردن,ئەنجامدانی کارێک,کار,کار,,ڕەگەز=دوولایەن,,LOW,"پۆل «ئەنجامدانی کارێک» is really the part of speech «کار» — routed nowhere, needs a decision",79dd71fd-aaa5-4f5a-9211-101eeda2d0b8,taraakoy,,,,,
10484,15915,راسپێران,نگا:راسپاردن,ئەنجامدانی کارێک,کار,کار,,ڕەگەز=دوولایەن,,LOW,"پۆل «ئەنجامدانی کارێک» is really the part of speech «کار» — routed nowhere, needs a decision",79dd71fd-aaa5-4f5a-9211-101eeda2d0b8,taraakoy,,,,,
10485,15916,تەحلیشک,تاڵیشکە,خواردنەوە | گژوگیا,ناو,ناو,,ڕەگەز=بێلایەن,,HIGH,پۆل «خواردنەوە» has no home among the deck's ten (see unmapped.csv) ; پۆل «گژوگیا» has no home among the deck's ten (see unmapped.csv),96560cf4-030d-4268-baea-87bb57cdf631,somaali,,,,,
10486,15916,تەحلیشک,ئاوی تاڵ و سوێر,خواردنەوە | گژوگیا,ناو,ناو,,ڕەگەز=بێلایەن,,HIGH,پۆل «خواردنەوە» has no home among the deck's ten (see unmapped.csv) ; پۆل «گژوگیا» has no home among the deck's ten (see unmapped.csv),96560cf4-030d-4268-baea-87bb57cdf631,somaali,,,,,
10489,15917,تەحین,دۆشاوی کونجی,خواردن,ناو,ناو,کولتووری › خواردن,ڕەگەز=بێلایەن,,HIGH,,96560cf4-030d-4268-baea-87bb57cdf631,somaali,,,,,
10490,15917,تەحین,شیرەی کونجی,خواردن,ناو,ناو,کولتووری › خواردن,ڕەگەز=بێلایەن,,HIGH,,96560cf4-030d-4268-baea-87bb57cdf631,somaali,,,,,
10491,15917,تەحین,راشی,خواردن,ناو,ناو,کولتووری › خواردن,ڕەگەز=بێلایەن,,HIGH,,96560cf4-030d-4268-baea-87bb57cdf631,somaali,,,,,
10493,15918,تەخ,دەنگی گەڕاندنەوەی گاجوت لەسەر خەت,دەنگ,ناو,ناو,,,,HIGH,پۆل «دەنگ» has no home among the deck's ten (see unmapped.csv),96560cf4-030d-4268-baea-87bb57cdf631,somaali,,,,,
10495,15919,تەپوکۆ,تەپوتل,ئەنجامدانی کارێک,چاوگ,چاوگ,,,,LOW,"پۆل «ئەنجامدانی کارێک» is really the part of speech «کار» — routed nowhere, needs a decision ; پۆل says «کار», جۆری وشە says «چاوگ» — they disagree",96560cf4-030d-4268-baea-87bb57cdf631,somaali,,,,,
10497,15920,راسپێراو,راسپاردە,ئەنجامدانی کارێک,ئاوەڵناو,هاوەڵناو,,ڕەگەز=دوولایەن,,LOW,"پۆل «ئەنجامدانی کارێک» is really the part of speech «کار» — routed nowhere, needs a decision ; پۆل says «کار», جۆری وشە says «هاوەڵناو» — they disagree",79dd71fd-aaa5-4f5a-9211-101eeda2d0b8,taraakoy,,,,,
10499,15921,راسپێری,قەوینتی,ئەنجامدانی کارێک,کار,کار,,ڕەگەز=بێلایەن,,LOW,"پۆل «ئەنجامدانی کارێک» is really the part of speech «کار» — routed nowhere, needs a decision",79dd71fd-aaa5-4f5a-9211-101eeda2d0b8,taraakoy,,,,,
10500,15921,راسپێری,کارێ کە ئەدرێ بە ڕاسپاردە,ئەنجامدانی کارێک,کار,کار,,ڕەگەز=بێلایەن,,LOW,"پۆل «ئەنجامدانی کارێک» is really the part of speech «کار» — routed nowhere, needs a decision",79dd71fd-aaa5-4f5a-9211-101eeda2d0b8,taraakoy,,,,,
10505,15922,داشۆریاگ,داهێژراو لەسەرەوە بۆ خوار,سیفەت,ئاوەڵناو,هاوەڵناو,,,,LOW,"پۆل «سیفەت» is really the part of speech «هاوەڵناو» — routed nowhere, needs a decision",fbaa1310-1a57-4439-b4e4-2b6fb312b455,banazhamad,,,,,
10506,15922,داشۆریاگ,داهێڵراو,سیفەت,ئاوەڵناو,هاوەڵناو,,,,LOW,"پۆل «سیفەت» is really the part of speech «هاوەڵناو» — routed nowhere, needs a decision",fbaa1310-1a57-4439-b4e4-2b6fb312b455,banazhamad,,,,,
10508,15923,داشۆڕین,داهێڵان,سیفەت,ئاوەڵناو,هاوەڵناو,,,,LOW,"پۆل «سیفەت» is really the part of speech «هاوەڵناو» — routed nowhere, needs a decision",fbaa1310-1a57-4439-b4e4-2b6fb312b455,banazhamad,,,,,
10509,15923,داشۆڕین,سەربەرەو ژێر داهێشتن,سیفەت,ئاوەڵناو,هاوەڵناو,,,,LOW,"پۆل «سیفەت» is really the part of speech «هاوەڵناو» — routed nowhere, needs a decision",fbaa1310-1a57-4439-b4e4-2b6fb312b455,banazhamad,,,,,
10511,15924,داشوشتن,نابووت بون,ڕوودانی کار,چاوگ,چاوگ,,,,HIGH,پۆل «ڕوودانی کار» has no home among the deck's ten (see unmapped.csv),fbaa1310-1a57-4439-b4e4-2b6fb312b455,banazhamad,,,,,
10513,15925,راست,راس,هەڵپەڕکی,ناو,ناو,,ڕەگەز=بێلایەن,,HIGH,پۆل «هەڵپەڕکی» has no home among the deck's ten (see unmapped.csv),79dd71fd-aaa5-4f5a-9211-101eeda2d0b8,taraakoy,,,,,
10514,15925,راست,جۆرێ هەڵپەرکێ,هەڵپەڕکی,ناو,ناو,,ڕەگەز=بێلایەن,,HIGH,پۆل «هەڵپەڕکی» has no home among the deck's ten (see unmapped.csv),79dd71fd-aaa5-4f5a-9211-101eeda2d0b8,taraakoy,,,,,
10515,15925,راست,هەوایەکی گۆرانی,هەڵپەڕکی,ناو,ناو,,ڕەگەز=بێلایەن,,HIGH,پۆل «هەڵپەڕکی» has no home among the deck's ten (see unmapped.csv),79dd71fd-aaa5-4f5a-9211-101eeda2d0b8,taraakoy,,,,,
10516,15925,راست,روبەرویی,هەڵپەڕکی,ناو,ناو,,ڕەگەز=بێلایەن,,HIGH,پۆل «هەڵپەڕکی» has no home among the deck's ten (see unmapped.csv),79dd71fd-aaa5-4f5a-9211-101eeda2d0b8,taraakoy,,,,,
10517,15925,راست,جێگە ،ئاقار,هەڵپەڕکی,ناو,ناو,,ڕەگەز=بێلایەن,,HIGH,پۆل «هەڵپەڕکی» has no home among the deck's ten (see unmapped.csv),79dd71fd-aaa5-4f5a-9211-101eeda2d0b8,taraakoy,,,,,
10524,15926,داشەکان,خواربوونەوە لەم لاو بەولادا,ڕوودانی کار,چاوگ,چاوگ,,,,HIGH,پۆل «ڕوودانی کار» has no home among the deck's ten (see unmapped.csv),fbaa1310-1a57-4439-b4e4-2b6fb312b455,banazhamad,,,,,
10526,15927,راستا,راسا,,ناو,ناو,,ڕەگەز=بێلایەن,,HIGH,,79dd71fd-aaa5-4f5a-9211-101eeda2d0b8,taraakoy,,,,,
10528,15928,راستاڵ,مرۆی جێگەبروا,سیفەت,ئاوەڵناو,هاوەڵناو,,ڕەگەز=دوولایەن,,LOW,"پۆل «سیفەت» is really the part of speech «هاوەڵناو» — routed nowhere, needs a decision",79dd71fd-aaa5-4f5a-9211-101eeda2d0b8,taraakoy,,,,,
10530,15929,راستان,تەختان راسایی,سیفەت,,,,,,LOW,"word has no جۆری وشە at all ; پۆل «سیفەت» is really the part of speech «هاوەڵناو» — routed nowhere, needs a decision",79dd71fd-aaa5-4f5a-9211-101eeda2d0b8,taraakoy,,,,,
10531,15929,راستان,پیاوچاکان,سیفەت,,,,,,LOW,"word has no جۆری وشە at all ; پۆل «سیفەت» is really the part of speech «هاوەڵناو» — routed nowhere, needs a decision",79dd71fd-aaa5-4f5a-9211-101eeda2d0b8,taraakoy,,,,,
10534,15930,راستاندن,راست کردنەوەی خوار,,,,,,,LOW,word has no جۆری وشە at all,79dd71fd-aaa5-4f5a-9211-101eeda2d0b8,taraakoy,,,,,
10536,15931,راستانە,لەراستی دا,باروودۆخ,کار,کار,,ڕەگەز=بێلایەن,,HIGH,پۆل «باروودۆخ» has no home among the deck's ten (see unmapped.csv),79dd71fd-aaa5-4f5a-9211-101eeda2d0b8,taraakoy,,,,,
10537,15931,راستانە,لە راستەقینەدا,باروودۆخ,کار,کار,,ڕەگەز=بێلایەن,,HIGH,پۆل «باروودۆخ» has no home among the deck's ten (see unmapped.csv),79dd71fd-aaa5-4f5a-9211-101eeda2d0b8,taraakoy,,,,,
10539,15932,راستاهەڤ,بەرانبەر بە یەکتر,بارودۆخی جەستەیی,,,زانستیی پزیشکی › بارودۆخی جەستەیی,ڕەگەز=دوولایەن,,LOW,word has no جۆری وشە at all,79dd71fd-aaa5-4f5a-9211-101eeda2d0b8,taraakoy,,,,,
10541,15933,راستایی,تەختایی,شوێن,ناو,ناو,ناو › شوێن,ڕەگەز=بێلایەن,,HIGH,,79dd71fd-aaa5-4f5a-9211-101eeda2d0b8,taraakoy,,,,,
10542,15933,راستایی,دەشت,شوێن,ناو,ناو,ناو › شوێن,ڕەگەز=بێلایەن,,HIGH,,79dd71fd-aaa5-4f5a-9211-101eeda2d0b8,taraakoy,,,,,
10543,15933,راستایی,زەمینی رێک,شوێن,ناو,ناو,ناو › شوێن,ڕەگەز=بێلایەن,,HIGH,,79dd71fd-aaa5-4f5a-9211-101eeda2d0b8,taraakoy,,,,,
10544,15933,راستایی,بەرانبەر,شوێن,ناو,ناو,ناو › شوێن,ڕەگەز=بێلایەن,,HIGH,,79dd71fd-aaa5-4f5a-9211-101eeda2d0b8,taraakoy,,,,,
10545,15933,راستایی,لای راستە,شوێن,ناو,ناو,ناو › شوێن,ڕەگەز=بێلایەن,,HIGH,,79dd71fd-aaa5-4f5a-9211-101eeda2d0b8,taraakoy,,,,,
10549,15934,راست براست,راستەو راست,,,,,,,LOW,word has no جۆری وشە at all,79dd71fd-aaa5-4f5a-9211-101eeda2d0b8,taraakoy,,,,,
10552,15935,راست بونەوە,راس بونەوە,ئەنجامدانی کارێک,کار,کار,,ڕەگەز=دوولایەن,,LOW,"پۆل «ئەنجامدانی کارێک» is really the part of speech «کار» — routed nowhere, needs a decision",79dd71fd-aaa5-4f5a-9211-101eeda2d0b8,taraakoy,,,,,
10554,15936,راست بێژ,بەرانبەری درۆزن,سیفەت,ئاوەڵناو,هاوەڵناو,,ڕەگەز=دوولایەن,,LOW,"پۆل «سیفەت» is really the part of speech «هاوەڵناو» — routed nowhere, needs a decision",79dd71fd-aaa5-4f5a-9211-101eeda2d0b8,taraakoy,,,,,
10556,15937,راست بین,دڵ باش,سیفەت,ئاوەڵناو,هاوەڵناو,,ڕەگەز=دوولایەن,,LOW,"پۆل «سیفەت» is really the part of speech «هاوەڵناو» — routed nowhere, needs a decision",79dd71fd-aaa5-4f5a-9211-101eeda2d0b8,taraakoy,,,,,
10557,15937,راست بین,بیر راست,سیفەت,ئاوەڵناو,هاوەڵناو,,ڕەگەز=دوولایەن,,LOW,"پۆل «سیفەت» is really the part of speech «هاوەڵناو» — routed nowhere, needs a decision",79dd71fd-aaa5-4f5a-9211-101eeda2d0b8,taraakoy,,,,,
10559,15938,راست دەر,راست بێژ,سیفەت,ئاوەڵناو,هاوەڵناو,,ڕەگەز=دوولایەن,,LOW,"پۆل «سیفەت» is really the part of speech «هاوەڵناو» — routed nowhere, needs a decision",79dd71fd-aaa5-4f5a-9211-101eeda2d0b8,taraakoy,,,,,
10560,15938,راست دەر,راست نەبێژ,سیفەت,ئاوەڵناو,هاوەڵناو,,ڕەگەز=دوولایەن,,LOW,"پۆل «سیفەت» is really the part of speech «هاوەڵناو» — routed nowhere, needs a decision",79dd71fd-aaa5-4f5a-9211-101eeda2d0b8,taraakoy,,,,,
10563,15939,راست دەمی,تەکوز,سیفەت,ئاوەڵناو,هاوەڵناو,,ڕەگەز=دوولایەن,,LOW,"پۆل «سیفەت» is really the part of speech «هاوەڵناو» — routed nowhere, needs a decision",79dd71fd-aaa5-4f5a-9211-101eeda2d0b8,taraakoy,,,,,
10564,15939,راست دەمی,رێک و پێکی,سیفەت,ئاوەڵناو,هاوەڵناو,,ڕەگەز=دوولایەن,,LOW,"پۆل «سیفەت» is really the part of speech «هاوەڵناو» — routed nowhere, needs a decision",79dd71fd-aaa5-4f5a-9211-101eeda2d0b8,taraakoy,,,,,
10566,15940,راست رۆ,راست بێژ,سیفەت,ئاوەڵناو,هاوەڵناو,,ڕەگەز=دوولایەن,,LOW,"پۆل «سیفەت» is really the part of speech «هاوەڵناو» — routed nowhere, needs a decision",79dd71fd-aaa5-4f5a-9211-101eeda2d0b8,taraakoy,,,,,
10568,15941,راستک,تەختی و راستایی,باروودۆخ,ناو,ناو,,ڕەگەز=بێلایەن,,HIGH,پۆل «باروودۆخ» has no home among the deck's ten (see unmapped.csv),79dd71fd-aaa5-4f5a-9211-101eeda2d0b8,taraakoy,,,,,
10570,15942,راست کار,مرۆی بێ لاری و خواری,سیفەت,ئاوەڵناو,هاوەڵناو,,ڕەگەز=دوولایەن,,LOW,"پۆل «سیفەت» is really the part of speech «هاوەڵناو» — routed nowhere, needs a decision",79dd71fd-aaa5-4f5a-9211-101eeda2d0b8,taraakoy,,,,,
10571,15942,راست کار,بێ گزی و دزی,سیفەت,ئاوەڵناو,هاوەڵناو,,ڕەگەز=دوولایەن,,LOW,"پۆل «سیفەت» is really the part of speech «هاوەڵناو» — routed nowhere, needs a decision",79dd71fd-aaa5-4f5a-9211-101eeda2d0b8,taraakoy,,,,,
10573,15943,راست کردن,ئاخافتنی بێ درۆ,ئەنجامدانی کارێک,کار,کار,,ڕەگەز=دوولایەن,,LOW,"پۆل «ئەنجامدانی کارێک» is really the part of speech «کار» — routed nowhere, needs a decision",79dd71fd-aaa5-4f5a-9211-101eeda2d0b8,taraakoy,,,,,
10574,15943,راست کردن,لە لاری رزگار کردن,ئەنجامدانی کارێک,کار,کار,,ڕەگەز=دوولایەن,,LOW,"پۆل «ئەنجامدانی کارێک» is really the part of speech «کار» — routed nowhere, needs a decision",79dd71fd-aaa5-4f5a-9211-101eeda2d0b8,taraakoy,,,,,
10575,15943,راست کردن,سازکردن و دڵ ساندنی کچ,ئەنجامدانی کارێک,کار,کار,,ڕەگەز=دوولایەن,,LOW,"پۆل «ئەنجامدانی کارێک» is really the part of speech «کار» — routed nowhere, needs a decision",79dd71fd-aaa5-4f5a-9211-101eeda2d0b8,taraakoy,,,,,
10576,15943,راست کردن,تاوکردن,ئەنجامدانی کارێک,کار,کار,,ڕەگەز=دوولایەن,,LOW,"پۆل «ئەنجامدانی کارێک» is really the part of speech «کار» — routed nowhere, needs a decision",79dd71fd-aaa5-4f5a-9211-101eeda2d0b8,taraakoy,,,,,
10580,15944,عوێن,فێڵ و گزی,سیفەت | ئەنجامدانی کارێک,,,,,,LOW,"word has no جۆری وشە at all ; پۆل «سیفەت» is really the part of speech «هاوەڵناو» — routed nowhere, needs a decision ; پۆل «ئەنجامدانی کارێک» is really the part of speech «کار» — routed nowhere, needs a decision",432b11b0-059a-4486-9981-ae6a7fe0f1c4,sakar,,,,,
10581,15944,عوێن,ئەداو ئوتواری سەیر,سیفەت | ئەنجامدانی کارێک,,,,,,LOW,"word has no جۆری وشە at all ; پۆل «سیفەت» is really the part of speech «هاوەڵناو» — routed nowhere, needs a decision ; پۆل «ئەنجامدانی کارێک» is really the part of speech «کار» — routed nowhere, needs a decision",432b11b0-059a-4486-9981-ae6a7fe0f1c4,sakar,,,,,
10584,15945,عەبدال,ڕەبەن، هەڵوەدا,ناو تایبەت بە ڕەگەزی نێر,ناو,ناو,,ڕەگەز=نێر,,HIGH,پۆل «ناو تایبەت بە ڕەگەزی نێر» has no home among the deck's ten (see unmapped.csv),432b11b0-059a-4486-9981-ae6a7fe0f1c4,sakar,,,,,
10585,15945,عەبدال,ئاودەل،نێرەپۆر,ناو تایبەت بە ڕەگەزی نێر,ناو,ناو,,ڕەگەز=نێر,,HIGH,پۆل «ناو تایبەت بە ڕەگەزی نێر» has no home among the deck's ten (see unmapped.csv),432b11b0-059a-4486-9981-ae6a7fe0f1c4,sakar,,,,,
10586,15945,عەبدال,ناوی پیاوانە,ناو تایبەت بە ڕەگەزی نێر,ناو,ناو,,ڕەگەز=نێر,,HIGH,پۆل «ناو تایبەت بە ڕەگەزی نێر» has no home among the deck's ten (see unmapped.csv),432b11b0-059a-4486-9981-ae6a7fe0f1c4,sakar,,,,,
10590,15946,عەبداڵ,عەبدال,سیفەت,ناو | ئاوەڵناو,,,,,LOW,"word carries several parts of speech (ناو / هاوەڵناو); a sense may only have one ; پۆل «سیفەت» is really the part of speech «هاوەڵناو» — routed nowhere, needs a decision",432b11b0-059a-4486-9981-ae6a7fe0f1c4,sakar,,,,,
10592,15947,عەبدۆ,عەبانێ,ناو تایبەت بە ڕەگەزی نێر,,,,,,LOW,word has no جۆری وشە at all ; پۆل «ناو تایبەت بە ڕەگەزی نێر» has no home among the deck's ten (see unmapped.csv),432b11b0-059a-4486-9981-ae6a7fe0f1c4,sakar,,,,,
10594,15948,عەبدی,عەبانێ,ناو تایبەت بە ڕەگەزی نێر,ناو,ناو,,ڕەگەز=نێر,,HIGH,پۆل «ناو تایبەت بە ڕەگەزی نێر» has no home among the deck's ten (see unmapped.csv),432b11b0-059a-4486-9981-ae6a7fe0f1c4,sakar,,,,,
10596,15949,عەبەڕەش,ئاژەڵی کەم شیر,ئاژەڵ,ناو,ناو,زیندەوەرزانی › ئاژەڵ,ڕەگەز=مێ,,HIGH,,432b11b0-059a-4486-9981-ae6a7fe0f1c4,sakar,,,,,
10598,15950,عەبڵا,سوکەڵەناوی عبداڵلە,ناو تایبەت بە ڕەگەزی نێر,ناو,ناو,,ڕەگەز=نێر,,HIGH,پۆل «ناو تایبەت بە ڕەگەزی نێر» has no home among the deck's ten (see unmapped.csv),432b11b0-059a-4486-9981-ae6a7fe0f1c4,sakar,,,,,
10600,15951,عەبۆ,عەبانێ,ناو تایبەت بە ڕەگەزی نێر,ناو,ناو,,ڕەگەز=نێر,,HIGH,پۆل «ناو تایبەت بە ڕەگەزی نێر» has no home among the deck's ten (see unmapped.csv),432b11b0-059a-4486-9981-ae6a7fe0f1c4,sakar,,,,,
10602,15952,عەبۆ,سەکەڵە ناوی ابوبکر،ناوی پیاوانە,ناو تایبەت بە ڕەگەزی نێر,ناو,ناو,,ڕەگەز=نێر,,HIGH,پۆل «ناو تایبەت بە ڕەگەزی نێر» has no home among the deck's ten (see unmapped.csv),432b11b0-059a-4486-9981-ae6a7fe0f1c4,sakar,,,,,
10604,15953,عەبوور,تەمەن ڕابواردن،ڕابواردن,مرۆڤناسی/ تەمەن و قۆناغەکانی ژیان,ناو,ناو,,ڕەگەز=دوولایەن,,HIGH,پۆل «مرۆڤناسی/ تەمەن و قۆناغەکانی ژیان» has no home among the deck's ten (see unmapped.csv),432b11b0-059a-4486-9981-ae6a7fe0f1c4,sakar,,,,,
10608,15955,عەبوس,رووگرژ,سیفەت,ئاوەڵناو,هاوەڵناو,,ڕەگەز=دوولایەن,,LOW,"پۆل «سیفەت» is really the part of speech «هاوەڵناو» — routed nowhere, needs a decision",432b11b0-059a-4486-9981-ae6a7fe0f1c4,sakar,,,,,
10610,15956,عەب,سەکەڵەناوی عبداڵلە,ناو تایبەت بە ڕەگەزی نێر,ناو,ناو,,ڕەگەز=نێر,,HIGH,پۆل «ناو تایبەت بە ڕەگەزی نێر» has no home among the deck's ten (see unmapped.csv),432b11b0-059a-4486-9981-ae6a7fe0f1c4,sakar,,,,,
10612,15957,عەپەسان,حەپەسان، واق وڕمان.,سیفەت,ئاوەڵناو,هاوەڵناو,,ڕەگەز=دوولایەن,,LOW,"پۆل «سیفەت» is really the part of speech «هاوەڵناو» — routed nowhere, needs a decision",432b11b0-059a-4486-9981-ae6a7fe0f1c4,sakar,,,,,
10614,15958,عەبەکە,سەکەڵەناوی عبداڵلە.,ناو تایبەت بە ڕەگەزی نێر,ناو,ناو,,ڕەگەز=نێر,,HIGH,پۆل «ناو تایبەت بە ڕەگەزی نێر» has no home among the deck's ten (see unmapped.csv),432b11b0-059a-4486-9981-ae6a7fe0f1c4,sakar,,,,,
10616,15959,عەبەکە,سوکەڵە ناوی عبداڵلە,ناو تایبەت بە ڕەگەزی نێر,ناو,ناو,,ڕەگەز=نێر,,HIGH,پۆل «ناو تایبەت بە ڕەگەزی نێر» has no home among the deck's ten (see unmapped.csv),432b11b0-059a-4486-9981-ae6a7fe0f1c4,sakar,,,,,
10617,15959,عەبەکە,سوکەڵە ناەی عبداکریم,ناو تایبەت بە ڕەگەزی نێر,ناو,ناو,,ڕەگەز=نێر,,HIGH,پۆل «ناو تایبەت بە ڕەگەزی نێر» has no home among the deck's ten (see unmapped.csv),432b11b0-059a-4486-9981-ae6a7fe0f1c4,sakar,,,,,
10620,15960,عەبەنوس,دارێکی ڕەش و ڕەقی بەنرخە.,کەرەستە,ناو,ناو,کولتووری › کەرەستە,ڕەگەز=بێلایەن,,HIGH,,432b11b0-059a-4486-9981-ae6a7fe0f1c4,sakar,,,,,
10622,15961,عەپ,حەم،خواردن بە شێوەی زارۆکان,خواردن,ناو,ناو,کولتووری › خواردن,ڕەگەز=دوولایەن,,HIGH,,432b11b0-059a-4486-9981-ae6a7fe0f1c4,sakar,,,,,
10624,15962,عەپی,بخۆ لە زاراوەی زارۆکاندا,خواردن | ئەنجامدانی کارێک,کار,کار,کولتووری › خواردن,ڕەگەز=دوولایەن,,LOW,"پۆل «ئەنجامدانی کارێک» is really the part of speech «کار» — routed nowhere, needs a decision",432b11b0-059a-4486-9981-ae6a7fe0f1c4,sakar,,,,,
10626,15963,عەتاوی,سەرکۆنە،سەرزەنشت,سیفەت | ئەنجامدانی کارێک,کار,کار,,ڕەگەز=دوولایەن,,LOW,"پۆل «سیفەت» is really the part of speech «هاوەڵناو» — routed nowhere, needs a decision ; پۆل «ئەنجامدانی کارێک» is really the part of speech «کار» — routed nowhere, needs a decision ; پۆل says «هاوەڵناو», جۆری وشە says «کار» — they disagree",432b11b0-059a-4486-9981-ae6a7fe0f1c4,sakar,,,,,
10628,15964,عەتر,حەتر،گوڵاویبدوبارەتێکراو لە هەڵمەوە,دۆخی ماددە,ناو,ناو,,ڕەگەز=بێلایەن,,HIGH,پۆل «دۆخی ماددە» has no home among the deck's ten (see unmapped.csv),432b11b0-059a-4486-9981-ae6a7fe0f1c4,sakar,,,,,
10630,15965,تەخاراو,کوپەی زەلامی سەر ئاواڵە بۆ دەفری ئاو,کەرەستە,ناو,ناو,کولتووری › کەرەستە,ڕەگەز=بێلایەن,,HIGH,,96560cf4-030d-4268-baea-87bb57cdf631,somaali,,,,,
10632,15966,تەخت,گۆڕ,کەرەستە | سیفەت,ناو | ئاوەڵناو,,کولتووری › کەرەستە,ڕەگەز=بێلایەن,,LOW,"word carries several parts of speech (ناو / هاوەڵناو); a sense may only have one ; پۆل «سیفەت» is really the part of speech «هاوەڵناو» — routed nowhere, needs a decision",96560cf4-030d-4268-baea-87bb57cdf631,somaali,,,,,
10633,15966,تەخت,ڕێک,کەرەستە | سیفەت,ناو | ئاوەڵناو,,کولتووری › کەرەستە,ڕەگەز=بێلایەن,,LOW,"word carries several parts of speech (ناو / هاوەڵناو); a sense may only have one ; پۆل «سیفەت» is really the part of speech «هاوەڵناو» — routed nowhere, needs a decision",96560cf4-030d-4268-baea-87bb57cdf631,somaali,,,,,
10634,15966,تەخت,بێ کەند و کڵۆ و ڕاستی,کەرەستە | سیفەت,ناو | ئاوەڵناو,,کولتووری › کەرەستە,ڕەگەز=بێلایەن,,LOW,"word carries several parts of speech (ناو / هاوەڵناو); a sense may only have one ; پۆل «سیفەت» is really the part of speech «هاوەڵناو» — routed nowhere, needs a decision",96560cf4-030d-4268-baea-87bb57cdf631,somaali,,,,,
10635,15966,تەخت,چار پەیەی لەسەر نووستن,کەرەستە | سیفەت,ناو | ئاوەڵناو,,کولتووری › کەرەستە,ڕەگەز=بێلایەن,,LOW,"word carries several parts of speech (ناو / هاوەڵناو); a sense may only have one ; پۆل «سیفەت» is really the part of speech «هاوەڵناو» — routed nowhere, needs a decision",96560cf4-030d-4268-baea-87bb57cdf631,somaali,,,,,
10636,15966,تەخت,کورسی لەسەر دانیشتنی پاشا,کەرەستە | سیفەت,ناو | ئاوەڵناو,,کولتووری › کەرەستە,ڕەگەز=بێلایەن,,LOW,"word carries several parts of speech (ناو / هاوەڵناو); a sense may only have one ; پۆل «سیفەت» is really the part of speech «هاوەڵناو» — routed nowhere, needs a decision",96560cf4-030d-4268-baea-87bb57cdf631,somaali,,,,,
10637,15966,تەخت,بێ خوار و خیچی,کەرەستە | سیفەت,ناو | ئاوەڵناو,,کولتووری › کەرەستە,ڕەگەز=بێلایەن,,LOW,"word carries several parts of speech (ناو / هاوەڵناو); a sense may only have one ; پۆل «سیفەت» is really the part of speech «هاوەڵناو» — routed nowhere, needs a decision",96560cf4-030d-4268-baea-87bb57cdf631,somaali,,,,,
10642,15967,تەختان,گۆڕایی,شوێن,چاوگ,چاوگ,ناو › شوێن,ڕەگەز=بێلایەن,,HIGH,,96560cf4-030d-4268-baea-87bb57cdf631,somaali,,,,,
10643,15967,تەختان,هەردی ڕاست و تەخت,شوێن,چاوگ,چاوگ,ناو › شوێن,ڕەگەز=بێلایەن,,HIGH,,96560cf4-030d-4268-baea-87bb57cdf631,somaali,,,,,
10645,15968,تەختانی,تەختان,شوێن,چاوگ,چاوگ,ناو › شوێن,ڕەگەز=بێلایەن,,HIGH,,96560cf4-030d-4268-baea-87bb57cdf631,somaali,,,,,
10647,15969,تەختایی,تەختان,شوێن,چاوگ,چاوگ,ناو › شوێن,ڕەگەز=بێلایەن,,HIGH,,96560cf4-030d-4268-baea-87bb57cdf631,somaali,,,,,
10649,15970,تەخت بوون,ڕاست بوونی شوێنی بە کەندو کڵۆ,ڕوودانی کار,چاوگ,چاوگ,,ڕەگەز=بێلایەن,,HIGH,پۆل «ڕوودانی کار» has no home among the deck's ten (see unmapped.csv),96560cf4-030d-4268-baea-87bb57cdf631,somaali,,,,,
10650,15970,تەخت بوون,برێتی لە تێک ڕووخانی تەواو,ڕوودانی کار,چاوگ,چاوگ,,ڕەگەز=بێلایەن,,HIGH,پۆل «ڕوودانی کار» has no home among the deck's ten (see unmapped.csv),96560cf4-030d-4268-baea-87bb57cdf631,somaali,,,,,
10653,15971,تەخت رەوان,کەژاوەی یەکچاوە کە بە چوار دەستان هەڵدەگیرێ,کەرەستە,ناو,ناو,کولتووری › کەرەستە,ڕەگەز=بێلایەن,,HIGH,,96560cf4-030d-4268-baea-87bb57cdf631,somaali,,,,,
10655,15972,عەتفک,زەنگەتە، تلیسک,سیفەت,ئاوەڵناو | جێناو,,,,,LOW,"word carries several parts of speech (هاوەڵناو / جێناو); a sense may only have one ; پۆل «سیفەت» is really the part of speech «هاوەڵناو» — routed nowhere, needs a decision",432b11b0-059a-4486-9981-ae6a7fe0f1c4,sakar,,,,,
10657,15973,عەتە,پلک،خوشکی باوک,خێزان و بنەماڵە,ناو,ناو,,ڕەگەز=مێ,,HIGH,پۆل «خێزان و بنەماڵە» has no home among the deck's ten (see unmapped.csv),432b11b0-059a-4486-9981-ae6a7fe0f1c4,sakar,,,,,
10659,15974,عەجایب,سەیر،سەمەرە,سیفەت,ئاوەڵناو,هاوەڵناو,,ڕەگەز=بێلایەن,,LOW,"پۆل «سیفەت» is really the part of speech «هاوەڵناو» — routed nowhere, needs a decision",432b11b0-059a-4486-9981-ae6a7fe0f1c4,sakar,,,,,
10661,15975,تەخت کردن,ڕاست کردنی زەوی ناڕاست,ئەنجامدانی کارێک,کار,کار,,ڕەگەز=بێلایەن,,LOW,"پۆل «ئەنجامدانی کارێک» is really the part of speech «کار» — routed nowhere, needs a decision",96560cf4-030d-4268-baea-87bb57cdf631,somaali,,,,,
10662,15975,تەخت کردن,برێتی لە وێران کردنی ئاوایی,ئەنجامدانی کارێک,کار,کار,,ڕەگەز=بێلایەن,,LOW,"پۆل «ئەنجامدانی کارێک» is really the part of speech «کار» — routed nowhere, needs a decision",96560cf4-030d-4268-baea-87bb57cdf631,somaali,,,,,
10663,15975,تەخت کردن,خۆش و سازکردن: (کەیفی خۆی تەخت کرد),ئەنجامدانی کارێک,کار,کار,,ڕەگەز=بێلایەن,,LOW,"پۆل «ئەنجامدانی کارێک» is really the part of speech «کار» — routed nowhere, needs a decision",96560cf4-030d-4268-baea-87bb57cdf631,somaali,,,,,
10667,15976,عەجایبات,عاجباتی,سیفەت,ئاوەڵناو,هاوەڵناو,,ڕەگەز=دوولایەن,,LOW,"پۆل «سیفەت» is really the part of speech «هاوەڵناو» — routed nowhere, needs a decision",432b11b0-059a-4486-9981-ae6a7fe0f1c4,sakar,,,,,
10669,15977,تەختە,دەپ,کەرەستە | سیفەت,ناو | ئاوەڵناو,,کولتووری › کەرەستە,ڕەگەز=بێلایەن,,LOW,"word carries several parts of speech (ناو / هاوەڵناو); a sense may only have one ; پۆل «سیفەت» is really the part of speech «هاوەڵناو» — routed nowhere, needs a decision",96560cf4-030d-4268-baea-87bb57cdf631,somaali,,,,,
10670,15977,تەختە,داری پان تاشراو,کەرەستە | سیفەت,ناو | ئاوەڵناو,,کولتووری › کەرەستە,ڕەگەز=بێلایەن,,LOW,"word carries several parts of speech (ناو / هاوەڵناو); a sense may only have one ; پۆل «سیفەت» is really the part of speech «هاوەڵناو» — routed nowhere, needs a decision",96560cf4-030d-4268-baea-87bb57cdf631,somaali,,,,,
10671,15977,تەختە,پانایی و ڕاستی بەرد,کەرەستە | سیفەت,ناو | ئاوەڵناو,,کولتووری › کەرەستە,ڕەگەز=بێلایەن,,LOW,"word carries several parts of speech (ناو / هاوەڵناو); a sense may only have one ; پۆل «سیفەت» is really the part of speech «هاوەڵناو» — routed nowhere, needs a decision",96560cf4-030d-4268-baea-87bb57cdf631,somaali,,,,,
10672,15977,تەختە,پارچە لە کۆتاڵ یان لە کوێنی چادر,کەرەستە | سیفەت,ناو | ئاوەڵناو,,کولتووری › کەرەستە,ڕەگەز=بێلایەن,,LOW,"word carries several parts of speech (ناو / هاوەڵناو); a sense may only have one ; پۆل «سیفەت» is really the part of speech «هاوەڵناو» — routed nowhere, needs a decision",96560cf4-030d-4268-baea-87bb57cdf631,somaali,,,,,
10673,15977,تەختە,دوکانی داخراو: (دوکانەکەی تەختەکراوە، بازاڕ تەختەیە),کەرەستە | سیفەت,ناو | ئاوەڵناو,,کولتووری › کەرەستە,ڕەگەز=بێلایەن,,LOW,"word carries several parts of speech (ناو / هاوەڵناو); a sense may only have one ; پۆل «سیفەت» is really the part of speech «هاوەڵناو» — routed nowhere, needs a decision",96560cf4-030d-4268-baea-87bb57cdf631,somaali,,,,,
10674,15977,تەختە,تاوڵی,کەرەستە | سیفەت,ناو | ئاوەڵناو,,کولتووری › کەرەستە,ڕەگەز=بێلایەن,,LOW,"word carries several parts of speech (ناو / هاوەڵناو); a sense may only have one ; پۆل «سیفەت» is really the part of speech «هاوەڵناو» — routed nowhere, needs a decision",96560cf4-030d-4268-baea-87bb57cdf631,somaali,,,,,
10675,15977,تەختە,ئامرازی نەردێن لەسەر کردن,کەرەستە | سیفەت,ناو | ئاوەڵناو,,کولتووری › کەرەستە,ڕەگەز=بێلایەن,,LOW,"word carries several parts of speech (ناو / هاوەڵناو); a sense may only have one ; پۆل «سیفەت» is really the part of speech «هاوەڵناو» — routed nowhere, needs a decision",96560cf4-030d-4268-baea-87bb57cdf631,somaali,,,,,
10681,15978,عەجنە,جنۆکە،ئەجنە،جندۆکە،جن.,مرۆڤ | سیفەت,ناو,ناو,کولتووری › مرۆڤ,ڕەگەز=دوولایەن,,LOW,"پۆل «سیفەت» is really the part of speech «هاوەڵناو» — routed nowhere, needs a decision ; پۆل says «هاوەڵناو», جۆری وشە says «ناو» — they disagree",432b11b0-059a-4486-9981-ae6a7fe0f1c4,sakar,,,,,
10683,15979,عەخەب,سەیر،سەمەرە,سیفەت,ئاوەڵناو,هاوەڵناو,,ڕەگەز=دوولایەن,,LOW,"پۆل «سیفەت» is really the part of speech «هاوەڵناو» — routed nowhere, needs a decision",432b11b0-059a-4486-9981-ae6a7fe0f1c4,sakar,,,,,
10685,15980,عەجەل,ئەجەل،ئاکام،دەمی مەرگ.,مرۆڤناسی/ تەمەن و قۆناغەکانی ژیان,ناو,ناو,,ڕەگەز=دوولایەن,,HIGH,پۆل «مرۆڤناسی/ تەمەن و قۆناغەکانی ژیان» has no home among the deck's ten (see unmapped.csv),432b11b0-059a-4486-9981-ae6a7fe0f1c4,sakar,,,,,
10687,15981,تەختەبەن,کەت,کەرەستە,ناو,ناو,کولتووری › کەرەستە,ڕەگەز=بێلایەن,,HIGH,,96560cf4-030d-4268-baea-87bb57cdf631,somaali,,,,,
10688,15981,تەختەبەن,تەختی لە تەختەو چوارگۆشەو گەورە بۆ لەسەر نوستنی هاوینان,کەرەستە,ناو,ناو,کولتووری › کەرەستە,ڕەگەز=بێلایەن,,HIGH,,96560cf4-030d-4268-baea-87bb57cdf631,somaali,,,,,
10689,15981,تەختەبەن,محەجەری,کەرەستە,ناو,ناو,کولتووری › کەرەستە,ڕەگەز=بێلایەن,,HIGH,,96560cf4-030d-4268-baea-87bb57cdf631,somaali,,,,,
10692,15982,تەختەبەند,تەختەبەن,کەرەستە,ناو,ناو,کولتووری › کەرەستە,ڕەگەز=بێلایەن,,HIGH,,96560cf4-030d-4268-baea-87bb57cdf631,somaali,,,,,
10694,15983,عەجەلە,پەلە،لەز,سەوزە,ئاوەڵناو,هاوەڵناو,,,,HIGH,پۆل «سەوزە» has no home among the deck's ten (see unmapped.csv),432b11b0-059a-4486-9981-ae6a7fe0f1c4,sakar,,,,,
10696,15984,تەختەپوت,مۆرانەی دارخۆر,ئاژەڵ,ناو,ناو,زیندەوەرزانی › ئاژەڵ,ڕەگەز=دوولایەن,,HIGH,,96560cf4-030d-4268-baea-87bb57cdf631,somaali,,,,,
10697,15984,تەختەپوت,مۆریانە,ئاژەڵ,ناو,ناو,زیندەوەرزانی › ئاژەڵ,ڕەگەز=دوولایەن,,HIGH,,96560cf4-030d-4268-baea-87bb57cdf631,somaali,,,,,
10699,15985,عەجەم,ئێرانی,نەتەوە,ناو,ناو,,ڕەگەز=بێلایەن,,HIGH,پۆل «نەتەوە» has no home among the deck's ten (see unmapped.csv),432b11b0-059a-4486-9981-ae6a7fe0f1c4,sakar,,,,,
10700,15985,عەجەم,ئێران,نەتەوە,ناو,ناو,,ڕەگەز=بێلایەن,,HIGH,پۆل «نەتەوە» has no home among the deck's ten (see unmapped.csv),432b11b0-059a-4486-9981-ae6a7fe0f1c4,sakar,,,,,
10701,15985,عەجەم,ترکی ئازەرباینجان,نەتەوە,ناو,ناو,,ڕەگەز=بێلایەن,,HIGH,پۆل «نەتەوە» has no home among the deck's ten (see unmapped.csv),432b11b0-059a-4486-9981-ae6a7fe0f1c4,sakar,,,,,
10705,15986,تەختەپۆش,سەنگ پۆشی ئاوەڕۆ,کەرەستە,ناو,ناو,کولتووری › کەرەستە,,,HIGH,,96560cf4-030d-4268-baea-87bb57cdf631,somaali,,,,,
10706,15986,تەختەپۆش,نۆین,کەرەستە,ناو,ناو,کولتووری › کەرەستە,,,HIGH,,96560cf4-030d-4268-baea-87bb57cdf631,somaali,,,,,
10707,15986,تەختەپۆش,تەختە بەندی میچ,کەرەستە,ناو,ناو,کولتووری › کەرەستە,,,HIGH,,96560cf4-030d-4268-baea-87bb57cdf631,somaali,,,,,
10711,15987,تەختەدار,دەبی دارین,کەرەستە | درەخت,ناو,ناو,کولتووری › کەرەستە,ڕەگەز=بێلایەن,,HIGH,پۆل «درەخت» has no home among the deck's ten (see unmapped.csv),96560cf4-030d-4268-baea-87bb57cdf631,somaali,,,,,
10713,15988,عەجەو,عەجەب،سەیر,سیفەت,ئاوەڵناو,هاوەڵناو,,ڕەگەز=دوولایەن,,LOW,"پۆل «سیفەت» is really the part of speech «هاوەڵناو» — routed nowhere, needs a decision",432b11b0-059a-4486-9981-ae6a7fe0f1c4,sakar,,,,,
10715,15989,تەختەڕەش,دەپەڕەش,کەرەستە,ناو,ناو,کولتووری › کەرەستە,ڕەگەز=بێلایەن,,HIGH,,96560cf4-030d-4268-baea-87bb57cdf631,somaali,,,,,
10716,15989,تەختەڕەش,ئەو تەختەی ڕەش دەکرێ و لە فێرگە لەسەری دەنووسن,کەرەستە,ناو,ناو,کولتووری › کەرەستە,ڕەگەز=بێلایەن,,HIGH,,96560cf4-030d-4268-baea-87bb57cdf631,somaali,,,,,
10718,15990,تەختەساف,کڵافە دەزووی لەسەر پارچە مقەبایەک هەڵکراو,کەرەستە,ناو,ناو,کولتووری › کەرەستە,ڕەگەز=بێلایەن,,HIGH,,96560cf4-030d-4268-baea-87bb57cdf631,somaali,,,,,
10720,15991,عەداب,چڵک و زوخاوی برین,نەخۆشی,ناو,ناو,زانستیی پزیشکی › نەخۆشی,ڕەگەز=بێلایەن,,HIGH,,432b11b0-059a-4486-9981-ae6a7fe0f1c4,sakar,,,,,
10725,15992,تەختەقاپو,ئاوایی نشین,کەس | مرۆڤ,ناو,ناو,ناو › کەس | کولتووری › مرۆڤ,ڕەگەز=دوولایەن,,HIGH,,96560cf4-030d-4268-baea-87bb57cdf631,somaali,,,,,
10726,15992,تەختەقاپو,بەرانبەری کۆچەری چۆڵ پەرست,کەس | مرۆڤ,ناو,ناو,ناو › کەس | کولتووری › مرۆڤ,ڕەگەز=دوولایەن,,HIGH,,96560cf4-030d-4268-baea-87bb57cdf631,somaali,,,,,
10728,15993,عەدالە,ئەسپی رەسەنی عارەبی نەژاد، کەحیل,ئاژەڵ,ناو,ناو,زیندەوەرزانی › ئاژەڵ,ڕەگەز=دوولایەن,,HIGH,,432b11b0-059a-4486-9981-ae6a7fe0f1c4,sakar,,,,,
10730,15994,تەختەقاپی,تەختەقاپو,کەس | مرۆڤ,ناو,ناو,ناو › کەس | کولتووری › مرۆڤ,ڕەگەز=دوولایەن,,HIGH,,96560cf4-030d-4268-baea-87bb57cdf631,somaali,,,,,
10732,15995,تەخت رەوان,تەخت رەوان,کەرەستە,ناو,ناو,کولتووری › کەرەستە,ڕەگەز=بێلایەن,,HIGH,,96560cf4-030d-4268-baea-87bb57cdf631,somaali,,,,,
10734,15996,عەدالەت,عادلی،زەڵم نەکردن,سیفەت,ئاوەڵناو,هاوەڵناو,,ڕەگەز=دوولایەن,,LOW,"پۆل «سیفەت» is really the part of speech «هاوەڵناو» — routed nowhere, needs a decision",432b11b0-059a-4486-9981-ae6a7fe0f1c4,sakar,,,,,
10736,15997,تەخدەمە,بەرکوت,دانەوێڵە,ناو,ناو,,ڕەگەز=بێلایەن,,HIGH,پۆل «دانەوێڵە» has no home among the deck's ten (see unmapped.csv),96560cf4-030d-4268-baea-87bb57cdf631,somaali,,,,,
10737,15997,تەخدەمە,دەغڵێ کە بە لە دروێنە هەندێکی دەدرون و دەیکوتن,دانەوێڵە,ناو,ناو,,ڕەگەز=بێلایەن,,HIGH,پۆل «دانەوێڵە» has no home among the deck's ten (see unmapped.csv),96560cf4-030d-4268-baea-87bb57cdf631,somaali,,,,,
10739,15998,عەداوەت,دەژمنی،دەژمنایەتی,خاوەندارییەتی,ناو,ناو,,ڕەگەز=دوولایەن,,HIGH,پۆل «خاوەندارییەتی» has no home among the deck's ten (see unmapped.csv),432b11b0-059a-4486-9981-ae6a7fe0f1c4,sakar,,,,,
10741,15999,عەدر,فێ،نەخۆشی فێداری,نەخۆشی,ناو,ناو,زانستیی پزیشکی › نەخۆشی,ڕەگەز=دوولایەن,,HIGH,,432b11b0-059a-4486-9981-ae6a7fe0f1c4,sakar,,,,,
10743,16000,عەدرۆ,فێداری,نەخۆشی,ناو,ناو,زانستیی پزیشکی › نەخۆشی,ڕەگەز=دوولایەن,,HIGH,,432b11b0-059a-4486-9981-ae6a7fe0f1c4,sakar,,,,,
10745,16001,عەدرۆیی,فێداری,نەخۆشی,ناو,ناو,زانستیی پزیشکی › نەخۆشی,ڕەگەز=دوولایەن,,HIGH,,432b11b0-059a-4486-9981-ae6a7fe0f1c4,sakar,,,,,
10747,16002,تەخسیر,لەش گرانی,کەس | نەخۆشی | سیفەت | بارودۆخی جەستەیی,ناو | ئاوەڵناو,,ناو › کەس | زانستیی پزیشکی › نەخۆشی | زانستیی پزیشکی › بارودۆخی جەستەیی,ڕەگەز=دوولایەن,,LOW,"word carries several parts of speech (ناو / هاوەڵناو); a sense may only have one ; پۆل «سیفەت» is really the part of speech «هاوەڵناو» — routed nowhere, needs a decision",96560cf4-030d-4268-baea-87bb57cdf631,somaali,,,,,
10748,16002,تەخسیر,تای سووک,کەس | نەخۆشی | سیفەت | بارودۆخی جەستەیی,ناو | ئاوەڵناو,,ناو › کەس | زانستیی پزیشکی › نەخۆشی | زانستیی پزیشکی › بارودۆخی جەستەیی,ڕەگەز=دوولایەن,,LOW,"word carries several parts of speech (ناو / هاوەڵناو); a sense may only have one ; پۆل «سیفەت» is really the part of speech «هاوەڵناو» — routed nowhere, needs a decision",96560cf4-030d-4268-baea-87bb57cdf631,somaali,,,,,
10749,16002,تەخسیر,ژنێ کە مێرد سەرجێی ناکا,کەس | نەخۆشی | سیفەت | بارودۆخی جەستەیی,ناو | ئاوەڵناو,,ناو › کەس | زانستیی پزیشکی › نەخۆشی | زانستیی پزیشکی › بارودۆخی جەستەیی,ڕەگەز=دوولایەن,,LOW,"word carries several parts of speech (ناو / هاوەڵناو); a sense may only have one ; پۆل «سیفەت» is really the part of speech «هاوەڵناو» — routed nowhere, needs a decision",96560cf4-030d-4268-baea-87bb57cdf631,somaali,,,,,
10750,16002,تەخسیر,کۆتایی,کەس | نەخۆشی | سیفەت | بارودۆخی جەستەیی,ناو | ئاوەڵناو,,ناو › کەس | زانستیی پزیشکی › نەخۆشی | زانستیی پزیشکی › بارودۆخی جەستەیی,ڕەگەز=دوولایەن,,LOW,"word carries several parts of speech (ناو / هاوەڵناو); a sense may only have one ; پۆل «سیفەت» is really the part of speech «هاوەڵناو» — routed nowhere, needs a decision",96560cf4-030d-4268-baea-87bb57cdf631,somaali,,,,,
10751,16002,تەخسیر,گوناح,کەس | نەخۆشی | سیفەت | بارودۆخی جەستەیی,ناو | ئاوەڵناو,,ناو › کەس | زانستیی پزیشکی › نەخۆشی | زانستیی پزیشکی › بارودۆخی جەستەیی,ڕەگەز=دوولایەن,,LOW,"word carries several parts of speech (ناو / هاوەڵناو); a sense may only have one ; پۆل «سیفەت» is really the part of speech «هاوەڵناو» — routed nowhere, needs a decision",96560cf4-030d-4268-baea-87bb57cdf631,somaali,,,,,
10752,16002,تەخسیر,هەڵە,کەس | نەخۆشی | سیفەت | بارودۆخی جەستەیی,ناو | ئاوەڵناو,,ناو › کەس | زانستیی پزیشکی › نەخۆشی | زانستیی پزیشکی › بارودۆخی جەستەیی,ڕەگەز=دوولایەن,,LOW,"word carries several parts of speech (ناو / هاوەڵناو); a sense may only have one ; پۆل «سیفەت» is really the part of speech «هاوەڵناو» — routed nowhere, needs a decision",96560cf4-030d-4268-baea-87bb57cdf631,somaali,,,,,
10756,16003,تەخش,تیری هەواڵی کەوان,کەرەستە,ناو,ناو,کولتووری › کەرەستە,ڕەگەز=بێلایەن,,HIGH,,96560cf4-030d-4268-baea-87bb57cdf631,somaali,,,,,
10759,16004,عەدول,سوکەڵەناوی عبداڵلە,ناو تایبەت بە ڕەگەزی نێر,ناو,ناو,,ڕەگەز=نێر,,HIGH,پۆل «ناو تایبەت بە ڕەگەزی نێر» has no home among the deck's ten (see unmapped.csv),432b11b0-059a-4486-9981-ae6a7fe0f1c4,sakar,,,,,
10761,16005,عەدەب,شەرم و حەیا,سیفەت,ئاوەڵناو,هاوەڵناو,,ڕەگەز=دوولایەن,,LOW,"پۆل «سیفەت» is really the part of speech «هاوەڵناو» — routed nowhere, needs a decision",432b11b0-059a-4486-9981-ae6a7fe0f1c4,sakar,,,,,
10762,16005,عەدەب,بریتی لەناوگەڵ(عەدەب داپۆشە),سیفەت,ئاوەڵناو,هاوەڵناو,,ڕەگەز=دوولایەن,,LOW,"پۆل «سیفەت» is really the part of speech «هاوەڵناو» — routed nowhere, needs a decision",432b11b0-059a-4486-9981-ae6a7fe0f1c4,sakar,,,,,
10765,16006,راست کردنەوە,هەڵستاندن,ئەنجامدانی کارێک,کار,کار,,ڕەگەز=دوولایەن,,LOW,"پۆل «ئەنجامدانی کارێک» is really the part of speech «کار» — routed nowhere, needs a decision",79dd71fd-aaa5-4f5a-9211-101eeda2d0b8,taraakoy,,,,,
10766,16006,راست کردنەوە,راکردن,ئەنجامدانی کارێک,کار,کار,,ڕەگەز=دوولایەن,,LOW,"پۆل «ئەنجامدانی کارێک» is really the part of speech «کار» — routed nowhere, needs a decision",79dd71fd-aaa5-4f5a-9211-101eeda2d0b8,taraakoy,,,,,
10767,16006,راست کردنەوە,بڵندکردن,ئەنجامدانی کارێک,کار,کار,,ڕەگەز=دوولایەن,,LOW,"پۆل «ئەنجامدانی کارێک» is really the part of speech «کار» — routed nowhere, needs a decision",79dd71fd-aaa5-4f5a-9211-101eeda2d0b8,taraakoy,,,,,
10768,16006,راست کردنەوە,لە خواری رزگارکردن,ئەنجامدانی کارێک,کار,کار,,ڕەگەز=دوولایەن,,LOW,"پۆل «ئەنجامدانی کارێک» is really the part of speech «کار» — routed nowhere, needs a decision",79dd71fd-aaa5-4f5a-9211-101eeda2d0b8,taraakoy,,,,,
10771,16007,راستکرن,راست کردن,سەوزە | سیفەت,ئاوەڵناو,هاوەڵناو,,ڕەگەز=دوولایەن,,LOW,"پۆل «سەوزە» has no home among the deck's ten (see unmapped.csv) ; پۆل «سیفەت» is really the part of speech «هاوەڵناو» — routed nowhere, needs a decision",79dd71fd-aaa5-4f5a-9211-101eeda2d0b8,taraakoy,,,,,
10773,16008,راست کوتن,درۆنەکردن لە قسەدا,سیفەت,ئاوەڵناو,هاوەڵناو,,ڕەگەز=دوولایەن,,LOW,"پۆل «سیفەت» is really the part of speech «هاوەڵناو» — routed nowhere, needs a decision",79dd71fd-aaa5-4f5a-9211-101eeda2d0b8,taraakoy,,,,,
10775,16009,راست کەر,دەڵاڵی نێوان کچ و کور,سیفەت,ئاوەڵناو,هاوەڵناو,,ڕەگەز=دوولایەن,,LOW,"پۆل «سیفەت» is really the part of speech «هاوەڵناو» — routed nowhere, needs a decision",79dd71fd-aaa5-4f5a-9211-101eeda2d0b8,taraakoy,,,,,
10777,16010,راست کەرەوە,کەسێ کە خوار راست دەکا,کەس,ئاوەڵکار,هاوەڵکار,ناو › کەس,ڕەگەز=دوولایەن,,HIGH,,79dd71fd-aaa5-4f5a-9211-101eeda2d0b8,taraakoy,,,,,
10778,16010,راست کەرەوە,هەڵەی نوسراو لابەر,کەس,ئاوەڵکار,هاوەڵکار,ناو › کەس,ڕەگەز=دوولایەن,,HIGH,,79dd71fd-aaa5-4f5a-9211-101eeda2d0b8,taraakoy,,,,,
10782,16011,راست گۆ,درۆنەکردن,سیفەت,ئاوەڵناو,هاوەڵناو,,ڕەگەز=دوولایەن,,LOW,"پۆل «سیفەت» is really the part of speech «هاوەڵناو» — routed nowhere, needs a decision",79dd71fd-aaa5-4f5a-9211-101eeda2d0b8,taraakoy,,,,,
10783,16011,راست گۆ,راست بێژ,سیفەت,ئاوەڵناو,هاوەڵناو,,ڕەگەز=دوولایەن,,LOW,"پۆل «سیفەت» is really the part of speech «هاوەڵناو» — routed nowhere, needs a decision",79dd71fd-aaa5-4f5a-9211-101eeda2d0b8,taraakoy,,,,,
10785,16012,راست گوتن,راست کوتن,سیفەت,ئاوەڵناو,هاوەڵناو,,ڕەگەز=دوولایەن,,LOW,"پۆل «سیفەت» is really the part of speech «هاوەڵناو» — routed nowhere, needs a decision",79dd71fd-aaa5-4f5a-9211-101eeda2d0b8,taraakoy,,,,,
10787,16013,راستگۆیی,پیشەی راستگۆ,سیفەت,ئاوەڵناو,هاوەڵناو,,ڕەگەز=دوولایەن,,LOW,"پۆل «سیفەت» is really the part of speech «هاوەڵناو» — routed nowhere, needs a decision",79dd71fd-aaa5-4f5a-9211-101eeda2d0b8,taraakoy,,,,,
10790,16014,راست واتن,راست کوتن,سیفەت | نەتەوە,ئاوەڵناو,هاوەڵناو,,ڕەگەز=دوولایەن,,LOW,"پۆل «سیفەت» is really the part of speech «هاوەڵناو» — routed nowhere, needs a decision ; پۆل «نەتەوە» has no home among the deck's ten (see unmapped.csv)",79dd71fd-aaa5-4f5a-9211-101eeda2d0b8,taraakoy,,,,,
10792,16015,راست وتن,راست کوتن,سیفەت,ئاوەڵناو,هاوەڵناو,,ڕەگەز=دوولایەن,,LOW,"پۆل «سیفەت» is really the part of speech «هاوەڵناو» — routed nowhere, needs a decision",79dd71fd-aaa5-4f5a-9211-101eeda2d0b8,taraakoy,,,,,
10794,16016,راست و چەپ,قیلەو قانج,ئامراز,ناو,ناو,کولتووری › ئامراز,ڕەگەز=بێلایەن,,HIGH,,79dd71fd-aaa5-4f5a-9211-101eeda2d0b8,taraakoy,,,,,
10795,16016,راست و چەپ,تیلاو تیل,ئامراز,ناو,ناو,کولتووری › ئامراز,ڕەگەز=بێلایەن,,HIGH,,79dd71fd-aaa5-4f5a-9211-101eeda2d0b8,taraakoy,,,,,
10796,16016,راست و چەپ,ئامرازێکە شیشەی لە تفەنگا گیربوی پێ دەردەهێننەوە,ئامراز,ناو,ناو,کولتووری › ئامراز,ڕەگەز=بێلایەن,,HIGH,,79dd71fd-aaa5-4f5a-9211-101eeda2d0b8,taraakoy,,,,,
10797,16016,راست و چەپ,تێک پەراندنی پەلی راستەو جۆپە لە چارەکردنی پشت وەرگەراندا,ئامراز,ناو,ناو,کولتووری › ئامراز,ڕەگەز=بێلایەن,,HIGH,,79dd71fd-aaa5-4f5a-9211-101eeda2d0b8,taraakoy,,,,,
10801,16017,راست و راوان,قسەی بێ پەردەو مینگە,باروودۆخ,کار,کار,,ڕەگەز=بێلایەن,,HIGH,پۆل «باروودۆخ» has no home among the deck's ten (see unmapped.csv),79dd71fd-aaa5-4f5a-9211-101eeda2d0b8,taraakoy,,,,,
10803,16018,عەربە,کێشانەی دەخڵ بەرامبەربەدوسەت و پەنجاوشەشە کیلۆ.,دانەوێڵە | یەکەی پێوانە,ناو,ناو,,ڕەگەز=بێلایەن,,HIGH,پۆل «دانەوێڵە» has no home among the deck's ten (see unmapped.csv) ; پۆل «یەکەی پێوانە» has no home among the deck's ten (see unmapped.csv),432b11b0-059a-4486-9981-ae6a7fe0f1c4,sakar,,,,,
10805,16019,عەربەت,گوندێکی کوردستانەبەعسی وێرانی کرد.,گوند,,,,,,LOW,word has no جۆری وشە at all ; پۆل «گوند» has no home among the deck's ten (see unmapped.csv),432b11b0-059a-4486-9981-ae6a7fe0f1c4,sakar,,,,,
10807,16020,عەرد,زەمین,شوێن,ناو,ناو,ناو › شوێن,,,HIGH,,432b11b0-059a-4486-9981-ae6a7fe0f1c4,sakar,,,,,
10809,16021,عەرز,عەرد، زەمین,شوێن,ناو,ناو,ناو › شوێن,,,HIGH,,432b11b0-059a-4486-9981-ae6a7fe0f1c4,sakar,,,,,
10810,16021,عەرز,شەڕەف,شوێن,ناو,ناو,ناو › شوێن,,,HIGH,,432b11b0-059a-4486-9981-ae6a7fe0f1c4,sakar,,,,,
10813,16022,عەرزوحاڵ,شکایەتن نامە،,ئامراز,ناو,ناو,کولتووری › ئامراز,,,HIGH,,432b11b0-059a-4486-9981-ae6a7fe0f1c4,sakar,,,,,
10815,16023,عەرزێل,پێرک،ستێر،ئەستیرک,شوێن,ناو,ناو,ناو › شوێن,,,HIGH,,432b11b0-059a-4486-9981-ae6a7fe0f1c4,sakar,,,,,
10817,16024,عەرعەر,دارێکی بێ بەری شۆخ و شەنگە.,درەخت,ناو,ناو,,ڕەگەز=دوولایەن,,HIGH,پۆل «درەخت» has no home among the deck's ten (see unmapped.csv),432b11b0-059a-4486-9981-ae6a7fe0f1c4,sakar,,,,,
10819,16025,عەرش,تەزتی خوا لە عاسمانان,خاوەندارییەتی,ناو,ناو,,,,HIGH,پۆل «خاوەندارییەتی» has no home among the deck's ten (see unmapped.csv),432b11b0-059a-4486-9981-ae6a7fe0f1c4,sakar,,,,,
10821,16026,عەرن,دڵناسکی،قەڵسی,سیفەت,ئاوەڵناو,هاوەڵناو,,ڕەگەز=دوولایەن,,LOW,"پۆل «سیفەت» is really the part of speech «هاوەڵناو» — routed nowhere, needs a decision",432b11b0-059a-4486-9981-ae6a7fe0f1c4,sakar,,,,,
10823,16027,عەنووک,بێ حەوسەڵە،پشووتەنگ،دڵناسک,سیفەت,ئاوەڵناو,هاوەڵناو,,ڕەگەز=دوولایەن,,LOW,"پۆل «سیفەت» is really the part of speech «هاوەڵناو» — routed nowhere, needs a decision",432b11b0-059a-4486-9981-ae6a7fe0f1c4,sakar,,,,,
