meaning_id,word_id,word,language_code,original_label,text,owner_user_id
2019,12008,ئایدار,fa,Persian,آبدار، قھوەچی,f65f7d2f-996a-4df7-a10e-c6e846940032
6663,12012,ئابدەست,ar,Arabic,مستراح,79dd71fd-aaa5-4f5a-9211-101eeda2d0b8
2032,12014,ئابرا,fa,Persian,داداش,f65f7d2f-996a-4df7-a10e-c6e846940032
3021,13010,ئابروتکاو,fa,فارسی,بی آبرو,f65f7d2f-996a-4df7-a10e-c6e846940032
3023,13011,ئابڕوچوون,fa,فارسی,رسواشدن,f65f7d2f-996a-4df7-a10e-c6e846940032
3025,13012,ئابڵوقە,fa,فارسی,محاصرە,f65f7d2f-996a-4df7-a10e-c6e846940032
3027,13013,ئابوتاب,fa,فارسی,آب و تاب,f65f7d2f-996a-4df7-a10e-c6e846940032
3029,13014,ئابور,fa,فارسی,آبرو، آزرم، فراھم آوردن,f65f7d2f-996a-4df7-a10e-c6e846940032
3031,13015,ئابوری,fa,فارسی,اقتصاد,f65f7d2f-996a-4df7-a10e-c6e846940032
3033,13016,ئابونە,fa,فارسی,آبونە,f65f7d2f-996a-4df7-a10e-c6e846940032
3036,13018,ئاپ,fa,فارسی,عم,f65f7d2f-996a-4df7-a10e-c6e846940032
3038,13019,ئاپۆ,fa,فارسی,عمو,f65f7d2f-996a-4df7-a10e-c6e846940032
3906,13021,ئاپۆڕا,fa,فارسی,بلا، مصیبت، ازدحام، شلوغی,f65f7d2f-996a-4df7-a10e-c6e846940032
3055,13024,ئاتاجی,ar,عەرەبی,احتیاج,f65f7d2f-996a-4df7-a10e-c6e846940032
3048,13025,ئاتون,fa,فارسی,اتدان حمام,f65f7d2f-996a-4df7-a10e-c6e846940032
3050,13026,ئاتەر,fa,فارسی,آتش,f65f7d2f-996a-4df7-a10e-c6e846940032
3052,13027,ئاتەران,fa,فارسی,ھدیان,f65f7d2f-996a-4df7-a10e-c6e846940032
3060,13030,ئاتەشخانە,fa,فارسی,اجاق سنگی,f65f7d2f-996a-4df7-a10e-c6e846940032
3062,13031,ئاتەشکەدە,fa,فارسی,آتشکدە,f65f7d2f-996a-4df7-a10e-c6e846940032
3064,13032,ئاتەشگا,fa,فارسی,نام کوھی در کردستان,f65f7d2f-996a-4df7-a10e-c6e846940032
3066,13033,ئاتەشی,fa,فارسی,آدم آتشین مزاج,f65f7d2f-996a-4df7-a10e-c6e846940032
3068,13034,ئاتەگ,fa,فارسی,دامن قبای بلند,f65f7d2f-996a-4df7-a10e-c6e846940032
3070,13035,ئاتی,fa,فارسی,طلا,f65f7d2f-996a-4df7-a10e-c6e846940032
3072,13036,ئاجار,fa,فارسی,بیخ و ریشە گباھان,f65f7d2f-996a-4df7-a10e-c6e846940032
3074,13037,ئاچگی,fa,فارسی,خسیس,f65f7d2f-996a-4df7-a10e-c6e846940032
3079,13039,تابان,fa,Persian,تابان، درخشان,96560cf4-030d-4268-baea-87bb57cdf631
3080,13039,تابان,fa,Persian,مطلع ماه,96560cf4-030d-4268-baea-87bb57cdf631
3081,13040,تابگە,fa,Persian,لنگر گاه,96560cf4-030d-4268-baea-87bb57cdf631
3088,13044,تابون,fa,Persian,بیر وان,96560cf4-030d-4268-baea-87bb57cdf631
3089,13044,تابون,fa,Persian,دار ودستە,96560cf4-030d-4268-baea-87bb57cdf631
3101,13052,تاپۆ,fa,Persian,شبح سیاهی از دور,96560cf4-030d-4268-baea-87bb57cdf631
3102,13052,تاپۆ,fa,Persian,تیول,96560cf4-030d-4268-baea-87bb57cdf631
3103,13052,تاپۆ,fa,Persian,سند مالکیت,96560cf4-030d-4268-baea-87bb57cdf631
3109,13055,تاپی,fa,Persian,خندق,96560cf4-030d-4268-baea-87bb57cdf631
3110,13055,تاپی,fa,Persian,سنگر,96560cf4-030d-4268-baea-87bb57cdf631
3118,13056,تات,fa,Persian,عرب,96560cf4-030d-4268-baea-87bb57cdf631
3119,13056,تات,fa,Persian,ژنی کە استخوان مجرای رحمتش را گرفتە باشد,96560cf4-030d-4268-baea-87bb57cdf631
3120,13056,تات,fa,Persian,کوە سنگی,96560cf4-030d-4268-baea-87bb57cdf631
3121,13056,تات,fa,Persian,تەختە سنگ صافی کە روی ان نمازگذارند,96560cf4-030d-4268-baea-87bb57cdf631
3122,13056,تات,fa,Persian,نمد,96560cf4-030d-4268-baea-87bb57cdf631
3123,13056,تات,fa,Persian,پدر,96560cf4-030d-4268-baea-87bb57cdf631
3134,13062,تاتە,fa,Persian,خواهر بزرگ,96560cf4-030d-4268-baea-87bb57cdf631
3135,13062,تاتە,fa,Persian,نوکر پیر,96560cf4-030d-4268-baea-87bb57cdf631
3136,13062,تاتە,fa,Persian,عمو,96560cf4-030d-4268-baea-87bb57cdf631
3144,13067,تاتی,fa,Persian,شوهر مادر,96560cf4-030d-4268-baea-87bb57cdf631
3145,13067,تاتی,fa,Persian,نمد,96560cf4-030d-4268-baea-87bb57cdf631
3146,13067,تاتی,fa,Persian,حرکت حرف,96560cf4-030d-4268-baea-87bb57cdf631
3150,13069,تاج,fa,Persian,کلاە مخر وطی شکل,96560cf4-030d-4268-baea-87bb57cdf631
3157,13075,تاحین,fa,Persian,نوعی حلوا,96560cf4-030d-4268-baea-87bb57cdf631
3176,13076,تاخ,fa,Persian,محلە,96560cf4-030d-4268-baea-87bb57cdf631
3170,13084,تارا,fa,Persian,سرپوش عروس,96560cf4-030d-4268-baea-87bb57cdf631
3181,13090,تارچی,fa,Persian,توزیع کنندە،,96560cf4-030d-4268-baea-87bb57cdf631
3191,13098,ئاجوج,fa,فارسی,یآجوج,f65f7d2f-996a-4df7-a10e-c6e846940032
3194,13099,باام,fa,Persian,بادام,ebadd113-3f1e-45e8-8dab-cfe024e7156d
3196,13100,ئاجور,fa,فارسی,آجر,f65f7d2f-996a-4df7-a10e-c6e846940032
3198,13102,ئاجیل,fa,فارسی,آجیل,f65f7d2f-996a-4df7-a10e-c6e846940032
3206,13103,ئاچخ,fa,فارسی,رنگ و روشن,f65f7d2f-996a-4df7-a10e-c6e846940032
3209,13107,ئاچەر,fa,فارسی,آچار,f65f7d2f-996a-4df7-a10e-c6e846940032
3213,13110,ئاخافتن,fa,فارسی,گفتگو,f65f7d2f-996a-4df7-a10e-c6e846940032
3215,13111,ئاخایۆک,fa,فارسی,خودبزرگ بین,f65f7d2f-996a-4df7-a10e-c6e846940032
3224,13112,تار,fa,Persian,تار، از سازهای ایرانی,96560cf4-030d-4268-baea-87bb57cdf631
3225,13112,تار,fa,Persian,تاریک,96560cf4-030d-4268-baea-87bb57cdf631
3226,13112,تار,fa,Persian,تار، مقابل پود,96560cf4-030d-4268-baea-87bb57cdf631
3227,13112,تار,fa,Persian,تارمو,96560cf4-030d-4268-baea-87bb57cdf631
3228,13112,تار,fa,Persian,اوارە,96560cf4-030d-4268-baea-87bb57cdf631
3229,13112,تار,fa,Persian,چنبرە دف,96560cf4-030d-4268-baea-87bb57cdf631
3230,13112,تار,fa,Persian,رنگ مات,96560cf4-030d-4268-baea-87bb57cdf631
3235,13113,تارم,fa,Persian,غلە کو ییدە پاک نشدە,96560cf4-030d-4268-baea-87bb57cdf631
3236,13113,تارم,fa,Persian,تراس,96560cf4-030d-4268-baea-87bb57cdf631
3237,13113,تارم,fa,Persian,دستە، گروە,96560cf4-030d-4268-baea-87bb57cdf631
3241,13115,تارمە,fa,Persian,تراس,96560cf4-030d-4268-baea-87bb57cdf631
3246,13118,تاریف,fa,Persian,ستایش,96560cf4-030d-4268-baea-87bb57cdf631
3264,13135,تازە,fa,Persian,تازە,96560cf4-030d-4268-baea-87bb57cdf631
3284,13152,تازی,fa,Persian,خنک، فقط برای اب استعمال دارد,96560cf4-030d-4268-baea-87bb57cdf631
3294,13159,تاژان,fa,Persian,جوانە درخت,96560cf4-030d-4268-baea-87bb57cdf631
3295,13159,تاژان,fa,Persian,تازیانە,96560cf4-030d-4268-baea-87bb57cdf631
3299,13162,تاژیڵۆکە,fa,Persian,اخوندک,96560cf4-030d-4268-baea-87bb57cdf631
3323,13178,ئاخباران,fa,فارسی,بارش گردوغار,f65f7d2f-996a-4df7-a10e-c6e846940032
3325,13179,ئاخبان,fa,فارسی,گل اندو بام,f65f7d2f-996a-4df7-a10e-c6e846940032
3327,13180,ئاخچەباش,fa,فارسی,گیاھی است,f65f7d2f-996a-4df7-a10e-c6e846940032
3331,13182,ئاخرخێر,fa,فارسی,نیک فرجام,f65f7d2f-996a-4df7-a10e-c6e846940032
3333,13183,ئاخرشەر,fa,فارسی,بدفر جام,f65f7d2f-996a-4df7-a10e-c6e846940032
3336,13185,ئاخرکە,fa,فارسی,پشە خاکی,f65f7d2f-996a-4df7-a10e-c6e846940032
3342,13186,تاس,fa,Persian,ابگیر مسین,96560cf4-030d-4268-baea-87bb57cdf631
3343,13186,تاس,fa,Persian,گیج و منگ,96560cf4-030d-4268-baea-87bb57cdf631
3344,13186,تاس,fa,Persian,سر تاس,96560cf4-030d-4268-baea-87bb57cdf631
3345,13186,تاس,fa,Persian,ویار,96560cf4-030d-4268-baea-87bb57cdf631
3348,13187,تاسا,fa,Persian,گیج شدە,96560cf4-030d-4268-baea-87bb57cdf631
3351,13189,ئاخرەت,fa,فارسی,آخرەت,f65f7d2f-996a-4df7-a10e-c6e846940032
3353,13190,ئاخرەمین,fa,فارسی,واپسین,f65f7d2f-996a-4df7-a10e-c6e846940032
3356,13192,تاسان,fa,Persian,خفە شدن در انر خناق,96560cf4-030d-4268-baea-87bb57cdf631
3358,13193,تاساندن,fa,Persian,گێژکردن,96560cf4-030d-4268-baea-87bb57cdf631
3359,13193,تاساندن,fa,Persian,خفە کردن,96560cf4-030d-4268-baea-87bb57cdf631
3363,13195,تاسكڵاو,fa,Persian,کلاهخود,96560cf4-030d-4268-baea-87bb57cdf631
3380,13207,تاسیان,fa,Persian,گیج شدن,96560cf4-030d-4268-baea-87bb57cdf631
3387,13210,تاش,fa,Persian,صخرە صاف و بلند در کوە,96560cf4-030d-4268-baea-87bb57cdf631
3388,13210,تاش,fa,Persian,تەختە سنگ پهن و صاف,96560cf4-030d-4268-baea-87bb57cdf631
3392,13213,تاشاندن,fa,Persian,تنبیە,96560cf4-030d-4268-baea-87bb57cdf631
3404,13222,تاف,fa,Persian,موسم، عنفوان,96560cf4-030d-4268-baea-87bb57cdf631
3405,13222,تاف,fa,Persian,فر و ریختن اب از بلندی با شدت,96560cf4-030d-4268-baea-87bb57cdf631
3410,13225,تافتە,fa,Persian,نوعی پارچە ابریشمی,96560cf4-030d-4268-baea-87bb57cdf631
3414,13227,تافە,fa,Persian,صدای جریان تنداب و باد,96560cf4-030d-4268-baea-87bb57cdf631
3419,13230,تاڤ,fa,Persian,تابش و نور خورشید و ماه,96560cf4-030d-4268-baea-87bb57cdf631
3423,13232,تاڤل,fa,Persian,بی درنگ,96560cf4-030d-4268-baea-87bb57cdf631
3437,13240,تاڤێر,fa,Persian,نعش، جنازە،,96560cf4-030d-4268-baea-87bb57cdf631
3438,13240,تاڤێر,fa,Persian,تابوت,96560cf4-030d-4268-baea-87bb57cdf631
3439,13240,تاڤێر,fa,Persian,مقدار معینی از غلات کە در یک نوبت بو دهند,96560cf4-030d-4268-baea-87bb57cdf631
3440,13240,تاڤێر,fa,Persian,سنگ گود شدە کە اب باران در ان جمع می شود,96560cf4-030d-4268-baea-87bb57cdf631
3441,13240,تاڤێر,fa,Persian,تختە سنگی صاف کە بر ان نان می یزند,96560cf4-030d-4268-baea-87bb57cdf631
3450,13241,تاق,fa,Persian,فرد مقابل زوج,96560cf4-030d-4268-baea-87bb57cdf631
3451,13241,تاق,fa,Persian,بی نظیر,96560cf4-030d-4268-baea-87bb57cdf631
3452,13241,تاق,fa,Persian,طاق,96560cf4-030d-4268-baea-87bb57cdf631
3453,13241,تاق,fa,Persian,طاقچە,96560cf4-030d-4268-baea-87bb57cdf631
3454,13241,تاق,fa,Persian,گنبد,96560cf4-030d-4268-baea-87bb57cdf631
3455,13241,تاق,fa,Persian,پوست بز و گوسفند,96560cf4-030d-4268-baea-87bb57cdf631
3456,13241,تاق,fa,Persian,یک بیست و چهارم از سهم اب,96560cf4-030d-4268-baea-87bb57cdf631
3460,13242,تاقانە,fa,Persian,یگانە فر زند,96560cf4-030d-4268-baea-87bb57cdf631
3461,13242,تاقانە,fa,Persian,یگانە پسر,96560cf4-030d-4268-baea-87bb57cdf631
3466,13244,تاقم,fa,Persian,دستە طروف چینی,96560cf4-030d-4268-baea-87bb57cdf631
3467,13244,تاقم,fa,Persian,گر وە همکار,96560cf4-030d-4268-baea-87bb57cdf631
3478,13252,تاقە,fa,Persian,تاقچە,96560cf4-030d-4268-baea-87bb57cdf631
3479,13252,تاقە,fa,Persian,نوعی پارچە,96560cf4-030d-4268-baea-87bb57cdf631
3483,13253,تاقەت,fa,Persian,تاب و توان,96560cf4-030d-4268-baea-87bb57cdf631
3484,13253,تاقەت,fa,Persian,شکیبائی,96560cf4-030d-4268-baea-87bb57cdf631
3494,13262,ئاخسبات,fa,فارسی,دوھفتە آخر چلە زمستان,f65f7d2f-996a-4df7-a10e-c6e846940032
3496,13263,ئاخش,fa,فارسی,آخیش,f65f7d2f-996a-4df7-a10e-c6e846940032
3498,13264,ئاخڵە,fa,فارسی,کاھدان,f65f7d2f-996a-4df7-a10e-c6e846940032
3500,13265,ئاخڵەوێک,fa,فارسی,تابە,f65f7d2f-996a-4df7-a10e-c6e846940032
3502,13266,ئاخڵێف,fa,فارسی,مکر و دروغ,f65f7d2f-996a-4df7-a10e-c6e846940032
3504,13267,ئاخلێڤە,fa,فارسی,سر آغاز بھار,f65f7d2f-996a-4df7-a10e-c6e846940032
3511,13272,ئاخنینەوە,fa,فارسی,آکندن,f65f7d2f-996a-4df7-a10e-c6e846940032
3514,13274,ئاخوڕ,fa,فارسی,آخور,f65f7d2f-996a-4df7-a10e-c6e846940032
3516,13275,ئاخون,fa,فارسی,آخوند,f65f7d2f-996a-4df7-a10e-c6e846940032
3519,13276,تاقەت کردن,fa,Persian,تأمین و فراهم ساختن امکانات برای مهمان، برای حیوان نیز استعمال می شود,96560cf4-030d-4268-baea-87bb57cdf631
3522,13277,تاقی,fa,Persian,آزمون,96560cf4-030d-4268-baea-87bb57cdf631
3526,13278,تاک,fa,Persian,تک,96560cf4-030d-4268-baea-87bb57cdf631
3527,13278,تاک,fa,Persian,گراز نر,96560cf4-030d-4268-baea-87bb57cdf631
3530,13279,تاکبونەوە,fa,Persian,تنها ماندن,96560cf4-030d-4268-baea-87bb57cdf631
3533,13281,تاکو,fa,Persian,تاکوێنە: ( تاکودەچی؟),96560cf4-030d-4268-baea-87bb57cdf631
3536,13282,تاکوتووک,fa,Persian,پراکندە,96560cf4-030d-4268-baea-87bb57cdf631
3538,13283,تاک و تەرا,fa,Persian,تاک و توک,96560cf4-030d-4268-baea-87bb57cdf631
3541,13284,تاکە,fa,Persian,تک بچە حیوان,96560cf4-030d-4268-baea-87bb57cdf631
3551,13292,تاڵاو,fa,Persian,تالاب،,96560cf4-030d-4268-baea-87bb57cdf631
3558,13297,تاڵوو,fa,Persian,نگا: تاڵک,96560cf4-030d-4268-baea-87bb57cdf631
3563,13300,تاڵاوی,fa,Persian,تالاب,96560cf4-030d-4268-baea-87bb57cdf631
3567,13303,تاڵ بوون,fa,Persian,کنایە از گر انجان بودن,96560cf4-030d-4268-baea-87bb57cdf631
3573,13308,تاڵک,fa,Persian,جۆرێ هەرمێ,96560cf4-030d-4268-baea-87bb57cdf631
3574,13308,تاڵک,fa,Persian,گیاهی است کە ریشە اش را هیزم سازند,96560cf4-030d-4268-baea-87bb57cdf631
3585,13312,تاڵە,fa,Persian,سیاە مایل بە خاکستری,96560cf4-030d-4268-baea-87bb57cdf631
3586,13312,تاڵە,fa,Persian,بخت,96560cf4-030d-4268-baea-87bb57cdf631
3587,13312,تاڵە,fa,Persian,گوسفند سفید کە صورتش حاکستری باشد,96560cf4-030d-4268-baea-87bb57cdf631
3588,13312,تاڵە,fa,Persian,تاڵک,96560cf4-030d-4268-baea-87bb57cdf631
3589,13312,تاڵە,fa,Persian,نحس و شوم,96560cf4-030d-4268-baea-87bb57cdf631
3590,13312,تاڵە,fa,Persian,نوعی ارزن,96560cf4-030d-4268-baea-87bb57cdf631
3594,13315,تاڵی,fa,Persian,تلخی,96560cf4-030d-4268-baea-87bb57cdf631
3600,13319,تاڵیشک,fa,Persian,نگا: تاڵگ,96560cf4-030d-4268-baea-87bb57cdf631
3606,13323,تام,fa,Persian,مزه,96560cf4-030d-4268-baea-87bb57cdf631
3611,13326,تامان,fa,Persian,در یا دیوار بافتە از ترکە,96560cf4-030d-4268-baea-87bb57cdf631
3628,13334,تاڵ,fa,Persian,تلخ,96560cf4-030d-4268-baea-87bb57cdf631
3629,13334,تاڵ,fa,Persian,کمانچە,96560cf4-030d-4268-baea-87bb57cdf631
3630,13334,تاڵ,fa,Persian,دوای دباغی,96560cf4-030d-4268-baea-87bb57cdf631
3631,13334,تاڵ,fa,Persian,هوای بارانی,96560cf4-030d-4268-baea-87bb57cdf631
3632,13334,تاڵ,fa,Persian,طحال,96560cf4-030d-4268-baea-87bb57cdf631
3633,13334,تاڵ,fa,Persian,رشتە نخ,96560cf4-030d-4268-baea-87bb57cdf631
3634,13334,تاڵ,fa,Persian,تار، از سازهای ایرانی,96560cf4-030d-4268-baea-87bb57cdf631
3635,13334,تاڵ,fa,Persian,سیاه مایل بەزرد و بالعکس,96560cf4-030d-4268-baea-87bb57cdf631
3640,13337,ئاخەبانو,fa,فارسی,نوعی دستار مودانە,f65f7d2f-996a-4df7-a10e-c6e846940032
3642,13338,ئاخەلێوە,fa,فارسی,اوایل بھار,f65f7d2f-996a-4df7-a10e-c6e846940032
3644,13339,ئاخ ھەڵکێشان,fa,فارسی,حسرات خوردن,f65f7d2f-996a-4df7-a10e-c6e846940032
3646,13340,ئاخی,fa,فارسی,یاغی,f65f7d2f-996a-4df7-a10e-c6e846940032
3672,13349,تان,fa,Persian,وقت,96560cf4-030d-4268-baea-87bb57cdf631
3673,13349,تان,fa,Persian,توان,96560cf4-030d-4268-baea-87bb57cdf631
3674,13349,تان,fa,Persian,تار، مقابل بود,96560cf4-030d-4268-baea-87bb57cdf631
3675,13349,تان,fa,Persian,تیغە و فاصلە,96560cf4-030d-4268-baea-87bb57cdf631
3676,13349,تان,fa,Persian,لکە روی مردمک چشم,96560cf4-030d-4268-baea-87bb57cdf631
3679,13350,تانج,fa,Persian,نوعی کلاه,96560cf4-030d-4268-baea-87bb57cdf631
3682,13351,تانجۆکە,fa,Persian,رشتە مهرە بر پیشانی,96560cf4-030d-4268-baea-87bb57cdf631
3689,13356,تان دەرکەوتن,fa,Persian,کنایە از زود کهنە شدن,96560cf4-030d-4268-baea-87bb57cdf631
3693,13358,تانوپۆ,fa,Persian,تارو پود,96560cf4-030d-4268-baea-87bb57cdf631
3703,13364,تانە,fa,Persian,طعنە زدن,96560cf4-030d-4268-baea-87bb57cdf631
3704,13364,تانە,fa,Persian,لکە مردمک چشم,96560cf4-030d-4268-baea-87bb57cdf631
3705,13364,تانە,fa,Persian,نوبر میوە,96560cf4-030d-4268-baea-87bb57cdf631
3720,13367,تاو,fa,Persian,تابش خورشید,96560cf4-030d-4268-baea-87bb57cdf631
3721,13367,تاو,fa,Persian,رگبای باران,96560cf4-030d-4268-baea-87bb57cdf631
3722,13367,تاو,fa,Persian,تار نخ,96560cf4-030d-4268-baea-87bb57cdf631
3723,13367,تاو,fa,Persian,اندک زمان,96560cf4-030d-4268-baea-87bb57cdf631
3724,13367,تاو,fa,Persian,تاخت کردن,96560cf4-030d-4268-baea-87bb57cdf631
3725,13367,تاو,fa,Persian,ارزو,96560cf4-030d-4268-baea-87bb57cdf631
3726,13367,تاو,fa,Persian,ترس,96560cf4-030d-4268-baea-87bb57cdf631
3727,13367,تاو,fa,Persian,تب,96560cf4-030d-4268-baea-87bb57cdf631
3728,13367,تاو,fa,Persian,کلمە خواندن گلە بەسوی ابشخور،,96560cf4-030d-4268-baea-87bb57cdf631
3729,13367,تاو,fa,Persian,سدت گرما,96560cf4-030d-4268-baea-87bb57cdf631
3730,13367,تاو,fa,Persian,تاب و توان,96560cf4-030d-4268-baea-87bb57cdf631
3731,13367,تاو,fa,Persian,درد زخم,96560cf4-030d-4268-baea-87bb57cdf631
3737,13369,تاوان,fa,Persian,گناه,96560cf4-030d-4268-baea-87bb57cdf631
3738,13369,تاوان,fa,Persian,تاوان,96560cf4-030d-4268-baea-87bb57cdf631
3739,13369,تاوان,fa,Persian,گداختن، دوب شدن,96560cf4-030d-4268-baea-87bb57cdf631
3742,13370,تاوانبار,fa,Persian,گناهکار,96560cf4-030d-4268-baea-87bb57cdf631
3744,13371,تاوان دار,fa,Persian,گناهکار،,96560cf4-030d-4268-baea-87bb57cdf631
3747,13372,تاوان دان,fa,Persian,خسارت دادن,96560cf4-030d-4268-baea-87bb57cdf631
3764,13385,تاودان,fa,Persian,تاخت کردن اسب,96560cf4-030d-4268-baea-87bb57cdf631
3765,13385,تاودان,fa,Persian,تاب دادن,96560cf4-030d-4268-baea-87bb57cdf631
3766,13385,تاودان,fa,Persian,تاب خوردن,96560cf4-030d-4268-baea-87bb57cdf631
3773,13390,تاوسەندن,fa,Persian,شدت یافتن گرما,96560cf4-030d-4268-baea-87bb57cdf631
3782,13397,تاوڵە,fa,Persian,اصطبل,96560cf4-030d-4268-baea-87bb57cdf631
3783,13397,تاوڵە,fa,Persian,گشنیز,96560cf4-030d-4268-baea-87bb57cdf631
3788,13401,ئاد,fa,فارسی,جزیرە,f65f7d2f-996a-4df7-a10e-c6e846940032
3790,13402,ئادا,fa,فارسی,سخاوت، مھارت,f65f7d2f-996a-4df7-a10e-c6e846940032
3792,13403,ئادار,fa,فارسی,ماھ مارس,f65f7d2f-996a-4df7-a10e-c6e846940032
3795,13405,ئادان,fa,فارسی,زەمین حاصلخیر,f65f7d2f-996a-4df7-a10e-c6e846940032
3797,13406,ئادودە,fa,فارسی,گردگیر,f65f7d2f-996a-4df7-a10e-c6e846940032
3799,13407,ئادە,fa,فارسی,وچین,f65f7d2f-996a-4df7-a10e-c6e846940032
3801,13408,ئادەر,fa,فارسی,اصیل،نجیب,f65f7d2f-996a-4df7-a10e-c6e846940032
3803,13409,ئادەم,fa,فارسی,حضرت آدم,f65f7d2f-996a-4df7-a10e-c6e846940032
3808,13413,ئار,fa,فارسی,وجود داشتن,f65f7d2f-996a-4df7-a10e-c6e846940032
3811,13415,ئاراز,fa,فارسی,رود ارس,f65f7d2f-996a-4df7-a10e-c6e846940032
3818,13418,بابردە,fa,Persian,مفلس,ebadd113-3f1e-45e8-8dab-cfe024e7156d
3824,13422,بابلیچک,fa,Persian,انگشت خنصر,ebadd113-3f1e-45e8-8dab-cfe024e7156d
3826,13423,بابلیسک,fa,Persian,گردباد,ebadd113-3f1e-45e8-8dab-cfe024e7156d
3833,13427,بابوباپیر,fa,Persian,نیاکان,ebadd113-3f1e-45e8-8dab-cfe024e7156d
3837,13429,باب و کال,fa,Persian,نیاکان,ebadd113-3f1e-45e8-8dab-cfe024e7156d
3841,13430,بابۆڵە,fa,Persian,ساندویچ، قنداق,ebadd113-3f1e-45e8-8dab-cfe024e7156d
3845,13433,بابە,fa,Persian,نگا,ebadd113-3f1e-45e8-8dab-cfe024e7156d
3849,13434,بابەت,fa,Persian,کالا، درمقابل، دربارە، شایستە,ebadd113-3f1e-45e8-8dab-cfe024e7156d
3851,13435,بابەدەست,fa,Persian,بادبەست، بینوا,ebadd113-3f1e-45e8-8dab-cfe024e7156d
3854,13437,بابەعەمرە,fa,Persian,کوتولە,ebadd113-3f1e-45e8-8dab-cfe024e7156d
3858,13438,بابە گەورە,fa,Persian,پدربزرگ,ebadd113-3f1e-45e8-8dab-cfe024e7156d
3866,13442,تاولێهاتن,fa,Persian,افتاب خوردن,96560cf4-030d-4268-baea-87bb57cdf631
3867,13442,تاولێهاتن,fa,Persian,بی تاب شدن,96560cf4-030d-4268-baea-87bb57cdf631
3868,13442,تاولێهاتن,fa,Persian,دچار تب شدن,96560cf4-030d-4268-baea-87bb57cdf631
3874,13444,ئاران,fa,فارسی,قشلاق,f65f7d2f-996a-4df7-a10e-c6e846940032
3876,13445,ئارام,fa,فارسی,آرام,f65f7d2f-996a-4df7-a10e-c6e846940032
3878,13446,ئاراندن,fa,فارسی,آزردن,f65f7d2f-996a-4df7-a10e-c6e846940032
3880,13447,ئاریشت,fa,فارسی,آرایش,f65f7d2f-996a-4df7-a10e-c6e846940032
3882,13448,ئاراو,fa,فارسی,پساب آب صابون,f65f7d2f-996a-4df7-a10e-c6e846940032
3884,13449,ئارج,fa,فارسی,چوب خیزران,f65f7d2f-996a-4df7-a10e-c6e846940032
3887,13451,ئارخاڤک,fa,فارسی,کاچی,f65f7d2f-996a-4df7-a10e-c6e846940032
3890,13453,ئارختک,fa,فارسی,کابوس,f65f7d2f-996a-4df7-a10e-c6e846940032
3893,13455,ئارخەیان,fa,فارسی,مطمئین,f65f7d2f-996a-4df7-a10e-c6e846940032
3896,13457,ئارد,fa,فارسی,آرد,f65f7d2f-996a-4df7-a10e-c6e846940032
3908,13466,ئاردپێچ,fa,فارسی,نوعی حلوای شکری,f65f7d2f-996a-4df7-a10e-c6e846940032
3912,13469,ئاردن,fa,فارسی,آوردن,f65f7d2f-996a-4df7-a10e-c6e846940032
3925,13481,تاین,fa,Persian,یار و فلان,96560cf4-030d-4268-baea-87bb57cdf631
3929,13482,تاینچە,fa,Persian,تور کوچک کاه کشی,96560cf4-030d-4268-baea-87bb57cdf631
3933,13483,تایە,fa,Persian,درزە,96560cf4-030d-4268-baea-87bb57cdf631
3934,13483,تایە,fa,Persian,دایە,96560cf4-030d-4268-baea-87bb57cdf631
3948,13494,تر,fa,Persian,دیگر,96560cf4-030d-4268-baea-87bb57cdf631
3949,13494,تر,fa,Persian,علامت صیفت طفضیلی,96560cf4-030d-4268-baea-87bb57cdf631
3952,13495,تڕ,fa,Persian,گوز,96560cf4-030d-4268-baea-87bb57cdf631
3962,13503,ترازو,fa,Persian,ترازو,96560cf4-030d-4268-baea-87bb57cdf631
3968,13507,تراش,fa,Persian,با تیغ قطع کردن,96560cf4-030d-4268-baea-87bb57cdf631
3977,13519,ئاردەی,fa,فارسی,آوردن,f65f7d2f-996a-4df7-a10e-c6e846940032
3979,13520,ئارزی,fa,فارس,آرزو,f65f7d2f-996a-4df7-a10e-c6e846940032
3981,13521,ئارزینگ,fa,فارسی,چانە,f65f7d2f-996a-4df7-a10e-c6e846940032
3983,13522,ئارژنگ,fa,فارسی,درختی است,f65f7d2f-996a-4df7-a10e-c6e846940032
3998,13535,حازاب,ar,Arabic,عزاب,d53e0d86-01bb-4950-863e-beb1e3d81ccf
4007,13542,حاش,fa,فارسی,بیهودە. بی ارزش,d53e0d86-01bb-4950-863e-beb1e3d81ccf
4015,13549,حاکم,ar,Arabic,قاضی,d53e0d86-01bb-4950-863e-beb1e3d81ccf
4021,13553,تڕانە,fa,Persian,استهزا,96560cf4-030d-4268-baea-87bb57cdf631
4035,13561,حاڵم,ar,عەرەبی,عالم,d53e0d86-01bb-4950-863e-beb1e3d81ccf
4041,13566,حام,ar,Arabic,عام,d53e0d86-01bb-4950-863e-beb1e3d81ccf
4046,13570,حانەحەپەشێ,ar,Arabic,مناقشة,d53e0d86-01bb-4950-863e-beb1e3d81ccf
4059,13580,تربێ,fa,فارسی,شب وسط زمستان,96560cf4-030d-4268-baea-87bb57cdf631
4060,13580,تربێ,fa,فارسی,شب چهل و پێنجەمی زۆسان,96560cf4-030d-4268-baea-87bb57cdf631
4065,13581,ترپ,fa,فارسی,صدای افتادن شیئی سنگین,96560cf4-030d-4268-baea-87bb57cdf631
4066,13581,ترپ,fa,فارسی,ترب,96560cf4-030d-4268-baea-87bb57cdf631
4067,13581,ترپ,fa,فارسی,قبر,96560cf4-030d-4268-baea-87bb57cdf631
4071,13582,ترپان,fa,فارسی,داس بلند دستەدار کە ایستادە با ان در و می کنند,96560cf4-030d-4268-baea-87bb57cdf631
4074,13583,ترپۆکە,fa,فارسی,گیاه شلمک,96560cf4-030d-4268-baea-87bb57cdf631
4080,13586,ترت,fa,فارسی,سر انگشت,96560cf4-030d-4268-baea-87bb57cdf631
4086,13588,تڕتڕۆک,fa,فارسی,نایژە,96560cf4-030d-4268-baea-87bb57cdf631
4091,13589,تڕتڕە,fa,فارسی,ادم لندهور تنبل,96560cf4-030d-4268-baea-87bb57cdf631
4107,13597,ترخێنە,fa,فارسی,اش شغلم و حبوبات,96560cf4-030d-4268-baea-87bb57cdf631
4115,13601,ترس,fa,فارسی,ترس,96560cf4-030d-4268-baea-87bb57cdf631
4133,13613,ترسۆنەک,fa,فارسی,ترسو,96560cf4-030d-4268-baea-87bb57cdf631
4149,13619,ترسێن,fa,فارسی,ترسانندە,96560cf4-030d-4268-baea-87bb57cdf631
4159,13627,داباران,fa,فارسی,فر وریختن,fbaa1310-1a57-4439-b4e4-2b6fb312b455
4164,13632,داباش,fa,فارسی,بەشوێندا گەران,fbaa1310-1a57-4439-b4e4-2b6fb312b455
4167,13632,داباش,fa,فارسی,پژوهش,fbaa1310-1a57-4439-b4e4-2b6fb312b455
4182,13640,بابینی,fa,Persian,زکام,ebadd113-3f1e-45e8-8dab-cfe024e7156d
4188,13644,باپوک,fa,Persian,کولاک,ebadd113-3f1e-45e8-8dab-cfe024e7156d
4191,13645,بابەر,fa,Persian,سرما خوردگی,ebadd113-3f1e-45e8-8dab-cfe024e7156d
4194,13646,باپەسیو,fa,Persian,باد نگیر,ebadd113-3f1e-45e8-8dab-cfe024e7156d
4207,13654,باپیڤ,fa,Persian,لافزن بیکارە,ebadd113-3f1e-45e8-8dab-cfe024e7156d
4212,13655,ترش,fa,فارسی,مزە ترش,96560cf4-030d-4268-baea-87bb57cdf631
4213,13655,ترش,fa,فارسی,سماق,96560cf4-030d-4268-baea-87bb57cdf631
4216,13656,ترشاو,fa,فارسی,ترشیدە,96560cf4-030d-4268-baea-87bb57cdf631
4219,13657,دابڕکردن,fa,فارسی,اشغال کردن.,fbaa1310-1a57-4439-b4e4-2b6fb312b455
4226,13661,ترشک,fa,فارسی,خو رش,96560cf4-030d-4268-baea-87bb57cdf631
4231,13663,دابڕین,fa,فارسی,جداکردن جز از کُل,fbaa1310-1a57-4439-b4e4-2b6fb312b455
4240,13669,ترشی,fa,فارسی,ترش مزگی,96560cf4-030d-4268-baea-87bb57cdf631
4247,13671,دایە,fa,فارسی,خم شو,fbaa1310-1a57-4439-b4e4-2b6fb312b455
4270,13684,دابەستن,fa,فارس,محکم بستن,fbaa1310-1a57-4439-b4e4-2b6fb312b455
4271,13684,دابەستن,fa,فارسی,اقامە نماز کردن,fbaa1310-1a57-4439-b4e4-2b6fb312b455
4272,13684,دابەستن,fa,فارسی,نگهداری حیوان و فربە کردن آن,fbaa1310-1a57-4439-b4e4-2b6fb312b455
4289,13695,تڕکەن,fa,فارسی,گو زو,96560cf4-030d-4268-baea-87bb57cdf631
4292,13696,دابەلاندن,fa,فارسی,بلعیدن,fbaa1310-1a57-4439-b4e4-2b6fb312b455
4299,13701,دابێژ,fa,فارسی,بیزندە.,fbaa1310-1a57-4439-b4e4-2b6fb312b455
4311,13711,ترنجە,fa,فارسی,پلەکان,96560cf4-030d-4268-baea-87bb57cdf631
4316,13714,ترنجیان,fa,فارسی,گیر کردن داخڵ چیزی,96560cf4-030d-4268-baea-87bb57cdf631
4318,13715,دابێژراو,fa,فارسی,بیختە.,fbaa1310-1a57-4439-b4e4-2b6fb312b455
4325,13716,ترنگ,fa,فارسی,رتبە,96560cf4-030d-4268-baea-87bb57cdf631
4330,13718,ترنگە,fa,فارسی,صدای بهم خوردن فلزات,96560cf4-030d-4268-baea-87bb57cdf631
4335,13722,ترنیسق,fa,فارسی,کو کو,96560cf4-030d-4268-baea-87bb57cdf631
4339,13723,تڕۆ,fa,فارسی,رسوا,96560cf4-030d-4268-baea-87bb57cdf631
4340,13723,تڕۆ,fa,فارسی,راندە شدە با اهانت,96560cf4-030d-4268-baea-87bb57cdf631
4343,13724,ترۆپک,fa,فارسی,قلە کوە,96560cf4-030d-4268-baea-87bb57cdf631
4353,13728,تروسک,fa,فارسی,درخشش,96560cf4-030d-4268-baea-87bb57cdf631
4354,13728,تروسک,fa,فارسی,چست و چالاک,96560cf4-030d-4268-baea-87bb57cdf631
4360,13729,تروسکان,fa,فارسی,درخشیدن,96560cf4-030d-4268-baea-87bb57cdf631
4361,13729,تروسکان,fa,فارسی,پلک برهم زدن,96560cf4-030d-4268-baea-87bb57cdf631
4368,13732,تروسکایی,fa,فارسی,روشنائی بسیار کم,96560cf4-030d-4268-baea-87bb57cdf631
4371,13733,تروسکە,fa,فارسی,درخشش,96560cf4-030d-4268-baea-87bb57cdf631
4399,13745,تروکان,fa,فارسی,شکانی دەنک بە دەندوک و بە ددان,96560cf4-030d-4268-baea-87bb57cdf631
4400,13745,تروکان,fa,فارسی,برهم زدن پلک چشم,96560cf4-030d-4268-baea-87bb57cdf631
4405,13746,تروکاندن,fa,فارسی,پلک برهم زدن,96560cf4-030d-4268-baea-87bb57cdf631
4406,13746,تروکاندن,fa,فارسی,شکستن تخمە با نک و دندان,96560cf4-030d-4268-baea-87bb57cdf631
4407,13746,تروکاندن,fa,فارسی,شکستن جوجە تخم را,96560cf4-030d-4268-baea-87bb57cdf631
4413,13748,تروکە,fa,فارسی,سو سوی چراغ آتش,96560cf4-030d-4268-baea-87bb57cdf631
4418,13749,تڕؤڵ,fa,فارسی,گو زو,96560cf4-030d-4268-baea-87bb57cdf631
4419,13749,تڕؤڵ,fa,فارسی,پلید,96560cf4-030d-4268-baea-87bb57cdf631
4423,13750,ترومبیل,fa,فارسی,اتومبیل,96560cf4-030d-4268-baea-87bb57cdf631
4440,13762,داپاڵین,fa,فارسی,تصفیە کردن,fbaa1310-1a57-4439-b4e4-2b6fb312b455
4444,13765,ئارگا,fa,فارسی,آتشگاە,f65f7d2f-996a-4df7-a10e-c6e846940032
4446,13766,ئارگۆن,fa,فارسی,آتشگون,f65f7d2f-996a-4df7-a10e-c6e846940032
4448,13767,ئارمانج,fa,فارسی,ھدف,f65f7d2f-996a-4df7-a10e-c6e846940032
4483,13797,ئارموش,fa,فارسی,آبریشم,f65f7d2f-996a-4df7-a10e-c6e846940032
4485,13798,ئارنج,fa,فارسی,میخ طویلە,f65f7d2f-996a-4df7-a10e-c6e846940032
4488,13800,ئارو,fa,فارسی,لثە,f65f7d2f-996a-4df7-a10e-c6e846940032
4491,13802,ئاروانە,fa,فارسی,شتر چھار سالە,f65f7d2f-996a-4df7-a10e-c6e846940032
4493,13803,ئاروشک,fa,فارسی,عطسە,f65f7d2f-996a-4df7-a10e-c6e846940032
4504,13808,تڕەک,fa,فارسی,تنبل و بیکارە,96560cf4-030d-4268-baea-87bb57cdf631
4508,13809,ترەک,fa,فارسی,ترک,96560cf4-030d-4268-baea-87bb57cdf631
4509,13809,ترەک,fa,فارسی,درز,96560cf4-030d-4268-baea-87bb57cdf631
4517,13813,ترەکیان,fa,فارسی,ترک برداشتن,96560cf4-030d-4268-baea-87bb57cdf631
4521,13816,ترەو,fa,فارسی,ترب,96560cf4-030d-4268-baea-87bb57cdf631
4539,13827,تریت,fa,فارسی,ترید,96560cf4-030d-4268-baea-87bb57cdf631
4555,13839,ئارھان,fa,فارسی,درد سوختگی,f65f7d2f-996a-4df7-a10e-c6e846940032
4557,13840,ئارھاندن,fa,فارسی,داغ کردن,f65f7d2f-996a-4df7-a10e-c6e846940032
4559,13841,ئارەزوو,fa,فارسی,آرزو,f65f7d2f-996a-4df7-a10e-c6e846940032
4569,13845,حندەرحۆ,en,English,هێلاهۆپ,d53e0d86-01bb-4950-863e-beb1e3d81ccf
4606,13870,داتەپان,fa,فارسی,فرو رفتن یام,fbaa1310-1a57-4439-b4e4-2b6fb312b455
4609,13871,داتەپاو,fa,فارسی,زمین و بام فرورفتە,fbaa1310-1a57-4439-b4e4-2b6fb312b455
4614,13876,داتەکان,fa,فارسی,سەربەرەوخوار ڕاوەشان,fbaa1310-1a57-4439-b4e4-2b6fb312b455
4617,13876,داتەکان,fa,فارسی,تکاندن,fbaa1310-1a57-4439-b4e4-2b6fb312b455
4620,13877,داتەکاندن,fa,فارسی,فر وتکاندن,fbaa1310-1a57-4439-b4e4-2b6fb312b455
4621,13878,داتەکانن,fa,فارسی,داتەکاندن,fbaa1310-1a57-4439-b4e4-2b6fb312b455
4627,13881,ترێق,fa,فارسی,شرمسار,96560cf4-030d-4268-baea-87bb57cdf631
4652,13895,تژە,fa,فارسی,پر,96560cf4-030d-4268-baea-87bb57cdf631
4667,13904,تسقلە گورگانە,fa,فارسی,گیاهی است کە ثمری چون ثمر مازەج دارد,96560cf4-030d-4268-baea-87bb57cdf631
4703,13906,ڕا,fa,فارسی,رأى,79dd71fd-aaa5-4f5a-9211-101eeda2d0b8
4704,13906,ڕا,fa,فارسی,فكر,79dd71fd-aaa5-4f5a-9211-101eeda2d0b8
4706,13906,ڕا,fa,فارسی,راه,79dd71fd-aaa5-4f5a-9211-101eeda2d0b8
4707,13906,ڕا,fa,فارسی,چرا,79dd71fd-aaa5-4f5a-9211-101eeda2d0b8
4708,13906,ڕا,fa,فارسی,دفعە,79dd71fd-aaa5-4f5a-9211-101eeda2d0b8
4709,13906,ڕا,fa,فارسی,رضایت,79dd71fd-aaa5-4f5a-9211-101eeda2d0b8
4710,13906,ڕا,fa,فارسی,پیشوندی است حالت افقی رامی رساند,79dd71fd-aaa5-4f5a-9211-101eeda2d0b8
4711,13906,ڕا,fa,فارسی,بلند,79dd71fd-aaa5-4f5a-9211-101eeda2d0b8
4712,13906,ڕا,fa,فارسی,دو,79dd71fd-aaa5-4f5a-9211-101eeda2d0b8
4713,13906,ڕا,fa,فارسی,رفتن با شتاب,79dd71fd-aaa5-4f5a-9211-101eeda2d0b8
4714,13906,ڕا,fa,فارسی,همراهی,79dd71fd-aaa5-4f5a-9211-101eeda2d0b8
4715,13906,ڕا,fa,فارسی,با,79dd71fd-aaa5-4f5a-9211-101eeda2d0b8
4716,13906,ڕا,fa,فارسی,طرف,79dd71fd-aaa5-4f5a-9211-101eeda2d0b8
4717,13906,ڕا,fa,فارسی,مراقبت,79dd71fd-aaa5-4f5a-9211-101eeda2d0b8
4718,13906,ڕا,fa,فارسی,هشتن,79dd71fd-aaa5-4f5a-9211-101eeda2d0b8
4719,13906,ڕا,fa,فارسی,خلیدن,79dd71fd-aaa5-4f5a-9211-101eeda2d0b8
4720,13906,ڕا,fa,فارسی,داخل,79dd71fd-aaa5-4f5a-9211-101eeda2d0b8
4721,13906,ڕا,fa,فارسی,یادگیری,79dd71fd-aaa5-4f5a-9211-101eeda2d0b8
4723,13907,تسکە تسک,fa,فارسی,تەق و هۆڕی شمشێران,96560cf4-030d-4268-baea-87bb57cdf631
4728,13908,تسکەن,fa,فارسی,چسو,96560cf4-030d-4268-baea-87bb57cdf631
4734,13911,تسن,fa,فارسی,چسوە,96560cf4-030d-4268-baea-87bb57cdf631
4743,13915,رائاو,fa,فارسی,مجرای فاضلاب,79dd71fd-aaa5-4f5a-9211-101eeda2d0b8
4744,13915,رائاو,fa,فارسی,آبراهه,79dd71fd-aaa5-4f5a-9211-101eeda2d0b8
4756,13921,رائەسپارسە,fa,فارسی,بیغام بر,79dd71fd-aaa5-4f5a-9211-101eeda2d0b8
4757,13921,رائەسپارسە,fa,فارسی,سفارش شدە,79dd71fd-aaa5-4f5a-9211-101eeda2d0b8
4767,13925,ترین,fa,فارسی,پسوند صفت عالی,96560cf4-030d-4268-baea-87bb57cdf631
4777,13930,تف,fa,فارسی,تف,96560cf4-030d-4268-baea-87bb57cdf631
4778,13930,تف,fa,فارسی,آب دهن,96560cf4-030d-4268-baea-87bb57cdf631
4782,13931,تفاق,fa,فارسی,اذوقە,96560cf4-030d-4268-baea-87bb57cdf631
4783,13931,تفاق,fa,فارسی,علوفە زمستان,96560cf4-030d-4268-baea-87bb57cdf631
4792,13935,تفتی,fa,فارسی,کس مزەگی,96560cf4-030d-4268-baea-87bb57cdf631
4793,13935,تفتی,fa,فارسی,گندم اب پز,96560cf4-030d-4268-baea-87bb57cdf631
4800,13938,تفقی,fa,فارسی,چاق,96560cf4-030d-4268-baea-87bb57cdf631
4803,13939,رائەنگێوە,fa,فارسی,افقی از بالا دراز کردن,79dd71fd-aaa5-4f5a-9211-101eeda2d0b8
4806,13940,رابارتن,fa,فارسی,گزرانیدن,79dd71fd-aaa5-4f5a-9211-101eeda2d0b8
4810,13941,رابر,fa,فارسی,راهزن,79dd71fd-aaa5-4f5a-9211-101eeda2d0b8
4854,13968,ز,fa,فارسی,از,5f16fc33-8c0b-4cb7-85ab-cf91afdbbcd3
4860,13969,تفک,fa,فارسی,اجاق,96560cf4-030d-4268-baea-87bb57cdf631
4861,13969,تفک,fa,فارسی,لکە صورت,96560cf4-030d-4268-baea-87bb57cdf631
4864,13970,تف کردن,fa,فارسی,تف انداختن,96560cf4-030d-4268-baea-87bb57cdf631
4888,13984,داچاندن,fa,فارسی,تخم بر زمین افشاندن,fbaa1310-1a57-4439-b4e4-2b6fb312b455
4890,13985,تفو,fa,فارسی,کلیمە تحقیر,96560cf4-030d-4268-baea-87bb57cdf631
4909,13995,تفەنگاوێژ,fa,فارسی,تیر رس,96560cf4-030d-4268-baea-87bb57cdf631
4915,13998,رابرد,fa,فارسی,گذشت,79dd71fd-aaa5-4f5a-9211-101eeda2d0b8
4938,14012,رابردن,fa,فارسی,گذشتن,79dd71fd-aaa5-4f5a-9211-101eeda2d0b8
4939,14012,رابردن,fa,فارسی,گذرکردن,79dd71fd-aaa5-4f5a-9211-101eeda2d0b8
4945,14016,داچۆڕان,fa,فارسی,چکیدەن,fbaa1310-1a57-4439-b4e4-2b6fb312b455
4952,14020,رابردو,fa,فارسی,گذشتە,79dd71fd-aaa5-4f5a-9211-101eeda2d0b8
4955,14022,رابردە,fa,فارسی,گذشتە,79dd71fd-aaa5-4f5a-9211-101eeda2d0b8
4959,14024,رابگار,fa,فارسی,روندە,79dd71fd-aaa5-4f5a-9211-101eeda2d0b8
4960,14024,رابگار,fa,فارسی,رهرو,79dd71fd-aaa5-4f5a-9211-101eeda2d0b8
4961,14024,رابگار,fa,فارسی,رهگذر,79dd71fd-aaa5-4f5a-9211-101eeda2d0b8
4968,14030,رابگردن,fa,فارسی,نگا,79dd71fd-aaa5-4f5a-9211-101eeda2d0b8
4971,14031,رابواردن,fa,فارسی,گزرانیدن,79dd71fd-aaa5-4f5a-9211-101eeda2d0b8
4972,14031,رابواردن,fa,فارسی,کنایە از خوشگذرانی,79dd71fd-aaa5-4f5a-9211-101eeda2d0b8
4981,14036,تکا,fa,فارسی,شفاعت,96560cf4-030d-4268-baea-87bb57cdf631
4984,14037,تکاکار,fa,فارسی,شقیع,96560cf4-030d-4268-baea-87bb57cdf631
4992,14039,تکان,fa,فارسی,چکیدن,96560cf4-030d-4268-baea-87bb57cdf631
5000,14042,تکاو,fa,فارسی,چکیدە,96560cf4-030d-4268-baea-87bb57cdf631
5006,14044,تکە,fa,فارسی,چک چک آب,96560cf4-030d-4268-baea-87bb57cdf631
5007,14044,تکە,fa,فارسی,جنبش,96560cf4-030d-4268-baea-87bb57cdf631
5014,14047,تگر,fa,فارسی,بسیار سارد,96560cf4-030d-4268-baea-87bb57cdf631
5020,14049,تگە,fa,فارسی,شاک,96560cf4-030d-4268-baea-87bb57cdf631
5031,14050,تل,fa,فارسی,شکمە,96560cf4-030d-4268-baea-87bb57cdf631
5032,14050,تل,fa,فارسی,غلت,96560cf4-030d-4268-baea-87bb57cdf631
5042,14051,تڵ,fa,فارسی,ساقە گیاه,96560cf4-030d-4268-baea-87bb57cdf631
5043,14051,تڵ,fa,فارسی,پشک برە و بزغالە,96560cf4-030d-4268-baea-87bb57cdf631
5044,14051,تڵ,fa,فارسی,سگ شکاری,96560cf4-030d-4268-baea-87bb57cdf631
5045,14051,تڵ,fa,فارسی,بی نظیر,96560cf4-030d-4268-baea-87bb57cdf631
5046,14051,تڵ,fa,فارسی,گزیدە,96560cf4-030d-4268-baea-87bb57cdf631
5053,14053,تلار,fa,فارسی,غلتان,96560cf4-030d-4268-baea-87bb57cdf631
5054,14053,تلار,fa,فارسی,دراز کشیدە,96560cf4-030d-4268-baea-87bb57cdf631
5074,14065,تڵژین,fa,فارسی,گزیە,96560cf4-030d-4268-baea-87bb57cdf631
5079,14067,رابوردو,fa,فارسی,گذشتە,79dd71fd-aaa5-4f5a-9211-101eeda2d0b8
5082,14068,رابوردە,fa,فارسی,گذشتە,79dd71fd-aaa5-4f5a-9211-101eeda2d0b8
5086,14069,تڵپ,fa,فارسی,شبح مردم از دور,96560cf4-030d-4268-baea-87bb57cdf631
5087,14069,تڵپ,fa,فارسی,کپە,96560cf4-030d-4268-baea-87bb57cdf631
5089,14070,رابوری,fa,فارسی,گذشتە,79dd71fd-aaa5-4f5a-9211-101eeda2d0b8
5092,14071,رابورین,fa,فارسی,گذرانیدن,79dd71fd-aaa5-4f5a-9211-101eeda2d0b8
5095,14072,تڵپە,fa,فارسی,دردی,96560cf4-030d-4268-baea-87bb57cdf631
5102,14075,رابون,fa,فارسی,برخاستن,79dd71fd-aaa5-4f5a-9211-101eeda2d0b8
5105,14076,تڵخ,fa,فارسی,سیاه مایل بەزرد,96560cf4-030d-4268-baea-87bb57cdf631
5108,14077,رابەر,fa,فارسی,رهبر,79dd71fd-aaa5-4f5a-9211-101eeda2d0b8
5112,14078,تلدان,fa,فارسی,غلت دادن,96560cf4-030d-4268-baea-87bb57cdf631
5115,14079,تلف,fa,فارسی,تفالە,96560cf4-030d-4268-baea-87bb57cdf631
5120,14081,رابەری,fa,فارسی,راهنمایی کردن,79dd71fd-aaa5-4f5a-9211-101eeda2d0b8
5127,14085,رابەزاندن,fa,فارسی,جدال لفظی,79dd71fd-aaa5-4f5a-9211-101eeda2d0b8
5142,14092,تڵۆخ,fa,فارسی,زنبیل دستەدار,96560cf4-030d-4268-baea-87bb57cdf631
5148,14095,تلۆر,fa,فارسی,غلتان,96560cf4-030d-4268-baea-87bb57cdf631
5150,14096,رابێژ,fa,فارسی,مشورت,79dd71fd-aaa5-4f5a-9211-101eeda2d0b8
5152,14097,رابێژگە,fa,فارسی,مجلس استشارە,79dd71fd-aaa5-4f5a-9211-101eeda2d0b8
5154,14098,رابێژەک,fa,فارسی,مشورت,79dd71fd-aaa5-4f5a-9211-101eeda2d0b8
5156,14099,رابین,fa,فارسی,برخاستن,79dd71fd-aaa5-4f5a-9211-101eeda2d0b8
5160,14100,رابینی,fa,فارسی,اعتماد,79dd71fd-aaa5-4f5a-9211-101eeda2d0b8
5161,14100,رابینی,fa,فارسی,حساب کردن روی کسی,79dd71fd-aaa5-4f5a-9211-101eeda2d0b8
5164,14101,رابینین,fa,فارسی,حساب کردن روی کسی,79dd71fd-aaa5-4f5a-9211-101eeda2d0b8
5165,14101,رابینین,fa,فارسی,اعتماد کردن,79dd71fd-aaa5-4f5a-9211-101eeda2d0b8
5168,14102,راپسان,fa,فارسی,ناگهان جدا شدن,79dd71fd-aaa5-4f5a-9211-101eeda2d0b8
5169,14102,راپسان,fa,فارسی,اعتماد کردن,79dd71fd-aaa5-4f5a-9211-101eeda2d0b8
5171,14103,راپسکان,fa,فارسی,یکهو جدا شدن,79dd71fd-aaa5-4f5a-9211-101eeda2d0b8
5183,14109,تڵە,fa,فارسی,سوزش زخم,96560cf4-030d-4268-baea-87bb57cdf631
5184,14109,تڵە,fa,فارسی,لهیب آش,96560cf4-030d-4268-baea-87bb57cdf631
5193,14110,زا,fa,فارسی,فرزند,5f16fc33-8c0b-4cb7-85ab-cf91afdbbcd3
5196,14110,زا,fa,فارسی,زاد,5f16fc33-8c0b-4cb7-85ab-cf91afdbbcd3
5197,14110,زا,fa,فارسی,زایید,5f16fc33-8c0b-4cb7-85ab-cf91afdbbcd3
5198,14110,زا,fa,فارسی,پس,5f16fc33-8c0b-4cb7-85ab-cf91afdbbcd3
5199,14110,زا,fa,فارسی,نوبت در قمار,5f16fc33-8c0b-4cb7-85ab-cf91afdbbcd3
5203,14112,زاب,fa,فارسی,سکو,5f16fc33-8c0b-4cb7-85ab-cf91afdbbcd3
5208,14115,زابت,fa,فارسی,درجەدار,5f16fc33-8c0b-4cb7-85ab-cf91afdbbcd3
5220,14121,تلیاک خۆر,fa,فارسی,تریاکی,96560cf4-030d-4268-baea-87bb57cdf631
5227,14124,تلیان,fa,فارسی,تریان,96560cf4-030d-4268-baea-87bb57cdf631
5232,14126,تلیان,fa,فارسی,هشتن,96560cf4-030d-4268-baea-87bb57cdf631
5262,14142,داحبا,fa,فارسی,دَدْ,fbaa1310-1a57-4439-b4e4-2b6fb312b455
5263,14142,داحبا,fa,فارسی,دَرندە,fbaa1310-1a57-4439-b4e4-2b6fb312b455
5264,14142,داحبا,fa,فارسی,حیوان شناختە نشدە,fbaa1310-1a57-4439-b4e4-2b6fb312b455
5267,14143,داخدار,fa,فارسی,اندوهگین,fbaa1310-1a57-4439-b4e4-2b6fb312b455
5276,14150,تلیساندنەوە,fa,فارسی,تلیساندن,96560cf4-030d-4268-baea-87bb57cdf631
5284,14156,داخرا,fa,فارسی,بستە شد قفل شد,fbaa1310-1a57-4439-b4e4-2b6fb312b455
5288,14157,داخراو,fa,فارسی,بستەشدە,fbaa1310-1a57-4439-b4e4-2b6fb312b455
5289,14157,داخراو,fa,فارسی,قفل شد,fbaa1310-1a57-4439-b4e4-2b6fb312b455
5290,14157,داخراو,fa,فارسی,پهن شدە,fbaa1310-1a57-4439-b4e4-2b6fb312b455
5299,14164,راپسکاندن,fa,فارسی,ربودن ناگهانی,79dd71fd-aaa5-4f5a-9211-101eeda2d0b8
5304,14165,راپۆر,fa,فارسی,اگنە با فشار,79dd71fd-aaa5-4f5a-9211-101eeda2d0b8
5305,14165,راپۆر,fa,فارسی,چپاندن,79dd71fd-aaa5-4f5a-9211-101eeda2d0b8
5306,14165,راپۆر,fa,فارسی,راپرت,79dd71fd-aaa5-4f5a-9211-101eeda2d0b8
5310,14166,راپۆراندن,fa,فارسی,بافشار فروکردن,79dd71fd-aaa5-4f5a-9211-101eeda2d0b8
5311,14166,راپۆراندن,fa,فارسی,چپانیدن,79dd71fd-aaa5-4f5a-9211-101eeda2d0b8
5314,14167,راپۆرت,fa,فارسی,راپرت,79dd71fd-aaa5-4f5a-9211-101eeda2d0b8
5316,14168,راپۆرتچی,fa,فارسی,گزارشگر,79dd71fd-aaa5-4f5a-9211-101eeda2d0b8
5320,14169,راپەر,fa,فارسی,نشاط چالاکی,79dd71fd-aaa5-4f5a-9211-101eeda2d0b8
5324,14170,داخکردن,fa,فارسی,داغگزداری,fbaa1310-1a57-4439-b4e4-2b6fb312b455
5325,14170,داخکردن,fa,فارسی,تفیدن روغن,fbaa1310-1a57-4439-b4e4-2b6fb312b455
5326,14170,داخکردن,fa,فارسی,کنایە از فریب دادن,fbaa1310-1a57-4439-b4e4-2b6fb312b455
5328,14171,داخگە,fa,فارسی,مکان داغگزاری,fbaa1310-1a57-4439-b4e4-2b6fb312b455
5332,14172,داخڵ,fa,فارسی,داخل,fbaa1310-1a57-4439-b4e4-2b6fb312b455
5336,14173,تڵیش,fa,فارسی,چاک شدە,96560cf4-030d-4268-baea-87bb57cdf631
5337,14173,تڵیش,fa,فارسی,پارە گشتە,96560cf4-030d-4268-baea-87bb57cdf631
5338,14173,تڵیش,fa,فارسی,قطعە ای نازک از درخت,96560cf4-030d-4268-baea-87bb57cdf631
5341,14174,تڵیشان,fa,فارسی,پارە شدن,96560cf4-030d-4268-baea-87bb57cdf631
5347,14177,تڵیشاو,fa,فارسی,شکافتە شدە,96560cf4-030d-4268-baea-87bb57cdf631
5349,14178,داخڵە,fa,فارسی,صندوقچە پول مغازەدار,fbaa1310-1a57-4439-b4e4-2b6fb312b455
5355,14180,راپەراندن,fa,فارسی,انجام دادن چالاکانە,79dd71fd-aaa5-4f5a-9211-101eeda2d0b8
5356,14180,راپەراندن,fa,فارسی,از خواب بیدار کردن,79dd71fd-aaa5-4f5a-9211-101eeda2d0b8
5357,14180,راپەراندن,fa,فارسی,از خواب پراندن,79dd71fd-aaa5-4f5a-9211-101eeda2d0b8
5366,14185,تلێن,fa,فارسی,غلتانندە,96560cf4-030d-4268-baea-87bb57cdf631
5368,14186,داخلەدڵ,fa,فارسی,عصبانی و دلریش,fbaa1310-1a57-4439-b4e4-2b6fb312b455
5373,14187,تڵین,fa,فارسی,هشتن,96560cf4-030d-4268-baea-87bb57cdf631
5380,14189,تم,fa,فارسی,همگی,96560cf4-030d-4268-baea-87bb57cdf631
5381,14189,تم,fa,فارسی,تمامی,96560cf4-030d-4268-baea-87bb57cdf631
5384,14190,راپەرکاندن,fa,فارسی,بالا رقتن از درخت و کوە,79dd71fd-aaa5-4f5a-9211-101eeda2d0b8
5385,14190,راپەرکاندن,fa,فارسی,بر دودست خوابیدن سگ و ....,79dd71fd-aaa5-4f5a-9211-101eeda2d0b8
5406,14192,تماشا,fa,فارسی,تماشا,96560cf4-030d-4268-baea-87bb57cdf631
5409,14193,داخم,fa,فارسی,دریغا,fbaa1310-1a57-4439-b4e4-2b6fb312b455
5410,14193,داخم,fa,فارسی,افسوس,fbaa1310-1a57-4439-b4e4-2b6fb312b455
5415,14194,تماق,fa,فارسی,کاسە آبخوری,96560cf4-030d-4268-baea-87bb57cdf631
5421,14196,راپەرکاندن,fa,فارسی,شایستە دانستن,79dd71fd-aaa5-4f5a-9211-101eeda2d0b8
5422,14196,راپەرکاندن,fa,فارسی,سراغ داشتن لیاقت درکسی,79dd71fd-aaa5-4f5a-9211-101eeda2d0b8
5423,14196,راپەرکاندن,fa,فارسی,روی کسی حساب کردن,79dd71fd-aaa5-4f5a-9211-101eeda2d0b8
5426,14197,تمام,fa,فارسی,تمام,96560cf4-030d-4268-baea-87bb57cdf631
5430,14198,داخۆ,fa,فارسی,آیا؟,fbaa1310-1a57-4439-b4e4-2b6fb312b455
5432,14199,داخوا,fa,فارسی,آیا؟,fbaa1310-1a57-4439-b4e4-2b6fb312b455
5435,14200,دادانەوە,fa,فارسی,انداختن پردە,fbaa1310-1a57-4439-b4e4-2b6fb312b455
5438,14201,دادبەر,fa,فارسی,شاکی,fbaa1310-1a57-4439-b4e4-2b6fb312b455
5443,14202,داخواز,fa,فارسی,موردنیاز,fbaa1310-1a57-4439-b4e4-2b6fb312b455
5444,14202,داخواز,fa,فارسی,نیازمند,fbaa1310-1a57-4439-b4e4-2b6fb312b455
5447,14203,تماندن,fa,فارسی,خم کردن,96560cf4-030d-4268-baea-87bb57cdf631
5452,14204,تماو,fa,فارسی,خمیدە,96560cf4-030d-4268-baea-87bb57cdf631
5453,14204,تماو,fa,فارسی,زکام,96560cf4-030d-4268-baea-87bb57cdf631
5456,14205,تماوی,fa,فارسی,مبتلا بە زکام,96560cf4-030d-4268-baea-87bb57cdf631
5459,14206,تمتم,fa,فارسی,زمین سنگلاخ,96560cf4-030d-4268-baea-87bb57cdf631
5461,14207,تمتمان,fa,فارسی,تمتم,96560cf4-030d-4268-baea-87bb57cdf631
5466,14209,تمتیل,fa,فارسی,قیافە,96560cf4-030d-4268-baea-87bb57cdf631
5467,14209,تمتیل,fa,فارسی,داستان کوتاه,96560cf4-030d-4268-baea-87bb57cdf631
5470,14210,تممی,fa,فارسی,همیشگی,96560cf4-030d-4268-baea-87bb57cdf631
5473,14211,تموتم,fa,فارسی,بی کم و زیاد,96560cf4-030d-4268-baea-87bb57cdf631
5474,14211,تموتم,fa,فارسی,همیشە,96560cf4-030d-4268-baea-87bb57cdf631
5478,14212,تمەز,fa,فارسی,انگار,96560cf4-030d-4268-baea-87bb57cdf631
5479,14212,تمەز,fa,فارسی,تونگو,96560cf4-030d-4268-baea-87bb57cdf631
5481,14213,تمەن,fa,فارسی,تومان,96560cf4-030d-4268-baea-87bb57cdf631
5486,14215,داخواستن,fa,فارسی,طلبیدن,fbaa1310-1a57-4439-b4e4-2b6fb312b455
5491,14216,داخو دوخان,fa,فارسی,داخ و دەرد,fbaa1310-1a57-4439-b4e4-2b6fb312b455
5493,14217,داخ و دەرد,fa,فارسی,غم و غصە,fbaa1310-1a57-4439-b4e4-2b6fb312b455
5497,14219,داخورپان,fa,فارسی,یکە خوردن,fbaa1310-1a57-4439-b4e4-2b6fb312b455
5499,14220,داخورپاندن,fa,فارسی,شکە کردن,fbaa1310-1a57-4439-b4e4-2b6fb312b455
5501,14221,داخورپیان,fa,فارسی,یکە خوردن,fbaa1310-1a57-4439-b4e4-2b6fb312b455
5503,14222,داخورپین,fa,فارسی,یکەخوردن,fbaa1310-1a57-4439-b4e4-2b6fb312b455
5506,14223,داخوڕین,fa,فارسی,نهیب زدن,fbaa1310-1a57-4439-b4e4-2b6fb312b455
5507,14223,داخوڕین,fa,فارسی,لاف زدن,fbaa1310-1a57-4439-b4e4-2b6fb312b455
5511,14224,داخۆزین,fa,فارسی,پیادە شدن,fbaa1310-1a57-4439-b4e4-2b6fb312b455
5513,14225,داخۆزین,fa,فارسی,پیادە شدن,fbaa1310-1a57-4439-b4e4-2b6fb312b455
5515,14226,داخەر,fa,فارسی,صیغە فاعلی ((داخستن)),fbaa1310-1a57-4439-b4e4-2b6fb312b455
5520,14227,تن,fa,فارسی,علامت سوم شخص مفرد در فعل,96560cf4-030d-4268-baea-87bb57cdf631
5521,14227,تن,fa,فارسی,مقعد,96560cf4-030d-4268-baea-87bb57cdf631
5522,14227,تن,fa,فارسی,محکم,96560cf4-030d-4268-baea-87bb57cdf631
5526,14228,تناز,fa,فارسی,مسخرە,96560cf4-030d-4268-baea-87bb57cdf631
5527,14228,تناز,fa,فارسی,نازکردن,96560cf4-030d-4268-baea-87bb57cdf631
5531,14229,تنراو,fa,فارسی,تنیدە,96560cf4-030d-4268-baea-87bb57cdf631
5532,14229,تنراو,fa,فارسی,منسوج,96560cf4-030d-4268-baea-87bb57cdf631
5534,14230,تنگێللە,fa,فارسی,تنگێڵە,96560cf4-030d-4268-baea-87bb57cdf631
5537,14231,تنگێڵە,fa,فارسی,مشک لبریز از آب,96560cf4-030d-4268-baea-87bb57cdf631
5538,14231,تنگێڵە,fa,فارسی,کنایە از پر خور شکم برآمدە,96560cf4-030d-4268-baea-87bb57cdf631
5542,14232,تننە,fa,فارسی,چیزی موجود نیست,96560cf4-030d-4268-baea-87bb57cdf631
5546,14233,تنۆک,fa,فارسی,قطرە,96560cf4-030d-4268-baea-87bb57cdf631
5547,14233,تنۆک,fa,فارسی,بسیار تاریک,96560cf4-030d-4268-baea-87bb57cdf631
5549,14234,تنووک,fa,فارسی,بسیار تاریک,96560cf4-030d-4268-baea-87bb57cdf631
5554,14235,تنۆکە,fa,فارسی,تنبان کوتاه,96560cf4-030d-4268-baea-87bb57cdf631
5555,14235,تنۆکە,fa,فارسی,قطرە,96560cf4-030d-4268-baea-87bb57cdf631
5557,14236,تنە,fa,فارسی,نیست,96560cf4-030d-4268-baea-87bb57cdf631
5558,14236,تنە,fa,فارسی,موجود نیست,96560cf4-030d-4268-baea-87bb57cdf631
5569,14237,تۆ,fa,فارسی,ظمیر مخاطب مفرد,96560cf4-030d-4268-baea-87bb57cdf631
5570,14237,تۆ,fa,فارسی,یک لا,96560cf4-030d-4268-baea-87bb57cdf631
5571,14237,تۆ,fa,فارسی,سر شیر,96560cf4-030d-4268-baea-87bb57cdf631
5572,14237,تۆ,fa,فارسی,بذر,96560cf4-030d-4268-baea-87bb57cdf631
5573,14237,تۆ,fa,فارسی,تخم,96560cf4-030d-4268-baea-87bb57cdf631
5574,14237,تۆ,fa,فارسی,جور,96560cf4-030d-4268-baea-87bb57cdf631
5575,14237,تۆ,fa,فارسی,نوع,96560cf4-030d-4268-baea-87bb57cdf631
5579,14238,تو,fa,فارسی,ضمیر مخاطب مفرد,96560cf4-030d-4268-baea-87bb57cdf631
5581,14238,تو,fa,فارسی,توت,96560cf4-030d-4268-baea-87bb57cdf631
5584,14239,توا,fa,فارسی,شرحە,96560cf4-030d-4268-baea-87bb57cdf631
5585,14239,توا,fa,فارسی,می خواهد,96560cf4-030d-4268-baea-87bb57cdf631
5589,14240,توار,fa,فارسی,پرندە,96560cf4-030d-4268-baea-87bb57cdf631
5591,14241,تواشا,fa,فارسی,تماشا,96560cf4-030d-4268-baea-87bb57cdf631
5594,14242,تواشاخانە,fa,فارسی,تماشاخانە,96560cf4-030d-4268-baea-87bb57cdf631
5596,14243,توال,fa,فارسی,توار,96560cf4-030d-4268-baea-87bb57cdf631
5600,14244,توالێت,fa,فارسی,کاکل روی پیشانی,96560cf4-030d-4268-baea-87bb57cdf631
5604,14245,توام,fa,فارسی,می خواهم,96560cf4-030d-4268-baea-87bb57cdf631
5610,14246,توان,fa,فارسی,خواستن,96560cf4-030d-4268-baea-87bb57cdf631
5611,14246,توان,fa,فارسی,تاب و توان,96560cf4-030d-4268-baea-87bb57cdf631
5615,14247,توانا,fa,فارسی,توانا,96560cf4-030d-4268-baea-87bb57cdf631
5618,14248,توانایی,fa,فارسی,توانایی,96560cf4-030d-4268-baea-87bb57cdf631
5622,14249,توانج,fa,فارسی,طعنە,96560cf4-030d-4268-baea-87bb57cdf631
5623,14249,توانج,fa,فارسی,سر زنش,96560cf4-030d-4268-baea-87bb57cdf631
5626,14250,تواندنەوە,fa,فارسی,ذوب کردن,96560cf4-030d-4268-baea-87bb57cdf631
5628,14251,تواننەوە,fa,فارسی,ذوب کردن,96560cf4-030d-4268-baea-87bb57cdf631
5632,14252,توانەوە,fa,فارسی,توانستن,96560cf4-030d-4268-baea-87bb57cdf631
5636,14253,توانست,fa,فارسی,توان,96560cf4-030d-4268-baea-87bb57cdf631
5639,14254,توانستن,fa,فارسی,توانستن,96560cf4-030d-4268-baea-87bb57cdf631
5641,14255,توانشت,fa,فارسی,توان,96560cf4-030d-4268-baea-87bb57cdf631
5643,14256,توانین,fa,فارسی,توانست,96560cf4-030d-4268-baea-87bb57cdf631
5647,14257,توایهم,fa,فارسی,آفرین,96560cf4-030d-4268-baea-87bb57cdf631
5653,14258,تۆبرە,fa,فارسی,تو برە,96560cf4-030d-4268-baea-87bb57cdf631
5654,14258,تۆبرە,fa,فارسی,آخور کیسە ای,96560cf4-030d-4268-baea-87bb57cdf631
5655,14258,تۆبرە,fa,فارسی,کیسە ای کە بذر را در آن ریزند,96560cf4-030d-4268-baea-87bb57cdf631
5657,14259,تۆبە,fa,فارسی,توبە,96560cf4-030d-4268-baea-87bb57cdf631
5659,14260,تۆبەدار,fa,فارسی,پرهیزگار,96560cf4-030d-4268-baea-87bb57cdf631
5662,14261,توبەرە,fa,فارسی,تو برە,96560cf4-030d-4268-baea-87bb57cdf631
5663,14261,توبەرە,fa,فارسی,حلقە زبر لب دهنە اسب,96560cf4-030d-4268-baea-87bb57cdf631
5666,14262,تۆبەکار,fa,فارسی,پرهیزگار,96560cf4-030d-4268-baea-87bb57cdf631
5676,14263,تۆپ,fa,فارسی,تودە,96560cf4-030d-4268-baea-87bb57cdf631
5677,14263,تۆپ,fa,فارسی,جای پرە اسیاب,96560cf4-030d-4268-baea-87bb57cdf631
5678,14263,تۆپ,fa,فارسی,توپ چنگی,96560cf4-030d-4268-baea-87bb57cdf631
5679,14263,تۆپ,fa,فارسی,توپ بازی,96560cf4-030d-4268-baea-87bb57cdf631
5680,14263,تۆپ,fa,فارسی,توپ پارچە,96560cf4-030d-4268-baea-87bb57cdf631
5681,14263,تۆپ,fa,فارسی,کنایە از دروغ شاخدار,96560cf4-030d-4268-baea-87bb57cdf631
5682,14263,تۆپ,fa,فارسی,گرد,96560cf4-030d-4268-baea-87bb57cdf631
5683,14263,تۆپ,fa,فارسی,مدور,96560cf4-030d-4268-baea-87bb57cdf631
5687,14264,تۆپان,fa,فارسی,مردار  شدن,96560cf4-030d-4268-baea-87bb57cdf631
5692,14265,تۆپاندن,fa,فارسی,مردار کردن,96560cf4-030d-4268-baea-87bb57cdf631
5693,14265,تۆپاندن,fa,فارسی,کتک کاری و تنبیە کردن,96560cf4-030d-4268-baea-87bb57cdf631
5695,14266,تۆپانن,fa,فارسی,مردار کردن,96560cf4-030d-4268-baea-87bb57cdf631
5699,14267,تۆپانێ,fa,فارسی,توپ بازی,96560cf4-030d-4268-baea-87bb57cdf631
5701,14268,تۆپ تۆپێن,fa,فارسی,توپ بازی,96560cf4-030d-4268-baea-87bb57cdf631
5703,14269,تۆپتاو,fa,فارسی,چوگان,96560cf4-030d-4268-baea-87bb57cdf631
5706,14270,تۆپچی,fa,فارسی,توپچی ارتش,96560cf4-030d-4268-baea-87bb57cdf631
5707,14270,تۆپچی,fa,فارسی,کنایە از کذاب و دروغگو,96560cf4-030d-4268-baea-87bb57cdf631
5709,14271,تۆپدان,fa,فارسی,هزیمت دادن,96560cf4-030d-4268-baea-87bb57cdf631
5711,14272,تۆپز,fa,فارسی,چماق یا چوب قیراندود,96560cf4-030d-4268-baea-87bb57cdf631
5713,14273,تۆپشک,fa,فارسی,گیاهی است,96560cf4-030d-4268-baea-87bb57cdf631
5717,14274,تۆپقاڕ,fa,فارسی,چوگان بازی,96560cf4-030d-4268-baea-87bb57cdf631
5719,14275,تۆپقاڕێن,fa,فارسی,تۆپقاڕ,96560cf4-030d-4268-baea-87bb57cdf631
5721,14276,تۆپکەشی,fa,فارسی,پاک کردن آبریز بە وسیلە چوبی کە کهنە بر آن پیچیدە اند,96560cf4-030d-4268-baea-87bb57cdf631
5726,14277,تۆپلاخ,fa,فارسی,برهم انباشتە,96560cf4-030d-4268-baea-87bb57cdf631
5727,14277,تۆپلاخ,fa,فارسی,کلوخ,96560cf4-030d-4268-baea-87bb57cdf631
5732,14278,تۆپڵاخە,fa,فارسی,برهم انباشتە,96560cf4-030d-4268-baea-87bb57cdf631
5738,14279,تۆپەڵ,fa,فارسی,گرد,96560cf4-030d-4268-baea-87bb57cdf631
5739,14279,تۆپەڵ,fa,فارسی,مدور,96560cf4-030d-4268-baea-87bb57cdf631
5740,14279,تۆپەڵ,fa,فارسی,برهم انباشتە,96560cf4-030d-4268-baea-87bb57cdf631
5741,14279,تۆپەڵ,fa,فارسی,مقداری گل  یا برف کە در یکدست جای گیرد,96560cf4-030d-4268-baea-87bb57cdf631
5744,14280,تۆپەڵ بون,fa,فارسی,دور هم جمع شدن,96560cf4-030d-4268-baea-87bb57cdf631
5745,14280,تۆپەڵ بون,fa,فارسی,روی هم انباشتن,96560cf4-030d-4268-baea-87bb57cdf631
5747,14281,تۆپەڵە,fa,فارسی,گرد چون توپ,96560cf4-030d-4268-baea-87bb57cdf631
5749,14282,ئارەق,fa,فارسی,عرق,f65f7d2f-996a-4df7-a10e-c6e846940032
5751,14283,ئارەقاوی,fa,فارسی,عرق کردە,f65f7d2f-996a-4df7-a10e-c6e846940032
5756,14286,تۆپەڵەشەڕی,fa,فارسی,برف بازی,96560cf4-030d-4268-baea-87bb57cdf631
5758,14287,تۆپەوانە,fa,فارسی,پارچە دهان بند خمو,96560cf4-030d-4268-baea-87bb57cdf631
5760,14288,تۆپیگ,fa,فارسی,مردار,96560cf4-030d-4268-baea-87bb57cdf631
5762,14289,تۆپین,fa,فارسی,مردار شدن,96560cf4-030d-4268-baea-87bb57cdf631
5766,14290,تۆپێن,fa,فارسی,توپ بازی,96560cf4-030d-4268-baea-87bb57cdf631
5767,14290,تۆپێن,fa,فارسی,کسی کە حیوانی را مردار کند,96560cf4-030d-4268-baea-87bb57cdf631
5769,14291,تۆپیو,fa,فارسی,تۆپیگ,96560cf4-030d-4268-baea-87bb57cdf631
5774,14292,توت,fa,فارسی,توت,96560cf4-030d-4268-baea-87bb57cdf631
5775,14292,توت,fa,فارسی,کلمە راندن سگ,96560cf4-030d-4268-baea-87bb57cdf631
5778,14293,تۆت,fa,فارسی,بوف,96560cf4-030d-4268-baea-87bb57cdf631
5779,14293,تۆت,fa,فارسی,نشستن بە زبان بچەگانە,96560cf4-030d-4268-baea-87bb57cdf631
5781,14294,زابرن,fa,فارسی,برد در قمار,5f16fc33-8c0b-4cb7-85ab-cf91afdbbcd3
5783,14295,زابلۆق,fa,فارسی,رودە کلفت,5f16fc33-8c0b-4cb7-85ab-cf91afdbbcd3
5787,14296,زابوت,fa,فارسی,افسر,5f16fc33-8c0b-4cb7-85ab-cf91afdbbcd3
5790,14297,زابوق,fa,فارسی,جای ریختن سرگین,5f16fc33-8c0b-4cb7-85ab-cf91afdbbcd3
5796,14298,توتاک,fa,فارسی,قمری,96560cf4-030d-4268-baea-87bb57cdf631
5797,14298,توتاک,fa,فارسی,مرغ شپاهنگ,96560cf4-030d-4268-baea-87bb57cdf631
5801,14300,تووتان,fa,فارسی,چمباتمە نیشستن,96560cf4-030d-4268-baea-87bb57cdf631
5804,14301,توتانن,fa,فارسی,بە حرف آوردن,96560cf4-030d-4268-baea-87bb57cdf631
5809,14303,توتڕک,fa,فارسی,تمشک,96560cf4-030d-4268-baea-87bb57cdf631
5810,14303,توتڕک,fa,فارسی,سەگل,96560cf4-030d-4268-baea-87bb57cdf631
5812,14304,توترواسک,fa,فارسی,پرندە ای است شبیە گنجشک,96560cf4-030d-4268-baea-87bb57cdf631
5815,14305,داخەکەم,fa,فارسی,مناسفانە,fbaa1310-1a57-4439-b4e4-2b6fb312b455
5821,14307,توتک,fa,فارسی,تولە سگ,96560cf4-030d-4268-baea-87bb57cdf631
5822,14307,توتک,fa,فارسی,نوالە سگ,96560cf4-030d-4268-baea-87bb57cdf631
5823,14307,توتک,fa,فارسی,طوطی,96560cf4-030d-4268-baea-87bb57cdf631
5824,14307,توتک,fa,فارسی,ویر وس هاری,96560cf4-030d-4268-baea-87bb57cdf631
5826,14308,داخی گرانم,fa,فارسی,با کمال تآسف,fbaa1310-1a57-4439-b4e4-2b6fb312b455
5829,14309,داد,fa,فارسی,فغان,fbaa1310-1a57-4439-b4e4-2b6fb312b455
5830,14309,داد,fa,فارسی,فریاد,fbaa1310-1a57-4439-b4e4-2b6fb312b455
5831,14309,داد,fa,فارسی,عدالت,fbaa1310-1a57-4439-b4e4-2b6fb312b455
5835,14310,توتکە,fa,فارسی,تولە سگ,96560cf4-030d-4268-baea-87bb57cdf631
5836,14310,توتکە,fa,فارسی,ویر وس هاری,96560cf4-030d-4268-baea-87bb57cdf631
5837,14310,توتکە,fa,فارسی,آرامش,96560cf4-030d-4268-baea-87bb57cdf631
5839,14311,توتکەخواردن,fa,فارسی,آرام گرفتن,96560cf4-030d-4268-baea-87bb57cdf631
5841,14312,توتکەگرتن,fa,فارسی,آرام گرفتن,96560cf4-030d-4268-baea-87bb57cdf631
5844,14313,توتم,fa,فارسی,سماق,96560cf4-030d-4268-baea-87bb57cdf631
5847,14314,توتن,fa,فارسی,توتون,96560cf4-030d-4268-baea-87bb57cdf631
5849,14315,توتنانە,fa,فارسی,سهمی کە از باب از توتون کار می گیرد,96560cf4-030d-4268-baea-87bb57cdf631
5854,14316,دادا,fa,فارسی,کلمە خطاب احترام آمز بە مادر,fbaa1310-1a57-4439-b4e4-2b6fb312b455
5855,14316,دادا,fa,فارسی,پیرزن,fbaa1310-1a57-4439-b4e4-2b6fb312b455
5857,14317,توتنای,fa,فارسی,بە حرف آوردن,96560cf4-030d-4268-baea-87bb57cdf631
5859,14318,توتنەوان,fa,فارسی,توتون کار,96560cf4-030d-4268-baea-87bb57cdf631
5861,14319,توتو,fa,فارسی,کلمە ایست کە محال بودن امری را می رساند,96560cf4-030d-4268-baea-87bb57cdf631
5864,14320,توتوک,fa,فارسی,شیپور,96560cf4-030d-4268-baea-87bb57cdf631
5866,14321,تۆتۆی,fa,فارسی,نوعی گردە نان کە گردو بادام و پیاز در آن ریزند,96560cf4-030d-4268-baea-87bb57cdf631
5874,14322,تووتە,fa,فارسی,خنصر,96560cf4-030d-4268-baea-87bb57cdf631
5875,14322,تووتە,fa,فارسی,نشستن در زبان بچەگانە,96560cf4-030d-4268-baea-87bb57cdf631
5876,14322,تووتە,fa,فارسی,سگ,96560cf4-030d-4268-baea-87bb57cdf631
5877,14322,تووتە,fa,فارسی,کلمە راندن سگ,96560cf4-030d-4268-baea-87bb57cdf631
5878,14322,تووتە,fa,فارسی,گوشت اضافی در چشم یا پلک چشم,96560cf4-030d-4268-baea-87bb57cdf631
5879,14322,تووتە,fa,فارسی,خال,96560cf4-030d-4268-baea-87bb57cdf631
5882,14323,دادپەروەر,fa,فارسی,دادپرور,fbaa1310-1a57-4439-b4e4-2b6fb312b455
5884,14324,دادخوا,fa,فارسی,دادخواه,fbaa1310-1a57-4439-b4e4-2b6fb312b455
5887,14325,تووتەک,fa,فارسی,مزمار,96560cf4-030d-4268-baea-87bb57cdf631
5889,14326,دادخواز,fa,فارسی,دادخواه,fbaa1310-1a57-4439-b4e4-2b6fb312b455
5891,14327,تووتەکان,fa,فارسی,چمبانمە نشستن,96560cf4-030d-4268-baea-87bb57cdf631
5894,14328,دادخوازی,fa,فارسی,دادخواهی,fbaa1310-1a57-4439-b4e4-2b6fb312b455
5896,14329,توتەکۆڵە,fa,فارسی,تولەسگ,96560cf4-030d-4268-baea-87bb57cdf631
5898,14330,دادخوایی,fa,فارسی,دادخواهی,fbaa1310-1a57-4439-b4e4-2b6fb312b455
5900,14331,توتەڵە,fa,فارسی,تولەسگ,96560cf4-030d-4268-baea-87bb57cdf631
5902,14332,تووتی,fa,فارسی,طوطی,96560cf4-030d-4268-baea-87bb57cdf631
5904,14333,توتیا,fa,فارسی,توتیا,96560cf4-030d-4268-baea-87bb57cdf631
5906,14334,دادڕ,fa,فارسی,پارە,fbaa1310-1a57-4439-b4e4-2b6fb312b455
5910,14335,توجار,fa,فارسی,بازرگان,96560cf4-030d-4268-baea-87bb57cdf631
5912,14336,دادڕان,fa,فارسی,پارەشدن طولی,fbaa1310-1a57-4439-b4e4-2b6fb312b455
5914,14337,دادڕاو,fa,فارسی,پارە شدە از طول,fbaa1310-1a57-4439-b4e4-2b6fb312b455
5917,14338,توجی,fa,فارسی,توزیع,96560cf4-030d-4268-baea-87bb57cdf631
5919,14339,تۆچان,fa,فارسی,پییش بندی کە  بذر در آن ریزند و می افشانند,96560cf4-030d-4268-baea-87bb57cdf631
5923,14340,دادڕدادڕ,fa,فارسی,پارەپارە شدە,fbaa1310-1a57-4439-b4e4-2b6fb312b455
5924,14340,دادڕدادڕ,fa,فارسی,زمین قطعەقطعە شدە توسطە آب,fbaa1310-1a57-4439-b4e4-2b6fb312b455
5927,14341,توچان,fa,فارسی,توچان,96560cf4-030d-4268-baea-87bb57cdf631
5928,14341,توچان,fa,فارسی,لەو پایماڵ شدن,96560cf4-030d-4268-baea-87bb57cdf631
5931,14342,توچانن,fa,فارسی,لە کردن,96560cf4-030d-4268-baea-87bb57cdf631
5932,14342,توچانن,fa,فارسی,بذرافشاندن,96560cf4-030d-4268-baea-87bb57cdf631
5935,14343,دادروون,fa,فارسی,بهم دوختن,fbaa1310-1a57-4439-b4e4-2b6fb312b455
5938,14344,دادڕەس,fa,فارسی,فریادرس,fbaa1310-1a57-4439-b4e4-2b6fb312b455
5940,14345,دادڕیاگ,fa,فارسی,پارەشدە طولی,fbaa1310-1a57-4439-b4e4-2b6fb312b455
5942,14346,دادڕین,fa,فارسی,دریدن,fbaa1310-1a57-4439-b4e4-2b6fb312b455
5943,14346,دادڕین,fa,فارسی,پارە کردن,fbaa1310-1a57-4439-b4e4-2b6fb312b455
5946,14347,دادک,fa,فارسی,مادر,fbaa1310-1a57-4439-b4e4-2b6fb312b455
5949,14348,دادگا,fa,فارسی,دادگاه,fbaa1310-1a57-4439-b4e4-2b6fb312b455
5951,14349,دادگە,fa,فارسی,دادگاه,fbaa1310-1a57-4439-b4e4-2b6fb312b455
5953,14350,دادگەر,fa,فارسی,دادگر,fbaa1310-1a57-4439-b4e4-2b6fb312b455
5954,14350,دادگەر,fa,فارسی,عادل,fbaa1310-1a57-4439-b4e4-2b6fb312b455
5956,14351,دادگێڕ,fa,فارسی,دادگر,fbaa1310-1a57-4439-b4e4-2b6fb312b455
5961,14353,دادوبێداد,fa,فارسی,داد و بیداد,fbaa1310-1a57-4439-b4e4-2b6fb312b455
5963,14354,دادووران,fa,فارسی,بەهم دوختن,fbaa1310-1a57-4439-b4e4-2b6fb312b455
5965,14355,دادوورانن,fa,فارسی,بەهم دوختن,fbaa1310-1a57-4439-b4e4-2b6fb312b455
5968,14356,توچن,fa,فارسی,لزج,96560cf4-030d-4268-baea-87bb57cdf631
5969,14356,توچن,fa,فارسی,بذرافشان,96560cf4-030d-4268-baea-87bb57cdf631
5972,14357,توچێن,fa,فارسی,بذرافشان,96560cf4-030d-4268-baea-87bb57cdf631
5975,14358,توخ,fa,فارسی,گرد,96560cf4-030d-4268-baea-87bb57cdf631
5976,14358,توخ,fa,فارسی,غبار,96560cf4-030d-4268-baea-87bb57cdf631
5980,14359,دادۆش,fa,فارسی,دوست دغل,fbaa1310-1a57-4439-b4e4-2b6fb312b455
5985,14360,تۆخ,fa,فارسی,جقە کلاه شاهان,96560cf4-030d-4268-baea-87bb57cdf631
5986,14360,تۆخ,fa,فارسی,مزە تند,96560cf4-030d-4268-baea-87bb57cdf631
5987,14360,تۆخ,fa,فارسی,رنگ سیر,96560cf4-030d-4268-baea-87bb57cdf631
5988,14360,تۆخ,fa,فارسی,جاق,96560cf4-030d-4268-baea-87bb57cdf631
5991,14361,دادۆشین,fa,فارسی,تا قطرە آخر دوشیدن,fbaa1310-1a57-4439-b4e4-2b6fb312b455
5992,14361,دادۆشین,fa,فارسی,کنایە از سو‌‌ استفادە دغل دوستان,fbaa1310-1a57-4439-b4e4-2b6fb312b455
6001,14362,راپەرین,fa,فارسی,ناگهان خیز برداشتن,79dd71fd-aaa5-4f5a-9211-101eeda2d0b8
6002,14362,راپەرین,fa,فارسی,فرزدست بەکار شدن,79dd71fd-aaa5-4f5a-9211-101eeda2d0b8
6003,14362,راپەرین,fa,فارسی,یکهو از خواب پریدن,79dd71fd-aaa5-4f5a-9211-101eeda2d0b8
6004,14362,راپەرین,fa,فارسی,یکە خوردن,79dd71fd-aaa5-4f5a-9211-101eeda2d0b8
6005,14362,راپەرین,fa,فارسی,ورجهیدن,79dd71fd-aaa5-4f5a-9211-101eeda2d0b8
6007,14362,راپەرین,fa,فارسی,انقلاب,79dd71fd-aaa5-4f5a-9211-101eeda2d0b8
6009,14363,راپەرێن,fa,فارسی,فاعل,79dd71fd-aaa5-4f5a-9211-101eeda2d0b8
6010,14363,راپەرێن,fa,فارسی,رایەراندن,79dd71fd-aaa5-4f5a-9211-101eeda2d0b8
6012,14364,راپەلکاندن,fa,فارسی,نگا,79dd71fd-aaa5-4f5a-9211-101eeda2d0b8
6015,14365,راپیتە,fa,فارسی,آمد و رفت باشتاب دریکجا,79dd71fd-aaa5-4f5a-9211-101eeda2d0b8
6020,14366,راپێچان,fa,فارسی,جلوانداختن وباشتاب بردن,79dd71fd-aaa5-4f5a-9211-101eeda2d0b8
6021,14366,راپێچان,fa,فارسی,لباس پوشیدن,79dd71fd-aaa5-4f5a-9211-101eeda2d0b8
6022,14366,راپێچان,fa,فارسی,نگا,79dd71fd-aaa5-4f5a-9211-101eeda2d0b8
6023,14366,راپێچان,fa,فارسی,راپێچان,79dd71fd-aaa5-4f5a-9211-101eeda2d0b8
6027,14367,راتب,fa,فارسی,مواجب,79dd71fd-aaa5-4f5a-9211-101eeda2d0b8
6028,14367,راتب,fa,فارسی,وسایلی کە صیاد بەهمراخود حمل می کند,79dd71fd-aaa5-4f5a-9211-101eeda2d0b8
6030,14368,رتبە,fa,فارسی,کمک هزینە طلبەها,79dd71fd-aaa5-4f5a-9211-101eeda2d0b8
6033,14370,راتڵەقان,fa,فارسی,تکان دادن ظرف مایعات,79dd71fd-aaa5-4f5a-9211-101eeda2d0b8
6036,14372,راتڵەقاندن,fa,فارسی,تکان دادن ظرف مایعات,79dd71fd-aaa5-4f5a-9211-101eeda2d0b8
6041,14376,راتلەکان,fa,فارسی,نگا,79dd71fd-aaa5-4f5a-9211-101eeda2d0b8
6044,14377,دادوفوغان,fa,فارسی,فریاد و فغان,fbaa1310-1a57-4439-b4e4-2b6fb312b455
6050,14379,دادۆک,fa,فارسی,دایە,fbaa1310-1a57-4439-b4e4-2b6fb312b455
6052,14380,راتەکان,fa,فارسی,تکان شدید,79dd71fd-aaa5-4f5a-9211-101eeda2d0b8
6054,14381,دادوەر,fa,فارسی,قاضی,fbaa1310-1a57-4439-b4e4-2b6fb312b455
6057,14382,دادی,fa,فارسی,دایە,fbaa1310-1a57-4439-b4e4-2b6fb312b455
6059,14383,راتوە,fa,فارسی,نگا,79dd71fd-aaa5-4f5a-9211-101eeda2d0b8
6063,14384,ددێران,fa,فارسی,سرپا گرفتن بچە,fbaa1310-1a57-4439-b4e4-2b6fb312b455
6068,14385,توخس,fa,فارسی,از کار افتادە,96560cf4-030d-4268-baea-87bb57cdf631
6069,14385,توخس,fa,فارسی,چموش,96560cf4-030d-4268-baea-87bb57cdf631
6070,14385,توخس,fa,فارسی,رموک,96560cf4-030d-4268-baea-87bb57cdf631
6072,14386,دادیلە,fa,فارسی,کلمە نوازش خواهر کوچکتر,fbaa1310-1a57-4439-b4e4-2b6fb312b455
6074,14387,داراش,fa,فارسی,لاشخور,fbaa1310-1a57-4439-b4e4-2b6fb312b455
6080,14388,توخم,fa,فارسی,تخم,96560cf4-030d-4268-baea-87bb57cdf631
6081,14388,توخم,fa,فارسی,نژاد,96560cf4-030d-4268-baea-87bb57cdf631
6084,14389,تۆخماخ,fa,فارسی,چماق,96560cf4-030d-4268-baea-87bb57cdf631
6086,14390,داراڕەش,fa,فارسی,درختی است جنگلی,fbaa1310-1a57-4439-b4e4-2b6fb312b455
6089,14391,توخمی,fa,فارسی,گشن,96560cf4-030d-4268-baea-87bb57cdf631
6091,14392,داراغان,fa,فارسی,روستای در کردستان کە بە وسیلە بعثیها ویران شد.,fbaa1310-1a57-4439-b4e4-2b6fb312b455
6093,14393,توخن,fa,فارسی,نزدیک,96560cf4-030d-4268-baea-87bb57cdf631
6096,14394,توخوب,fa,فارسی,مرز,96560cf4-030d-4268-baea-87bb57cdf631
6099,14395,تۆخەری,fa,فارسی,نوعی بازی با قاپ,96560cf4-030d-4268-baea-87bb57cdf631
6103,14396,دارانەوە,fa,فارسی,غش کردن,fbaa1310-1a57-4439-b4e4-2b6fb312b455
6106,14397,دارایی,fa,فارسی,چارقد,fbaa1310-1a57-4439-b4e4-2b6fb312b455
6107,14397,دارایی,fa,فارسی,ادارە دارایی,fbaa1310-1a57-4439-b4e4-2b6fb312b455
6110,14398,دارباز,fa,فارسی,بندباز,fbaa1310-1a57-4439-b4e4-2b6fb312b455
6114,14399,تودەرە,fa,فارسی,هویرە,96560cf4-030d-4268-baea-87bb57cdf631
6117,14400,تور,fa,فارسی,الکن,96560cf4-030d-4268-baea-87bb57cdf631
6120,14401,داربازە,fa,فارسی,تابوت,fbaa1310-1a57-4439-b4e4-2b6fb312b455
6126,14402,توور,fa,فارسی,خرجین,96560cf4-030d-4268-baea-87bb57cdf631
6127,14402,توور,fa,فارسی,ترب,96560cf4-030d-4268-baea-87bb57cdf631
6134,14403,تۆڕ,fa,فارسی,توری,96560cf4-030d-4268-baea-87bb57cdf631
6135,14403,تۆڕ,fa,فارسی,اسب رام نشدە,96560cf4-030d-4268-baea-87bb57cdf631
6136,14403,تۆڕ,fa,فارسی,رموک,96560cf4-030d-4268-baea-87bb57cdf631
6137,14403,تۆڕ,fa,فارسی,چموش,96560cf4-030d-4268-baea-87bb57cdf631
6138,14403,تۆڕ,fa,فارسی,شغال,96560cf4-030d-4268-baea-87bb57cdf631
6139,14403,تۆڕ,fa,فارسی,سیاهی رفتن چشم,96560cf4-030d-4268-baea-87bb57cdf631
6140,14403,تۆڕ,fa,فارسی,اسب بازندە در مسابقە,96560cf4-030d-4268-baea-87bb57cdf631
6142,14404,توڕ,fa,فارسی,چوب کوچک الک دولک,96560cf4-030d-4268-baea-87bb57cdf631
6144,14405,تۆراخ,fa,فارسی,ماست کیسە,96560cf4-030d-4268-baea-87bb57cdf631
6146,14406,تۆراغ,fa,فارسی,تۆراخ,96560cf4-030d-4268-baea-87bb57cdf631
6149,14407,تۆراغدان,fa,فارسی,کیسە ماست,96560cf4-030d-4268-baea-87bb57cdf631
6150,14407,تۆراغدان,fa,فارسی,کنایە از شکم گندە,96560cf4-030d-4268-baea-87bb57cdf631
6155,14410,تۆران,fa,فارسی,قهر کردن,96560cf4-030d-4268-baea-87bb57cdf631
6159,14411,تۆراندن,fa,فارسی,رنجاندن,96560cf4-030d-4268-baea-87bb57cdf631
6161,14412,توڕاندن,fa,فارسی,دمیدن,96560cf4-030d-4268-baea-87bb57cdf631
6163,14413,ئارێخ,fa,فارسی,میخ طویلە,f65f7d2f-996a-4df7-a10e-c6e846940032
6165,14414,تۆڕاندن,fa,فارسی,رمانیدن,96560cf4-030d-4268-baea-87bb57cdf631
6168,14415,تووراندن,fa,فارسی,اسهال دام,96560cf4-030d-4268-baea-87bb57cdf631
6172,14416,تۆراو,fa,فارسی,رنجیدە,96560cf4-030d-4268-baea-87bb57cdf631
6173,14416,تۆراو,fa,فارسی,قهر کردە,96560cf4-030d-4268-baea-87bb57cdf631
6176,14417,توربین,fa,فارسی,توبرە,96560cf4-030d-4268-baea-87bb57cdf631
6179,14418,داربڕ,fa,فارسی,درندەی از تیرەگر بەسانان,fbaa1310-1a57-4439-b4e4-2b6fb312b455
6180,14418,داربڕ,fa,فارسی,هیزم شکین,fbaa1310-1a57-4439-b4e4-2b6fb312b455
6185,14419,تورت,fa,فارسی,گس مزە,96560cf4-030d-4268-baea-87bb57cdf631
6186,14419,تورت,fa,فارسی,الکن,96560cf4-030d-4268-baea-87bb57cdf631
6187,14419,تورت,fa,فارسی,ترد,96560cf4-030d-4268-baea-87bb57cdf631
6189,14420,داربۆکردن,fa,فارسی,کنایە از انتقام گرفتن,fbaa1310-1a57-4439-b4e4-2b6fb312b455
6193,14421,تۆرتۆ,fa,فارسی,قیچی,96560cf4-030d-4268-baea-87bb57cdf631
6196,14422,تۆرتۆرە,fa,فارسی,گدامنش,96560cf4-030d-4268-baea-87bb57cdf631
6199,14423,تورتە ماڵ,fa,فارسی,لیزگاه,96560cf4-030d-4268-baea-87bb57cdf631
6202,14424,تووڕدان,fa,فارسی,پرت کردن,96560cf4-030d-4268-baea-87bb57cdf631
6206,14425,داربەس,fa,فارسی,داربست تاک,fbaa1310-1a57-4439-b4e4-2b6fb312b455
6207,14425,داربەس,fa,فارسی,تابوت,fbaa1310-1a57-4439-b4e4-2b6fb312b455
6208,14425,داربەس,fa,فارسی,داربست بنایی,fbaa1310-1a57-4439-b4e4-2b6fb312b455
6210,14426,داربەست,fa,فارسی,دار بەس,fbaa1310-1a57-4439-b4e4-2b6fb312b455
6212,14427,داربەسەر,fa,فارسی,نام سەروستا در کردستان,fbaa1310-1a57-4439-b4e4-2b6fb312b455
6214,14428,داربەند,fa,فارسی,داربست بنایی,fbaa1310-1a57-4439-b4e4-2b6fb312b455
6217,14429,داربەندەخۆێن,fa,فارسی,وسیلەای کە بدان بند تنبان را در نیفە کشند,fbaa1310-1a57-4439-b4e4-2b6fb312b455
6220,14430,زابۆق,fa,فارسی,درە مسیل باران,5f16fc33-8c0b-4cb7-85ab-cf91afdbbcd3
6224,14432,تور رەهات,fa,فارسی,حرف بیخود,96560cf4-030d-4268-baea-87bb57cdf631
6227,14433,تورش,fa,فارسی,ترش,96560cf4-030d-4268-baea-87bb57cdf631
6230,14434,ترشیات,fa,فارسی,ترشیجات,96560cf4-030d-4268-baea-87bb57cdf631
6234,14435,تورشیاگ,fa,فارسی,ترشیدە,96560cf4-030d-4268-baea-87bb57cdf631
6237,14436,تورشیان,fa,فارسی,ترشیدن,96560cf4-030d-4268-baea-87bb57cdf631
6241,14437,تۆڕک,fa,فارسی,پنیرک,96560cf4-030d-4268-baea-87bb57cdf631
6242,14437,تۆڕک,fa,فارسی,شغال,96560cf4-030d-4268-baea-87bb57cdf631
6245,14438,توورک,fa,فارسی,توبرە کوچک,96560cf4-030d-4268-baea-87bb57cdf631
6248,14439,تووڕک,fa,فارسی,تمشک,96560cf4-030d-4268-baea-87bb57cdf631
6251,14440,توڕکە,fa,فارسی,زمین شیار شیار طبیعی,96560cf4-030d-4268-baea-87bb57cdf631
6253,14441,تورگەن,fa,فارسی,نام ییلاقی در کردستان,96560cf4-030d-4268-baea-87bb57cdf631
6255,14442,توڕلی,fa,فارسی,پرندە ای است شبیە بە گنجشک,96560cf4-030d-4268-baea-87bb57cdf631
6257,14443,تۆرمتە,fa,فارسی,باشە,96560cf4-030d-4268-baea-87bb57cdf631
6260,14444,تورمە,fa,فارسی,نقرە سرە,96560cf4-030d-4268-baea-87bb57cdf631
6261,14444,تورمە,fa,فارسی,شال ترمە,96560cf4-030d-4268-baea-87bb57cdf631
6263,14445,تۆڕنتە,fa,فارسی,تۆرمتە,96560cf4-030d-4268-baea-87bb57cdf631
6266,14446,توروش,fa,فارسی,جرآت شهامت,96560cf4-030d-4268-baea-87bb57cdf631
6269,14447,تورونتە,fa,فارسی,مرغکی است شکاری,96560cf4-030d-4268-baea-87bb57cdf631
6275,14448,تۆرە,fa,فارسی,آزرم,96560cf4-030d-4268-baea-87bb57cdf631
6276,14448,تۆرە,fa,فارسی,فر زند هوو,96560cf4-030d-4268-baea-87bb57cdf631
6277,14448,تۆرە,fa,فارسی,دانش,96560cf4-030d-4268-baea-87bb57cdf631
6282,14449,توورە,fa,فارسی,شاخە تاک کە می برند,96560cf4-030d-4268-baea-87bb57cdf631
6283,14449,توورە,fa,فارسی,ادبیات,96560cf4-030d-4268-baea-87bb57cdf631
6286,14450,تووڕە,fa,فارسی,خشسناک,96560cf4-030d-4268-baea-87bb57cdf631
6288,14451,تۆرەڤان,fa,فارسی,عالم,96560cf4-030d-4268-baea-87bb57cdf631
6289,14451,تۆرەڤان,fa,فارسی,دانشمند,96560cf4-030d-4268-baea-87bb57cdf631
6291,14452,تورەقی,fa,فارسی,ترقی,96560cf4-030d-4268-baea-87bb57cdf631
6293,14453,توورەکانە,fa,فارسی,نوعی باج کە از بابی,96560cf4-030d-4268-baea-87bb57cdf631
6295,14454,توورەکانە,fa,فارسی,توبرە,96560cf4-030d-4268-baea-87bb57cdf631
6297,14455,توورەکەرێژ,fa,فارسی,تپە دست ساز,96560cf4-030d-4268-baea-87bb57cdf631
6301,14456,تۆرەمە,fa,فارسی,نژاد,96560cf4-030d-4268-baea-87bb57cdf631
6302,14456,تۆرەمە,fa,فارسی,نسل,96560cf4-030d-4268-baea-87bb57cdf631
6304,14457,تۆڕەوان,fa,فارسی,کسی کە با تور شکار کند,96560cf4-030d-4268-baea-87bb57cdf631
6307,14458,توورەوان,fa,فارسی,ادیب,96560cf4-030d-4268-baea-87bb57cdf631
6309,14459,تووڕهەڵدان,fa,فارسی,پرتاب کردن,96560cf4-030d-4268-baea-87bb57cdf631
6314,14460,توڕەیی,fa,فارسی,خشم,96560cf4-030d-4268-baea-87bb57cdf631
6318,14461,تۆڕی,fa,فارسی,شغال,96560cf4-030d-4268-baea-87bb57cdf631
6319,14461,تۆڕی,fa,فارسی,ادم پوچ و بی ارزش,96560cf4-030d-4268-baea-87bb57cdf631
6324,14462,تۆرین,fa,فارسی,قهر کردن,96560cf4-030d-4268-baea-87bb57cdf631
6330,14463,تۆرینۆک,fa,فارسی,عصبانی و زو درنج,96560cf4-030d-4268-baea-87bb57cdf631
6343,14464,تووز,fa,فارسی,پیوند درخت,96560cf4-030d-4268-baea-87bb57cdf631
6344,14464,تووز,fa,فارسی,ترتیزک ابی,96560cf4-030d-4268-baea-87bb57cdf631
6345,14464,تووز,fa,فارسی,اتو,96560cf4-030d-4268-baea-87bb57cdf631
6346,14464,تووز,fa,فارسی,داغ,96560cf4-030d-4268-baea-87bb57cdf631
6347,14464,تووز,fa,فارسی,لیزی,96560cf4-030d-4268-baea-87bb57cdf631
6348,14464,تووز,fa,فارسی,جوانە درخت,96560cf4-030d-4268-baea-87bb57cdf631
6349,14464,تووز,fa,فارسی,ریخت و قیافە,96560cf4-030d-4268-baea-87bb57cdf631
6354,14465,تۆز,fa,فارسی,بسیار کم,96560cf4-030d-4268-baea-87bb57cdf631
6355,14465,تۆز,fa,فارسی,گردوغبار,96560cf4-030d-4268-baea-87bb57cdf631
6357,14466,تۆزاڵ,fa,فارسی,بسیار اندک,96560cf4-030d-4268-baea-87bb57cdf631
6359,14467,تووزان,fa,فارسی,سو زش پوست,96560cf4-030d-4268-baea-87bb57cdf631
6363,14468,زاپ,fa,فارسی,نهر فرعی,5f16fc33-8c0b-4cb7-85ab-cf91afdbbcd3
6364,14468,زاپ,fa,فارسی,شن صاف و نازک کە بازیچە کودکان است,5f16fc33-8c0b-4cb7-85ab-cf91afdbbcd3
6367,14469,زاپان,fa,فارسی,بازی با زاپ,5f16fc33-8c0b-4cb7-85ab-cf91afdbbcd3
6370,14470,زات,fa,فارسی,وجود، ذات,5f16fc33-8c0b-4cb7-85ab-cf91afdbbcd3
6371,14470,زات,fa,فارسی,شجاعت، جرأت,5f16fc33-8c0b-4cb7-85ab-cf91afdbbcd3
6373,14471,زاپێن,fa,فارسی,بازی با زاپ,5f16fc33-8c0b-4cb7-85ab-cf91afdbbcd3
6375,14472,زات بردن,fa,فارسی,ترساندن,5f16fc33-8c0b-4cb7-85ab-cf91afdbbcd3
6381,14474,زاتدار,fa,فارسی,متهور,5f16fc33-8c0b-4cb7-85ab-cf91afdbbcd3
6382,14474,زاتدار,fa,فارسی,شجاع,5f16fc33-8c0b-4cb7-85ab-cf91afdbbcd3
6385,14475,زات کردن,fa,فارسی,اقدام,5f16fc33-8c0b-4cb7-85ab-cf91afdbbcd3
6386,14475,زات کردن,fa,فارسی,نترسیدن,5f16fc33-8c0b-4cb7-85ab-cf91afdbbcd3
6389,14476,توزاندن,fa,فارسی,داغ کردن,96560cf4-030d-4268-baea-87bb57cdf631
6391,14477,توزانەوە,fa,فارسی,سو زش و درد,96560cf4-030d-4268-baea-87bb57cdf631
6394,14478,تۆزاوی,fa,فارسی,گردآلود,96560cf4-030d-4268-baea-87bb57cdf631
6398,14479,تۆزقاڵ,fa,فارسی,کمترین مقدار,96560cf4-030d-4268-baea-87bb57cdf631
6401,14480,تووزک,fa,فارسی,ترتیزک,96560cf4-030d-4268-baea-87bb57cdf631
6403,14481,تۆزکاڵ,fa,فارسی,کمترین مقدار,96560cf4-030d-4268-baea-87bb57cdf631
6406,14482,تووزکردن,fa,فارسی,پیوند زدن,96560cf4-030d-4268-baea-87bb57cdf631
6410,14483,تۆزکردن,fa,فارسی,برانگیختن غبار,96560cf4-030d-4268-baea-87bb57cdf631
6411,14483,تۆزکردن,fa,فارسی,کنایە از آشوب برپا کردن,96560cf4-030d-4268-baea-87bb57cdf631
6413,14484,تۆزڵانە,fa,فارسی,تۆزقاڵ,96560cf4-030d-4268-baea-87bb57cdf631
6415,14485,تۆزڵقان,fa,فارسی,تۆزقاڵ,96560cf4-030d-4268-baea-87bb57cdf631
6417,14486,تۆزلێ هەڵنەسان,fa,فارسی,کنایە از خست,96560cf4-030d-4268-baea-87bb57cdf631
6419,14487,توزولکە,fa,فارسی,اندک,96560cf4-030d-4268-baea-87bb57cdf631
6422,14488,تووزەلە,fa,فارسی,مزمار,96560cf4-030d-4268-baea-87bb57cdf631
6429,14489,تووزیان,fa,فارسی,سوزش,96560cf4-030d-4268-baea-87bb57cdf631
6430,14489,تووزیان,fa,فارسی,لغزیدن,96560cf4-030d-4268-baea-87bb57cdf631
6434,14490,تووزیانەوە,fa,فارسی,احساس سوزش,96560cf4-030d-4268-baea-87bb57cdf631
6437,14491,تۆزین,fa,فارسی,غبار آلود,96560cf4-030d-4268-baea-87bb57cdf631
6441,14492,تووژ,fa,فارسی,تیز در برش و در مزە,96560cf4-030d-4268-baea-87bb57cdf631
6442,14492,تووژ,fa,فارسی,کاشە,96560cf4-030d-4268-baea-87bb57cdf631
6446,14493,تووژاڵ,fa,فارسی,کاشە,96560cf4-030d-4268-baea-87bb57cdf631
6448,14494,تووژک,fa,فارسی,کاشە,96560cf4-030d-4268-baea-87bb57cdf631
6451,14495,تووژگ,fa,فارسی,دشند,96560cf4-030d-4268-baea-87bb57cdf631
6452,14495,تووژگ,fa,فارسی,خنجر,96560cf4-030d-4268-baea-87bb57cdf631
6471,14496,تۆژەر,fa,فارسی,پژوهشگر,96560cf4-030d-4268-baea-87bb57cdf631
6458,14497,توژی,fa,فارسی,پخش کردن,96560cf4-030d-4268-baea-87bb57cdf631
6461,14498,تووژی,fa,فارسی,تیزی تیغ,96560cf4-030d-4268-baea-87bb57cdf631
6462,14498,تووژی,fa,فارسی,تیزی مزە,96560cf4-030d-4268-baea-87bb57cdf631
6465,14499,تووس,fa,فارسی,گیاهی است,96560cf4-030d-4268-baea-87bb57cdf631
6473,14500,تۆسکاڵ,fa,فارسی,تۆزقاڵ,96560cf4-030d-4268-baea-87bb57cdf631
6476,14501,سەرکێش,fa,فارسی,اسب سرکش و رام نشدە,96560cf4-030d-4268-baea-87bb57cdf631
6480,14502,تۆسی,fa,فارسی,گیاهی است خاردار,96560cf4-030d-4268-baea-87bb57cdf631
6485,14503,توش,fa,فارسی,باهم رویر و شدن,96560cf4-030d-4268-baea-87bb57cdf631
6486,14503,توش,fa,فارسی,هوای سرد و بارانی,96560cf4-030d-4268-baea-87bb57cdf631
6487,14503,توش,fa,فارسی,اسب چموش,96560cf4-030d-4268-baea-87bb57cdf631
6488,14503,توش,fa,فارسی,آدم موذی و بداخلاق,96560cf4-030d-4268-baea-87bb57cdf631
6490,14504,تووشال,fa,فارسی,تووژاڵ,96560cf4-030d-4268-baea-87bb57cdf631
6494,14505,توش بوون,fa,فارسی,روبەروشدن,96560cf4-030d-4268-baea-87bb57cdf631
6495,14505,توش بوون,fa,فارسی,گرفتار شدن,96560cf4-030d-4268-baea-87bb57cdf631
6499,14506,توشتیر,fa,فارسی,بزغالە دوسالە,96560cf4-030d-4268-baea-87bb57cdf631
6504,14507,توشک,fa,فارسی,تووژاڵ,96560cf4-030d-4268-baea-87bb57cdf631
6505,14507,توشک,fa,فارسی,کارد و خنجر,96560cf4-030d-4268-baea-87bb57cdf631
6506,14507,توشک,fa,فارسی,سرمای سخت,96560cf4-030d-4268-baea-87bb57cdf631
6508,14508,تۆشک,fa,فارسی,توشە,96560cf4-030d-4268-baea-87bb57cdf631
6512,14509,تووشکردن,fa,فارسی,گرفتار کردن,96560cf4-030d-4268-baea-87bb57cdf631
6513,14509,تووشکردن,fa,فارسی,روبرو کردن,96560cf4-030d-4268-baea-87bb57cdf631
6514,14509,تووشکردن,fa,فارسی,منقلب شدن هوا,96560cf4-030d-4268-baea-87bb57cdf631
6517,14510,تۆشڵ,fa,فارسی,پوست,96560cf4-030d-4268-baea-87bb57cdf631
6518,14510,تۆشڵ,fa,فارسی,پوستە,96560cf4-030d-4268-baea-87bb57cdf631
6522,14511,توشماڵ,fa,فارسی,سر پرست خانوادە,96560cf4-030d-4268-baea-87bb57cdf631
6523,14511,توشماڵ,fa,فارسی,کدخدا,96560cf4-030d-4268-baea-87bb57cdf631
6527,14512,تۆشە,fa,فارسی,آذوقە,96560cf4-030d-4268-baea-87bb57cdf631
6528,14512,تۆشە,fa,فارسی,توشە سفر,96560cf4-030d-4268-baea-87bb57cdf631
6531,14513,توشهاتن,fa,فارسی,روبر شدن,96560cf4-030d-4268-baea-87bb57cdf631
6532,14513,توشهاتن,fa,فارسی,گرفتار شدن,96560cf4-030d-4268-baea-87bb57cdf631
8332,14514,تۆشەبەرە,fa,فارسی,خرج,96560cf4-030d-4268-baea-87bb57cdf631
8333,14514,تۆشەبەرە,fa,فارسی,توشەدان,96560cf4-030d-4268-baea-87bb57cdf631
6538,14515,تووشی,fa,فارسی,ستیزەجونی,96560cf4-030d-4268-baea-87bb57cdf631
6539,14515,تووشی,fa,فارسی,سرد و بارانی بودن هوا,96560cf4-030d-4268-baea-87bb57cdf631
6542,14516,توشیار,fa,فارسی,دچار,96560cf4-030d-4268-baea-87bb57cdf631
6543,14516,توشیار,fa,فارسی,روبر شدن,96560cf4-030d-4268-baea-87bb57cdf631
6549,14517,تۆف,fa,فارسی,موسم,96560cf4-030d-4268-baea-87bb57cdf631
6550,14517,تۆف,fa,فارسی,عنفوان,96560cf4-030d-4268-baea-87bb57cdf631
6551,14517,تۆف,fa,فارسی,کولاک,96560cf4-030d-4268-baea-87bb57cdf631
6552,14517,تۆف,fa,فارسی,دیوار دور باغ و بستان,96560cf4-030d-4268-baea-87bb57cdf631
6554,14518,تۆفڵە,fa,فارسی,جوانە برگ درخت,96560cf4-030d-4268-baea-87bb57cdf631
6556,14519,تۆفال,fa,فارسی,تکەهای نازک و باریک از مس کە در مسگری بە جای ماند,96560cf4-030d-4268-baea-87bb57cdf631
6558,14520,تۆفاڵ,fa,فارسی,تفالە,96560cf4-030d-4268-baea-87bb57cdf631
6561,14521,تۆفان,fa,فارسی,کولاک,96560cf4-030d-4268-baea-87bb57cdf631
6562,14521,تۆفان,fa,فارسی,طوفان نوح,96560cf4-030d-4268-baea-87bb57cdf631
6564,14522,تۆفانە,fa,فارسی,پشە,96560cf4-030d-4268-baea-87bb57cdf631
6566,14523,تۆفک,fa,فارسی,دانە ای کە آنرا بو دهند,96560cf4-030d-4268-baea-87bb57cdf631
6569,14524,تۆفڵ,fa,فارسی,قشر,96560cf4-030d-4268-baea-87bb57cdf631
6570,14524,تۆفڵ,fa,فارسی,پوستە,96560cf4-030d-4268-baea-87bb57cdf631
6573,14525,تۆفە,fa,فارسی,کولاک,96560cf4-030d-4268-baea-87bb57cdf631
6574,14525,تۆفە,fa,فارسی,چین دیوار گلی,96560cf4-030d-4268-baea-87bb57cdf631
6577,14526,توفیر,fa,فارسی,فرق,96560cf4-030d-4268-baea-87bb57cdf631
6578,14526,توفیر,fa,فارسی,توفیر,96560cf4-030d-4268-baea-87bb57cdf631
6582,14527,تۆڤ,fa,فارسی,بذر,96560cf4-030d-4268-baea-87bb57cdf631
6583,14527,تۆڤ,fa,فارسی,تخم,96560cf4-030d-4268-baea-87bb57cdf631
6584,14527,تۆڤ,fa,فارسی,طوڕ,96560cf4-030d-4268-baea-87bb57cdf631
6602,14528,تۆق,fa,فارسی,حلقە,96560cf4-030d-4268-baea-87bb57cdf631
6603,14528,تۆق,fa,فارسی,بالاترین نقطە,96560cf4-030d-4268-baea-87bb57cdf631
6604,14528,تۆق,fa,فارسی,گردن بند زرین,96560cf4-030d-4268-baea-87bb57cdf631
6595,14529,یاینجی,fa,فارسی,نگا دێوجامە,d641c5d5-6362-478e-b261-1d3ba03b0e00
6607,14530,تۆقا,fa,فارسی,منفجر شد,96560cf4-030d-4268-baea-87bb57cdf631
6608,14530,تۆقا,fa,فارسی,زهرە ترک شد,96560cf4-030d-4268-baea-87bb57cdf631
6614,14531,یاتاخ,fa,فارسی,رختخواب,d641c5d5-6362-478e-b261-1d3ba03b0e00
6620,14533,یاجوج باجوج,fa,فارسی,یأجوج مأجوج,d641c5d5-6362-478e-b261-1d3ba03b0e00
6636,14541,راتەکاندن,fa,فارسی,تکان دادن شدید,79dd71fd-aaa5-4f5a-9211-101eeda2d0b8
6637,14541,راتەکاندن,fa,فارسی,تکانیدن زیرانداز از بالا بە پایین,79dd71fd-aaa5-4f5a-9211-101eeda2d0b8
6641,14542,راجلفین,fa,فارسی,یکەخوردن,79dd71fd-aaa5-4f5a-9211-101eeda2d0b8
6643,14543,زاتۆرە,fa,فارسی,نوە و نبیرە,5f16fc33-8c0b-4cb7-85ab-cf91afdbbcd3
6645,14544,زاتەنە,fa,فارسی,عر عر کشیدن,5f16fc33-8c0b-4cb7-85ab-cf91afdbbcd3
6647,14545,زاتیک,fa,فارسی,از عیاد ارمنیان,5f16fc33-8c0b-4cb7-85ab-cf91afdbbcd3
6650,14546,راجە,fa,فارسی,چو بدستی بلند,79dd71fd-aaa5-4f5a-9211-101eeda2d0b8
6654,14547,راچ,fa,فارسی,چرا,79dd71fd-aaa5-4f5a-9211-101eeda2d0b8
6657,14548,راچاندن,fa,فارسی,ردە کردن تار بافتنی,79dd71fd-aaa5-4f5a-9211-101eeda2d0b8
6659,14549,راچاوکردن,fa,فارسی,انتخاب چیزی یاکسی برای انجام کاری,79dd71fd-aaa5-4f5a-9211-101eeda2d0b8
6661,14550,راچراندن,fa,فارسی,افقی دریدن,79dd71fd-aaa5-4f5a-9211-101eeda2d0b8
6665,14551,راچلەکاندن,fa,فارسی,نگا,79dd71fd-aaa5-4f5a-9211-101eeda2d0b8
6668,14552,راچلەکین,fa,فارسی,نگا,79dd71fd-aaa5-4f5a-9211-101eeda2d0b8
6670,14553,ڕاچون,fa,فارسی,فرورفتن زمین,79dd71fd-aaa5-4f5a-9211-101eeda2d0b8
6676,14554,راچە,fa,فارسی,الواربر سقف,79dd71fd-aaa5-4f5a-9211-101eeda2d0b8
6677,14554,راچە,fa,فارسی,برای چیە,79dd71fd-aaa5-4f5a-9211-101eeda2d0b8
6678,14554,راچە,fa,فارسی,سنج خیش,79dd71fd-aaa5-4f5a-9211-101eeda2d0b8
6680,14555,راچەفت,fa,فارسی,کنایە از احمق,79dd71fd-aaa5-4f5a-9211-101eeda2d0b8
6682,14556,راچەناندن,fa,فارسی,یکهو ترساندن,79dd71fd-aaa5-4f5a-9211-101eeda2d0b8
6684,14557,راچەنین,fa,فارسی,یکەخوردن,79dd71fd-aaa5-4f5a-9211-101eeda2d0b8
6687,14558,راچێتە,fa,فارسی,نسخە دکتر,79dd71fd-aaa5-4f5a-9211-101eeda2d0b8
6691,14559,راخ,fa,فارسی,تیپەو کوە سرسبز,79dd71fd-aaa5-4f5a-9211-101eeda2d0b8
6692,14559,راخ,fa,فارسی,غم,79dd71fd-aaa5-4f5a-9211-101eeda2d0b8
6694,14560,یاخوا,fa,فارسی,حرف تمنا,d641c5d5-6362-478e-b261-1d3ba03b0e00
6697,14561,دارپاچ,fa,فارسی,دهرە,fbaa1310-1a57-4439-b4e4-2b6fb312b455
6699,14562,دارتاش,fa,فارسی,درودگر,fbaa1310-1a57-4439-b4e4-2b6fb312b455
6700,14562,دارتاش,fa,فارسی,نجار,fbaa1310-1a57-4439-b4e4-2b6fb312b455
6702,14563,دارتاشخانە,fa,فارسی,کارگاه نجاری,fbaa1310-1a57-4439-b4e4-2b6fb312b455
6705,14564,دارتەم,fa,فارسی,تابوت,fbaa1310-1a57-4439-b4e4-2b6fb312b455
6707,14565,دارزانن,fa,فارسی,داڕزاندن,fbaa1310-1a57-4439-b4e4-2b6fb312b455
6709,14566,داڕزاو,fa,فارسی,از هم پاشیدە,fbaa1310-1a57-4439-b4e4-2b6fb312b455
6710,14566,داڕزاو,fa,فارسی,بسیار پختە,fbaa1310-1a57-4439-b4e4-2b6fb312b455
6713,14567,داڕزای,fa,فارسی,بسیار پختە,fbaa1310-1a57-4439-b4e4-2b6fb312b455
6715,14568,داڕزیاگ,fa,فارسی,داڕزان,fbaa1310-1a57-4439-b4e4-2b6fb312b455
6717,14569,داڕزباو,fa,فارسی,داڕزاو,fbaa1310-1a57-4439-b4e4-2b6fb312b455
6719,14570,دارچین,fa,فارسی,دارچین,fbaa1310-1a57-4439-b4e4-2b6fb312b455
6770,14596,داخز,fa,فارسی,شیب,fbaa1310-1a57-4439-b4e4-2b6fb312b455
6772,14597,داڕزیان,fa,فارسی,داڕزان,fbaa1310-1a57-4439-b4e4-2b6fb312b455
6774,14598,زاتیک,fa,فارسی,از اعیاد ارمنیان,5f16fc33-8c0b-4cb7-85ab-cf91afdbbcd3
6776,14599,زاج,fa,فارسی,موی پیشانی بچە,5f16fc33-8c0b-4cb7-85ab-cf91afdbbcd3
6777,14599,زاج,fa,فارسی,زاج,5f16fc33-8c0b-4cb7-85ab-cf91afdbbcd3
6780,14600,زاجلانەی,fa,فارسی,درد زایمان,5f16fc33-8c0b-4cb7-85ab-cf91afdbbcd3
6782,14601,زاجلانی,fa,فارسی,اولین درد زایمان,5f16fc33-8c0b-4cb7-85ab-cf91afdbbcd3
6784,14602,زاج و پەرچەم,fa,فارسی,کاکل و موی پیشانی بچە,5f16fc33-8c0b-4cb7-85ab-cf91afdbbcd3
6786,14603,راچەفت,fa,فارسی,کنایە از احمق,79dd71fd-aaa5-4f5a-9211-101eeda2d0b8
6788,14604,راچەناندن,fa,فارسی,یکهو ترساندن,79dd71fd-aaa5-4f5a-9211-101eeda2d0b8
6790,14605,راچەنین,fa,فارسی,یکەخوردن,79dd71fd-aaa5-4f5a-9211-101eeda2d0b8
6793,14606,راخران,fa,فارسی,گستردە شدن,79dd71fd-aaa5-4f5a-9211-101eeda2d0b8
6795,14607,راخراندن,fa,فارسی,برزمین کشیدن,79dd71fd-aaa5-4f5a-9211-101eeda2d0b8
6799,14608,راخراو,fa,فارسی,گستردە,79dd71fd-aaa5-4f5a-9211-101eeda2d0b8
6800,14608,راخراو,fa,فارسی,راهی شدە,79dd71fd-aaa5-4f5a-9211-101eeda2d0b8
6805,14609,راخستن,fa,فارسی,گستردن,79dd71fd-aaa5-4f5a-9211-101eeda2d0b8
6806,14609,راخستن,fa,فارسی,راەاندازی,79dd71fd-aaa5-4f5a-9211-101eeda2d0b8
6807,14609,راخستن,fa,فارسی,راهی کردن,79dd71fd-aaa5-4f5a-9211-101eeda2d0b8
6812,14610,راخشین,fa,فارسی,تیر کشیدن ستارە,79dd71fd-aaa5-4f5a-9211-101eeda2d0b8
6813,14610,راخشین,fa,فارسی,خزیدن خزندە,79dd71fd-aaa5-4f5a-9211-101eeda2d0b8
6817,14611,تۆقان,fa,فارسی,انفجار,96560cf4-030d-4268-baea-87bb57cdf631
6818,14611,تۆقان,fa,فارسی,زهرە ترک شدن,96560cf4-030d-4268-baea-87bb57cdf631
6819,14611,تۆقان,fa,فارسی,حلقە های آهنی,96560cf4-030d-4268-baea-87bb57cdf631
6823,14612,تۆقاندن,fa,فارسی,منفجر کردن,96560cf4-030d-4268-baea-87bb57cdf631
6824,14612,تۆقاندن,fa,فارسی,ترساندن,96560cf4-030d-4268-baea-87bb57cdf631
6827,14613,تۆق تۆقە,fa,فارسی,فشفشە,96560cf4-030d-4268-baea-87bb57cdf631
6829,14614,تۆق تۆقیلە,fa,فارسی,گیاهی است,96560cf4-030d-4268-baea-87bb57cdf631
6831,14615,توق کردن,fa,فارسی,خستە شدن کودک از گریە,96560cf4-030d-4268-baea-87bb57cdf631
6834,14616,تۆقلە,fa,فارسی,تاول,96560cf4-030d-4268-baea-87bb57cdf631
6836,14617,تۆقلە کردن,fa,فارسی,تاول زدن,96560cf4-030d-4268-baea-87bb57cdf631
6840,14618,تۆقە سەر,fa,فارسی,بالاترین نقطە,96560cf4-030d-4268-baea-87bb57cdf631
6841,14618,تۆقە سەر,fa,فارسی,تارک,96560cf4-030d-4268-baea-87bb57cdf631
6843,14619,تۆقیان,fa,فارسی,زهرە ترک شدن,96560cf4-030d-4268-baea-87bb57cdf631
6846,14620,تۆقین,fa,فارسی,از ترس زهرەترک شدن,96560cf4-030d-4268-baea-87bb57cdf631
6847,14620,تۆقین,fa,فارسی,منفجر شدن,96560cf4-030d-4268-baea-87bb57cdf631
6861,14621,تووک,fa,فارسی,پر,96560cf4-030d-4268-baea-87bb57cdf631
6862,14621,تووک,fa,فارسی,مو,96560cf4-030d-4268-baea-87bb57cdf631
6863,14621,تووک,fa,فارسی,روش و اخلاق,96560cf4-030d-4268-baea-87bb57cdf631
6864,14621,تووک,fa,فارسی,شادی و سر حالی,96560cf4-030d-4268-baea-87bb57cdf631
6865,14621,تووک,fa,فارسی,دوعای شر,96560cf4-030d-4268-baea-87bb57cdf631
6866,14621,تووک,fa,فارسی,نفرین,96560cf4-030d-4268-baea-87bb57cdf631
6867,14621,تووک,fa,فارسی,نک تیز هر چیز,96560cf4-030d-4268-baea-87bb57cdf631
6868,14621,تووک,fa,فارسی,پرندە ای است,96560cf4-030d-4268-baea-87bb57cdf631
6869,14621,تووک,fa,فارسی,اندک,96560cf4-030d-4268-baea-87bb57cdf631
6870,14621,تووک,fa,فارسی,کم,96560cf4-030d-4268-baea-87bb57cdf631
6872,14622,تۆک,fa,فارسی,پوست درخت,96560cf4-030d-4268-baea-87bb57cdf631
6876,14623,تووکانن,fa,فارسی,شکستن تخم مرغ با منتقار,96560cf4-030d-4268-baea-87bb57cdf631
6877,14623,تووکانن,fa,فارسی,آزمودن تخم مرغ با دندان,96560cf4-030d-4268-baea-87bb57cdf631
6879,14624,تووک روونی,fa,فارسی,کنایە از خوش گذرانی,96560cf4-030d-4268-baea-87bb57cdf631
6882,14625,توکنکردن,fa,فارسی,پر در آوردن جوجە,96560cf4-030d-4268-baea-87bb57cdf631
6883,14625,توکنکردن,fa,فارسی,نفرین,96560cf4-030d-4268-baea-87bb57cdf631
6887,14626,تۆکڵ,fa,فارسی,قشر,96560cf4-030d-4268-baea-87bb57cdf631
6888,14626,تۆکڵ,fa,فارسی,پوستە,96560cf4-030d-4268-baea-87bb57cdf631
6891,14627,تۆکمە,fa,فارسی,آدم قد کوتاه چاق و نیر ومند,96560cf4-030d-4268-baea-87bb57cdf631
6892,14627,تۆکمە,fa,فارسی,هر چیز میان پر و محکم,96560cf4-030d-4268-baea-87bb57cdf631
6895,14628,تۆکمەچی,fa,فارسی,اسلحە ساز,96560cf4-030d-4268-baea-87bb57cdf631
6900,14629,تووکن,fa,فارسی,پرمو,96560cf4-030d-4268-baea-87bb57cdf631
6901,14629,تووکن,fa,فارسی,پشمالو,96560cf4-030d-4268-baea-87bb57cdf631
6911,14633,یاخی,fa,فارسی,متمرد,d641c5d5-6362-478e-b261-1d3ba03b0e00
6912,14633,یاخی,fa,فارسی,یاغی,d641c5d5-6362-478e-b261-1d3ba03b0e00
6913,14633,یاخی,fa,فارسی,کوە صعب العبور,d641c5d5-6362-478e-b261-1d3ba03b0e00
6914,14633,یاخی,fa,فارسی,رودخانەء بی گدار,d641c5d5-6362-478e-b261-1d3ba03b0e00
6937,14642,زاخ,fa,فارسی,زاغە,5f16fc33-8c0b-4cb7-85ab-cf91afdbbcd3
6938,14642,زاخ,fa,فارسی,زاج,5f16fc33-8c0b-4cb7-85ab-cf91afdbbcd3
6939,14642,زاخ,fa,فارسی,صخرە,5f16fc33-8c0b-4cb7-85ab-cf91afdbbcd3
6940,14642,زاخ,fa,فارسی,تحریک,5f16fc33-8c0b-4cb7-85ab-cf91afdbbcd3
6941,14642,زاخ,fa,فارسی,تشجیع,5f16fc33-8c0b-4cb7-85ab-cf91afdbbcd3
6942,14642,زاخ,fa,فارسی,پرند,5f16fc33-8c0b-4cb7-85ab-cf91afdbbcd3
6943,14642,زاخ,fa,فارسی,خط,5f16fc33-8c0b-4cb7-85ab-cf91afdbbcd3
6945,14643,زاخان,fa,فارسی,سنگلاخ صعب العبور,5f16fc33-8c0b-4cb7-85ab-cf91afdbbcd3
6947,14644,زاخاو,fa,فارسی,زکاب,5f16fc33-8c0b-4cb7-85ab-cf91afdbbcd3
6950,14645,زاخاودان,fa,فارسی,پیوند دادن با زکاب,5f16fc33-8c0b-4cb7-85ab-cf91afdbbcd3
6951,14645,زاخاودان,fa,فارسی,کتابە از خوش گذشتن,5f16fc33-8c0b-4cb7-85ab-cf91afdbbcd3
6953,14646,زاخاودانەوە,fa,فارسی,نگا: زاخاودان,5f16fc33-8c0b-4cb7-85ab-cf91afdbbcd3
6955,14647,دارچینی,fa,فارسی,دارچین,fbaa1310-1a57-4439-b4e4-2b6fb312b455
6958,14648,دارچک,fa,فارسی,درخت بوتەای,fbaa1310-1a57-4439-b4e4-2b6fb312b455
6960,14649,دارجگەرە,fa,فارسی,چوب سیگار,fbaa1310-1a57-4439-b4e4-2b6fb312b455
6964,14650,دارجغارە,fa,فارسی,چوب سیگار,fbaa1310-1a57-4439-b4e4-2b6fb312b455
6966,14651,دارتەل,fa,فارسی,عمود تلفن,fbaa1310-1a57-4439-b4e4-2b6fb312b455
6969,14652,دارتەون,fa,فارسی,چارچوبە دستگاه قالی بافی,fbaa1310-1a57-4439-b4e4-2b6fb312b455
6971,14653,دارتێل,fa,فارسی,عمود تلفن,fbaa1310-1a57-4439-b4e4-2b6fb312b455
6973,14654,دارتەقێنە,fa,فارسی,دارکوب,fbaa1310-1a57-4439-b4e4-2b6fb312b455
6976,14655,دارتەڤن,fa,فارسی,چارچوبە دستگاه قالی بافی,fbaa1310-1a57-4439-b4e4-2b6fb312b455
6979,14656,داربەنک,fa,فارسی,درخت بنە,fbaa1310-1a57-4439-b4e4-2b6fb312b455
6984,14659,یاخی گەری,fa,فارسی,سرکشی,d641c5d5-6362-478e-b261-1d3ba03b0e00
6987,14660,راخورین,fa,فارسی,تهدید,79dd71fd-aaa5-4f5a-9211-101eeda2d0b8
6988,14660,راخورین,fa,فارسی,هی کردن حیوان,79dd71fd-aaa5-4f5a-9211-101eeda2d0b8
6991,14661,راخوستن,fa,فارسی,التجاکردن,79dd71fd-aaa5-4f5a-9211-101eeda2d0b8
6992,14661,راخوستن,fa,فارسی,پناە بردن,79dd71fd-aaa5-4f5a-9211-101eeda2d0b8
6994,14662,راخوشین,fa,فارسی,نگا,79dd71fd-aaa5-4f5a-9211-101eeda2d0b8
6996,14663,راخە,fa,فارسی,بگستر,79dd71fd-aaa5-4f5a-9211-101eeda2d0b8
6997,14663,راخە,fa,فارسی,امر بە گستردن,79dd71fd-aaa5-4f5a-9211-101eeda2d0b8
7001,14664,راخەر,fa,فارسی,زیراندار,79dd71fd-aaa5-4f5a-9211-101eeda2d0b8
7002,14664,راخەر,fa,فارسی,گسترندە,79dd71fd-aaa5-4f5a-9211-101eeda2d0b8
7005,14665,راد,fa,فارسی,پرە تیر,79dd71fd-aaa5-4f5a-9211-101eeda2d0b8
7006,14665,راد,fa,فارسی,سوفار,79dd71fd-aaa5-4f5a-9211-101eeda2d0b8
7012,14666,رادار,fa,فارسی,راهزن,79dd71fd-aaa5-4f5a-9211-101eeda2d0b8
7013,14666,رادار,fa,فارسی,راهدار,79dd71fd-aaa5-4f5a-9211-101eeda2d0b8
7014,14666,رادار,fa,فارسی,پاسبان راە,79dd71fd-aaa5-4f5a-9211-101eeda2d0b8
7017,14667,رادارانە,fa,فارسی,باج سرراە,79dd71fd-aaa5-4f5a-9211-101eeda2d0b8
7019,14668,رادارخانە,fa,فارسی,باجگاە,79dd71fd-aaa5-4f5a-9211-101eeda2d0b8
7021,14669,راداری,fa,فارسی,باجگیری,79dd71fd-aaa5-4f5a-9211-101eeda2d0b8
7023,14670,راداشتن,fa,فارسی,بچە بر دست گرفتن بری دفع ادرار و مدفوع,79dd71fd-aaa5-4f5a-9211-101eeda2d0b8
7029,14671,رادان,fa,فارسی,سفارش ساختن,79dd71fd-aaa5-4f5a-9211-101eeda2d0b8
7030,14671,رادان,fa,فارسی,جلو روبیدن,79dd71fd-aaa5-4f5a-9211-101eeda2d0b8
7031,14671,رادان,fa,فارسی,مد دریا,79dd71fd-aaa5-4f5a-9211-101eeda2d0b8
7032,14671,رادان,fa,فارسی,چوبی کە بە چای قفل پشت در نهند,79dd71fd-aaa5-4f5a-9211-101eeda2d0b8
7033,14671,رادان,fa,فارسی,افر وختن بختاری,79dd71fd-aaa5-4f5a-9211-101eeda2d0b8
7056,14681,زاخدار,fa,فارسی,تیغ جوهردار,5f16fc33-8c0b-4cb7-85ab-cf91afdbbcd3
7057,14681,زاخدار,fa,فارسی,کنایە از هنرمند,5f16fc33-8c0b-4cb7-85ab-cf91afdbbcd3
7061,14682,زاخر,fa,فارسی,نشیب سنگڵاخی,5f16fc33-8c0b-4cb7-85ab-cf91afdbbcd3
7062,14682,زاخر,fa,فارسی,زاغە,5f16fc33-8c0b-4cb7-85ab-cf91afdbbcd3
7066,14684,زاخور,fa,فارسی,نگا: رەهۆڵ,5f16fc33-8c0b-4cb7-85ab-cf91afdbbcd3
7082,14694,ئاریشە,fa,فارسی,دشوار,f65f7d2f-996a-4df7-a10e-c6e846940032
7084,14695,ئاریکار,fa,فارسی,یاری دھندە,f65f7d2f-996a-4df7-a10e-c6e846940032
7118,14699,یاد,fa,فارسی,ذکر و یاد کسی در غیابش,d641c5d5-6362-478e-b261-1d3ba03b0e00
7119,14699,یاد,fa,فارسی,یاد,d641c5d5-6362-478e-b261-1d3ba03b0e00
7120,14699,یاد,fa,فارسی,حافیظە,d641c5d5-6362-478e-b261-1d3ba03b0e00
7097,14702,داربەنک,fa,فارسی,درخت بنە,fbaa1310-1a57-4439-b4e4-2b6fb312b455
7100,14704,رادارانە,fa,فارسی,روستایی نزدیک نقدە,79dd71fd-aaa5-4f5a-9211-101eeda2d0b8
7102,14705,یاداوەر,fa,فارسی,بەیاد آردون,d641c5d5-6362-478e-b261-1d3ba03b0e00
7104,14706,رادو,fa,فارسی,فرار دختر با پسر,79dd71fd-aaa5-4f5a-9211-101eeda2d0b8
7106,14707,یاداشت,fa,فارسی,یادداشت,d641c5d5-6362-478e-b261-1d3ba03b0e00
7108,14708,رادوکەوتن,fa,فارسی,فرار دختر با پرس,79dd71fd-aaa5-4f5a-9211-101eeda2d0b8
7110,14709,یاداوەر,fa,فارسی,بەیاد آمدن,d641c5d5-6362-478e-b261-1d3ba03b0e00
7112,14710,یاداوەری,fa,فارسی,بەیاد آوردن,d641c5d5-6362-478e-b261-1d3ba03b0e00
7114,14711,رادونان,fa,فارسی,دنبال کردن باشتاب,79dd71fd-aaa5-4f5a-9211-101eeda2d0b8
7124,14712,رادوێ,fa,فارسی,رادیو,79dd71fd-aaa5-4f5a-9211-101eeda2d0b8
7126,14713,رادوێن,fa,فارسی,رادیو,79dd71fd-aaa5-4f5a-9211-101eeda2d0b8
7129,14714,توکنە,fa,فارسی,پشمالو,96560cf4-030d-4268-baea-87bb57cdf631
7130,14714,توکنە,fa,فارسی,جوجە پر در نیاوردە,96560cf4-030d-4268-baea-87bb57cdf631
7137,14715,رادە,fa,فارسی,اندازە,79dd71fd-aaa5-4f5a-9211-101eeda2d0b8
7138,14715,رادە,fa,فارسی,کیفیت,79dd71fd-aaa5-4f5a-9211-101eeda2d0b8
7139,14715,رادە,fa,فارسی,حجم,79dd71fd-aaa5-4f5a-9211-101eeda2d0b8
7140,14715,رادە,fa,فارسی,کلید چوبی,79dd71fd-aaa5-4f5a-9211-101eeda2d0b8
7141,14715,رادە,fa,فارسی,اسلحە گرفتن برای جنگ,79dd71fd-aaa5-4f5a-9211-101eeda2d0b8
7144,14716,تووکە,fa,فارسی,دانە برف,96560cf4-030d-4268-baea-87bb57cdf631
7145,14716,تووکە,fa,فارسی,نم نم باران,96560cf4-030d-4268-baea-87bb57cdf631
7148,14717,رادەر,fa,فارسی,تازە ایجاد شدە,79dd71fd-aaa5-4f5a-9211-101eeda2d0b8
7150,14718,تووکەبەر,fa,فارسی,موی زهار,96560cf4-030d-4268-baea-87bb57cdf631
7151,14718,تووکەبەر,fa,فارسی,عانە,96560cf4-030d-4268-baea-87bb57cdf631
7154,14719,تووکەتووک,fa,فارسی,نم نم باریدن,96560cf4-030d-4268-baea-87bb57cdf631
7156,14720,رادەست,fa,فارسی,تسلیم شدن,79dd71fd-aaa5-4f5a-9211-101eeda2d0b8
7160,14721,تووکەسەر,fa,فارسی,موی سر,96560cf4-030d-4268-baea-87bb57cdf631
7161,14721,تووکەسەر,fa,فارسی,کنایە از خشمگین,96560cf4-030d-4268-baea-87bb57cdf631
7163,14722,رادەست کردن,fa,فارسی,گیراودن,79dd71fd-aaa5-4f5a-9211-101eeda2d0b8
7165,14723,تووکەی سمێڵ,fa,فارسی,کنایە از شادمانی,96560cf4-030d-4268-baea-87bb57cdf631
7170,14724,تۆل,fa,فارسی,جنین,96560cf4-030d-4268-baea-87bb57cdf631
7177,14725,تۆڵ,fa,فارسی,انتقام,96560cf4-030d-4268-baea-87bb57cdf631
7178,14725,تۆڵ,fa,فارسی,فرز و چابک,96560cf4-030d-4268-baea-87bb57cdf631
7182,14726,توول,fa,فارسی,وال,96560cf4-030d-4268-baea-87bb57cdf631
7183,14726,توول,fa,فارسی,جوانە,96560cf4-030d-4268-baea-87bb57cdf631
7184,14726,توول,fa,فارسی,طول,96560cf4-030d-4268-baea-87bb57cdf631
7188,14727,تووڵ,fa,فارسی,ترکە,96560cf4-030d-4268-baea-87bb57cdf631
7193,14729,تۆڵاز,fa,فارسی,جوان شهوت ران و هرزە,96560cf4-030d-4268-baea-87bb57cdf631
7197,14730,تۆڵازی,fa,فارسی,چشم چرانی,96560cf4-030d-4268-baea-87bb57cdf631
7200,14731,تۆڵاش,fa,فارسی,پلمە چوپ و سنگ,96560cf4-030d-4268-baea-87bb57cdf631
7202,14732,توڵانەوە,fa,فارسی,در اثر پختن زیاد از هم پاشیدن,96560cf4-030d-4268-baea-87bb57cdf631
7204,14733,توڵینەوە,fa,فارسی,توڵانەوە,96560cf4-030d-4268-baea-87bb57cdf631
7206,14734,تووڵبڕ,fa,فارسی,خود را بە کوچە علی چپ زدن,96560cf4-030d-4268-baea-87bb57cdf631
7208,14735,تولح,fa,فارسی,طلوع,96560cf4-030d-4268-baea-87bb57cdf631
7211,14736,توڵخ,fa,فارسی,سیاه مایل بە خاکستری,96560cf4-030d-4268-baea-87bb57cdf631
7212,14736,توڵخ,fa,فارسی,سیاه مایل بە زرد,96560cf4-030d-4268-baea-87bb57cdf631
7214,14737,توڵخی,fa,فارسی,نوعی انگور,96560cf4-030d-4268-baea-87bb57cdf631
7217,14739,ئازاد,fa,فارسی,آزاد,f65f7d2f-996a-4df7-a10e-c6e846940032
7219,14740,ئازادکردن,fa,فارسی,آزاد کردن,f65f7d2f-996a-4df7-a10e-c6e846940032
7221,14741,ش,fa,فارسی,سکوت کردن,d641c5d5-6362-478e-b261-1d3ba03b0e00
7224,14742,زاخۆر,fa,فارس,صخرە,5f16fc33-8c0b-4cb7-85ab-cf91afdbbcd3
7225,14742,زاخۆر,fa,فارسی,غار,5f16fc33-8c0b-4cb7-85ab-cf91afdbbcd3
7228,14743,زاخۆران,fa,فارسی,عشیرتی در کردستان,5f16fc33-8c0b-4cb7-85ab-cf91afdbbcd3
7229,14743,زاخۆران,fa,فارسی,غارتڤو چپاول,5f16fc33-8c0b-4cb7-85ab-cf91afdbbcd3
7231,14744,زاخۆری,fa,فارسی,پارچە ابریشمی,5f16fc33-8c0b-4cb7-85ab-cf91afdbbcd3
7234,14745,زاخۆن,fa,فارسی,زاغە,5f16fc33-8c0b-4cb7-85ab-cf91afdbbcd3
7236,14746,زاخە,fa,فارسی,زاغە,5f16fc33-8c0b-4cb7-85ab-cf91afdbbcd3
7239,14747,زاخێ,fa,فارسی,زاغچە,5f16fc33-8c0b-4cb7-85ab-cf91afdbbcd3
7241,14748,توڵە,fa,فارسی,سگ شکاری کوچک,96560cf4-030d-4268-baea-87bb57cdf631
7243,14749,تۆڵەدانە,fa,فارسی,اش پنیرک و حبوب,96560cf4-030d-4268-baea-87bb57cdf631
7250,14750,توولەزەڕە,fa,فارسی,تاج ریزی,96560cf4-030d-4268-baea-87bb57cdf631
7251,14750,توولەزەڕە,fa,فارسی,گیاهی است خوردنی,96560cf4-030d-4268-baea-87bb57cdf631
7253,14751,تۆل دان,fa,فارسی,ویران کردن,96560cf4-030d-4268-baea-87bb57cdf631
7257,14752,تۆلک,fa,فارسی,پنیرک,96560cf4-030d-4268-baea-87bb57cdf631
7259,14753,تۆڵکێش,fa,فارسی,جوانە درخت مو را زیر خاک کردن,96560cf4-030d-4268-baea-87bb57cdf631
7263,14754,تولنج,fa,فارسی,چمباتمە,96560cf4-030d-4268-baea-87bb57cdf631
7265,14755,تولوم,fa,فارسی,طبل,96560cf4-030d-4268-baea-87bb57cdf631
7289,14757,توولە,fa,فارسی,جوانە نازک,96560cf4-030d-4268-baea-87bb57cdf631
7290,14757,توولە,fa,فارسی,پنیرک,96560cf4-030d-4268-baea-87bb57cdf631
7291,14757,توولە,fa,فارسی,سگ کوچک شکاری,96560cf4-030d-4268-baea-87bb57cdf631
7292,14757,توولە,fa,فارسی,یوز,96560cf4-030d-4268-baea-87bb57cdf631
7293,14757,توولە,fa,فارسی,بچە مار,96560cf4-030d-4268-baea-87bb57cdf631
7294,14757,توولە,fa,فارسی,مار باریک,96560cf4-030d-4268-baea-87bb57cdf631
7280,14758,تۆڵە,fa,فارسی,انتقام,96560cf4-030d-4268-baea-87bb57cdf631
7283,14759,توڵەپلنگ,fa,فارسی,یوز پلنگ,96560cf4-030d-4268-baea-87bb57cdf631
7297,14760,تۆلەترش,fa,فارسی,گیاهی است ضد انگل,96560cf4-030d-4268-baea-87bb57cdf631
7300,14761,توولەرێ,fa,فارسی,راه باریک در کوە,96560cf4-030d-4268-baea-87bb57cdf631
7302,14763,توولەسەوز,fa,فارسی,گیاهی است بلند کە تمرش شبیە زالزالک است,96560cf4-030d-4268-baea-87bb57cdf631
7312,14766,توولەک,fa,فارسی,ریزش  مو وکرک,96560cf4-030d-4268-baea-87bb57cdf631
7313,14766,توولەک,fa,فارسی,کنایە از جوان سادەرو,96560cf4-030d-4268-baea-87bb57cdf631
7316,14771,تۆڵەکە,fa,فارسی,گیاه پنیرک,96560cf4-030d-4268-baea-87bb57cdf631
7325,14772,توولەمار,fa,فارسی,مار باریک,96560cf4-030d-4268-baea-87bb57cdf631
7326,14772,توولەمار,fa,فارسی,بچە مار,96560cf4-030d-4268-baea-87bb57cdf631
7322,14773,توولەنەمام,fa,فارسی,نو نهال باریک و بلند,96560cf4-030d-4268-baea-87bb57cdf631
7328,14774,تووڵی سەوز,fa,فارسی,توولە سەوز,96560cf4-030d-4268-baea-87bb57cdf631
7330,14775,توولینە,fa,فارسی,سبدک طاس مانند,96560cf4-030d-4268-baea-87bb57cdf631
7335,14787,رادێ,fa,فارسی,نام مردانە,79dd71fd-aaa5-4f5a-9211-101eeda2d0b8
7337,14788,رادیۆ,fa,فارسی,رادیو,79dd71fd-aaa5-4f5a-9211-101eeda2d0b8
7339,14789,رادیۆن,fa,فارسی,رادیو,79dd71fd-aaa5-4f5a-9211-101eeda2d0b8
7343,14790,رار,fa,فارسی,لهیدە از حرارت,79dd71fd-aaa5-4f5a-9211-101eeda2d0b8
7344,14790,رار,fa,فارسی,سگ درندە,79dd71fd-aaa5-4f5a-9211-101eeda2d0b8
7347,14792,توم,fa,فارسی,صدای بلند و مهیب,96560cf4-030d-4268-baea-87bb57cdf631
7350,14793,تۆماتێز,fa,فارسی,گوجە فرنگی,96560cf4-030d-4268-baea-87bb57cdf631
7353,14794,تۆمار,fa,فارسی,تۆمار,96560cf4-030d-4268-baea-87bb57cdf631
7354,14794,تۆمار,fa,فارسی,ثبت در دفتر,96560cf4-030d-4268-baea-87bb57cdf631
7498,14795,تۆم,fa,فارسی,تخم,96560cf4-030d-4268-baea-87bb57cdf631
7499,14795,تۆم,fa,فارسی,بذر,96560cf4-030d-4268-baea-87bb57cdf631
7361,14796,تۆمارکردن,fa,فارسی,ثبت در دفتر,96560cf4-030d-4268-baea-87bb57cdf631
7363,14797,زاخێر,fa,فارسی,نگا: زاخر,5f16fc33-8c0b-4cb7-85ab-cf91afdbbcd3
7367,14798,زاد,fa,فارسی,توشە,5f16fc33-8c0b-4cb7-85ab-cf91afdbbcd3
7368,14798,زاد,fa,فارسی,غڵە و نان,5f16fc33-8c0b-4cb7-85ab-cf91afdbbcd3
7369,14798,زاد,fa,فارسی,تولید و توالید,5f16fc33-8c0b-4cb7-85ab-cf91afdbbcd3
7371,14799,زاددان,fa,فارسی,توشەدان,5f16fc33-8c0b-4cb7-85ab-cf91afdbbcd3
7373,14800,زادووەڵەد,fa,فارسی,تولید و توالد,5f16fc33-8c0b-4cb7-85ab-cf91afdbbcd3
7376,14801,زادە,fa,فارسی,فرزند,5f16fc33-8c0b-4cb7-85ab-cf91afdbbcd3
7379,14802,تۆماو,fa,فارسی,منی,96560cf4-030d-4268-baea-87bb57cdf631
7381,14803,زادەکان,fa,فارسی,فر زندان,5f16fc33-8c0b-4cb7-85ab-cf91afdbbcd3
7386,14804,تۆمبز,fa,فارسی,پشتک,96560cf4-030d-4268-baea-87bb57cdf631
7388,14805,توم تمۆک,fa,فارسی,فراخی زئر صخرە,96560cf4-030d-4268-baea-87bb57cdf631
7390,14806,تۆم رژیاگ,fa,فارسی,اختە شدە,96560cf4-030d-4268-baea-87bb57cdf631
7395,14807,توومک,fa,فارسی,طعمە شکار,96560cf4-030d-4268-baea-87bb57cdf631
7398,14808,تۆممێن,fa,فارسی,نعرە زدن,96560cf4-030d-4268-baea-87bb57cdf631
7400,14809,تۆمو,fa,فارسی,تنبان,96560cf4-030d-4268-baea-87bb57cdf631
7405,14812,حەندولە,fa,فارسی,نوعی گندم,d53e0d86-01bb-4950-863e-beb1e3d81ccf
7409,14814,حەندۆلی,fa,فارسی,مشک کوچک,d53e0d86-01bb-4950-863e-beb1e3d81ccf
7412,14815,حەندەف,fa,فارسی,تپە,d53e0d86-01bb-4950-863e-beb1e3d81ccf
7416,14817,حەنگرین,fa,فارسی,لج کردن,d53e0d86-01bb-4950-863e-beb1e3d81ccf
7445,14829,داگا,fa,فارسی,مادر بزرگ,fbaa1310-1a57-4439-b4e4-2b6fb312b455
7449,14830,داگر,fa,فارسی,غاصب,fbaa1310-1a57-4439-b4e4-2b6fb312b455
7450,14830,داگر,fa,فارسی,شامل,fbaa1310-1a57-4439-b4e4-2b6fb312b455
7451,14830,داگر,fa,فارسی,فراگیرندە,fbaa1310-1a57-4439-b4e4-2b6fb312b455
7453,14831,داگڕاندن,fa,فارسی,بە خارش افتادن جسم از بیماری,fbaa1310-1a57-4439-b4e4-2b6fb312b455
7455,14832,داگڕاو,fa,فارسی,جسم بە خارش افتادە,fbaa1310-1a57-4439-b4e4-2b6fb312b455
7458,14833,داگرتنەوە,fa,فارسی,دوبارە پرکردن,fbaa1310-1a57-4439-b4e4-2b6fb312b455
7459,14833,داگرتنەوە,fa,فارسی,برهم دوزی کنارە لباس,fbaa1310-1a57-4439-b4e4-2b6fb312b455
7462,14834,داگرسان,fa,فارسی,مشتعل شدن,fbaa1310-1a57-4439-b4e4-2b6fb312b455
7465,14835,داگرساندن,fa,فارسی,مشتعل شدن,fbaa1310-1a57-4439-b4e4-2b6fb312b455
7468,14836,داگرساو,fa,فارسی,مشتعل شدە,fbaa1310-1a57-4439-b4e4-2b6fb312b455
7470,14837,داگریساندن,fa,فارسی,مشتعل نمودن,fbaa1310-1a57-4439-b4e4-2b6fb312b455
7471,14837,داگریساندن,fa,فارسی,افروختن,fbaa1310-1a57-4439-b4e4-2b6fb312b455
7473,14838,داگوشین,fa,فارسی,فشردن از بالا بە پایین,fbaa1310-1a57-4439-b4e4-2b6fb312b455
7475,14839,داگەڕان,fa,فارسی,فرود آمدن از بلندی.,fbaa1310-1a57-4439-b4e4-2b6fb312b455
7477,14840,دامە,fa,فارسی,بازی ((داما)),fbaa1310-1a57-4439-b4e4-2b6fb312b455
7480,14841,دامەزران,fa,فارسی,جایگیر شدن,fbaa1310-1a57-4439-b4e4-2b6fb312b455
7482,14842,دامەزراندن,fa,فارسی,جایگیر کردن,fbaa1310-1a57-4439-b4e4-2b6fb312b455
7484,14843,دامەزرانن,fa,فارسی,جایگیر کردن,fbaa1310-1a57-4439-b4e4-2b6fb312b455
7486,14844,دامەزراو,fa,فارسی,جایگیر شدە,fbaa1310-1a57-4439-b4e4-2b6fb312b455
7487,14845,دامەرزیاگ,fa,فارسی,دامەزراو,fbaa1310-1a57-4439-b4e4-2b6fb312b455
7488,14845,دامەرزیاگ,fa,فارسی,جایگیر شدە,fbaa1310-1a57-4439-b4e4-2b6fb312b455
7490,14846,دامەزریان,fa,فارسی,جایگیر شدن,fbaa1310-1a57-4439-b4e4-2b6fb312b455
7492,14847,دامەزراو,fa,فارسی,جایگیر شدە,fbaa1310-1a57-4439-b4e4-2b6fb312b455
7494,14848,دامەزراندن,fa,فارسی,جایگیر کردن.,fbaa1310-1a57-4439-b4e4-2b6fb312b455
7504,14849,زار,fa,فارسی,لهجە,5f16fc33-8c0b-4cb7-85ab-cf91afdbbcd3
7505,14849,زار,fa,فارسی,کودک,5f16fc33-8c0b-4cb7-85ab-cf91afdbbcd3
7508,14850,زارا,fa,فارسی,نام شهری در کوردستان,5f16fc33-8c0b-4cb7-85ab-cf91afdbbcd3
7511,14851,زاراخن,fa,فارسی,نگا: زارەوانە,5f16fc33-8c0b-4cb7-85ab-cf91afdbbcd3
7514,14852,زارانج,fa,فارسی,کبک,5f16fc33-8c0b-4cb7-85ab-cf91afdbbcd3
7517,14853,زارانز,fa,فارسی,کبک,5f16fc33-8c0b-4cb7-85ab-cf91afdbbcd3
7522,14854,زاراو,fa,فارسی,لهجە ویژە,5f16fc33-8c0b-4cb7-85ab-cf91afdbbcd3
7523,14854,زاراو,fa,فارسی,شاش، ادرار,5f16fc33-8c0b-4cb7-85ab-cf91afdbbcd3
7526,14855,دامەهر,fa,فارسی,نامادری,fbaa1310-1a57-4439-b4e4-2b6fb312b455
7530,14856,دامەن,fa,فارسی,دامن,fbaa1310-1a57-4439-b4e4-2b6fb312b455
7536,14858,دامێن,fa,فارسی,دامنە کوە,fbaa1310-1a57-4439-b4e4-2b6fb312b455
7538,14859,دامێن پیس,fa,فارسی,فاسق,fbaa1310-1a57-4439-b4e4-2b6fb312b455
7539,14859,دامێن پیس,fa,فارسی,زانی,fbaa1310-1a57-4439-b4e4-2b6fb312b455
7540,14859,دامێن پیس,fa,فارسی,آلودە دامن,fbaa1310-1a57-4439-b4e4-2b6fb312b455
7542,14860,دامێن تەڕ,fa,فارسی,دامێن پیس,fbaa1310-1a57-4439-b4e4-2b6fb312b455
7546,14861,تۆمە,fa,فارسی,تخم,96560cf4-030d-4268-baea-87bb57cdf631
7547,14861,تۆمە,fa,فارسی,نژاد,96560cf4-030d-4268-baea-87bb57cdf631
7551,14862,تۆمەز,fa,فارسی,تونگو,96560cf4-030d-4268-baea-87bb57cdf631
7553,14863,تۆمەزا,fa,فارسی,تونگو,96560cf4-030d-4268-baea-87bb57cdf631
7555,14864,تۆمەرز,fa,فارسی,تونگو,96560cf4-030d-4268-baea-87bb57cdf631
7557,14865,تۆمەڕۆ,fa,فارسی,مجرای منی,96560cf4-030d-4268-baea-87bb57cdf631
7559,14866,تۆمەس,fa,فارسی,تونگو,96560cf4-030d-4268-baea-87bb57cdf631
7563,14867,تومەک,fa,فارسی,تنبک,96560cf4-030d-4268-baea-87bb57cdf631
7566,14868,تۆمەڵێ,fa,فارسی,تونگو,96560cf4-030d-4268-baea-87bb57cdf631
7569,14869,تون,fa,فارسی,محکم,96560cf4-030d-4268-baea-87bb57cdf631
7570,14869,تون,fa,فارسی,تندمزە,96560cf4-030d-4268-baea-87bb57cdf631
7573,14870,توون,fa,فارسی,گلخن,96560cf4-030d-4268-baea-87bb57cdf631
7574,14870,توون,fa,فارسی,تون گرمابە,96560cf4-030d-4268-baea-87bb57cdf631
7575,14870,توون,fa,فارسی,جهنم,96560cf4-030d-4268-baea-87bb57cdf631
7580,14871,تونا,fa,فارسی,نابود,96560cf4-030d-4268-baea-87bb57cdf631
7585,14873,تونج,fa,فارسی,فلز و برنج,96560cf4-030d-4268-baea-87bb57cdf631
7588,14874,تونجک,fa,فارسی,کاکل,96560cf4-030d-4268-baea-87bb57cdf631
7590,14875,توونچی,fa,فارسی,تونتاب,96560cf4-030d-4268-baea-87bb57cdf631
7591,14875,توونچی,fa,فارسی,آتش انداز,96560cf4-030d-4268-baea-87bb57cdf631
7593,14876,توونخانە,fa,فارسی,گلخن,96560cf4-030d-4268-baea-87bb57cdf631
7594,14876,توونخانە,fa,فارسی,تون حمام,96560cf4-030d-4268-baea-87bb57cdf631
7603,14877,توند,fa,فارسی,محکم,96560cf4-030d-4268-baea-87bb57cdf631
7604,14877,توند,fa,فارسی,تندمزە,96560cf4-030d-4268-baea-87bb57cdf631
7605,14877,توند,fa,فارسی,تلخ و گرم,96560cf4-030d-4268-baea-87bb57cdf631
7606,14877,توند,fa,فارسی,چست و چالاک,96560cf4-030d-4268-baea-87bb57cdf631
7607,14877,توند,fa,فارسی,عجلە و شتاب,96560cf4-030d-4268-baea-87bb57cdf631
7609,14878,تووندبوون,fa,فارسی,عصبانی شدن,96560cf4-030d-4268-baea-87bb57cdf631
7612,14879,تووندبوونەوە,fa,فارسی,سفت شدن,96560cf4-030d-4268-baea-87bb57cdf631
7614,14880,توندگرتن,fa,فارسی,محکم گرفتن,96560cf4-030d-4268-baea-87bb57cdf631
7620,14884,زاراوە,fa,فارسی,لهجە ویژە,5f16fc33-8c0b-4cb7-85ab-cf91afdbbcd3
7623,14885,زاربەسی,fa,فارسی,دهان بند,5f16fc33-8c0b-4cb7-85ab-cf91afdbbcd3
7625,14886,زاربێن,fa,فارسی,دهانەبند,5f16fc33-8c0b-4cb7-85ab-cf91afdbbcd3
7628,14887,زاربێنک,fa,فارسی,پوزە بند,5f16fc33-8c0b-4cb7-85ab-cf91afdbbcd3
7629,14887,زاربێنک,fa,فارسی,دهانەبند,5f16fc33-8c0b-4cb7-85ab-cf91afdbbcd3
7631,14888,توندوتۆڵ,fa,فارسی,چست و چالاک,96560cf4-030d-4268-baea-87bb57cdf631
7634,14889,توند و تیژ,fa,فارسی,سختگیر,96560cf4-030d-4268-baea-87bb57cdf631
7636,14890,توندە,fa,فارسی,غذای سفت,96560cf4-030d-4268-baea-87bb57cdf631
7640,14891,توندەمیجاز,fa,فارسی,عصبانی,96560cf4-030d-4268-baea-87bb57cdf631
7647,14892,توندی,fa,فارسی,سفتی,96560cf4-030d-4268-baea-87bb57cdf631
7648,14892,توندی,fa,فارسی,زیرکی,96560cf4-030d-4268-baea-87bb57cdf631
7649,14892,توندی,fa,فارسی,چالاکی,96560cf4-030d-4268-baea-87bb57cdf631
7650,14892,توندی,fa,فارسی,عصبانیت,96560cf4-030d-4268-baea-87bb57cdf631
7651,14892,توندی,fa,فارسی,تندی و گرمی در مزە,96560cf4-030d-4268-baea-87bb57cdf631
7652,14892,توندی,fa,فارسی,تیزی و تندی,96560cf4-030d-4268-baea-87bb57cdf631
7656,14893,تونک,fa,فارسی,بینی,96560cf4-030d-4268-baea-87bb57cdf631
7667,14894,تونگ,fa,فارسی,تنگ,96560cf4-030d-4268-baea-87bb57cdf631
7668,14894,تونگ,fa,فارسی,تند,96560cf4-030d-4268-baea-87bb57cdf631
7663,14895,تونگە,fa,فارسی,تنگ,96560cf4-030d-4268-baea-87bb57cdf631
7671,14896,تونە,fa,فارسی,وجود ندارد,96560cf4-030d-4268-baea-87bb57cdf631
7673,14897,توونەک,fa,فارسی,تنۆک,96560cf4-030d-4268-baea-87bb57cdf631
7677,14898,توونی,fa,فارسی,تشنە,96560cf4-030d-4268-baea-87bb57cdf631
7680,14899,تۆو,fa,فارسی,تخم,96560cf4-030d-4268-baea-87bb57cdf631
7681,14899,تۆو,fa,فارسی,بذر,96560cf4-030d-4268-baea-87bb57cdf631
7687,14900,تۆوتکاو,fa,فارسی,مردی کە توان جنسی را از دست دادە,96560cf4-030d-4268-baea-87bb57cdf631
7685,14901,تۆورژاو,fa,فارسی,تۆو تکاو,96560cf4-030d-4268-baea-87bb57cdf631
7699,14903,توەڕەشە,fa,فارسی,شاه توت,96560cf4-030d-4268-baea-87bb57cdf631
7701,14904,توەسوورە,fa,فارسی,شاه توت,96560cf4-030d-4268-baea-87bb57cdf631
7706,14905,توێ,fa,فارسی,شرحە,96560cf4-030d-4268-baea-87bb57cdf631
7707,14905,توێ,fa,فارسی,تاب و توان,96560cf4-030d-4268-baea-87bb57cdf631
7708,14905,توێ,fa,فارسی,درد و آلم,96560cf4-030d-4268-baea-87bb57cdf631
7711,14906,تۆی,fa,فارسی,جشن عروسی,96560cf4-030d-4268-baea-87bb57cdf631
7713,14907,تۆیانە,fa,فارسی,نقل و شیرینی همراه جهیزیە,96560cf4-030d-4268-baea-87bb57cdf631
7716,14909,باتڵاخ,fa,Persian,باتڵاق,ebadd113-3f1e-45e8-8dab-cfe024e7156d
7720,14910,توێتکە,fa,فارسی,آرام و قرار,96560cf4-030d-4268-baea-87bb57cdf631
7723,14911,توێتکەخواردن,fa,فارسی,آرام گرفتن,96560cf4-030d-4268-baea-87bb57cdf631
7726,14912,توێ توێ,fa,فارسی,شرحە شرحە,96560cf4-030d-4268-baea-87bb57cdf631
7727,14912,توێ توێ,fa,فارسی,لفظی کە گادوش با گاو گوید,96560cf4-030d-4268-baea-87bb57cdf631
7732,14913,توێخ,fa,فارسی,کاشە,96560cf4-030d-4268-baea-87bb57cdf631
7733,14913,توێخ,fa,فارسی,چرابە,96560cf4-030d-4268-baea-87bb57cdf631
7737,14914,رارا,fa,فارسی,متذبذب,79dd71fd-aaa5-4f5a-9211-101eeda2d0b8
7738,14914,رارا,fa,فارسی,دمدمی مزاج,79dd71fd-aaa5-4f5a-9211-101eeda2d0b8
7743,14916,رارفان,fa,فارسی,گیراوردن و ربودن,79dd71fd-aaa5-4f5a-9211-101eeda2d0b8
7745,14917,رارفاندن,fa,فارسی,گیراودن وربودن,79dd71fd-aaa5-4f5a-9211-101eeda2d0b8
7747,14918,رارفین,fa,فارسی,نگا,79dd71fd-aaa5-4f5a-9211-101eeda2d0b8
7748,14918,رارفین,fa,فارسی,رارفان,79dd71fd-aaa5-4f5a-9211-101eeda2d0b8
7750,14919,زارخۆش,fa,فارسی,شیرین زبان,5f16fc33-8c0b-4cb7-85ab-cf91afdbbcd3
7752,14920,زارخەن,fa,فارسی,زهر خند,5f16fc33-8c0b-4cb7-85ab-cf91afdbbcd3
7754,14921,زارخەنە,fa,فارسی,خندە تلخ,5f16fc33-8c0b-4cb7-85ab-cf91afdbbcd3
7758,14922,رارا,fa,فارسی,متذبذب,79dd71fd-aaa5-4f5a-9211-101eeda2d0b8
7759,14922,رارا,fa,فارسی,دمدمی مزاج,79dd71fd-aaa5-4f5a-9211-101eeda2d0b8
7760,14922,رارا,fa,فارسی,راەراە,79dd71fd-aaa5-4f5a-9211-101eeda2d0b8
7762,14923,زاردراو,fa,فارسی,دهن لق,5f16fc33-8c0b-4cb7-85ab-cf91afdbbcd3
7765,14924,زارزار,fa,فارسی,لجوج,5f16fc33-8c0b-4cb7-85ab-cf91afdbbcd3
7767,14925,زارزارک,fa,فارسی,ادا دراوردن,5f16fc33-8c0b-4cb7-85ab-cf91afdbbcd3
7769,14926,زارشڕ,fa,فارسی,دهن لق,5f16fc33-8c0b-4cb7-85ab-cf91afdbbcd3
7772,14927,زارڤە,fa,فارسی,ادای کسی را دراوردن,5f16fc33-8c0b-4cb7-85ab-cf91afdbbcd3
7775,14928,توێخڵ,fa,فارسی,قشر,96560cf4-030d-4268-baea-87bb57cdf631
7776,14928,توێخڵ,fa,فارسی,پوستە,96560cf4-030d-4268-baea-87bb57cdf631
7779,14929,تویز,fa,فارسی,جرجیر,96560cf4-030d-4268-baea-87bb57cdf631
7781,14930,تویزەڵە,fa,فارسی,جرجیر,96560cf4-030d-4268-baea-87bb57cdf631
7785,14931,تەب,fa,فارسی,تب,96560cf4-030d-4268-baea-87bb57cdf631
7801,14961,رارفین,fa,فارسی,ربایندەناگهانی,79dd71fd-aaa5-4f5a-9211-101eeda2d0b8
7804,14962,رارەڤ,fa,فارسی,راهر و عمومی,79dd71fd-aaa5-4f5a-9211-101eeda2d0b8
7806,14963,رارەڤان,fa,فارسی,نگا,79dd71fd-aaa5-4f5a-9211-101eeda2d0b8
7807,14963,رارەڤان,fa,فارسی,رارفان,79dd71fd-aaa5-4f5a-9211-101eeda2d0b8
7809,14964,رارەو,fa,فارسی,راهرو عمومی,79dd71fd-aaa5-4f5a-9211-101eeda2d0b8
7816,14965,راز,fa,فارسی,صخرە بزرگ یکپارچە در بالای کوە,79dd71fd-aaa5-4f5a-9211-101eeda2d0b8
7817,14965,راز,fa,فارسی,راز,79dd71fd-aaa5-4f5a-9211-101eeda2d0b8
7818,14965,راز,fa,فارسی,داستان کوتاە,79dd71fd-aaa5-4f5a-9211-101eeda2d0b8
7819,14965,راز,fa,فارسی,گفتوگۆی دوستانە,79dd71fd-aaa5-4f5a-9211-101eeda2d0b8
7822,14966,رازاڤ,fa,فارسی,اراستە شدە,79dd71fd-aaa5-4f5a-9211-101eeda2d0b8
7828,14970,باتە,fa,Persian,نزد تو,ebadd113-3f1e-45e8-8dab-cfe024e7156d
7830,14971,باتەقا,fa,Persian,مقابل,ebadd113-3f1e-45e8-8dab-cfe024e7156d
7836,14976,باتیسک,fa,Persian,خواهر زن,ebadd113-3f1e-45e8-8dab-cfe024e7156d
7839,14978,باتینۆک,fa,Persian,آلالە,ebadd113-3f1e-45e8-8dab-cfe024e7156d
7841,14979,زارک,fa,فارسی,دهانە,5f16fc33-8c0b-4cb7-85ab-cf91afdbbcd3
7843,14980,زارگۆتن,fa,فارسی,ترانە، اواز,5f16fc33-8c0b-4cb7-85ab-cf91afdbbcd3
7845,14981,زارگا,fa,فارسی,رویشگاە موی زهار,5f16fc33-8c0b-4cb7-85ab-cf91afdbbcd3
7847,14982,زارنەرم,fa,فارسی,چرب زبان,5f16fc33-8c0b-4cb7-85ab-cf91afdbbcd3
7851,14983,زارۆ,fa,فارسی,زالو,5f16fc33-8c0b-4cb7-85ab-cf91afdbbcd3
7852,14983,زارۆ,fa,فارسی,کودک، بچە,5f16fc33-8c0b-4cb7-85ab-cf91afdbbcd3
7855,14984,زارۆ,fa,فارسی,فر زند,5f16fc33-8c0b-4cb7-85ab-cf91afdbbcd3
7856,14984,زارۆ,fa,فارسی,کودک,5f16fc33-8c0b-4cb7-85ab-cf91afdbbcd3
7858,14985,زارۆتی,fa,فارسی,دوران کودکی,5f16fc33-8c0b-4cb7-85ab-cf91afdbbcd3
7860,14986,زاروزێچ,fa,فارسی,خانوادە,5f16fc33-8c0b-4cb7-85ab-cf91afdbbcd3
7862,14987,زارۆک,fa,فارسی,زارۆ,5f16fc33-8c0b-4cb7-85ab-cf91afdbbcd3
7864,14988,زارۆکی,fa,فارسی,دوران کودکی,5f16fc33-8c0b-4cb7-85ab-cf91afdbbcd3
7866,14989,زارۆڵە,fa,فارسی,نگا: زارۆ,5f16fc33-8c0b-4cb7-85ab-cf91afdbbcd3
7870,14990,زارە,fa,فارسی,زهرە,5f16fc33-8c0b-4cb7-85ab-cf91afdbbcd3
7871,14990,زارە,fa,فارسی,گندم نیم کوبیدە,5f16fc33-8c0b-4cb7-85ab-cf91afdbbcd3
7872,14990,زارە,fa,فارسی,موی زهار,5f16fc33-8c0b-4cb7-85ab-cf91afdbbcd3
7874,14991,زارەترەک,fa,فارسی,زهرە ترک,5f16fc33-8c0b-4cb7-85ab-cf91afdbbcd3
7876,14992,زارەچوون,fa,فارسی,زهرەترک,5f16fc33-8c0b-4cb7-85ab-cf91afdbbcd3
7878,14993,زارەزار,fa,فارسی,صدای گری متصل، زارزار,5f16fc33-8c0b-4cb7-85ab-cf91afdbbcd3
7881,14994,زارەگا,fa,فارسی,رویشگاە موی زهار,5f16fc33-8c0b-4cb7-85ab-cf91afdbbcd3
7882,14994,زارەگا,fa,فارسی,گل میمون,5f16fc33-8c0b-4cb7-85ab-cf91afdbbcd3
7884,14995,زارومبێن,fa,فارسی,دهانەبند,5f16fc33-8c0b-4cb7-85ab-cf91afdbbcd3
7888,14997,زاری,fa,فارسی,شیون,5f16fc33-8c0b-4cb7-85ab-cf91afdbbcd3
7889,14997,زاری,fa,فارسی,کودک، بچە,5f16fc33-8c0b-4cb7-85ab-cf91afdbbcd3
7892,14998,زاریان,fa,فارسی,شیون کردن,5f16fc33-8c0b-4cb7-85ab-cf91afdbbcd3
7894,14999,داردارۆک,fa,فارسی,کنایە از نان کهنە و خشک شدە.,fbaa1310-1a57-4439-b4e4-2b6fb312b455
7899,15000,داردان,fa,فارسی,آنبار هیزم,fbaa1310-1a57-4439-b4e4-2b6fb312b455
7900,15000,داردان,fa,فارسی,نهالستان,fbaa1310-1a57-4439-b4e4-2b6fb312b455
7901,15000,داردان,fa,فارسی,بەدار آویختن,fbaa1310-1a57-4439-b4e4-2b6fb312b455
7902,15000,داردان,fa,فارسی,دارزدن,fbaa1310-1a57-4439-b4e4-2b6fb312b455
7904,15001,داردۆژەنگ,fa,فارسی,دو چوب کنارە مشک,fbaa1310-1a57-4439-b4e4-2b6fb312b455
7906,15002,داردەس,fa,فارسی,چو بدستی,fbaa1310-1a57-4439-b4e4-2b6fb312b455
7908,15003,داردەست,fa,فارسی,چو بدستی,fbaa1310-1a57-4439-b4e4-2b6fb312b455
7911,15004,داردینک,fa,فارسی,چوبی کە سر آخور گذارند,fbaa1310-1a57-4439-b4e4-2b6fb312b455
7912,15004,داردینک,fa,فارسی,آخوری کە از چوب سازند,fbaa1310-1a57-4439-b4e4-2b6fb312b455
7915,15005,داڕزان,fa,فارسی,بسیار یختن,fbaa1310-1a57-4439-b4e4-2b6fb312b455
7916,15005,داڕزان,fa,فارسی,پوسیدن و از هم پاشیدن,fbaa1310-1a57-4439-b4e4-2b6fb312b455
7918,15006,داڕزاندن,fa,فارسی,ڕزانن,fbaa1310-1a57-4439-b4e4-2b6fb312b455
7919,15006,داڕزاندن,fa,فارسی,بسیار جوشاندن,fbaa1310-1a57-4439-b4e4-2b6fb312b455
7920,15006,داڕزاندن,fa,فارسی,پوساندن,fbaa1310-1a57-4439-b4e4-2b6fb312b455
7922,15007,داڕزیو,fa,فارسی,داڕزاو,fbaa1310-1a57-4439-b4e4-2b6fb312b455
7925,15008,داڕژان,fa,فارسی,پایین ریختن,fbaa1310-1a57-4439-b4e4-2b6fb312b455
7926,15008,داڕژان,fa,فارسی,ریختەگری,fbaa1310-1a57-4439-b4e4-2b6fb312b455
7929,15009,داڕژاندن,fa,فارسی,پایین ریختن,fbaa1310-1a57-4439-b4e4-2b6fb312b455
7930,15009,داڕژاندن,fa,فارسی,قالب ریزی,fbaa1310-1a57-4439-b4e4-2b6fb312b455
7933,15010,داڕژاو,fa,فارسی,پایین رختەشدە,fbaa1310-1a57-4439-b4e4-2b6fb312b455
7934,15010,داڕژاو,fa,فارسی,قالب ریزی شدە,fbaa1310-1a57-4439-b4e4-2b6fb312b455
7936,15011,داڕژتن,fa,فارسی,داڕژاندن,fbaa1310-1a57-4439-b4e4-2b6fb312b455
7938,15012,دارژمێر,fa,فارسی,سر شماری گلە با چو بدستی,fbaa1310-1a57-4439-b4e4-2b6fb312b455
7940,15013,داڕژیان,fa,فارسی,داڕژان,fbaa1310-1a57-4439-b4e4-2b6fb312b455
7942,15014,داڕژین,fa,فارسی,داڕژان,fbaa1310-1a57-4439-b4e4-2b6fb312b455
7946,15015,دارسان,fa,فارسی,جنگل,fbaa1310-1a57-4439-b4e4-2b6fb312b455
7949,15016,داڕسان,fa,فارسی,پورش بردن,fbaa1310-1a57-4439-b4e4-2b6fb312b455
7953,15017,دارستان,fa,فارسی,جنگل,fbaa1310-1a57-4439-b4e4-2b6fb312b455
7956,15018,داڕسکان,fa,فارسی,یورش بردن,fbaa1310-1a57-4439-b4e4-2b6fb312b455
7958,15019,داڕسکاندن,fa,فارسی,گرفتن و بەزور کشیدن,fbaa1310-1a57-4439-b4e4-2b6fb312b455
7960,15020,دارسیواک,fa,فارسی,چوب مسواک,fbaa1310-1a57-4439-b4e4-2b6fb312b455
7962,15021,دارشاخکردن,fa,فارسی,آبرو بردن,fbaa1310-1a57-4439-b4e4-2b6fb312b455
7965,15022,داڕشتن,fa,فارسی,دڕژاندن,fbaa1310-1a57-4439-b4e4-2b6fb312b455
7966,15022,داڕشتن,fa,فارسی,سرمە کشیدن,fbaa1310-1a57-4439-b4e4-2b6fb312b455
7968,15023,داڕشتە,fa,فارسی,در قالب شدە,fbaa1310-1a57-4439-b4e4-2b6fb312b455
7972,15024,دارشەق,fa,فارسی,چوب زیر بغل,fbaa1310-1a57-4439-b4e4-2b6fb312b455
7973,15024,دارشەق,fa,فارسی,چو بدستی چوگان بازی,fbaa1310-1a57-4439-b4e4-2b6fb312b455
7976,15025,دارشەقێن,fa,فارسی,چو بدستی چوگان بازی,fbaa1310-1a57-4439-b4e4-2b6fb312b455
7979,15026,دارغە,fa,فارسی,داروغە,fbaa1310-1a57-4439-b4e4-2b6fb312b455
7982,15028,ئازار,fa,فارسی,ماە مارس,f65f7d2f-996a-4df7-a10e-c6e846940032
7984,15029,ئازاردان,fa,فارسی,آزردان,f65f7d2f-996a-4df7-a10e-c6e846940032
7989,15034,دانەوێڵە,fa,فارسی,بنشن,fbaa1310-1a57-4439-b4e4-2b6fb312b455
8005,15041,حەیاچوو,fa,فارسی,ڕسوا,d53e0d86-01bb-4950-863e-beb1e3d81ccf
8010,15044,دارفرسەق,fa,فارسی,فرسنگ سار,fbaa1310-1a57-4439-b4e4-2b6fb312b455
8015,15045,دارڤان,fa,فارسی,کسی کە کارش قطع درخت است,fbaa1310-1a57-4439-b4e4-2b6fb312b455
8016,15045,دارڤان,fa,فارسی,کسی کە در بالا رفتن از درخت مهارت داشتە باشد,fbaa1310-1a57-4439-b4e4-2b6fb312b455
8018,15046,دارقواخ,fa,فارسی,چوب یا فلر دوسری کە هنگام تیراندازی لولە تفنگ رابر آن تکیە می دهند.,fbaa1310-1a57-4439-b4e4-2b6fb312b455
8020,15047,دارقەپان,fa,فارسی,چوبی کە قیان رابدان وصل کٌنند,fbaa1310-1a57-4439-b4e4-2b6fb312b455
8023,15048,دارقەسپ,fa,فارسی,درخت خرما,fbaa1310-1a57-4439-b4e4-2b6fb312b455
8024,15048,دارقەسپ,fa,فارسی,درخت خرما زینتی,fbaa1310-1a57-4439-b4e4-2b6fb312b455
8026,15049,دارکارچک,fa,فارسی,نوعی گلابی وحشی,fbaa1310-1a57-4439-b4e4-2b6fb312b455
8028,15050,دارقەواخ,fa,فارسی,دارقواخ,fbaa1310-1a57-4439-b4e4-2b6fb312b455
8030,15051,دارقەوام,fa,فارسی,ابراز راست کردن چوب کج,fbaa1310-1a57-4439-b4e4-2b6fb312b455
8032,15052,دارک,fa,فارسی,رگە برگ توتون,fbaa1310-1a57-4439-b4e4-2b6fb312b455
8037,15053,ش,fa,فارسی,حرف پرستس,a09069b2-3fc6-4c25-8516-d6e452cd7199
8038,15053,ش,fa,فارسی,حرف عطف,a09069b2-3fc6-4c25-8516-d6e452cd7199
8039,15053,ش,fa,فارسی,فرمان بەسکوت,a09069b2-3fc6-4c25-8516-d6e452cd7199
8047,15054,رازان,fa,فارسی,درازکشیدن,79dd71fd-aaa5-4f5a-9211-101eeda2d0b8
8048,15054,رازان,fa,فارسی,خوابیدن,79dd71fd-aaa5-4f5a-9211-101eeda2d0b8
8049,15054,رازان,fa,فارسی,امادگی,79dd71fd-aaa5-4f5a-9211-101eeda2d0b8
8054,15055,رازاندن,fa,فارسی,بەخواب وادار نمودن,79dd71fd-aaa5-4f5a-9211-101eeda2d0b8
8055,15055,رازاندن,fa,فارسی,خوابانیدن,79dd71fd-aaa5-4f5a-9211-101eeda2d0b8
8056,15055,رازاندن,fa,فارسی,اراستن,79dd71fd-aaa5-4f5a-9211-101eeda2d0b8
8059,15056,رازاندنەوە,fa,فارسی,زینت دادن,79dd71fd-aaa5-4f5a-9211-101eeda2d0b8
8060,15056,رازاندنەوە,fa,فارسی,اراستن,79dd71fd-aaa5-4f5a-9211-101eeda2d0b8
8062,15057,رازانن,fa,فارسی,اراستن,79dd71fd-aaa5-4f5a-9211-101eeda2d0b8
8064,15058,رازاننەوە,fa,فارسی,اراستن,79dd71fd-aaa5-4f5a-9211-101eeda2d0b8
8066,15059,رازانەوە,fa,فارسی,اراستە شدن,79dd71fd-aaa5-4f5a-9211-101eeda2d0b8
8068,15060,رازاوە,fa,فارسی,اراستە,79dd71fd-aaa5-4f5a-9211-101eeda2d0b8
8071,15061,رازایی,fa,فارسی,خوابیدە,79dd71fd-aaa5-4f5a-9211-101eeda2d0b8
8074,15062,رازدار,fa,فارسی,رازدار,79dd71fd-aaa5-4f5a-9211-101eeda2d0b8
8075,15062,رازدار,fa,فارسی,امین سر,79dd71fd-aaa5-4f5a-9211-101eeda2d0b8
8077,15063,رازڤان,fa,فارسی,رازدار,79dd71fd-aaa5-4f5a-9211-101eeda2d0b8
8086,15064,شا,fa,فارسی,بزرگتر,a09069b2-3fc6-4c25-8516-d6e452cd7199
8087,15064,شا,fa,فارسی,ستبرتر,a09069b2-3fc6-4c25-8516-d6e452cd7199
8088,15064,شا,fa,فارسی,شاە,a09069b2-3fc6-4c25-8516-d6e452cd7199
8089,15064,شا,fa,فارسی,برازندەتر,a09069b2-3fc6-4c25-8516-d6e452cd7199
8090,15064,شا,fa,فارسی,شاە شطرنج,a09069b2-3fc6-4c25-8516-d6e452cd7199
8091,15064,شا,fa,فارسی,شاد,a09069b2-3fc6-4c25-8516-d6e452cd7199
8092,15064,شا,fa,فارسی,خوشا,a09069b2-3fc6-4c25-8516-d6e452cd7199
8093,15064,شا,fa,فارسی,نگاه کن,a09069b2-3fc6-4c25-8516-d6e452cd7199
8094,15064,شا,fa,فارسی,ملکە زنبور عسل,a09069b2-3fc6-4c25-8516-d6e452cd7199
8097,15065,رازقی,fa,فارسی,گل رازقی,79dd71fd-aaa5-4f5a-9211-101eeda2d0b8
8098,15065,رازقی,fa,فارسی,نوعی انگور,79dd71fd-aaa5-4f5a-9211-101eeda2d0b8
8100,15066,شاباجی,fa,فارسی,خواهر شوهر,a09069b2-3fc6-4c25-8516-d6e452cd7199
8102,15067,شابادی,fa,فارسی,بادیە بزرگ,a09069b2-3fc6-4c25-8516-d6e452cd7199
8104,15068,شابادیە,fa,فارسی,بادیە بزرگ,a09069b2-3fc6-4c25-8516-d6e452cd7199
8107,15069,شاباز,fa,فارسی,باز سفید,a09069b2-3fc6-4c25-8516-d6e452cd7199
8108,15069,شاباز,fa,فارسی,نام مردانە,a09069b2-3fc6-4c25-8516-d6e452cd7199
8111,15070,شاباش,fa,فارسی,شاد باش,a09069b2-3fc6-4c25-8516-d6e452cd7199
8112,15070,شاباش,fa,فارسی,انعام خنیاگر,a09069b2-3fc6-4c25-8516-d6e452cd7199
8114,15071,زارین,fa,فارسی,گریە باصدای بلند,5f16fc33-8c0b-4cb7-85ab-cf91afdbbcd3
8116,15072,زاز,fa,فارسی,سقز موسیقی,5f16fc33-8c0b-4cb7-85ab-cf91afdbbcd3
8117,15072,زاز,fa,فارسی,نوە,5f16fc33-8c0b-4cb7-85ab-cf91afdbbcd3
8120,15073,زازا,fa,فارسی,منطقەای در کردستان,5f16fc33-8c0b-4cb7-85ab-cf91afdbbcd3
8121,15073,زازا,fa,فارسی,یکی از لهجەهای کردی,5f16fc33-8c0b-4cb7-85ab-cf91afdbbcd3
8124,15074,شاباڵ,fa,فارسی,شهپر پرندە,a09069b2-3fc6-4c25-8516-d6e452cd7199
8125,15074,شاباڵ,fa,فارسی,اندازە از سرپنجە تا گردن,a09069b2-3fc6-4c25-8516-d6e452cd7199
8127,15075,شابان,fa,فارسی,ماه شعبان,a09069b2-3fc6-4c25-8516-d6e452cd7199
8129,15076,شابانە,fa,فارسی,شابانک، علفی است,a09069b2-3fc6-4c25-8516-d6e452cd7199
8131,15077,شابست,fa,فارسی,میلە رابط قطب و پرە آسیا,a09069b2-3fc6-4c25-8516-d6e452cd7199
8134,15078,شابو,fa,فارسی,جغد، بوف,a09069b2-3fc6-4c25-8516-d6e452cd7199
8135,15078,شابو,fa,فارسی,شاد شد,a09069b2-3fc6-4c25-8516-d6e452cd7199
8137,15079,شابوق,fa,فارسی,بزرگترین شاخە درخت,a09069b2-3fc6-4c25-8516-d6e452cd7199
8139,15080,شابون,fa,فارسی,شاد شدن,a09069b2-3fc6-4c25-8516-d6e452cd7199
8141,15081,شابە,fa,فارسی,شاد باش، زندەباشی,a09069b2-3fc6-4c25-8516-d6e452cd7199
8143,15082,شابەڕو,fa,فارسی,شاە بلوط,a09069b2-3fc6-4c25-8516-d6e452cd7199
8145,15083,شابەز,fa,فارسی,سر بازرگان,a09069b2-3fc6-4c25-8516-d6e452cd7199
8147,15084,زازاکی,fa,فارسی,تکلم بە شیوە زازا,5f16fc33-8c0b-4cb7-85ab-cf91afdbbcd3
8149,15085,زاغ,fa,فارسی,خط افقی و عمودی در خط کشی,5f16fc33-8c0b-4cb7-85ab-cf91afdbbcd3
8151,15086,زاغۆر,fa,فارسی,نشیب سنگڵاخی,5f16fc33-8c0b-4cb7-85ab-cf91afdbbcd3
8152,15087,زاغور,fa,فارسی,خط کش,5f16fc33-8c0b-4cb7-85ab-cf91afdbbcd3
8155,15088,زاڤ,fa,فارسی,بسیار,5f16fc33-8c0b-4cb7-85ab-cf91afdbbcd3
8158,15090,زافت,fa,فارسی,درجەدار، افسر ارتش,5f16fc33-8c0b-4cb7-85ab-cf91afdbbcd3
8162,15092,زاف راتایی,fa,فارسی,بسیار کم شدن,5f16fc33-8c0b-4cb7-85ab-cf91afdbbcd3
8165,15093,شابەندەر,fa,فارسی,کنسول,a09069b2-3fc6-4c25-8516-d6e452cd7199
8166,15093,شابەندەر,fa,فارسی,کنایە از زبان دراز بی شرم,a09069b2-3fc6-4c25-8516-d6e452cd7199
8168,15094,زافران,fa,فارسی,زعفران,5f16fc33-8c0b-4cb7-85ab-cf91afdbbcd3
8172,15096,شابەنەر,fa,فارسی,کنسول,a09069b2-3fc6-4c25-8516-d6e452cd7199
8173,15096,شابەنەر,fa,فارسی,کنایە از زبان دراز بی شرم,a09069b2-3fc6-4c25-8516-d6e452cd7199
8175,15097,زافزاف,fa,فارسی,بسیار زیاد,5f16fc33-8c0b-4cb7-85ab-cf91afdbbcd3
8179,15098,شاب,fa,فارسی,بهمن,a09069b2-3fc6-4c25-8516-d6e452cd7199
8180,15098,شاب,fa,فارسی,سیلی,a09069b2-3fc6-4c25-8516-d6e452cd7199
8181,15098,شاب,fa,فارسی,تیپا، اردنگی,a09069b2-3fc6-4c25-8516-d6e452cd7199
8183,15099,شاپاڵوخ,fa,فارسی,پاروی پهن برف روبی، داموز,a09069b2-3fc6-4c25-8516-d6e452cd7199
8185,15100,شاپالوغ,fa,فارسی,پاروی پهن برف روبی، داموز,a09069b2-3fc6-4c25-8516-d6e452cd7199
8187,15101,شاپان,fa,فارسی,چماق صاف و کلفت,a09069b2-3fc6-4c25-8516-d6e452cd7199
8190,15102,شاپانکاری,fa,فارسی,تیپاکاری,a09069b2-3fc6-4c25-8516-d6e452cd7199
8191,15102,شاپانکاری,fa,فارسی,سیلی زدن زیاد,a09069b2-3fc6-4c25-8516-d6e452cd7199
8193,15103,شاپرزا,fa,فارسی,پریشان حال,a09069b2-3fc6-4c25-8516-d6e452cd7199
8195,15104,شاپرزە,fa,فارسی,پریشان حال,a09069b2-3fc6-4c25-8516-d6e452cd7199
8197,15105,شاپڵیتە,fa,فارسی,مشعل,a09069b2-3fc6-4c25-8516-d6e452cd7199
8199,15106,شاپوراخ,fa,فارسی,نوعی پروانە درشت,a09069b2-3fc6-4c25-8516-d6e452cd7199
8203,15107,شاپە,fa,فارسی,بهمن,a09069b2-3fc6-4c25-8516-d6e452cd7199
8204,15107,شاپە,fa,فارسی,سنگ غلتان از کوە,a09069b2-3fc6-4c25-8516-d6e452cd7199
8205,15107,شاپە,fa,فارسی,تودە ساقەهای غلە,a09069b2-3fc6-4c25-8516-d6e452cd7199
8207,15108,شاپەر,fa,فارسی,شهیر,a09069b2-3fc6-4c25-8516-d6e452cd7199
8210,15109,شاپەری,fa,فارسی,زیباترین پری,a09069b2-3fc6-4c25-8516-d6e452cd7199
8211,15109,شاپەری,fa,فارسی,نام زنانە,a09069b2-3fc6-4c25-8516-d6e452cd7199
8213,15110,شاپەریک,fa,فارسی,پروانە,a09069b2-3fc6-4c25-8516-d6e452cd7199
8216,15111,شاپەسند,fa,فارسی,گل شاە پسند,a09069b2-3fc6-4c25-8516-d6e452cd7199
8217,15111,شاپەسند,fa,فارسی,نام زنانە,a09069b2-3fc6-4c25-8516-d6e452cd7199
8220,15112,شاپەسەن,fa,فارسی,گل شاه پسند,a09069b2-3fc6-4c25-8516-d6e452cd7199
8221,15112,شاپەسەن,fa,فارسی,نام زنانە,a09069b2-3fc6-4c25-8516-d6e452cd7199
8228,15113,توویر,fa,فارسی,ترد,96560cf4-030d-4268-baea-87bb57cdf631
8229,15113,توویر,fa,فارسی,شکنندە,96560cf4-030d-4268-baea-87bb57cdf631
8230,15113,توویر,fa,فارسی,کیسە پارچە ای,96560cf4-030d-4268-baea-87bb57cdf631
8231,15113,توویر,fa,فارسی,ترپ,96560cf4-030d-4268-baea-87bb57cdf631
8234,15121,ئازایانە,fa,فارسی,شجاعانە,f65f7d2f-996a-4df7-a10e-c6e846940032
8236,15122,ئازایەتی,fa,فارسی,شجاعت,f65f7d2f-996a-4df7-a10e-c6e846940032
8238,15123,ئازپیش,fa,فارسی,آشپز,f65f7d2f-996a-4df7-a10e-c6e846940032
8239,15124,ئازری,fa,فارسی,برینی بەچڵک و کێم و ھەوا,f65f7d2f-996a-4df7-a10e-c6e846940032
8240,15124,ئازری,fa,فارسی,زخم چرکین,f65f7d2f-996a-4df7-a10e-c6e846940032
8246,15128,شاپەسەند,fa,فارسی,گل شاه پسند,a09069b2-3fc6-4c25-8516-d6e452cd7199
8247,15128,شاپەسەند,fa,فارسی,نام زنانە,a09069b2-3fc6-4c25-8516-d6e452cd7199
8249,15129,شاپێشۆز,fa,فارسی,پینە همرنگ لباس,a09069b2-3fc6-4c25-8516-d6e452cd7199
8254,15130,شات,fa,فارسی,جوانە یکسالە,a09069b2-3fc6-4c25-8516-d6e452cd7199
8255,15130,شات,fa,فارسی,لاف,a09069b2-3fc6-4c25-8516-d6e452cd7199
8256,15130,شات,fa,فارسی,فلج,a09069b2-3fc6-4c25-8516-d6e452cd7199
8257,15130,شات,fa,فارسی,جیغ,a09069b2-3fc6-4c25-8516-d6e452cd7199
8259,15131,شاتار,fa,فارسی,تار بزرگ نواختنی,a09069b2-3fc6-4c25-8516-d6e452cd7199
8263,15132,شاتاڵ,fa,فارسی,خرت و پرت اثاثیە,a09069b2-3fc6-4c25-8516-d6e452cd7199
8264,15132,شاتاڵ,fa,فارسی,لباس کهنە پارە شدە,a09069b2-3fc6-4c25-8516-d6e452cd7199
8265,15132,شاتاڵ,fa,فارسی,حملە,a09069b2-3fc6-4c25-8516-d6e452cd7199
8269,15133,شاتان,fa,فارسی,جیغ,a09069b2-3fc6-4c25-8516-d6e452cd7199
8270,15133,شاتان,fa,فارسی,اسهال,a09069b2-3fc6-4c25-8516-d6e452cd7199
8271,15133,شاتان,fa,فارسی,سپیدار,a09069b2-3fc6-4c25-8516-d6e452cd7199
8274,15134,شاتاندن,fa,فارسی,جیغ کشیدن,a09069b2-3fc6-4c25-8516-d6e452cd7199
8275,15134,شاتاندن,fa,فارسی,اسهالی ریدن,a09069b2-3fc6-4c25-8516-d6e452cd7199
8277,15135,توویری,fa,فارسی,شغال,96560cf4-030d-4268-baea-87bb57cdf631
8280,15136,توێڕی,fa,فارسی,شغال,96560cf4-030d-4268-baea-87bb57cdf631
8283,15137,تویرشە,fa,فارسی,بقچە حمام,96560cf4-030d-4268-baea-87bb57cdf631
8284,15137,تویرشە,fa,فارسی,آرایشگاه محل زینت آلات,96560cf4-030d-4268-baea-87bb57cdf631
8288,15138,شاتاول,fa,فارسی,حملە,a09069b2-3fc6-4c25-8516-d6e452cd7199
8289,15138,شاتاول,fa,فارسی,نهیب,a09069b2-3fc6-4c25-8516-d6e452cd7199
8290,15138,شاتاول,fa,فارسی,متلک،حرف تودار,a09069b2-3fc6-4c25-8516-d6e452cd7199
8294,15139,توێژ,fa,فارسی,کاشە,96560cf4-030d-4268-baea-87bb57cdf631
8295,15139,توێژ,fa,فارسی,تیز,96560cf4-030d-4268-baea-87bb57cdf631
8296,15139,توێژ,fa,فارسی,تندمزە,96560cf4-030d-4268-baea-87bb57cdf631
8299,15140,شاتر,fa,فارسی,پیادە بادپا,a09069b2-3fc6-4c25-8516-d6e452cd7199
8300,15140,شاتر,fa,فارسی,شاطر نانوایی,a09069b2-3fc6-4c25-8516-d6e452cd7199
8302,15141,توێژاڵ,fa,فارسی,کاشە,96560cf4-030d-4268-baea-87bb57cdf631
8304,15142,توێژگرتن,fa,فارسی,کاشەبستن,96560cf4-030d-4268-baea-87bb57cdf631
8306,15143,شاترنج,fa,فارسی,گیاهی است,a09069b2-3fc6-4c25-8516-d6e452cd7199
8308,15144,شاتک,fa,فارسی,رگ گردن,a09069b2-3fc6-4c25-8516-d6e452cd7199
8310,15145,تویس,fa,فارسی,گیاهی خاردار,96560cf4-030d-4268-baea-87bb57cdf631
8312,15146,تویسو,fa,فارسی,تۆسی,96560cf4-030d-4268-baea-87bb57cdf631
8314,15147,توێسو,fa,فارسی,گیاهی است خاردار,96560cf4-030d-4268-baea-87bb57cdf631
8316,15148,شاتڵ,fa,فارسی,گیاه روشنک,a09069b2-3fc6-4c25-8516-d6e452cd7199
8318,15149,توێسی,fa,فارسی,تۆسی,96560cf4-030d-4268-baea-87bb57cdf631
8320,15150,توێشتیر,fa,فارسی,بزغالە مادە دوسالە,96560cf4-030d-4268-baea-87bb57cdf631
8322,15151,توێشو,fa,فارسی,توشە,96560cf4-030d-4268-baea-87bb57cdf631
8324,15152,شاتللۆرە,fa,فارسی,بە پهلو غلتیدن از بالا,a09069b2-3fc6-4c25-8516-d6e452cd7199
8327,15153,شاتمان,fa,فارسی,نام دهی,a09069b2-3fc6-4c25-8516-d6e452cd7199
8328,15153,شاتمان,fa,فارسی,نوعی تفنگ ساخت دە (شاتمان),a09069b2-3fc6-4c25-8516-d6e452cd7199
8330,15154,شاتو,fa,فارسی,شاهتوت,a09069b2-3fc6-4c25-8516-d6e452cd7199
8335,15155,توێشوبەرە,fa,فارسی,تۆشەدان,96560cf4-030d-4268-baea-87bb57cdf631
8338,15156,شات و شوت,fa,فارسی,چانەزنی بیهودە,a09069b2-3fc6-4c25-8516-d6e452cd7199
8339,15156,شات و شوت,fa,فارسی,تبلیغات دروغین,a09069b2-3fc6-4c25-8516-d6e452cd7199
8341,15157,توێشودان,fa,فارسی,توشەدان,96560cf4-030d-4268-baea-87bb57cdf631
8343,15158,توێشوکردن,fa,فارسی,توشە آمادە کردن,96560cf4-030d-4268-baea-87bb57cdf631
8345,15159,شاتون,fa,فارسی,درخت غرب,a09069b2-3fc6-4c25-8516-d6e452cd7199
8348,15160,شاتە,fa,فارسی,لاف و گزاف,a09069b2-3fc6-4c25-8516-d6e452cd7199
8349,15160,شاتە,fa,فارسی,نان لواش,a09069b2-3fc6-4c25-8516-d6e452cd7199
8352,15161,توێشە,fa,فارسی,توشە,96560cf4-030d-4268-baea-87bb57cdf631
8354,15162,شاتەرە,fa,فارسی,گیاه شاهترە,a09069b2-3fc6-4c25-8516-d6e452cd7199
8356,15163,تویک,fa,فارسی,پوستە,96560cf4-030d-4268-baea-87bb57cdf631
8358,15164,توێک,fa,فارسی,کاشە,96560cf4-030d-4268-baea-87bb57cdf631
8360,15165,شاتەشات,fa,فارسی,سر و صدا و جنجال,a09069b2-3fc6-4c25-8516-d6e452cd7199
8362,15166,شاتەلی,fa,فارسی,لواشک,a09069b2-3fc6-4c25-8516-d6e452cd7199
8364,15167,توێکردن,fa,فارسی,شرحە کردن بر یدن بە لا یەهای نازک,96560cf4-030d-4268-baea-87bb57cdf631
8366,15168,شاتیر,fa,فارسی,بالار,a09069b2-3fc6-4c25-8516-d6e452cd7199
8371,15169,توێکڵ,fa,فارسی,قشر,96560cf4-030d-4268-baea-87bb57cdf631
8372,15169,توێکڵ,fa,فارسی,پوستە,96560cf4-030d-4268-baea-87bb57cdf631
8374,15170,شاتیمان,fa,فارسی,کلمە شهادتین,a09069b2-3fc6-4c25-8516-d6e452cd7199
8379,15171,توێڵ,fa,فارسی,پیشانی,96560cf4-030d-4268-baea-87bb57cdf631
8380,15171,توێڵ,fa,فارسی,جەمین,96560cf4-030d-4268-baea-87bb57cdf631
8384,15173,شاتیمان هێنان,fa,فارسی,گفتن کلمە شهادتین,a09069b2-3fc6-4c25-8516-d6e452cd7199
8386,15174,شاجوان,fa,فارسی,برنای زیبا,a09069b2-3fc6-4c25-8516-d6e452cd7199
8388,15175,شاجور,fa,فارسی,ساجور,a09069b2-3fc6-4c25-8516-d6e452cd7199
8390,15176,شاچاغ,fa,فارسی,از زیور آلاتی کە بە سر می زنند,a09069b2-3fc6-4c25-8516-d6e452cd7199
8398,15177,شاخ,fa,فارسی,کوە,a09069b2-3fc6-4c25-8516-d6e452cd7199
8399,15177,شاخ,fa,فارسی,کوە سنگی,a09069b2-3fc6-4c25-8516-d6e452cd7199
8400,15177,شاخ,fa,فارسی,شاخ حیوان,a09069b2-3fc6-4c25-8516-d6e452cd7199
8401,15177,شاخ,fa,فارسی,شاخە,a09069b2-3fc6-4c25-8516-d6e452cd7199
8402,15177,شاخ,fa,فارسی,باروت دان شکارچی,a09069b2-3fc6-4c25-8516-d6e452cd7199
8403,15177,شاخ,fa,فارسی,فریاد خشمناکالە,a09069b2-3fc6-4c25-8516-d6e452cd7199
8404,15177,شاخ,fa,فارسی,خراش,a09069b2-3fc6-4c25-8516-d6e452cd7199
9172,15178,شاخان,fa,فارسی,جیع خشمناکانە,a09069b2-3fc6-4c25-8516-d6e452cd7199
9173,15178,شاخان,fa,فارسی,کوهها,a09069b2-3fc6-4c25-8516-d6e452cd7199
8410,15179,دارکاری,fa,فارسی,با چوب زدن,fbaa1310-1a57-4439-b4e4-2b6fb312b455
8413,15180,دارکبژێر,fa,فارسی,جدا کردن رگەها از برگ توتون,fbaa1310-1a57-4439-b4e4-2b6fb312b455
8414,15180,دارکبژێر,fa,فارسی,کسی کە رگەهارا از برگ توتون جدامی کند.,fbaa1310-1a57-4439-b4e4-2b6fb312b455
8417,15182,دارکرۆک,fa,فارسی,دارکوب,fbaa1310-1a57-4439-b4e4-2b6fb312b455
8419,15183,دارکڕۆکە,fa,فارسی,دارکوب,fbaa1310-1a57-4439-b4e4-2b6fb312b455
8422,15184,دارکوت,fa,فارسی,دارکوب,fbaa1310-1a57-4439-b4e4-2b6fb312b455
8424,15185,دارکوتک,fa,فارسی,چوبی کە از ان برای برهم زدن آتش استفادە می شود,fbaa1310-1a57-4439-b4e4-2b6fb312b455
8426,15186,دارکوتکە,fa,فارسی,دارکوب,fbaa1310-1a57-4439-b4e4-2b6fb312b455
8428,15187,دارکۆرک,fa,فارسی,دارکوتک,fbaa1310-1a57-4439-b4e4-2b6fb312b455
8430,15188,دارکونکەرە,fa,فارسی,دارکوب,fbaa1310-1a57-4439-b4e4-2b6fb312b455
8432,15189,زاف کەردش,fa,فارسی,زیاد کردن,5f16fc33-8c0b-4cb7-85ab-cf91afdbbcd3
8434,15190,زاف نەمەند,fa,فارسی,اندک شدن,5f16fc33-8c0b-4cb7-85ab-cf91afdbbcd3
8437,15191,زافەران,fa,فارسی,زعفران,5f16fc33-8c0b-4cb7-85ab-cf91afdbbcd3
8438,15191,زافەران,fa,فارسی,نام دهی است,5f16fc33-8c0b-4cb7-85ab-cf91afdbbcd3
8442,15193,زافەی,fa,فارسی,بسیاری، زیادە,5f16fc33-8c0b-4cb7-85ab-cf91afdbbcd3
8444,15194,زافی,fa,فارسی,بسیاری، زیادە,5f16fc33-8c0b-4cb7-85ab-cf91afdbbcd3
8446,15195,زافێر,fa,فارسی,بیشتر,5f16fc33-8c0b-4cb7-85ab-cf91afdbbcd3
8449,15196,زاڤ,fa,فارسی,ستارە عطارد,5f16fc33-8c0b-4cb7-85ab-cf91afdbbcd3
8450,15196,زاڤ,fa,فارسی,زیاد,5f16fc33-8c0b-4cb7-85ab-cf91afdbbcd3
8455,15197,توویل,fa,فارسی,ترکە,96560cf4-030d-4268-baea-87bb57cdf631
8459,15198,توێڵاش,fa,فارسی,تراشە,96560cf4-030d-4268-baea-87bb57cdf631
8463,15199,توێڵبەند,fa,فارسی,پیشانی بند,96560cf4-030d-4268-baea-87bb57cdf631
8466,15200,توێن,fa,فارسی,ذوب کنندە,96560cf4-030d-4268-baea-87bb57cdf631
8468,15201,توێنەوە,fa,فارسی,ذوب کنندە,96560cf4-030d-4268-baea-87bb57cdf631
8471,15202,توێلک,fa,فارسی,پوستە,96560cf4-030d-4268-baea-87bb57cdf631
8472,15202,توێلک,fa,فارسی,از انواع درخت توت,96560cf4-030d-4268-baea-87bb57cdf631
8475,15203,تە,fa,فارسی,تو,96560cf4-030d-4268-baea-87bb57cdf631
8476,15203,تە,fa,فارسی,ضمیر مخاطب,96560cf4-030d-4268-baea-87bb57cdf631
8482,15204,تەبا,fa,فارسی,آشت,96560cf4-030d-4268-baea-87bb57cdf631
8483,15204,تەبا,fa,فارسی,با همراه,96560cf4-030d-4268-baea-87bb57cdf631
8485,15205,تەباشیر,fa,فارسی,گچ نووشتن,96560cf4-030d-4268-baea-87bb57cdf631
8487,15208,رازکرن,fa,فارسی,مناجات زیرلبی,79dd71fd-aaa5-4f5a-9211-101eeda2d0b8
8489,15209,رازگر,fa,فارسی,رازدار,79dd71fd-aaa5-4f5a-9211-101eeda2d0b8
8491,15210,رازنان,fa,فارسی,اراستە,79dd71fd-aaa5-4f5a-9211-101eeda2d0b8
8494,15211,رازونە,fa,فارسی,سکوی جلودر,79dd71fd-aaa5-4f5a-9211-101eeda2d0b8
8496,15212,رازە,fa,فارسی,افسانە,79dd71fd-aaa5-4f5a-9211-101eeda2d0b8
8501,15213,رازەن,fa,فارسی,رهزن,79dd71fd-aaa5-4f5a-9211-101eeda2d0b8
8503,15214,رازاوەن,fa,فارسی,کوەپیما,79dd71fd-aaa5-4f5a-9211-101eeda2d0b8
8504,15214,رازاوەن,fa,فارسی,صخرەپیما,79dd71fd-aaa5-4f5a-9211-101eeda2d0b8
8507,15215,رازی,fa,فارسی,راضی,79dd71fd-aaa5-4f5a-9211-101eeda2d0b8
8508,15215,رازی,fa,فارسی,خشنود,79dd71fd-aaa5-4f5a-9211-101eeda2d0b8
8510,15216,رازێ,fa,فارسی,داستان,79dd71fd-aaa5-4f5a-9211-101eeda2d0b8
8514,15217,رازیار,fa,فارسی,رازدار,79dd71fd-aaa5-4f5a-9211-101eeda2d0b8
8518,15218,تەبایی,fa,فارسی,آشتی آسودگی,96560cf4-030d-4268-baea-87bb57cdf631
8519,15218,تەبایی,fa,فارسی,صلح,96560cf4-030d-4268-baea-87bb57cdf631
8523,15219,تەباخ,fa,فارسی,ماه آوت,96560cf4-030d-4268-baea-87bb57cdf631
8524,15219,تەباخ,fa,فارسی,سینی,96560cf4-030d-4268-baea-87bb57cdf631
8527,15220,تەباخچە,fa,فارسی,کشف فنجان قهوە,96560cf4-030d-4268-baea-87bb57cdf631
8530,15221,تەبار,fa,فارسی,حجم,96560cf4-030d-4268-baea-87bb57cdf631
8539,15222,تەبارە,fa,فارسی,حائل میان دە چیز,96560cf4-030d-4268-baea-87bb57cdf631
8540,15222,تەبارە,fa,فارسی,حجم,96560cf4-030d-4268-baea-87bb57cdf631
8541,15222,تەبارە,fa,فارسی,غلە رسیدە در و نشدە,96560cf4-030d-4268-baea-87bb57cdf631
8542,15222,تەبارە,fa,فارسی,جایی سکومانند در چادر,96560cf4-030d-4268-baea-87bb57cdf631
8547,15223,تەبانە,fa,فارسی,بام غلتان,96560cf4-030d-4268-baea-87bb57cdf631
8550,15224,تەبت,fa,فارسی,آرامش,96560cf4-030d-4268-baea-87bb57cdf631
8553,15225,تەبر,fa,فارسی,تبر,96560cf4-030d-4268-baea-87bb57cdf631
8557,15226,تەبغە,fa,فارسی,اشغالدان,96560cf4-030d-4268-baea-87bb57cdf631
8558,15226,تەبغە,fa,فارسی,تودە زبل و پهن,96560cf4-030d-4268-baea-87bb57cdf631
8564,15227,تەبۆ,fa,فارسی,کنە,96560cf4-030d-4268-baea-87bb57cdf631
8567,15228,تەبور,fa,فارسی,افشون,96560cf4-030d-4268-baea-87bb57cdf631
8570,15229,تەبەتۆر,fa,فارسی,عنکبوت,96560cf4-030d-4268-baea-87bb57cdf631
8573,15230,تەبەتە,fa,فارسی,سو زن درشی لحافدوزی,96560cf4-030d-4268-baea-87bb57cdf631
8577,15231,تەبەر,fa,فارسی,تیلە,96560cf4-030d-4268-baea-87bb57cdf631
8580,15232,تەبەرزە,fa,فارسی,نوعی خرما,96560cf4-030d-4268-baea-87bb57cdf631
8581,15232,تەبەرزە,fa,فارسی,نوعی انگور,96560cf4-030d-4268-baea-87bb57cdf631
8584,15233,تەبەرزین,fa,فارسی,تبر زین,96560cf4-030d-4268-baea-87bb57cdf631
8586,15234,تەبەش,fa,فارسی,دام لیشانی سفید,96560cf4-030d-4268-baea-87bb57cdf631
8593,15235,تەبەق,fa,فارسی,سینی چوبی,96560cf4-030d-4268-baea-87bb57cdf631
8594,15235,تەبەق,fa,فارسی,نوعی بیماری سم دام,96560cf4-030d-4268-baea-87bb57cdf631
8595,15235,تەبەق,fa,فارسی,اشکوب,96560cf4-030d-4268-baea-87bb57cdf631
8600,15236,تەبەقە,fa,فارسی,نوعی بیماری سم دام,96560cf4-030d-4268-baea-87bb57cdf631
8604,15237,تەبەک,fa,فارسی,نوعی بیماری سم دام,96560cf4-030d-4268-baea-87bb57cdf631
8605,15237,تەبەک,fa,فارسی,تشت چوبی نگهداری نان,96560cf4-030d-4268-baea-87bb57cdf631
8606,15237,تەبەک,fa,فارسی,سینی چوبی,96560cf4-030d-4268-baea-87bb57cdf631
8608,15238,تەبەلیە,fa,فارسی,وسیلە ای فلاخن مانند کە برای بالا رفتن از نخل از آن استفادە می شود,96560cf4-030d-4268-baea-87bb57cdf631
8611,15239,تەبەنە,fa,فارسی,سوزن لحاف دوزی,96560cf4-030d-4268-baea-87bb57cdf631
8615,15240,تەبیات,fa,فارسی,اشتها,96560cf4-030d-4268-baea-87bb57cdf631
8616,15240,تەبیات,fa,فارسی,طبیعت,96560cf4-030d-4268-baea-87bb57cdf631
8634,15241,تەپ,fa,فارسی,کندرو,96560cf4-030d-4268-baea-87bb57cdf631
8635,15241,تەپ,fa,فارسی,سست,96560cf4-030d-4268-baea-87bb57cdf631
8636,15241,تەپ,fa,فارسی,صرع,96560cf4-030d-4268-baea-87bb57cdf631
8637,15241,تەپ,fa,فارسی,تپە,96560cf4-030d-4268-baea-87bb57cdf631
8638,15241,تەپ,fa,فارسی,تودە,96560cf4-030d-4268-baea-87bb57cdf631
8639,15241,تەپ,fa,فارسی,تودە ای از فضلە آدمی,96560cf4-030d-4268-baea-87bb57cdf631
8640,15241,تەپ,fa,فارسی,یورش,96560cf4-030d-4268-baea-87bb57cdf631
8641,15241,تەپ,fa,فارسی,خاموش از ترس,96560cf4-030d-4268-baea-87bb57cdf631
8642,15241,تەپ,fa,فارسی,غبار,96560cf4-030d-4268-baea-87bb57cdf631
8643,15241,تەپ,fa,فارسی,مە,96560cf4-030d-4268-baea-87bb57cdf631
8645,15242,تەپ کردم,fa,فارسی,خاموش شدن از ترس,96560cf4-030d-4268-baea-87bb57cdf631
8668,15265,تەپار,fa,فارسی,سرگین و گل کە دهانە کندو را با آن اندایند,96560cf4-030d-4268-baea-87bb57cdf631
8670,15266,تەپارک,fa,فارسی,تەپار,96560cf4-030d-4268-baea-87bb57cdf631
8673,15267,پاڵدان,fa,فارسی,جای نگهداری تاپالە,96560cf4-030d-4268-baea-87bb57cdf631
8676,15268,تەپاڵە,fa,فارسی,تاپالە,96560cf4-030d-4268-baea-87bb57cdf631
8678,15269,تەپاڵەپێژ,fa,فارسی,زنی کە سرگین را تاپالە کند,96560cf4-030d-4268-baea-87bb57cdf631
8685,15270,تەپام,fa,فارسی,پاشنە در,96560cf4-030d-4268-baea-87bb57cdf631
8686,15270,تەپام,fa,فارسی,چوب زیر  قطب اسیا,96560cf4-030d-4268-baea-87bb57cdf631
8687,15270,تەپام,fa,فارسی,چماق برگ کوبی,96560cf4-030d-4268-baea-87bb57cdf631
8688,15270,تەپام,fa,فارسی,پشتوانە در,96560cf4-030d-4268-baea-87bb57cdf631
8689,15270,تەپام,fa,فارسی,ئسنگ بالای دنگ شالی کوبی,96560cf4-030d-4268-baea-87bb57cdf631
8693,15271,تەپاندن,fa,فارسی,کو بیدن بابای و...,96560cf4-030d-4268-baea-87bb57cdf631
8694,15271,تەپاندن,fa,فارسی,دچار کردن,96560cf4-030d-4268-baea-87bb57cdf631
8695,15271,تەپاندن,fa,فارسی,آکند,96560cf4-030d-4268-baea-87bb57cdf631
8697,15272,تەپانن,fa,فارسی,تەپاندن,96560cf4-030d-4268-baea-87bb57cdf631
8700,15273,تەپانە,fa,فارسی,تنبان کوتاه,96560cf4-030d-4268-baea-87bb57cdf631
8704,15274,تەپاو,fa,فارسی,با لگد یا با بیل کو بیدە شدە,96560cf4-030d-4268-baea-87bb57cdf631
8705,15274,تەپاو,fa,فارسی,فر و ریختە,96560cf4-030d-4268-baea-87bb57cdf631
8706,15274,تەپاو,fa,فارسی,در حال فروریختن,96560cf4-030d-4268-baea-87bb57cdf631
8708,15275,تەپاوتل,fa,فارسی,تلو تلو خوردن,96560cf4-030d-4268-baea-87bb57cdf631
8710,15276,تەپتەپ,fa,فارسی,تاپ تاپ,96560cf4-030d-4268-baea-87bb57cdf631
8712,15277,تەپتەپان,fa,فارسی,تاپ تاپ کردن,96560cf4-030d-4268-baea-87bb57cdf631
8714,15278,تەپتەپە,fa,فارسی,موتورسیکلت,96560cf4-030d-4268-baea-87bb57cdf631
8717,15279,تەپ چێور,fa,فارسی,پی زدن سست کردن خاک و درخت و...,96560cf4-030d-4268-baea-87bb57cdf631
8720,15280,تەپخ,fa,فارسی,دیوار نزدیک بە فر و ریختن,96560cf4-030d-4268-baea-87bb57cdf631
8723,15281,تەبخ بوون,fa,فارسی,ریزش کردن دیوار,96560cf4-030d-4268-baea-87bb57cdf631
8726,15282,تەپخ کردن,fa,فارسی,ویران کردن,96560cf4-030d-4268-baea-87bb57cdf631
8729,15283,تەپدان,fa,فارسی,انباشتن,96560cf4-030d-4268-baea-87bb57cdf631
8730,15283,تەپدان,fa,فارسی,یورش بردن,96560cf4-030d-4268-baea-87bb57cdf631
8732,15284,رازیانک,fa,فارسی,گشنیز وحشی,79dd71fd-aaa5-4f5a-9211-101eeda2d0b8
8734,15285,رازیانە,fa,فارسی,گیاە رازیانە,79dd71fd-aaa5-4f5a-9211-101eeda2d0b8
8736,15286,رازیاتەوە,fa,فارسی,اراستە شدن,79dd71fd-aaa5-4f5a-9211-101eeda2d0b8
8738,15287,رازین,fa,فارسی,نگا,79dd71fd-aaa5-4f5a-9211-101eeda2d0b8
8739,15287,رازین,fa,فارسی,رازان,79dd71fd-aaa5-4f5a-9211-101eeda2d0b8
8742,15288,رازینەر,fa,فارسی,ارایندە,79dd71fd-aaa5-4f5a-9211-101eeda2d0b8
8744,15289,رازێنەرەوە,fa,فارسی,ارایندە,79dd71fd-aaa5-4f5a-9211-101eeda2d0b8
8746,15290,رازێنەوە,fa,فارسی,ارایندە,79dd71fd-aaa5-4f5a-9211-101eeda2d0b8
8749,15291,راژ,fa,فارسی,بالار,79dd71fd-aaa5-4f5a-9211-101eeda2d0b8
8750,15291,راژ,fa,فارسی,تیر بزرگ سقف,79dd71fd-aaa5-4f5a-9211-101eeda2d0b8
8754,15292,راژا,fa,فارسی,بە جلو و عقب تکان خورد,79dd71fd-aaa5-4f5a-9211-101eeda2d0b8
8755,15292,راژا,fa,فارسی,خوابید,79dd71fd-aaa5-4f5a-9211-101eeda2d0b8
8756,15292,راژا,fa,فارسی,درازکشید,79dd71fd-aaa5-4f5a-9211-101eeda2d0b8
8762,15293,راژان,fa,فارسی,نگا,79dd71fd-aaa5-4f5a-9211-101eeda2d0b8
8763,15293,راژان,fa,فارسی,رازان,79dd71fd-aaa5-4f5a-9211-101eeda2d0b8
8764,15293,راژان,fa,فارسی,تکا خوردن گهوارە مانند,79dd71fd-aaa5-4f5a-9211-101eeda2d0b8
8770,15295,راژاندنەوە,fa,فارسی,جنبیدن بە دو طرف,79dd71fd-aaa5-4f5a-9211-101eeda2d0b8
8772,15296,راژانن,fa,فارسی,نگا,79dd71fd-aaa5-4f5a-9211-101eeda2d0b8
8773,15296,راژانن,fa,فارسی,راژاندن,79dd71fd-aaa5-4f5a-9211-101eeda2d0b8
8776,15297,راژانە,fa,فارسی,رازیانە,79dd71fd-aaa5-4f5a-9211-101eeda2d0b8
8777,15297,راژانە,fa,فارسی,نام دهی است,79dd71fd-aaa5-4f5a-9211-101eeda2d0b8
8779,15298,راژانەوە,fa,فارسی,جنیدن و نوسان,79dd71fd-aaa5-4f5a-9211-101eeda2d0b8
8782,15299,راژۆر,fa,فارسی,جای بالادر مجلس,79dd71fd-aaa5-4f5a-9211-101eeda2d0b8
8783,15299,راژۆر,fa,فارسی,حاکم,79dd71fd-aaa5-4f5a-9211-101eeda2d0b8
8786,15300,عەبا,fa,فارسی,عبا,432b11b0-059a-4486-9981-ae6a7fe0f1c4
8787,15300,عەبا,fa,فارسی,چادر ژنانە.,432b11b0-059a-4486-9981-ae6a7fe0f1c4
8789,15301,عابی,fa,فارسی,ابی اسمانی.,432b11b0-059a-4486-9981-ae6a7fe0f1c4
8791,15302,عاج,fa,فارسی,عاج,432b11b0-059a-4486-9981-ae6a7fe0f1c4
8793,15303,عاجیاتی,fa,فارسی,عجیب و غریب,432b11b0-059a-4486-9981-ae6a7fe0f1c4
8797,15304,عاجز,fa,فارسی,غمین,432b11b0-059a-4486-9981-ae6a7fe0f1c4
8798,15304,عاجز,fa,فارسی,قهر کردە,432b11b0-059a-4486-9981-ae6a7fe0f1c4
8799,15304,عاجز,fa,فارسی,زبون,432b11b0-059a-4486-9981-ae6a7fe0f1c4
8802,15305,عا,fa,فارسی,حرف نهیب زدن برگلە,432b11b0-059a-4486-9981-ae6a7fe0f1c4
8803,15305,عا,fa,فارسی,عن در زبان بچگانە.,432b11b0-059a-4486-9981-ae6a7fe0f1c4
8805,15306,عاجوج,fa,فارسی,یاء جوج,432b11b0-059a-4486-9981-ae6a7fe0f1c4
8809,15307,تەپڕەش,fa,فارسی,نار وزن,96560cf4-030d-4268-baea-87bb57cdf631
8812,15308,عاجی,fa,فارسی,حاجی,432b11b0-059a-4486-9981-ae6a7fe0f1c4
8813,15308,عاجی,fa,فارسی,عاجی ،ساختە ازعاج,432b11b0-059a-4486-9981-ae6a7fe0f1c4
8816,15309,تەپس,fa,فارسی,لگدمال کردن,96560cf4-030d-4268-baea-87bb57cdf631
8817,15309,تەپس,fa,فارسی,ریختن آوار,96560cf4-030d-4268-baea-87bb57cdf631
8820,15310,تەپسە,fa,فارسی,فر ور یختن,96560cf4-030d-4268-baea-87bb57cdf631
8822,15311,عادل,fa,فارسی,عادل,432b11b0-059a-4486-9981-ae6a7fe0f1c4
8824,15312,تەپسی,fa,فارسی,بشقاب غذا خوری,96560cf4-030d-4268-baea-87bb57cdf631
8826,15313,عادەت,fa,فارسی,عادت,432b11b0-059a-4486-9981-ae6a7fe0f1c4
8829,15314,تەپش,fa,فارسی,تەپان,96560cf4-030d-4268-baea-87bb57cdf631
8831,15315,عادەت ژنانە,fa,فارسی,حیس,432b11b0-059a-4486-9981-ae6a7fe0f1c4
8834,15316,تەپشت,fa,فارسی,سعی و کوشش,96560cf4-030d-4268-baea-87bb57cdf631
8836,15317,تەپشو,fa,فارسی,تیشە,96560cf4-030d-4268-baea-87bb57cdf631
8838,15318,تەپشوێ,fa,فارسی,تیشە,96560cf4-030d-4268-baea-87bb57cdf631
8844,15319,تەپک,fa,فارسی,تاپالە,96560cf4-030d-4268-baea-87bb57cdf631
8845,15319,تەپک,fa,فارسی,نوعی دام شکاری,96560cf4-030d-4268-baea-87bb57cdf631
8846,15319,تەپک,fa,فارسی,نوعی تلە,96560cf4-030d-4268-baea-87bb57cdf631
8847,15319,تەپک,fa,فارسی,تپە,96560cf4-030d-4268-baea-87bb57cdf631
8854,15320,تەپکە,fa,فارسی,نوعی دام,96560cf4-030d-4268-baea-87bb57cdf631
8855,15320,تەپکە,fa,فارسی,نوعی تلە,96560cf4-030d-4268-baea-87bb57cdf631
8856,15320,تەپکە,fa,فارسی,تاپالە,96560cf4-030d-4268-baea-87bb57cdf631
8857,15320,تەپکە,fa,فارسی,بوتە,96560cf4-030d-4268-baea-87bb57cdf631
8859,15321,عادەت کردن,fa,فارسی,عادەت کردن,432b11b0-059a-4486-9981-ae6a7fe0f1c4
8861,15322,عادەت گرتن,fa,فارسی,عادەت کردن .,432b11b0-059a-4486-9981-ae6a7fe0f1c4
8863,15323,عادی,fa,فارسی,عادی، معمولی،عادتی.,432b11b0-059a-4486-9981-ae6a7fe0f1c4
8865,15324,عادی,fa,فارسی,نام مردانە.,432b11b0-059a-4486-9981-ae6a7fe0f1c4
8868,15325,عار,fa,فارسی,عار،ننگ,432b11b0-059a-4486-9981-ae6a7fe0f1c4
8869,15325,عار,fa,فارسی,کنایە از عورت,432b11b0-059a-4486-9981-ae6a7fe0f1c4
8871,15326,عارف,fa,فارسی,نام مردانە,432b11b0-059a-4486-9981-ae6a7fe0f1c4
8880,15327,راژە,fa,فارسی,بالار,79dd71fd-aaa5-4f5a-9211-101eeda2d0b8
8881,15327,راژە,fa,فارسی,الوار سقف,79dd71fd-aaa5-4f5a-9211-101eeda2d0b8
8882,15327,راژە,fa,فارسی,شرح و تفسیر,79dd71fd-aaa5-4f5a-9211-101eeda2d0b8
8883,15327,راژە,fa,فارسی,خدمت,79dd71fd-aaa5-4f5a-9211-101eeda2d0b8
8885,15328,راژەندن,fa,فارسی,نگا,79dd71fd-aaa5-4f5a-9211-101eeda2d0b8
8886,15328,راژەندن,fa,فارسی,راژاندن,79dd71fd-aaa5-4f5a-9211-101eeda2d0b8
8888,15329,راژەنین,fa,فارسی,نگا,79dd71fd-aaa5-4f5a-9211-101eeda2d0b8
8889,15329,راژەنین,fa,فارسی,راژاندن,79dd71fd-aaa5-4f5a-9211-101eeda2d0b8
8891,15330,عارنان,fa,فارسی,تنبیەشدن,432b11b0-059a-4486-9981-ae6a7fe0f1c4
8896,15331,راژێر,fa,فارسی,زیراندار,79dd71fd-aaa5-4f5a-9211-101eeda2d0b8
8897,15331,راژێر,fa,فارسی,جنوب,79dd71fd-aaa5-4f5a-9211-101eeda2d0b8
8898,15331,راژێر,fa,فارسی,مطیع,79dd71fd-aaa5-4f5a-9211-101eeda2d0b8
8900,15332,عارەب,fa,فارسی,عرب,432b11b0-059a-4486-9981-ae6a7fe0f1c4
8902,15333,راژێن,fa,فارسی,جنبانندە,79dd71fd-aaa5-4f5a-9211-101eeda2d0b8
8903,15333,راژێن,fa,فارسی,جنبان,79dd71fd-aaa5-4f5a-9211-101eeda2d0b8
8906,15334,عارەبانە,fa,فارسی,گاری، عرادە,432b11b0-059a-4486-9981-ae6a7fe0f1c4
8907,15334,عارەبانە,fa,فارسی,دف,432b11b0-059a-4486-9981-ae6a7fe0f1c4
8909,15335,راس,fa,فارسی,دژی درۆ,79dd71fd-aaa5-4f5a-9211-101eeda2d0b8
8914,15335,راس,fa,فارسی,ضد کج,79dd71fd-aaa5-4f5a-9211-101eeda2d0b8
8915,15335,راس,fa,فارسی,سخن سحیح,79dd71fd-aaa5-4f5a-9211-101eeda2d0b8
8916,15335,راس,fa,فارسی,درست,79dd71fd-aaa5-4f5a-9211-101eeda2d0b8
8917,15335,راس,fa,فارسی,مستقیم,79dd71fd-aaa5-4f5a-9211-101eeda2d0b8
8918,15335,راس,fa,فارسی,زمین هموار,79dd71fd-aaa5-4f5a-9211-101eeda2d0b8
8919,15335,راس,fa,فارسی,مقابل چپ,79dd71fd-aaa5-4f5a-9211-101eeda2d0b8
8921,15336,عارەب کەندی,fa,فارسی,از روستاهای ویران شده کردستان توسط بعثیان .,432b11b0-059a-4486-9981-ae6a7fe0f1c4
8925,15337,راسا,fa,فارسی,زمین هموار,79dd71fd-aaa5-4f5a-9211-101eeda2d0b8
8926,15337,راسا,fa,فارسی,خط مستقیم,79dd71fd-aaa5-4f5a-9211-101eeda2d0b8
8927,15337,راسا,fa,فارسی,بە حالت تهدید دست بلند کرد,79dd71fd-aaa5-4f5a-9211-101eeda2d0b8
8928,15337,راسا,fa,فارسی,زست زدن بخود گرفتن,79dd71fd-aaa5-4f5a-9211-101eeda2d0b8
8930,15338,ئازوبەزە,fa,فارسی,بزە، وبال,f65f7d2f-996a-4df7-a10e-c6e846940032
8933,15339,عارەبە,fa,فارسی,گاری کشاورزان,432b11b0-059a-4486-9981-ae6a7fe0f1c4
8934,15339,عارەبە,fa,فارسی,نام روستایی در کردستان کە توسط بعثیان ویران شد.,432b11b0-059a-4486-9981-ae6a7fe0f1c4
8936,15340,ئازوخە,fa,فارسی,آذوقە,f65f7d2f-996a-4df7-a10e-c6e846940032
8938,15341,راسان,fa,فارسی,دست بلند کردن,79dd71fd-aaa5-4f5a-9211-101eeda2d0b8
8939,15341,راسان,fa,فارسی,بقصد تهدید,79dd71fd-aaa5-4f5a-9211-101eeda2d0b8
8940,15341,راسان,fa,فارسی,ژست زدن بخود گرفتن,79dd71fd-aaa5-4f5a-9211-101eeda2d0b8
8943,15343,راسایی,fa,فارسی,همواری زمین,79dd71fd-aaa5-4f5a-9211-101eeda2d0b8
8946,15345,عارەفە,fa,فارسی,روزقبل از عید، روزعرفە.,432b11b0-059a-4486-9981-ae6a7fe0f1c4
8948,15346,ئازوخەداخستن,fa,فارسی,آذوقە اندوختن,f65f7d2f-996a-4df7-a10e-c6e846940032
8950,15347,ئازەبەت,fa,فارسی,جوش عزەبی,f65f7d2f-996a-4df7-a10e-c6e846940032
8954,15349,تەپڵ,fa,فارسی,طبل,96560cf4-030d-4268-baea-87bb57cdf631
8955,15349,تەپڵ,fa,فارسی,تارک,96560cf4-030d-4268-baea-87bb57cdf631
8959,15350,عارەق,fa,فارسی,عرق تن,432b11b0-059a-4486-9981-ae6a7fe0f1c4
8960,15350,عارەق,fa,فارسی,عرق تقطیری,432b11b0-059a-4486-9981-ae6a7fe0f1c4
8961,15350,عارەق,fa,فارسی,عرق نوشیدنی.,432b11b0-059a-4486-9981-ae6a7fe0f1c4
8963,15351,تەپڵژەن,fa,فارسی,طبال,96560cf4-030d-4268-baea-87bb57cdf631
8965,15352,عارەقاوی,fa,فارسی,عرق کردە .,432b11b0-059a-4486-9981-ae6a7fe0f1c4
8970,15353,تەپڵک,fa,فارسی,بر آمدگی دیوار,96560cf4-030d-4268-baea-87bb57cdf631
8971,15353,تەپڵک,fa,فارسی,طبل کوچک,96560cf4-030d-4268-baea-87bb57cdf631
8972,15353,تەپڵک,fa,فارسی,آبکند,96560cf4-030d-4268-baea-87bb57cdf631
8973,15353,تەپڵک,fa,فارسی,بند,96560cf4-030d-4268-baea-87bb57cdf631
8974,15353,تەپڵک,fa,فارسی,پارە از ای آهن یا روی کە بدان ظرف شکستە را پیوند دهند,96560cf4-030d-4268-baea-87bb57cdf631
8976,15354,تەپلمۆس,fa,فارسی,بیکارە و سست,96560cf4-030d-4268-baea-87bb57cdf631
8980,15355,تەپ,fa,فارسی,تنبل و گرانجان,96560cf4-030d-4268-baea-87bb57cdf631
8983,15356,تەپلە,fa,فارسی,کلاه نمدی,96560cf4-030d-4268-baea-87bb57cdf631
8984,15356,تەپلە,fa,فارسی,نوعی کلاه زنانە,96560cf4-030d-4268-baea-87bb57cdf631
8987,15357,تەپڵە,fa,فارسی,ظرف از سرگین,96560cf4-030d-4268-baea-87bb57cdf631
8991,15358,تەپڵەسەر,fa,فارسی,بلندترین نقطە هر چیز,96560cf4-030d-4268-baea-87bb57cdf631
8993,15359,تەپڵەقو,fa,فارسی,درختی است جنگلی,96560cf4-030d-4268-baea-87bb57cdf631
9001,15360,تەپڵەک,fa,فارسی,دایرە وسط عرقچین,96560cf4-030d-4268-baea-87bb57cdf631
9002,15360,تەپڵەک,fa,فارسی,نوعی کلاه زنانە,96560cf4-030d-4268-baea-87bb57cdf631
9003,15360,تەپڵەک,fa,فارسی,زیر سیگاری,96560cf4-030d-4268-baea-87bb57cdf631
9004,15360,تەپڵەک,fa,فارسی,عسلی,96560cf4-030d-4268-baea-87bb57cdf631
9005,15360,تەپڵەک,fa,فارسی,بام کاه گل نشدە,96560cf4-030d-4268-baea-87bb57cdf631
9007,15361,تەپڵی باز,fa,فارسی,نوعی طبل کوچک,96560cf4-030d-4268-baea-87bb57cdf631
9009,15362,تەپڵی تۆپێن,fa,فارسی,نوعی بازی کودکان و نوجوانان,96560cf4-030d-4268-baea-87bb57cdf631
9011,15363,تەپڵی سەر,fa,فارسی,روی سر,96560cf4-030d-4268-baea-87bb57cdf631
9013,15364,تەپڵی گۆش,fa,فارسی,پردە گوش,96560cf4-030d-4268-baea-87bb57cdf631
9015,15365,تەپڵی گوێ,fa,فارسی,پردە گوش,96560cf4-030d-4268-baea-87bb57cdf631
9019,15366,تەپۆ,fa,فارسی,نوعی پشە,96560cf4-030d-4268-baea-87bb57cdf631
9020,15366,تەپۆ,fa,فارسی,گونەها فر ورفتە از بی دندانی,96560cf4-030d-4268-baea-87bb57cdf631
9021,15366,تەپۆ,fa,فارسی,بی شعور,96560cf4-030d-4268-baea-87bb57cdf631
9859,15367,تەپ وتل,fa,فارسی,جست و خیز,96560cf4-030d-4268-baea-87bb57cdf631
9860,15367,تەپ وتل,fa,فارسی,افتادن و بر خاستن,96560cf4-030d-4268-baea-87bb57cdf631
9031,15368,تەپوتۆز,fa,فارسی,گرد و غبار,96560cf4-030d-4268-baea-87bb57cdf631
9034,15369,تەپو توومان,fa,فارسی,گرد و غبار,96560cf4-030d-4268-baea-87bb57cdf631
9035,15369,تەپو توومان,fa,فارسی,مە غلیظ و راکد,96560cf4-030d-4268-baea-87bb57cdf631
9039,15370,تەپوخ,fa,فارسی,سکندری,96560cf4-030d-4268-baea-87bb57cdf631
9041,15371,عارقچن,fa,فارسی,عرقچین,432b11b0-059a-4486-9981-ae6a7fe0f1c4
9043,15372,عارەقچین,fa,فارسی,عرقچین,432b11b0-059a-4486-9981-ae6a7fe0f1c4
9045,15373,عارەقخۆر,fa,فارسی,میگسار,432b11b0-059a-4486-9981-ae6a7fe0f1c4
9047,15374,عارەق دەردان,fa,فارسی,عرق بیرون زدن ازدن ازتن.,432b11b0-059a-4486-9981-ae6a7fe0f1c4
9049,15375,عارەق ڕشتن,fa,فارسی,عرق ریختن,432b11b0-059a-4486-9981-ae6a7fe0f1c4
9051,15376,عارەق فرۆش,fa,فارسی,میفروش,432b11b0-059a-4486-9981-ae6a7fe0f1c4
9053,15377,عارەق کردن,fa,فارسی,عرق کردن,432b11b0-059a-4486-9981-ae6a7fe0f1c4
9055,15378,عارەق گرتن,fa,فارسی,عرق ازمیوە و گیاه گرفتن.,432b11b0-059a-4486-9981-ae6a7fe0f1c4
9057,15379,عارەق قیگر,fa,فارسی,تمد زین.,432b11b0-059a-4486-9981-ae6a7fe0f1c4
9059,15380,عارەو,fa,فارسی,عرب,432b11b0-059a-4486-9981-ae6a7fe0f1c4
9061,15381,عارەوی,fa,فارسی,عربی,432b11b0-059a-4486-9981-ae6a7fe0f1c4
9063,15382,عازاب,fa,فارسی,عداب,432b11b0-059a-4486-9981-ae6a7fe0f1c4
9065,15383,عازاو,fa,فارسی,عذاب,432b11b0-059a-4486-9981-ae6a7fe0f1c4
9068,15384,عازەب,fa,فارسی,جودان باڵغ,432b11b0-059a-4486-9981-ae6a7fe0f1c4
9069,15384,عازەب,fa,فارسی,مردیا زن مجرد,432b11b0-059a-4486-9981-ae6a7fe0f1c4
9071,15385,عازەبان,fa,فارسی,نام روستایی درکردستان کە توسطبعثیان ویران شد .,432b11b0-059a-4486-9981-ae6a7fe0f1c4
9175,15386,شاخاندن,fa,فارسی,بانگ و فریاد زدن با خشم,a09069b2-3fc6-4c25-8516-d6e452cd7199
9075,15387,شاخانن,fa,فارسی,بانگ و فریاد زدن با خشم,a09069b2-3fc6-4c25-8516-d6e452cd7199
9077,15388,شاخانە,fa,فارسی,حق المرتع,a09069b2-3fc6-4c25-8516-d6e452cd7199
9079,15389,شاخاو,fa,فارسی,خراشیدە,a09069b2-3fc6-4c25-8516-d6e452cd7199
9081,15390,شاخاوی,fa,فارسی,منطقە کوهستانی,a09069b2-3fc6-4c25-8516-d6e452cd7199
9083,15391,شاختیز,fa,فارسی,جای باروت شکارچی,a09069b2-3fc6-4c25-8516-d6e452cd7199
9085,15392,شاختیزک,fa,فارسی,جای باروت شکارچی,a09069b2-3fc6-4c25-8516-d6e452cd7199
9089,15393,شاخدار,fa,فارسی,حیوان شاخدار,a09069b2-3fc6-4c25-8516-d6e452cd7199
9090,15393,شاخدار,fa,فارسی,کنایە از قرمساق,a09069b2-3fc6-4c25-8516-d6e452cd7199
9091,15393,شاخدار,fa,فارسی,نوعی ثمر مازوج,a09069b2-3fc6-4c25-8516-d6e452cd7199
9093,15394,شاخ دەرێنان,fa,فارسی,کنایە از رسوایی و سرافکندگی,a09069b2-3fc6-4c25-8516-d6e452cd7199
9095,15395,شاخ دەرێنان,fa,فارسی,کنایە از رسوایی و سرافکندگی,a09069b2-3fc6-4c25-8516-d6e452cd7199
9097,15396,شاخ سپی,fa,فارسی,نوعی انگور,a09069b2-3fc6-4c25-8516-d6e452cd7199
9099,15397,شاخستان,fa,فارسی,منطقە کوهستانی,a09069b2-3fc6-4c25-8516-d6e452cd7199
9101,15398,شاخ ڤەدان,fa,فارسی,هرس درخت,a09069b2-3fc6-4c25-8516-d6e452cd7199
9104,15399,شاخ کردن,fa,فارسی,خراشیدن,a09069b2-3fc6-4c25-8516-d6e452cd7199
9105,15399,شاخ کردن,fa,فارسی,روی دوپا ایستادن اسپ,a09069b2-3fc6-4c25-8516-d6e452cd7199
9107,15400,شاخو بەڵەک,fa,فارسی,ناز و غمزە,a09069b2-3fc6-4c25-8516-d6e452cd7199
9109,15401,شاخ و داخ,fa,فارسی,کوە وکمر,a09069b2-3fc6-4c25-8516-d6e452cd7199
9111,15402,شاخور,fa,فارسی,تپە سنگی,a09069b2-3fc6-4c25-8516-d6e452cd7199
9115,15403,شاخە,fa,فارسی,نعرە و فریاد,a09069b2-3fc6-4c25-8516-d6e452cd7199
9116,15403,شاخە,fa,فارسی,صدای ریزش کوە,a09069b2-3fc6-4c25-8516-d6e452cd7199
9117,15403,شاخە,fa,فارس,شاخە,a09069b2-3fc6-4c25-8516-d6e452cd7199
9119,15404,عازەبە,fa,فارسی,جوش صورت جوانان،جوس غرور.,432b11b0-059a-4486-9981-ae6a7fe0f1c4
9131,15405,شاخەبسکە,fa,فارسی,از روستاهای ویران شدە کردستان توسط بعثیان,a09069b2-3fc6-4c25-8516-d6e452cd7199
9123,15406,عازەبی,fa,فارسی,نگا:عازەبە,432b11b0-059a-4486-9981-ae6a7fe0f1c4
9135,15407,شاخە پیسکە,fa,فارسی,روستایی در کردستان کە بعثیان آن را ویران کردند,a09069b2-3fc6-4c25-8516-d6e452cd7199
9127,15408,عازیز,fa,فارسی,عزیز،گرامی,432b11b0-059a-4486-9981-ae6a7fe0f1c4
9129,15409,عازیەت,fa,فارسی,عزا,432b11b0-059a-4486-9981-ae6a7fe0f1c4
9133,15410,عازیەتبار,fa,فارسی,ماتم زدە,432b11b0-059a-4486-9981-ae6a7fe0f1c4
9137,15411,شاخە شینکە,fa,فارسی,پلمە سنگ نازک خاکستری رنگ کە دردست می شکند,a09069b2-3fc6-4c25-8516-d6e452cd7199
9139,15412,شاخەوان,fa,فارسی,کوەپیما,a09069b2-3fc6-4c25-8516-d6e452cd7199
9141,15413,شاخی,fa,فارسی,کوهی,a09069b2-3fc6-4c25-8516-d6e452cd7199
9143,15414,شاخێ,fa,فارسی,نام روستایی در کردستان ترکیە کە در قدیم مقر حکومتی بودە,a09069b2-3fc6-4c25-8516-d6e452cd7199
9169,15415,شاد,fa,فارسی,شاد,a09069b2-3fc6-4c25-8516-d6e452cd7199
9147,15416,شادانە,fa,فارسی,شاهدانە,a09069b2-3fc6-4c25-8516-d6e452cd7199
9161,15417,شادبون,fa,فارسی,شادشدن,a09069b2-3fc6-4c25-8516-d6e452cd7199
9163,15418,شادمان,fa,فارسی,شادمان,a09069b2-3fc6-4c25-8516-d6e452cd7199
9166,15419,شادمانی,fa,فارسی,شادمانی,a09069b2-3fc6-4c25-8516-d6e452cd7199
9167,15419,شادمانی,fa,فارسی,چشن و سرور، عروسی,a09069b2-3fc6-4c25-8516-d6e452cd7199
9177,15420,شاد و شوکور,fa,فارسی,شادی بە دوست رسیدن بعد از هجران,a09069b2-3fc6-4c25-8516-d6e452cd7199
9179,15421,شادومان,fa,فارسی,شادمان,a09069b2-3fc6-4c25-8516-d6e452cd7199
9181,15422,شادومانە,fa,فارسی,کلمە شهادتین,a09069b2-3fc6-4c25-8516-d6e452cd7199
9188,15423,شادە,fa,فارسی,گواە,a09069b2-3fc6-4c25-8516-d6e452cd7199
9189,15423,شادە,fa,فارسی,گواهی,a09069b2-3fc6-4c25-8516-d6e452cd7199
9190,15423,شادە,fa,فارسی,کلمە شهادتین,a09069b2-3fc6-4c25-8516-d6e452cd7199
9191,15423,شادە,fa,فارسی,انگشت سبابە,a09069b2-3fc6-4c25-8516-d6e452cd7199
9192,15423,شادە,fa,فارسی,چوب مرز کاه و گندم در خرمن,a09069b2-3fc6-4c25-8516-d6e452cd7199
9193,15423,شادە,fa,فارسی,شاد است,a09069b2-3fc6-4c25-8516-d6e452cd7199
9195,15424,شادەئیمان,fa,فارسی,کلمە شهادتین,a09069b2-3fc6-4c25-8516-d6e452cd7199
9197,15425,شادەدان,fa,فارسی,گواهی دادن,a09069b2-3fc6-4c25-8516-d6e452cd7199
9199,15426,شادەمار,fa,فارسی,شاهرگ,a09069b2-3fc6-4c25-8516-d6e452cd7199
9201,15427,شادەمارگ,fa,فارسی,سکتە کردن از شادی,a09069b2-3fc6-4c25-8516-d6e452cd7199
9203,15428,شادەمەرگ بوون,fa,فارسی,سکتە کردن از شادی,a09069b2-3fc6-4c25-8516-d6e452cd7199
9205,15429,شادەنوێژ,fa,فارسی,انگشت شهادە، انگشت سبابە,a09069b2-3fc6-4c25-8516-d6e452cd7199
9207,15430,شادە و ئیمان,fa,فارسی,کلمە شهادتین,a09069b2-3fc6-4c25-8516-d6e452cd7199
9209,15431,شادە هێنان,fa,فارسی,شهادتین گفتن,a09069b2-3fc6-4c25-8516-d6e452cd7199
9211,15432,شادەیمان,fa,فارسی,کلمە شهادتین,a09069b2-3fc6-4c25-8516-d6e452cd7199
9216,15433,شادی,fa,فارسی,شادی,a09069b2-3fc6-4c25-8516-d6e452cd7199
9217,15433,شادی,fa,فارسی,جشن و سرور,a09069b2-3fc6-4c25-8516-d6e452cd7199
9218,15433,شادی,fa,فارسی,عنتر,a09069b2-3fc6-4c25-8516-d6e452cd7199
9219,15433,شادی,fa,فارسی,نام زنانە,a09069b2-3fc6-4c25-8516-d6e452cd7199
9222,15434,شادیانە,fa,فارسی,بزم وجشن عروسی,a09069b2-3fc6-4c25-8516-d6e452cd7199
9223,15434,شادیانە,fa,فارسی,مژدگانی,a09069b2-3fc6-4c25-8516-d6e452cd7199
9225,15435,شادیک,fa,فارسی,بچە مایە دڵخۆشی خانوادە,a09069b2-3fc6-4c25-8516-d6e452cd7199
9227,15436,عاسا,fa,فارسی,عصا,432b11b0-059a-4486-9981-ae6a7fe0f1c4
9230,15437,عاست,fa,فارسی,نگا:حاست,432b11b0-059a-4486-9981-ae6a7fe0f1c4
9231,15437,عاست,fa,فارسی,روبردو مقابل,432b11b0-059a-4486-9981-ae6a7fe0f1c4
9233,15438,عاستەم,fa,فارسی,یواشکی,432b11b0-059a-4486-9981-ae6a7fe0f1c4
9234,15438,عاستەم,fa,فارسی,کم,432b11b0-059a-4486-9981-ae6a7fe0f1c4
9236,15439,ئازەخ,fa,فارسی,زگیل,f65f7d2f-996a-4df7-a10e-c6e846940032
9238,15440,ئازەر,fa,فارسی,آذرماە,f65f7d2f-996a-4df7-a10e-c6e846940032
9241,15442,عاستەم و دوبەلانە,fa,فارسی,کاردر شروف انمام,432b11b0-059a-4486-9981-ae6a7fe0f1c4
9243,15443,ئازیز,fa,فارسی,عزیز,f65f7d2f-996a-4df7-a10e-c6e846940032
9245,15444,عاسمان,fa,فارسی,آسمان,432b11b0-059a-4486-9981-ae6a7fe0f1c4
9248,15446,عاسمان ڕوشین,fa,فارسی,آسمان خراش,432b11b0-059a-4486-9981-ae6a7fe0f1c4
9253,15448,عاسی,fa,فارسی,گذرگاە وجای سخت و دشوار,432b11b0-059a-4486-9981-ae6a7fe0f1c4
9254,15448,عاسی,fa,فارسی,گیرافتاردە،گیرکردە,432b11b0-059a-4486-9981-ae6a7fe0f1c4
9255,15448,عاسی,fa,فارسی,متمرد,432b11b0-059a-4486-9981-ae6a7fe0f1c4
9258,15450,عاسیە,fa,فارسی,نگا:عاسێ,432b11b0-059a-4486-9981-ae6a7fe0f1c4
9260,15451,ئاژاژک,fa,فارسی,خمیازە,f65f7d2f-996a-4df7-a10e-c6e846940032
9262,15452,دارگورد,fa,فارسی,چوب  میان تارهای قالی در دستگاه قالی بافی.,fbaa1310-1a57-4439-b4e4-2b6fb312b455
9264,15453,دارگوز,fa,فارسی,چوبی کە تلە را بدان بندند,fbaa1310-1a57-4439-b4e4-2b6fb312b455
9266,15454,دارگوزدین,fa,فارسی,چوب چوگان بازی,fbaa1310-1a57-4439-b4e4-2b6fb312b455
9268,15455,عاشتەبا,fa,فارسی,نگا:حاشتەبا,432b11b0-059a-4486-9981-ae6a7fe0f1c4
9270,15456,داڕمان,fa,فارسی,فروریزی,fbaa1310-1a57-4439-b4e4-2b6fb312b455
9272,15457,عاشق,fa,فارسی,عاشق,432b11b0-059a-4486-9981-ae6a7fe0f1c4
9274,15458,داڕماو,fa,فارسی,فروریختە,fbaa1310-1a57-4439-b4e4-2b6fb312b455
9276,15459,داڕماندن,fa,فارسی,فروریختن,fbaa1310-1a57-4439-b4e4-2b6fb312b455
9278,15460,داڕمانن,fa,فارسی,فروریختە,fbaa1310-1a57-4439-b4e4-2b6fb312b455
9280,15461,داڕمین,fa,فارسی,فروریزی,fbaa1310-1a57-4439-b4e4-2b6fb312b455
9282,15462,داڕووتاو,fa,فارسی,داڕناو,fbaa1310-1a57-4439-b4e4-2b6fb312b455
9284,15463,داڕووتای,fa,فارسی,داڕناو,fbaa1310-1a57-4439-b4e4-2b6fb312b455
9286,15464,داڕوجان,fa,فارسی,کدرم,fbaa1310-1a57-4439-b4e4-2b6fb312b455
9291,15465,داروچکە,fa,فارسی,تکەچوب,fbaa1310-1a57-4439-b4e4-2b6fb312b455
9295,15469,ئاژار,fa,فارسی,محصول زەمین,f65f7d2f-996a-4df7-a10e-c6e846940032
9297,15470,ئاژاشکە,fa,فارسی,خمیازە,f65f7d2f-996a-4df7-a10e-c6e846940032
9302,15473,حەیان,ar,Arabic,مەعلوم,d53e0d86-01bb-4950-863e-beb1e3d81ccf
9305,15474,حەیب,ar,Arabic,عەیب,d53e0d86-01bb-4950-863e-beb1e3d81ccf
9308,15475,حەیبدار,ar,Arabic,نوقسان,d53e0d86-01bb-4950-863e-beb1e3d81ccf
9312,15476,حەیبەت,fa,فارسی,هیبت,d53e0d86-01bb-4950-863e-beb1e3d81ccf
9343,15483,شار,fa,فارسی,شهر,a09069b2-3fc6-4c25-8516-d6e452cd7199
9344,15483,شار,fa,فارسی,آنسوی میدان بازی,a09069b2-3fc6-4c25-8516-d6e452cd7199
9345,15483,شار,fa,فارسی,لانە مورچە و زنبور,a09069b2-3fc6-4c25-8516-d6e452cd7199
9346,15483,شار,fa,فارسی,پسوند بە معنی فشار,a09069b2-3fc6-4c25-8516-d6e452cd7199
9347,15483,شار,fa,فارسی,داغی,a09069b2-3fc6-4c25-8516-d6e452cd7199
9348,15483,شار,fa,فارسی,سریوش زنانە,a09069b2-3fc6-4c25-8516-d6e452cd7199
9349,15483,شار,fa,فارسی,دستمال دور کلاە نمدین,a09069b2-3fc6-4c25-8516-d6e452cd7199
9354,15484,شارا,fa,فارسی,تودە گندم مستطیل شکل در خرمن,a09069b2-3fc6-4c25-8516-d6e452cd7199
9355,15484,شارا,fa,فارسی,ساقەهای غلە برهم ریختە,a09069b2-3fc6-4c25-8516-d6e452cd7199
9356,15484,شارا,fa,فارسی,کاە تیغە میان غلە وخاک در چالە,a09069b2-3fc6-4c25-8516-d6e452cd7199
9357,15484,شارا,fa,فارسی,تودە درویدە,a09069b2-3fc6-4c25-8516-d6e452cd7199
9360,15485,شاران,fa,فارسی,گردنبد از بادام و گردو,a09069b2-3fc6-4c25-8516-d6e452cd7199
9361,15485,شاران,fa,فارسی,شهرها,a09069b2-3fc6-4c25-8516-d6e452cd7199
9363,15486,شارانگەر,fa,فارسی,جهانگرد,a09069b2-3fc6-4c25-8516-d6e452cd7199
9365,15487,شارانگەشت,fa,فارسی,جهانگرد,a09069b2-3fc6-4c25-8516-d6e452cd7199
9367,15488,شاراوە,fa,فارسی,نهفتە شدە,a09069b2-3fc6-4c25-8516-d6e452cd7199
9369,15489,شاربەدەر,fa,فارسی,نفی بلد، تبعید شدە,a09069b2-3fc6-4c25-8516-d6e452cd7199
9371,15490,شاردار,fa,فارسی,شهردار,a09069b2-3fc6-4c25-8516-d6e452cd7199
9373,15491,شاردراوە,fa,فارسی,نهفتە شدە,a09069b2-3fc6-4c25-8516-d6e452cd7199
9375,15492,شاردن,fa,فارسی,نهفتن، پنهان کردن,a09069b2-3fc6-4c25-8516-d6e452cd7199
9377,15493,شاردنەوە,fa,فارسی,پنهان کردن,a09069b2-3fc6-4c25-8516-d6e452cd7199
9379,15494,شار راوە,fa,فارسی,پنهان کردە شدە,a09069b2-3fc6-4c25-8516-d6e452cd7199
9381,15495,شارسان,fa,فارسی,شهر، شهرستان,a09069b2-3fc6-4c25-8516-d6e452cd7199
9383,15496,شارسانی,fa,فارسی,شهر وند، شهرنشین,a09069b2-3fc6-4c25-8516-d6e452cd7199
9385,15497,شارستان,fa,فارسی,شهر، شهرستان,a09069b2-3fc6-4c25-8516-d6e452cd7199
9387,15498,شارستانی,fa,فارسی,شهر وند، شهرنشین,a09069b2-3fc6-4c25-8516-d6e452cd7199
9389,15499,شارستانێتی,fa,فارسی,زندگی شهری، تمدن,a09069b2-3fc6-4c25-8516-d6e452cd7199
9391,15500,شارستانیەتی,fa,فارسی,زندگی شهری، تمدن,a09069b2-3fc6-4c25-8516-d6e452cd7199
9395,15501,شارستێن,fa,فارسی,شهرستان,a09069b2-3fc6-4c25-8516-d6e452cd7199
9396,15501,شارستێن,fa,فارسی,نام دهی در کردستان,a09069b2-3fc6-4c25-8516-d6e452cd7199
9397,15501,شارستێن,fa,فارسی,از روستاهای ویران شدە کردستان توسط بعثیان,a09069b2-3fc6-4c25-8516-d6e452cd7199
9400,15502,شارستێنە,fa,فارسی,شهرستان,a09069b2-3fc6-4c25-8516-d6e452cd7199
9401,15502,شارستێنە,fa,فارسی,نام دهی است,a09069b2-3fc6-4c25-8516-d6e452cd7199
9403,15503,شارسێنە,fa,فارسی,از روستاهای ویران شدە کردستان توسط بعثیان,a09069b2-3fc6-4c25-8516-d6e452cd7199
9405,15504,شارگر,fa,فارسی,اصطلاحی در قایم موشک بازی,a09069b2-3fc6-4c25-8516-d6e452cd7199
9407,15505,شارگە,fa,فارسی,کیمن شکارچی,a09069b2-3fc6-4c25-8516-d6e452cd7199
9411,15506,شارۆ,fa,فارسی,پساچین,a09069b2-3fc6-4c25-8516-d6e452cd7199
9412,15506,شارۆ,fa,فارسی,دستەای گندم درو شدە,a09069b2-3fc6-4c25-8516-d6e452cd7199
9413,15506,شارۆ,fa,فارسی,جمع آوری کندم درو شدە در خرمن,a09069b2-3fc6-4c25-8516-d6e452cd7199
9416,15507,شارواڵ,fa,فارسی,نوعی تنبان زنانە,a09069b2-3fc6-4c25-8516-d6e452cd7199
9417,15507,شارواڵ,fa,فارسی,شلوار مردان,a09069b2-3fc6-4c25-8516-d6e452cd7199
9419,15508,شارۆخ,fa,فارسی,خیار چنبر,a09069b2-3fc6-4c25-8516-d6e452cd7199
9421,15509,شارود,fa,فارسی,پرندەای است,a09069b2-3fc6-4c25-8516-d6e452cd7199
9423,15510,شارور,fa,فارسی,پرندە سار,a09069b2-3fc6-4c25-8516-d6e452cd7199
9425,15511,شارۆق,fa,فارسی,خیار چنبر,a09069b2-3fc6-4c25-8516-d6e452cd7199
9427,15512,شارۆکە,fa,فارسی,شهرک,a09069b2-3fc6-4c25-8516-d6e452cd7199
9429,15513,شارۆکە,fa,فارسی,شهرک,a09069b2-3fc6-4c25-8516-d6e452cd7199
9431,15514,شاروەری,fa,فارسی,شهرنشینی,a09069b2-3fc6-4c25-8516-d6e452cd7199
9433,15515,شاروێران,fa,فارسی,ناحیەای در کردستان,a09069b2-3fc6-4c25-8516-d6e452cd7199
9438,15516,شارە,fa,فارسی,تودە گندم مسطیل شکل در خرمن,a09069b2-3fc6-4c25-8516-d6e452cd7199
9439,15516,شارە,fa,فارسی,ساقەهای غلە برهم ریختە,a09069b2-3fc6-4c25-8516-d6e452cd7199
9440,15516,شارە,fa,فارسی,کاە تیغە میان غلە وخاک در چالە,a09069b2-3fc6-4c25-8516-d6e452cd7199
9441,15516,شارە,fa,فارسی,تودە درویدە,a09069b2-3fc6-4c25-8516-d6e452cd7199
9443,15517,شارەدێ,fa,فارسی,دە بسیار بزرگ,a09069b2-3fc6-4c25-8516-d6e452cd7199
9446,15518,شارەزا,fa,فارسی,بلد,a09069b2-3fc6-4c25-8516-d6e452cd7199
9447,15518,شارەزا,fa,فارسی,دانا و آگاە بە کار,a09069b2-3fc6-4c25-8516-d6e452cd7199
9450,15519,شارەزایی,fa,فارسی,راەشناسی,a09069b2-3fc6-4c25-8516-d6e452cd7199
9451,15519,شارەزایی,fa,فارسی,خبرگی و تخصص,a09069b2-3fc6-4c25-8516-d6e452cd7199
9453,15520,شارەزور,fa,فارسی,منطقەای وسیع در کردستان,a09069b2-3fc6-4c25-8516-d6e452cd7199
9455,15521,شارەگ,fa,فارسی,شاهرگ,a09069b2-3fc6-4c25-8516-d6e452cd7199
9457,15522,شارە گرد,fa,فارسی,روستایی در کردستان کە بعثیان آن را ویران کردند,a09069b2-3fc6-4c25-8516-d6e452cd7199
9459,15523,شارەمرۆچە,fa,فارسی,لانە مورچگان,a09069b2-3fc6-4c25-8516-d6e452cd7199
9461,15524,شارەمێروو,fa,فارسی,لانە مورچگان,a09069b2-3fc6-4c25-8516-d6e452cd7199
9463,15525,شارەوان,fa,فارسی,پلیس شهری,a09069b2-3fc6-4c25-8516-d6e452cd7199
9465,15526,شارەوانی,fa,فارسی,شهربانی,a09069b2-3fc6-4c25-8516-d6e452cd7199
9467,15527,شارهە,fa,فارسی,شاهرگ,a09069b2-3fc6-4c25-8516-d6e452cd7199
9469,15528,شارەهەن,fa,فارسی,مجرای بزرگ فاضلاب,a09069b2-3fc6-4c25-8516-d6e452cd7199
9471,15529,شاری,fa,فارسی,شهر وند، شهرنشین، شهری,a09069b2-3fc6-4c25-8516-d6e452cd7199
9473,15530,شارێ,fa,فارسی,شاهراە,a09069b2-3fc6-4c25-8516-d6e452cd7199
9475,15531,شاریا,fa,فارسی,از روستاهای ویران شدە کردستان توسط بعثیان,a09069b2-3fc6-4c25-8516-d6e452cd7199
9477,15532,شاریا گەورە,fa,فارسی,نهفتە شدە,a09069b2-3fc6-4c25-8516-d6e452cd7199
9480,15533,شاریان,fa,فارسی,نهفتن,a09069b2-3fc6-4c25-8516-d6e452cd7199
9481,15533,شاریان,fa,فارسی,زیاد شدن حرارت,a09069b2-3fc6-4c25-8516-d6e452cd7199
9483,15534,شاریای,fa,فارسی,گرم شدە,a09069b2-3fc6-4c25-8516-d6e452cd7199
9485,15535,عاشقباش,fa,فارسی,نەعیبیماری ستور,432b11b0-059a-4486-9981-ae6a7fe0f1c4
9488,15536,عاشیرەت,fa,فارسی,عشیرت،ایل,432b11b0-059a-4486-9981-ae6a7fe0f1c4
9489,15536,عاشیرەت,fa,فارسی,ایما،اشارە.,432b11b0-059a-4486-9981-ae6a7fe0f1c4
9491,15537,عاعا,fa,فارسی,عن،مدفوع,432b11b0-059a-4486-9981-ae6a7fe0f1c4
9493,15538,عافراندن,fa,فارسی,افریدن,432b11b0-059a-4486-9981-ae6a7fe0f1c4
9495,15539,عافرەت,fa,فارسی,زن,432b11b0-059a-4486-9981-ae6a7fe0f1c4
9497,15540,عافو,fa,فارسی,عفو،یخشایش,432b11b0-059a-4486-9981-ae6a7fe0f1c4
9499,15541,عافوات,fa,فارسی,عفو عمومی,432b11b0-059a-4486-9981-ae6a7fe0f1c4
9501,15542,عافەرم,fa,فارسی,آفرین,432b11b0-059a-4486-9981-ae6a7fe0f1c4
9503,15543,عافیەت,fa,فارسی,نوش جان,432b11b0-059a-4486-9981-ae6a7fe0f1c4
9505,15544,عاقشقە,fa,فارسی,ینجرە دوتایی,432b11b0-059a-4486-9981-ae6a7fe0f1c4
9507,15545,عاقڵ,fa,فارسی,عاقل,432b11b0-059a-4486-9981-ae6a7fe0f1c4
9509,15546,عاقیبەت,fa,فارسی,سرانجام,432b11b0-059a-4486-9981-ae6a7fe0f1c4
9511,15547,عال,fa,فارسی,بهترین، اعلا,432b11b0-059a-4486-9981-ae6a7fe0f1c4
9513,15548,ساڕێژ,fa,فارسی,بیماری لثە,a09069b2-3fc6-4c25-8516-d6e452cd7199
9515,15549,عالا,fa,فارسی,پرچم,432b11b0-059a-4486-9981-ae6a7fe0f1c4
9517,15550,شاڕیشە,fa,فارسی,شاهرگ درخت,a09069b2-3fc6-4c25-8516-d6e452cd7199
9519,15551,عالم,fa,فارسی,علم،دانشمتد,432b11b0-059a-4486-9981-ae6a7fe0f1c4
9521,15552,عالوسال,fa,فارسی,شکیبایی و ارامی,432b11b0-059a-4486-9981-ae6a7fe0f1c4
9523,15553,عالەم,fa,فارسی,مردم,432b11b0-059a-4486-9981-ae6a7fe0f1c4
9526,15554,عالی,fa,فارسی,نگاعال,432b11b0-059a-4486-9981-ae6a7fe0f1c4
9527,15554,عالی,fa,فارسی,نام روستایی در کردستان کە توسط بعثیان ویران شد.,432b11b0-059a-4486-9981-ae6a7fe0f1c4
9529,15555,عالیاوا,fa,فارسی,روستایی درکردستان کە بعثیان آن را ویران کردند.,432b11b0-059a-4486-9981-ae6a7fe0f1c4
9531,15556,عام,fa,فارسی,همگی,432b11b0-059a-4486-9981-ae6a7fe0f1c4
9533,15557,شاڕێگە,fa,فارسی,شاهراە,a09069b2-3fc6-4c25-8516-d6e452cd7199
9536,15558,شاز,fa,فارسی,نوعی نی باریک,a09069b2-3fc6-4c25-8516-d6e452cd7199
9537,15558,شاز,fa,فارسی,لایق، نابغە,a09069b2-3fc6-4c25-8516-d6e452cd7199
9574,15559,شازادە,fa,فارسی,شاهزادە,a09069b2-3fc6-4c25-8516-d6e452cd7199
9575,15559,شازادە,fa,فارسی,کنایە از جوان نیکوکار و دست و دلباز,a09069b2-3fc6-4c25-8516-d6e452cd7199
9543,15560,عامامە,fa,فارسی,عمامە روحانی,432b11b0-059a-4486-9981-ae6a7fe0f1c4
9545,15561,عامباز,fa,فارسی,هم آغوش،گلاویز,432b11b0-059a-4486-9981-ae6a7fe0f1c4
9547,15562,شازبەند,fa,فارسی,نوعی ساز بادی,a09069b2-3fc6-4c25-8516-d6e452cd7199
9549,15563,عام فام,fa,فارسی,تبلیغ عمومی، اعلان.,432b11b0-059a-4486-9981-ae6a7fe0f1c4
9552,15564,شازدە,fa,فارسی,عدد شانزدە,a09069b2-3fc6-4c25-8516-d6e452cd7199
9553,15564,شازدە,fa,فارسی,شاهزادە,a09069b2-3fc6-4c25-8516-d6e452cd7199
9555,15565,عاملان,fa,فارسی,آموزش، آموختن,432b11b0-059a-4486-9981-ae6a7fe0f1c4
9557,15566,شازدەمین,fa,فارسی,شانزدهم,a09069b2-3fc6-4c25-8516-d6e452cd7199
9559,15567,شازدەهەم,fa,فارسی,شانزدهم,a09069b2-3fc6-4c25-8516-d6e452cd7199
9561,15568,شازدەهەمین,fa,فارسی,شانزدهم,a09069b2-3fc6-4c25-8516-d6e452cd7199
9564,15569,عاملاندن,fa,فارسی,تعلیم دادن,432b11b0-059a-4486-9981-ae6a7fe0f1c4
9565,15569,عاملاندن,fa,فارسی,پروراندن,432b11b0-059a-4486-9981-ae6a7fe0f1c4
9567,15570,شاز و قاز,fa,فارسی,کوهی در کردستان,a09069b2-3fc6-4c25-8516-d6e452cd7199
9569,15571,عاملاو,fa,فارسی,تعلیم دیدە,432b11b0-059a-4486-9981-ae6a7fe0f1c4
9579,15572,شازی,fa,فارسی,نوعی بوزینە,a09069b2-3fc6-4c25-8516-d6e452cd7199
9577,15573,عامورە,fa,فارسی,نام روستایی در کردستان توسط بعثیان ویران شد .,432b11b0-059a-4486-9981-ae6a7fe0f1c4
9581,15574,عاموزا,fa,فارسی,عموزادە,432b11b0-059a-4486-9981-ae6a7fe0f1c4
9585,15575,شاژن,fa,فارسی,شهربانو,a09069b2-3fc6-4c25-8516-d6e452cd7199
9586,15575,شاژن,fa,فارسی,پادشاە مادینە، ملکە,a09069b2-3fc6-4c25-8516-d6e452cd7199
9587,15575,شاژن,fa,فارسی,زن کدبانوی کدخدامنش,a09069b2-3fc6-4c25-8516-d6e452cd7199
9589,15576,عان,fa,فارسی,آن، دم،هنگام.,432b11b0-059a-4486-9981-ae6a7fe0f1c4
9595,15577,شاسوار,fa,فارسی,شهسوار,a09069b2-3fc6-4c25-8516-d6e452cd7199
9596,15577,شاسوار,fa,فارسی,نام مردانە,a09069b2-3fc6-4c25-8516-d6e452cd7199
9598,15578,عانە,fa,فارسی,واحد پول هندی ، آنە,432b11b0-059a-4486-9981-ae6a7fe0f1c4
9600,15579,عایل,fa,فارسی,ستمکار، متجاوز.,432b11b0-059a-4486-9981-ae6a7fe0f1c4
9603,15580,شاسە,fa,فارسی,موسم بارانهای بهاری,a09069b2-3fc6-4c25-8516-d6e452cd7199
9604,15580,شاسە,fa,فارسی,شایستە,a09069b2-3fc6-4c25-8516-d6e452cd7199
9606,15581,شاسەلیم,fa,فارسی,خیمە شب بازی,a09069b2-3fc6-4c25-8516-d6e452cd7199
9609,15582,عایلەمەن,fa,فارسی,سارملخ خوار,432b11b0-059a-4486-9981-ae6a7fe0f1c4
9610,15582,عایلەمەن,fa,فارسی,عیالوار,432b11b0-059a-4486-9981-ae6a7fe0f1c4
9612,15583,عاینەمەل,fa,فارسی,سار ملخ خوار,432b11b0-059a-4486-9981-ae6a7fe0f1c4
9614,15584,عایەت,fa,فارسی,عادت,432b11b0-059a-4486-9981-ae6a7fe0f1c4
9617,15585,شاسەیوان,fa,فارسی,خیمە بزرگ,a09069b2-3fc6-4c25-8516-d6e452cd7199
9618,15585,شاسەیوان,fa,فارسی,ایلی کوچندە در ایران، شاهسون,a09069b2-3fc6-4c25-8516-d6e452cd7199
9620,15586,عایەر,fa,فارسی,حیلەباز,432b11b0-059a-4486-9981-ae6a7fe0f1c4
9622,15587,عجول,fa,فارسی,موی کم پشت و ژولیدە.,432b11b0-059a-4486-9981-ae6a7fe0f1c4
9624,15588,عرک,fa,فارسی,اشکمبە,432b11b0-059a-4486-9981-ae6a7fe0f1c4
9626,15589,عشتر,fa,فارسی,اشتر,432b11b0-059a-4486-9981-ae6a7fe0f1c4
9628,15590,عشک,fa,فارسی,خشک,432b11b0-059a-4486-9981-ae6a7fe0f1c4
9630,15591,علعول,fa,فارسی,نرم و لیزدردست,432b11b0-059a-4486-9981-ae6a7fe0f1c4
9657,15592,شاش,fa,فارسی,عمامە,a09069b2-3fc6-4c25-8516-d6e452cd7199
9658,15592,شاش,fa,فارسی,شیسک آرد و غلە,a09069b2-3fc6-4c25-8516-d6e452cd7199
9659,15592,شاش,fa,فارسی,پارچە متخلخل,a09069b2-3fc6-4c25-8516-d6e452cd7199
9660,15592,شاش,fa,فارسی,پریشانی فکر,a09069b2-3fc6-4c25-8516-d6e452cd7199
9661,15592,شاش,fa,فارسی,اشتباە کنندە,a09069b2-3fc6-4c25-8516-d6e452cd7199
9662,15592,شاش,fa,فارسی,شاش,a09069b2-3fc6-4c25-8516-d6e452cd7199
9663,15592,شاش,fa,فارسی,پریشان و سردرگم,a09069b2-3fc6-4c25-8516-d6e452cd7199
9664,15592,شاش,fa,فارسی,لوچ,a09069b2-3fc6-4c25-8516-d6e452cd7199
9648,15593,شاشان,fa,فارسی,نام زنانە,a09069b2-3fc6-4c25-8516-d6e452cd7199
9666,15594,عنگرین,fa,فارسی,عصبانی شدن,432b11b0-059a-4486-9981-ae6a7fe0f1c4
9668,15595,عنە,fa,فارسی,مقعد,432b11b0-059a-4486-9981-ae6a7fe0f1c4
9670,15596,شاشبەن,fa,فارسی,شاش بند,a09069b2-3fc6-4c25-8516-d6e452cd7199
9672,15597,شاشخاپێن,fa,فارسی,روحانی عوام فریب,a09069b2-3fc6-4c25-8516-d6e452cd7199
9674,15598,عنەب,fa,فارسی,نامروستایی در کردستان ،کە توسط بعثیان ویران شد.,432b11b0-059a-4486-9981-ae6a7fe0f1c4
9676,15599,عوج,fa,فارسی,عوج،انسان افسانە ای قدبلند.,432b11b0-059a-4486-9981-ae6a7fe0f1c4
9678,15600,عودەت,fa,فارسی,عهدە,432b11b0-059a-4486-9981-ae6a7fe0f1c4
9681,15601,شاشک,fa,فارسی,عمامە، دستار,a09069b2-3fc6-4c25-8516-d6e452cd7199
9682,15601,شاشک,fa,فارسی,نوعی بازی کودکانە,a09069b2-3fc6-4c25-8516-d6e452cd7199
9684,15602,عور,fa,فارسی,شکمیە,432b11b0-059a-4486-9981-ae6a7fe0f1c4
9686,15603,عورزە,fa,فارسی,لیاقت، عرضە,432b11b0-059a-4486-9981-ae6a7fe0f1c4
9688,15604,عوورگ,fa,فارسی,شکمیە,432b11b0-059a-4486-9981-ae6a7fe0f1c4
9691,15605,شاش گەور,fa,فارسی,عمامە سفید,a09069b2-3fc6-4c25-8516-d6e452cd7199
9692,15605,شاش گەور,fa,فارسی,کنایە از پیر و مزهب درزی,a09069b2-3fc6-4c25-8516-d6e452cd7199
9695,15606,شاشوبێش,fa,فارسی,کج و کولە,a09069b2-3fc6-4c25-8516-d6e452cd7199
9696,15606,شاشوبێش,fa,فارسی,مبهم و نامعلوم,a09069b2-3fc6-4c25-8516-d6e452cd7199
9699,15607,عورف,fa,فارسی,عرف و عادەت,432b11b0-059a-4486-9981-ae6a7fe0f1c4
9700,15607,عورف,fa,فارسی,حرف القبا,432b11b0-059a-4486-9981-ae6a7fe0f1c4
9702,15608,شاشوپەر,fa,فارسی,لباس شیک و مرتب,a09069b2-3fc6-4c25-8516-d6e452cd7199
9704,15609,عورمەزن,fa,فارسی,شکم گندە,432b11b0-059a-4486-9981-ae6a7fe0f1c4
9707,15610,شەشو وێش,fa,فارسی,کج و کولە,a09069b2-3fc6-4c25-8516-d6e452cd7199
9708,15610,شەشو وێش,fa,فارسی,مبهم و نامعلوم,a09069b2-3fc6-4c25-8516-d6e452cd7199
9710,15611,عورووس,fa,فارسی,از نزاد روس.,432b11b0-059a-4486-9981-ae6a7fe0f1c4
9713,15612,شاشە,fa,فارسی,موسم بارانهای بهاری,a09069b2-3fc6-4c25-8516-d6e452cd7199
9714,15612,شاشە,fa,فارسی,زمین شیار شدە برای کشت توتون,a09069b2-3fc6-4c25-8516-d6e452cd7199
9717,15613,عورووسی,fa,فارسی,پنجرە ارووسی,432b11b0-059a-4486-9981-ae6a7fe0f1c4
9718,15613,عورووسی,fa,فارسی,زبان روسی,432b11b0-059a-4486-9981-ae6a7fe0f1c4
9720,15614,عوروسیات,fa,فارسی,روسیە,432b11b0-059a-4486-9981-ae6a7fe0f1c4
9723,15615,شاشەک,fa,فارسی,پرندە سنگخوارە,a09069b2-3fc6-4c25-8516-d6e452cd7199
9724,15615,شاشەک,fa,فارسی,رباب، آلت موسیقی,a09069b2-3fc6-4c25-8516-d6e452cd7199
9726,15616,شاشیک,fa,فارسی,دستار,a09069b2-3fc6-4c25-8516-d6e452cd7199
9728,15617,عورە,fa,فارسی,خرمن کوبیدە آمادە,432b11b0-059a-4486-9981-ae6a7fe0f1c4
9730,15618,شاشین,fa,فارسی,شاشیدن,a09069b2-3fc6-4c25-8516-d6e452cd7199
9732,15619,شاف,fa,فارسی,شیاف,a09069b2-3fc6-4c25-8516-d6e452cd7199
9734,15620,شاف پێ هەڵگرتن,fa,فارسی,کنایە از فریب دادن,a09069b2-3fc6-4c25-8516-d6e452cd7199
9738,15622,شافر,fa,فارسی,بیابان,a09069b2-3fc6-4c25-8516-d6e452cd7199
9739,15622,شافر,fa,فارسی,جلگە وسیع بی درخت,a09069b2-3fc6-4c25-8516-d6e452cd7199
9741,15623,شافعی,fa,فارسی,شافعی مذهب,a09069b2-3fc6-4c25-8516-d6e452cd7199
9745,15626,شاف هەڵگرتن,fa,فارسی,شیاف برداشتن,a09069b2-3fc6-4c25-8516-d6e452cd7199
9749,15629,شاڤ,fa,فارسی,صدای خرگوش,a09069b2-3fc6-4c25-8516-d6e452cd7199
9750,15629,شاڤ,fa,فارسی,بوتیمار,a09069b2-3fc6-4c25-8516-d6e452cd7199
9753,15630,عوورین,fa,فارسی,صدای گاومیش,432b11b0-059a-4486-9981-ae6a7fe0f1c4
9755,15631,شاڤا,fa,فارسی,گام,a09069b2-3fc6-4c25-8516-d6e452cd7199
9757,15634,شاڤاشین,fa,فارسی,پرندەای آبزی، بوتیمار,a09069b2-3fc6-4c25-8516-d6e452cd7199
9762,15636,عوزر,fa,فارسی,حیض,432b11b0-059a-4486-9981-ae6a7fe0f1c4
9763,15636,عوزر,fa,فارسی,بهانە,432b11b0-059a-4486-9981-ae6a7fe0f1c4
9764,15636,عوزر,fa,فارسی,معدرت,432b11b0-059a-4486-9981-ae6a7fe0f1c4
9766,15637,شاڤەشین,fa,فارسی,پرندەای آبزی، بوتیمار,a09069b2-3fc6-4c25-8516-d6e452cd7199
9769,15640,عوزرخوایی,fa,فارسی,عذرخواهی,432b11b0-059a-4486-9981-ae6a7fe0f1c4
9772,15641,شاڤێر,fa,فارسی,ابلە، کودن,a09069b2-3fc6-4c25-8516-d6e452cd7199
9773,15641,شاڤێر,fa,فارسی,گیاهی است,a09069b2-3fc6-4c25-8516-d6e452cd7199
9775,15642,عوزرشتن,fa,فارسی,حیض,432b11b0-059a-4486-9981-ae6a7fe0f1c4
9777,15644,شاڤین,fa,فارسی,صدای خرگوش,a09069b2-3fc6-4c25-8516-d6e452cd7199
9782,15646,عوزم,fa,فارسی,وقار,432b11b0-059a-4486-9981-ae6a7fe0f1c4
9784,15648,عوسل,fa,فارسی,ابتنی شرعی، غسل,432b11b0-059a-4486-9981-ae6a7fe0f1c4
9786,15649,عوسمانەکە,fa,فارسی,نام روستایی درکردستان کە توسط بعثیان ویران شد .,432b11b0-059a-4486-9981-ae6a7fe0f1c4
9788,15653,عوشاقی,fa,فارسی,نوعی انگور,432b11b0-059a-4486-9981-ae6a7fe0f1c4
9790,15657,عوعو,fa,فارسی,کلمەترساندن یچە,432b11b0-059a-4486-9981-ae6a7fe0f1c4
9794,15659,عول,fa,فارسی,لوچ,432b11b0-059a-4486-9981-ae6a7fe0f1c4
9801,15661,شاق,fa,فارسی,مرغ ماهیخوار,a09069b2-3fc6-4c25-8516-d6e452cd7199
9802,15661,شاق,fa,فارسی,جیغ مرغ,a09069b2-3fc6-4c25-8516-d6e452cd7199
9803,15661,شاق,fa,فارسی,تیپا,a09069b2-3fc6-4c25-8516-d6e452cd7199
9804,15661,شاق,fa,فارسی,گام,a09069b2-3fc6-4c25-8516-d6e452cd7199
9805,15661,شاق,fa,فارسی,سیلی,a09069b2-3fc6-4c25-8516-d6e452cd7199
9806,15661,شاق,fa,فارسی,چوگان گوی بازی,a09069b2-3fc6-4c25-8516-d6e452cd7199
9808,15662,عومبەر,fa,فارسی,عمر، نام مردانە,432b11b0-059a-4486-9981-ae6a7fe0f1c4
9810,15663,عومدە,fa,فارسی,تاجربزرگ,432b11b0-059a-4486-9981-ae6a7fe0f1c4
9812,15664,عومدەفرۆش,fa,فارسی,عمدەفروش,432b11b0-059a-4486-9981-ae6a7fe0f1c4
9814,15665,عەمر,fa,فارسی,عمر، سن,432b11b0-059a-4486-9981-ae6a7fe0f1c4
9816,15666,عومەر,fa,فارسی,عمر، نام مردانە,432b11b0-059a-4486-9981-ae6a7fe0f1c4
9818,15667,عون,fa,فارسی,مقعمد,432b11b0-059a-4486-9981-ae6a7fe0f1c4
9820,15668,عوویرگ,fa,فارسی,کشمبە,432b11b0-059a-4486-9981-ae6a7fe0f1c4
9822,15669,عە,fa,فارسی,نگا:عا,432b11b0-059a-4486-9981-ae6a7fe0f1c4
9824,15670,عەبا,fa,فارسی,عبا,432b11b0-059a-4486-9981-ae6a7fe0f1c4
9826,15671,عەبابەیلە,fa,فارسی,نام روستایی در کردستان کە توسط بعثیان ویران شد .,432b11b0-059a-4486-9981-ae6a7fe0f1c4
9828,15672,عەباس,fa,فارسی,عباس،نام مردانە,432b11b0-059a-4486-9981-ae6a7fe0f1c4
9830,15673,عەباسی,fa,فارسی,نام روستایی در کردستان کە توسط بعثیان ویران شد .,432b11b0-059a-4486-9981-ae6a7fe0f1c4
9832,15674,عەبانی,fa,فارسی,مخفف عبداڵلە،نام مردانە,432b11b0-059a-4486-9981-ae6a7fe0f1c4
9834,15675,عەبد,fa,فارسی,عبد، بندە,432b11b0-059a-4486-9981-ae6a7fe0f1c4
9836,15676,عەبدە,fa,فارسی,مخفف عبداڵلە,432b11b0-059a-4486-9981-ae6a7fe0f1c4
9838,15677,عەبدۆیی,fa,فارسی,نام عشیرەای,432b11b0-059a-4486-9981-ae6a7fe0f1c4
9856,15707,تەپودوومان,fa,فارسی,مە غلیط راکد,96560cf4-030d-4268-baea-87bb57cdf631
9863,15708,تەپۆکە,fa,فارسی,تیە کم ارتفاع,96560cf4-030d-4268-baea-87bb57cdf631
9865,15709,تەپۆلکە,fa,فارسی,تیەکوچک,96560cf4-030d-4268-baea-87bb57cdf631
9867,15710,تەپۆڵکە,fa,فارسی,تیە کوچک,96560cf4-030d-4268-baea-87bb57cdf631
9871,15711,تەپومژ,fa,فارسی,مە غلیظ,96560cf4-030d-4268-baea-87bb57cdf631
9873,15712,تەپۆنکە,fa,فارسی,تیە کوچک,96560cf4-030d-4268-baea-87bb57cdf631
9875,15713,تەپونم,fa,فارسی,هوای بارانی مەالود,96560cf4-030d-4268-baea-87bb57cdf631
9880,15714,تەپە,fa,فارسی,صدای افتادن شیئی نرم سنگین,96560cf4-030d-4268-baea-87bb57cdf631
9881,15714,تەپە,fa,فارسی,صدای پا,96560cf4-030d-4268-baea-87bb57cdf631
9882,15714,تەپە,fa,فارسی,دایرە وسط عرقچین,96560cf4-030d-4268-baea-87bb57cdf631
9883,15714,تەپە,fa,فارسی,تپە,96560cf4-030d-4268-baea-87bb57cdf631
9885,15715,تەپەتەپ,fa,فارسی,تەپتەپ,96560cf4-030d-4268-baea-87bb57cdf631
9888,15716,تەپەتڕە,fa,فارسی,کنایە از نو پای افتادن و خیزان,96560cf4-030d-4268-baea-87bb57cdf631
9890,15717,تەپەدان,fa,فارسی,تودە کردن و برهم انباشتن,96560cf4-030d-4268-baea-87bb57cdf631
9892,15718,تەپەدۆر,fa,فارسی,چوب پنیە,96560cf4-030d-4268-baea-87bb57cdf631
9894,15719,تەپەدوکەڵ,fa,فارسی,دود زیاد,96560cf4-030d-4268-baea-87bb57cdf631
9897,15720,تەپەسەر,fa,فارسی,سر زنش,96560cf4-030d-4268-baea-87bb57cdf631
9900,15721,تەپەکڵاو,fa,فارسی,دایرە وسط عرقچین,96560cf4-030d-4268-baea-87bb57cdf631
9901,15721,تەپەکڵاو,fa,فارسی,کلاهک ستون چاردر,96560cf4-030d-4268-baea-87bb57cdf631
9903,15722,تەپەڵۆک,fa,فارسی,تاپالە,96560cf4-030d-4268-baea-87bb57cdf631
9906,15723,تەپیان,fa,فارسی,فر ور یختن دیوار,96560cf4-030d-4268-baea-87bb57cdf631
9912,15724,تەپین,fa,فارسی,ریزش دیوارئ,96560cf4-030d-4268-baea-87bb57cdf631
9913,15724,تەپین,fa,فارسی,فرو رفتگی,96560cf4-030d-4268-baea-87bb57cdf631
9915,15725,شاقام,fa,فارسی,گام فراخ,a09069b2-3fc6-4c25-8516-d6e452cd7199
9918,15726,تەپیو,fa,فارسی,ریزش کردە,96560cf4-030d-4268-baea-87bb57cdf631
9920,15727,شاقاو,fa,فارسی,گام فراخ,a09069b2-3fc6-4c25-8516-d6e452cd7199
9922,15728,شاقروان,fa,فارسی,قورباغە,a09069b2-3fc6-4c25-8516-d6e452cd7199
9924,15729,تهتاوک,fa,فارسی,نەعناع کوهی,96560cf4-030d-4268-baea-87bb57cdf631
9926,15730,شاقڵ,fa,فارسی,جاک دامن,a09069b2-3fc6-4c25-8516-d6e452cd7199
9928,15731,شاقوبانێ,fa,فارسی,چوگان بازی,a09069b2-3fc6-4c25-8516-d6e452cd7199
9930,15732,شاقوت,fa,فارسی,هرس شاخەهای ستبر,a09069b2-3fc6-4c25-8516-d6e452cd7199
9933,15733,شاقول,fa,فارسی,شاقول,a09069b2-3fc6-4c25-8516-d6e452cd7199
9934,15733,شاقول,fa,فارسی,تلە خرگۆش,a09069b2-3fc6-4c25-8516-d6e452cd7199
9938,15734,شاقۆڵ,fa,فارسی,حوگان بازی,a09069b2-3fc6-4c25-8516-d6e452cd7199
9939,15734,شاقۆڵ,fa,فارسی,شاقول,a09069b2-3fc6-4c25-8516-d6e452cd7199
9940,15734,شاقۆڵ,fa,فارسی,تلە خرگوش,a09069b2-3fc6-4c25-8516-d6e452cd7199
9942,15735,شاقولاپ,fa,فارسی,قلاب بزرگ ماهیگیری,a09069b2-3fc6-4c25-8516-d6e452cd7199
9944,15736,دارۆخان,fa,فارسی,نام روستایی در کردستان,fbaa1310-1a57-4439-b4e4-2b6fb312b455
9946,15737,شاقۆلانێ,fa,فارسی,چوگان بازی,a09069b2-3fc6-4c25-8516-d6e452cd7199
9948,15738,داڕوخاو,fa,فارسی,فروریختە,fbaa1310-1a57-4439-b4e4-2b6fb312b455
9950,15739,شاقولیاغا,fa,فارسی,پرندە ایست,a09069b2-3fc6-4c25-8516-d6e452cd7199
9952,15740,داڕوخیاگ,fa,فارسی,فروریختە,fbaa1310-1a57-4439-b4e4-2b6fb312b455
9954,15741,داڕوخیاو,fa,فارسی,فروریختە,fbaa1310-1a57-4439-b4e4-2b6fb312b455
9956,15742,شاقەشین,fa,فارسی,پرندەای آبزی، بوتیمار,a09069b2-3fc6-4c25-8516-d6e452cd7199
9958,15743,شاقەل,fa,فارسی,جاک دامن قبا,a09069b2-3fc6-4c25-8516-d6e452cd7199
9960,15744,دارودەستە,fa,فارسی,دارودستە,fbaa1310-1a57-4439-b4e4-2b6fb312b455
9962,15745,شاقەڵ,fa,فارسی,حجم، اندازە، مطر,a09069b2-3fc6-4c25-8516-d6e452cd7199
9964,15746,دارودەسە,fa,فارسی,دارودستە,fbaa1310-1a57-4439-b4e4-2b6fb312b455
9966,15747,شاقەڵدار,fa,فارسی,تنومند,a09069b2-3fc6-4c25-8516-d6e452cd7199
9968,15748,دار و دەوەن,fa,فارسی,تپە و ماهور,fbaa1310-1a57-4439-b4e4-2b6fb312b455
9970,15749,دارۆغە,fa,فارسی,داروغە,fbaa1310-1a57-4439-b4e4-2b6fb312b455
9974,15750,تەتک,fa,فارسی,دستکش,96560cf4-030d-4268-baea-87bb57cdf631
9975,15750,تەتک,fa,فارسی,است کرکدار,96560cf4-030d-4268-baea-87bb57cdf631
9979,15751,شاک,fa,فارسی,صدای شاک در وقت جفتگیری,a09069b2-3fc6-4c25-8516-d6e452cd7199
9980,15751,شاک,fa,فارسی,قاچ,a09069b2-3fc6-4c25-8516-d6e452cd7199
9981,15751,شاک,fa,فارسی,قوچ دوسالە,a09069b2-3fc6-4c25-8516-d6e452cd7199
9983,15752,داروونی,fa,فارسی,روستایی کە بە وسیلە بعثیها ویران شد,fbaa1310-1a57-4439-b4e4-2b6fb312b455
9985,15753,تەتلەمیران,fa,فارسی,کرمی است کرکدار,96560cf4-030d-4268-baea-87bb57cdf631
9987,15754,شاکار,fa,فارسی,شاهکار,a09069b2-3fc6-4c25-8516-d6e452cd7199
9991,15755,دارەبازە,fa,فارسی,تابوت,fbaa1310-1a57-4439-b4e4-2b6fb312b455
9995,15756,دارەبەن,fa,فارسی,درخت ون,fbaa1310-1a57-4439-b4e4-2b6fb312b455
9997,15757,شاکاشی,fa,فارسی,شهکاسە,a09069b2-3fc6-4c25-8516-d6e452cd7199
10000,15758,دارەپیچان,fa,فارسی,دالان,fbaa1310-1a57-4439-b4e4-2b6fb312b455
10004,15759,تەتن,fa,فارسی,گل,96560cf4-030d-4268-baea-87bb57cdf631
10006,15760,شاکاک,fa,فارسی,موهای زرد رخسار نوجوانان,a09069b2-3fc6-4c25-8516-d6e452cd7199
10010,15761,داڕەت,fa,فارسی,در دسترس,fbaa1310-1a57-4439-b4e4-2b6fb312b455
10018,15762,تەتە,fa,فارسی,عمە,96560cf4-030d-4268-baea-87bb57cdf631
10019,15762,تەتە,fa,فارسی,بزن,96560cf4-030d-4268-baea-87bb57cdf631
10021,15763,شاکم,fa,فارسی,گویا، شاید,a09069b2-3fc6-4c25-8516-d6e452cd7199
10025,15764,تەتەر,fa,فارسی,سریع السیر,96560cf4-030d-4268-baea-87bb57cdf631
10026,15764,تەتەر,fa,فارسی,نامە بر,96560cf4-030d-4268-baea-87bb57cdf631
10029,15765,دارەتو,fa,فارسی,درخت توت,fbaa1310-1a57-4439-b4e4-2b6fb312b455
10030,15765,دارەتو,fa,فارسی,نام روستایی کە بعثیها ویران کردند,fbaa1310-1a57-4439-b4e4-2b6fb312b455
10033,15766,تەتەری,fa,فارسی,سماق,96560cf4-030d-4268-baea-87bb57cdf631
10035,15767,شاکول,fa,فارسی,نوعی پای افزار مویین,a09069b2-3fc6-4c25-8516-d6e452cd7199
10037,15768,دارەڕا,fa,فارسی,سقف پوسی با تیرک والوار,fbaa1310-1a57-4439-b4e4-2b6fb312b455
10040,15769,تەتەشۆر,fa,فارسی,سنگ یا نختە مردە شوری,96560cf4-030d-4268-baea-87bb57cdf631
10043,15770,دارەڕەش,fa,فارسی,درخت نارون,fbaa1310-1a57-4439-b4e4-2b6fb312b455
10045,15771,شاکۆل,fa,فارسی,چو بدستی هموار,a09069b2-3fc6-4c25-8516-d6e452cd7199
10047,15772,شاکۆن,fa,فارسی,عصای سرخمیدە,a09069b2-3fc6-4c25-8516-d6e452cd7199
10049,15773,داڕەشکێنە,fa,فارسی,دارویی کەبر زخم گذارند,fbaa1310-1a57-4439-b4e4-2b6fb312b455
10055,15774,تەتەڵە,fa,فارسی,لوح,96560cf4-030d-4268-baea-87bb57cdf631
10056,15774,تەتەڵە,fa,فارسی,کمر,96560cf4-030d-4268-baea-87bb57cdf631
10057,15774,تەتەڵە,fa,فارسی,گونە,96560cf4-030d-4268-baea-87bb57cdf631
10058,15774,تەتەڵە,fa,فارسی,روخسار,96560cf4-030d-4268-baea-87bb57cdf631
10059,15774,تەتەڵە,fa,فارسی,بوجاری,96560cf4-030d-4268-baea-87bb57cdf631
10061,15775,دارەقوتە,fa,فارسی,نام روستایی کە بعثیها ویران کردند,fbaa1310-1a57-4439-b4e4-2b6fb312b455
10064,15776,شاکە,fa,فارسی,پرپر زدن جوجە پرندە,a09069b2-3fc6-4c25-8516-d6e452cd7199
10065,15776,شاکە,fa,فارسی,لابە,a09069b2-3fc6-4c25-8516-d6e452cd7199
10067,15777,دارەلەک,fa,فارسی,روستایی در کردستان,fbaa1310-1a57-4439-b4e4-2b6fb312b455
10071,15778,تەتەڵەکردن,fa,فارسی,بوجاری,96560cf4-030d-4268-baea-87bb57cdf631
10072,15778,تەتەڵەکردن,fa,فارسی,زبان بە تتەپتەافتادن,96560cf4-030d-4268-baea-87bb57cdf631
10073,15778,تەتەڵەکردن,fa,فارسی,بە هدف نزدن,96560cf4-030d-4268-baea-87bb57cdf631
10075,15779,پاڕانەوەی زۆر,fa,فارسی,لابە و التماس زیاد,a09069b2-3fc6-4c25-8516-d6e452cd7199
10079,15780,دارەمەیت,fa,فارسی,تابوت,fbaa1310-1a57-4439-b4e4-2b6fb312b455
10082,15781,تەیەڵەمیران,fa,فارسی,کرم کرکدار,96560cf4-030d-4268-baea-87bb57cdf631
10083,15781,تەیەڵەمیران,fa,فارسی,شوخی,96560cf4-030d-4268-baea-87bb57cdf631
10085,15782,شاکەل,fa,فارسی,از روستاهای ویران شدە کردستان توسط بعثیان,a09069b2-3fc6-4c25-8516-d6e452cd7199
10088,15783,تەتی,fa,فارسی,باسن,96560cf4-030d-4268-baea-87bb57cdf631
10089,15783,تەتی,fa,فارسی,مستراح,96560cf4-030d-4268-baea-87bb57cdf631
10091,15784,شاگا,fa,فارسی,شادزی، حرفی بچای سلام,a09069b2-3fc6-4c25-8516-d6e452cd7199
10093,15785,دارەوان,fa,فارسی,کسی کە در بالا رفتن از درخت مهارت دارد,fbaa1310-1a57-4439-b4e4-2b6fb312b455
10095,15786,شاگرد,fa,فارسی,شاگرد,a09069b2-3fc6-4c25-8516-d6e452cd7199
10100,15787,تەجە,fa,فارسی,نهاز پیشر و گلە,96560cf4-030d-4268-baea-87bb57cdf631
10102,15788,تەجەنەر,fa,فارسی,نهاز,96560cf4-030d-4268-baea-87bb57cdf631
10106,15790,شاگردانە,fa,فارسی,انعام شاگرد,a09069b2-3fc6-4c25-8516-d6e452cd7199
10108,15791,شاگردە,fa,فارسی,چوبی چنگالی کە بافندە تارهای بافت را بدان شمارد,a09069b2-3fc6-4c25-8516-d6e452cd7199
10110,15793,شاگونج,fa,فارسی,چوبی قیف مانند در دهانە ناو آسیاب,a09069b2-3fc6-4c25-8516-d6e452cd7199
10113,15794,دارێ,fa,فارسی,داس,fbaa1310-1a57-4439-b4e4-2b6fb312b455
10114,15794,دارێ,fa,فارسی,نام شهری قدیمی در کردستان,fbaa1310-1a57-4439-b4e4-2b6fb312b455
10118,15795,داریانەوە,fa,فارسی,از حال رفتن,fbaa1310-1a57-4439-b4e4-2b6fb312b455
10119,15795,داریانەوە,fa,فارسی,تلوتلو خوردن,fbaa1310-1a57-4439-b4e4-2b6fb312b455
10124,15796,تەجیر,fa,فارسی,پەرچین,96560cf4-030d-4268-baea-87bb57cdf631
10127,15797,شاگوڵ,fa,فارسی,نقش بزرگ قالی,a09069b2-3fc6-4c25-8516-d6e452cd7199
10128,15797,شاگوڵ,fa,فارسی,خوشە برتر غلە,a09069b2-3fc6-4c25-8516-d6e452cd7199
10130,15798,داڕێژگە,fa,فارسی,قالب ریختە گری,fbaa1310-1a57-4439-b4e4-2b6fb312b455
10135,15799,تەجیری,fa,فارسی,خیگ,96560cf4-030d-4268-baea-87bb57cdf631
10137,15800,داڕێژی,fa,فارسی,ریختەگری,fbaa1310-1a57-4439-b4e4-2b6fb312b455
10139,15801,شاگول بەند,fa,فارسی,گیاهی است,a09069b2-3fc6-4c25-8516-d6e452cd7199
10141,15802,تەح,fa,فارسی,حرف تعجب,96560cf4-030d-4268-baea-87bb57cdf631
10143,15803,داریلانک,fa,فارسی,گلی است خوشبو,fbaa1310-1a57-4439-b4e4-2b6fb312b455
10145,15804,یەحا,fa,فارسی,حرف تعجب,96560cf4-030d-4268-baea-87bb57cdf631
10147,15805,شاگە,fa,فارسی,شادزی، حرفی بچای سلام,a09069b2-3fc6-4c25-8516-d6e452cd7199
10150,15806,تەحام,fa,فارسی,خوراک,96560cf4-030d-4268-baea-87bb57cdf631
10152,15807,تەحامات,fa,فارسی,خوراکیهای رنگارنگ,96560cf4-030d-4268-baea-87bb57cdf631
10154,15808,دارین,fa,فارسی,چوبین,fbaa1310-1a57-4439-b4e4-2b6fb312b455
10156,15809,شاگەردانی,fa,فارسی,آشوب و بلوا,a09069b2-3fc6-4c25-8516-d6e452cd7199
10163,15811,تەحت,fa,فارسی,کوە سنگی,96560cf4-030d-4268-baea-87bb57cdf631
10164,15811,تەحت,fa,فارسی,نمد گستردنی,96560cf4-030d-4268-baea-87bb57cdf631
10167,15812,شاگەشکە,fa,فارسی,حالت غش از شادی,a09069b2-3fc6-4c25-8516-d6e452cd7199
10168,15812,شاگەشکە,fa,فارسی,پنجە گذاشتن، پنجە بەطرف کسی گرفتن با اهانت,a09069b2-3fc6-4c25-8516-d6e452cd7199
10172,15813,داژدار,fa,فارسی,نگهبان قلعە,fbaa1310-1a57-4439-b4e4-2b6fb312b455
10173,15813,داژدار,fa,فارسی,کنایە از طرفدار,fbaa1310-1a57-4439-b4e4-2b6fb312b455
10175,15814,شاگەشکەبوون,fa,فارسی,غش کردن از شادی,a09069b2-3fc6-4c25-8516-d6e452cd7199
10177,15815,داژگیر,fa,فارسی,الک گندم پاک کردن,fbaa1310-1a57-4439-b4e4-2b6fb312b455
10179,15816,داس,fa,فارسی,داس,fbaa1310-1a57-4439-b4e4-2b6fb312b455
10181,15817,شاگەشکە لێنان,fa,فارسی,ام کردن، ینجە گذاشتن، پنجە بە طرف کسی گرفتن بااهانت,a09069b2-3fc6-4c25-8516-d6e452cd7199
10185,15818,داسک,fa,فارسی,داس کوچک,fbaa1310-1a57-4439-b4e4-2b6fb312b455
10186,15818,داسک,fa,فارسی,داس شاخەبری,fbaa1310-1a57-4439-b4e4-2b6fb312b455
10187,15818,داسک,fa,فارسی,تار باریک نخ,fbaa1310-1a57-4439-b4e4-2b6fb312b455
10190,15819,شال,fa,فارسی,شلوار از بافتە محلی,a09069b2-3fc6-4c25-8516-d6e452cd7199
10191,15819,شال,fa,فارسی,گاری مخصوص انتقال درویدە بە سر خرمن,a09069b2-3fc6-4c25-8516-d6e452cd7199
10195,15820,شاڵ,fa,فارسی,شلوار از بافتە محلی,a09069b2-3fc6-4c25-8516-d6e452cd7199
10196,15820,شاڵ,fa,فارسی,پارچە سبز ویژە سادات,a09069b2-3fc6-4c25-8516-d6e452cd7199
10197,15820,شاڵ,fa,فارسی,پشم بافتە,a09069b2-3fc6-4c25-8516-d6e452cd7199
10199,15821,شاڵاو,fa,فارسی,هجوم، حملە,a09069b2-3fc6-4c25-8516-d6e452cd7199
10201,15822,شاڵک,fa,فارسی,عبا,a09069b2-3fc6-4c25-8516-d6e452cd7199
10203,15823,شاڵ گەردەن,fa,فارسی,شال کردن,a09069b2-3fc6-4c25-8516-d6e452cd7199
10205,15824,شالوو,fa,فارسی,گردە نان با شاەدانە,a09069b2-3fc6-4c25-8516-d6e452cd7199
10207,15825,شالووت,fa,فارسی,دماغ گندە,a09069b2-3fc6-4c25-8516-d6e452cd7199
10209,15826,شالوور,fa,فارسی,سار سیاە,a09069b2-3fc6-4c25-8516-d6e452cd7199
10211,15827,شالووز,fa,فارسی,متملق,a09069b2-3fc6-4c25-8516-d6e452cd7199
10213,15828,شالوول,fa,فارسی,سار سیاە,a09069b2-3fc6-4c25-8516-d6e452cd7199
10215,15829,شالوویل,fa,فارسی,سار سیاە,a09069b2-3fc6-4c25-8516-d6e452cd7199
10218,15830,شالیار,fa,فارسی,شهریار,a09069b2-3fc6-4c25-8516-d6e452cd7199
10219,15830,شالیار,fa,فارسی,همدم شاە,a09069b2-3fc6-4c25-8516-d6e452cd7199
10221,15831,شالیار,fa,فارسی,سار سیاە,a09069b2-3fc6-4c25-8516-d6e452cd7199
10224,15832,شاڵیار,fa,فارسی,شهریار,a09069b2-3fc6-4c25-8516-d6e452cd7199
10225,15832,شاڵیار,fa,فارسی,همدم شاە,a09069b2-3fc6-4c25-8516-d6e452cd7199
10227,15833,شالیل,fa,فارسی,سار سیاە,a09069b2-3fc6-4c25-8516-d6e452cd7199
10229,15834,شاڵینە,fa,فارسی,پارچە مربع پشمین,a09069b2-3fc6-4c25-8516-d6e452cd7199
10234,15835,شام,fa,فارسی,دمشق,a09069b2-3fc6-4c25-8516-d6e452cd7199
10235,15835,شام,fa,فارسی,وعدە غذای شام,a09069b2-3fc6-4c25-8516-d6e452cd7199
10236,15835,شام,fa,فارسی,بعد از غروب,a09069b2-3fc6-4c25-8516-d6e452cd7199
10237,15835,شام,fa,فارسی,شاە هستم,a09069b2-3fc6-4c25-8516-d6e452cd7199
10241,15836,شامات,fa,فارسی,جلگە شورەزار,a09069b2-3fc6-4c25-8516-d6e452cd7199
10242,15836,شامات,fa,فارسی,ناحیەای در کردستان,a09069b2-3fc6-4c25-8516-d6e452cd7199
10243,15836,شامات,fa,فارسی,شەمات شطرنج,a09069b2-3fc6-4c25-8516-d6e452cd7199
10245,15837,شامار,fa,فارسی,اژدها,a09069b2-3fc6-4c25-8516-d6e452cd7199
10247,15838,شاماکی,fa,فارسی,پستان بند,a09069b2-3fc6-4c25-8516-d6e452cd7199
10249,15839,شامبۆز,fa,فارسی,جوانمرد شجاع,a09069b2-3fc6-4c25-8516-d6e452cd7199
10251,15840,شامبۆیی,fa,فارسی,سگ گلە,a09069b2-3fc6-4c25-8516-d6e452cd7199
10253,15841,شام خواردن,fa,فارسی,شام خوردن,a09069b2-3fc6-4c25-8516-d6e452cd7199
10255,15842,شام دەرزی,fa,فارسی,نوعی شمشیر مشهور,a09069b2-3fc6-4c25-8516-d6e452cd7199
10257,15843,شام کردن,fa,فارسی,شام خوردن,a09069b2-3fc6-4c25-8516-d6e452cd7199
10259,15844,شامۆیی,fa,فارسی,نوعی توتون,a09069b2-3fc6-4c25-8516-d6e452cd7199
10266,15845,شامی,fa,فارسی,هندوانە,a09069b2-3fc6-4c25-8516-d6e452cd7199
10267,15845,شامی,fa,فارسی,ذرت، بلال,a09069b2-3fc6-4c25-8516-d6e452cd7199
10268,15845,شامی,fa,فارسی,بوقلمون,a09069b2-3fc6-4c25-8516-d6e452cd7199
10269,15845,شامی,fa,فارسی,نوعی ماکیان,a09069b2-3fc6-4c25-8516-d6e452cd7199
10270,15845,شامی,fa,فارسی,اهل دمشق,a09069b2-3fc6-4c25-8516-d6e452cd7199
10271,15845,شامی,fa,فارسی,مخفف نام شاەمراد,a09069b2-3fc6-4c25-8516-d6e452cd7199
10273,15846,شامی کەباب,fa,فارسی,کباب شامی,a09069b2-3fc6-4c25-8516-d6e452cd7199
10275,15847,شامێر,fa,فارسی,مورچە درشت,a09069b2-3fc6-4c25-8516-d6e452cd7199
10277,15848,داژەندن,fa,فارسی,پایین گرفتن,fbaa1310-1a57-4439-b4e4-2b6fb312b455
10280,15849,داژەنن,fa,فارسی,پایین گرفتن,fbaa1310-1a57-4439-b4e4-2b6fb312b455
10281,15849,داژەنن,fa,فارسی,آویزان کردن,fbaa1310-1a57-4439-b4e4-2b6fb312b455
10284,15850,داژەنین,fa,فارسی,پایین گرفتن,fbaa1310-1a57-4439-b4e4-2b6fb312b455
10285,15850,داژەنین,fa,فارسی,بهم زدن وسایلی چون ساعت و تفنگ,fbaa1310-1a57-4439-b4e4-2b6fb312b455
10289,15851,داژیار,fa,فارسی,روزی,fbaa1310-1a57-4439-b4e4-2b6fb312b455
10290,15851,داژیار,fa,فارسی,قوت,fbaa1310-1a57-4439-b4e4-2b6fb312b455
10293,15852,داسپاردن,fa,فارسی,سفارش کردن,fbaa1310-1a57-4439-b4e4-2b6fb312b455
10295,15853,داسپەڕێن,fa,فارسی,هرس یونجر ضعیف برای تقویت آن,fbaa1310-1a57-4439-b4e4-2b6fb312b455
10297,15854,داستان,fa,فارسی,داستان,fbaa1310-1a57-4439-b4e4-2b6fb312b455
10299,15855,داسخاڵە,fa,فارسی,داس گشاد ویژە درو گیاە,fbaa1310-1a57-4439-b4e4-2b6fb312b455
10305,15857,داسرەوتن,fa,فارسی,آرام گرفتن,fbaa1310-1a57-4439-b4e4-2b6fb312b455
10307,15858,داسرەوین,fa,فارسی,آرام گرفتن,fbaa1310-1a57-4439-b4e4-2b6fb312b455
10310,15859,داسگ,fa,فارسی,سیخچە,fbaa1310-1a57-4439-b4e4-2b6fb312b455
10312,15860,داسماڵ,fa,فارسی,درو گیاە با داس,fbaa1310-1a57-4439-b4e4-2b6fb312b455
10314,15861,داسماڵە,fa,فارسی,درو گیاە با داس,fbaa1310-1a57-4439-b4e4-2b6fb312b455
10316,15862,داسوو,fa,فارسی,اخگل,fbaa1310-1a57-4439-b4e4-2b6fb312b455
10317,15862,داسوو,fa,فارسی,داسە,fbaa1310-1a57-4439-b4e4-2b6fb312b455
10319,15863,داسووک,fa,فارسی,اخگل,fbaa1310-1a57-4439-b4e4-2b6fb312b455
10322,15864,داسووکە,fa,فارسی,اخگل,fbaa1310-1a57-4439-b4e4-2b6fb312b455
10323,15864,داسووکە,fa,فارسی,داسە,fbaa1310-1a57-4439-b4e4-2b6fb312b455
10326,15865,داسولکە,fa,فارسی,اخگل,fbaa1310-1a57-4439-b4e4-2b6fb312b455
10327,15865,داسولکە,fa,فارسی,داس کوچک,fbaa1310-1a57-4439-b4e4-2b6fb312b455
10329,15866,داسە,fa,فارسی,اخگل,fbaa1310-1a57-4439-b4e4-2b6fb312b455
10333,15868,داسەکنان,fa,فارسی,آرام گرفتن,fbaa1310-1a57-4439-b4e4-2b6fb312b455
10336,15869,داسەکناو,fa,فارسی,آرام گرفتن,fbaa1310-1a57-4439-b4e4-2b6fb312b455
10338,15870,داسەکنین,fa,فارسی,آرام شدن,fbaa1310-1a57-4439-b4e4-2b6fb312b455
10339,15870,داسەکنین,fa,فارسی,آرام گرفتن,fbaa1310-1a57-4439-b4e4-2b6fb312b455
10342,15871,داش,fa,فارسی,کورە,fbaa1310-1a57-4439-b4e4-2b6fb312b455
10343,15871,داش,fa,فارسی,پیادە شطرنج و دامە,fbaa1310-1a57-4439-b4e4-2b6fb312b455
10346,15872,تەحتەقاپو,fa,فارسی,تختە قاپو,96560cf4-030d-4268-baea-87bb57cdf631
10351,15873,تەحتیل,fa,فارسی,تعطیل,96560cf4-030d-4268-baea-87bb57cdf631
10353,15874,تەححا,fa,فارسی,کلمە تعجب,96560cf4-030d-4268-baea-87bb57cdf631
10357,15875,تەحر,fa,فارسی,طرز,96560cf4-030d-4268-baea-87bb57cdf631
10358,15875,تەحر,fa,فارسی,شیوە,96560cf4-030d-4268-baea-87bb57cdf631
10359,15875,تەحر,fa,فارسی,سیما,96560cf4-030d-4268-baea-87bb57cdf631
10361,15876,تەحرە,fa,فارسی,گرمای نیمروز,96560cf4-030d-4268-baea-87bb57cdf631
10364,15877,داش بەداش,fa,فارسی,اصطلاحی در بازی دامە,fbaa1310-1a57-4439-b4e4-2b6fb312b455
10365,15877,داش بەداش,fa,فارسی,کنایە از انتقام گرفتن,fbaa1310-1a57-4439-b4e4-2b6fb312b455
10367,15878,داشت,fa,فارسی,دام نگهداری شدە برای تولیدمثل,fbaa1310-1a57-4439-b4e4-2b6fb312b455
10372,15879,داشتن,fa,فارسی,آبیاری,fbaa1310-1a57-4439-b4e4-2b6fb312b455
10373,15879,داشتن,fa,فارسی,از بالا بەپایین شستن,fbaa1310-1a57-4439-b4e4-2b6fb312b455
10376,15880,داشتە,fa,فارسی,داشت,fbaa1310-1a57-4439-b4e4-2b6fb312b455
10377,15880,داشتە,fa,فارسی,کهنە,fbaa1310-1a57-4439-b4e4-2b6fb312b455
10379,15881,داشە,fa,فارسی,داشت,fbaa1310-1a57-4439-b4e4-2b6fb312b455
10381,15882,داشدار,fa,فارسی,داژدار,fbaa1310-1a57-4439-b4e4-2b6fb312b455
10385,15883,داشداری,fa,فارسی,طرفداری,fbaa1310-1a57-4439-b4e4-2b6fb312b455
10388,15884,داشدیار,fa,فارسی,مدیر خانە,fbaa1310-1a57-4439-b4e4-2b6fb312b455
10391,15885,داشک,fa,فارسی,کرەخر,fbaa1310-1a57-4439-b4e4-2b6fb312b455
10395,15886,داشکان,fa,فارسی,شکستن چوی در کار آبیاری,fbaa1310-1a57-4439-b4e4-2b6fb312b455
10396,15886,داشکان,fa,فارسی,از صورت حساب کسر کردن,fbaa1310-1a57-4439-b4e4-2b6fb312b455
10397,15886,داشکان,fa,فارسی,تخفیف دادن,fbaa1310-1a57-4439-b4e4-2b6fb312b455
10398,15886,داشکان,fa,فارسی,خستەکردن,fbaa1310-1a57-4439-b4e4-2b6fb312b455
10400,15887,داشکاندن,fa,فارسی,داشکان,fbaa1310-1a57-4439-b4e4-2b6fb312b455
10402,15888,داشکانن,fa,فارسی,داشکان,fbaa1310-1a57-4439-b4e4-2b6fb312b455
10404,15889,داش کەلەرم,fa,فارسی,کلم قمری,fbaa1310-1a57-4439-b4e4-2b6fb312b455
10406,15890,داش کەلەم,fa,فارسی,کلم قمری,fbaa1310-1a57-4439-b4e4-2b6fb312b455
10409,15891,تەحس,fa,فارسی,لیز,96560cf4-030d-4268-baea-87bb57cdf631
10411,15892,داشگیر,fa,فارسی,داژگیر,fbaa1310-1a57-4439-b4e4-2b6fb312b455
10414,15893,تەحسین,fa,فارسی,لغزیدن,96560cf4-030d-4268-baea-87bb57cdf631
10415,15893,تەحسین,fa,فارسی,لیز خوردن,96560cf4-030d-4268-baea-87bb57cdf631
10417,15894,داشلانە,fa,فارسی,نام اختصاصی شگردان کلیسا در کردستان,fbaa1310-1a57-4439-b4e4-2b6fb312b455
10420,15895,داشۆ,fa,فارسی,برادر بزرگ,fbaa1310-1a57-4439-b4e4-2b6fb312b455
10421,15895,داشۆ,fa,فارسی,واژەای برای خطاب بە برادر بزرگ,fbaa1310-1a57-4439-b4e4-2b6fb312b455
10424,15896,داشڵیقیان,fa,فارسی,لەشدن,fbaa1310-1a57-4439-b4e4-2b6fb312b455
10426,15897,راسایی,fa,فارسی,همواری زمین,79dd71fd-aaa5-4f5a-9211-101eeda2d0b8
10428,15898,داشۆران,fa,فارسی,از بالا بەپایین شستن,fbaa1310-1a57-4439-b4e4-2b6fb312b455
10430,15899,داشۆران,fa,فارسی,آویزان شدن,fbaa1310-1a57-4439-b4e4-2b6fb312b455
10433,15900,تەحفیل,fa,فارسی,شستن و پاک کردن,96560cf4-030d-4268-baea-87bb57cdf631
10434,15900,تەحفیل,fa,فارسی,نجس,96560cf4-030d-4268-baea-87bb57cdf631
10436,15901,داشۆراندن,fa,فارسی,از بالا بەپایین شستن,fbaa1310-1a57-4439-b4e4-2b6fb312b455
10439,15902,داشۆڕاندن,fa,فارسی,آویزان کردن,fbaa1310-1a57-4439-b4e4-2b6fb312b455
10443,15903,راس بونەوە,fa,فارسی,برخاستن پس از افتادن,79dd71fd-aaa5-4f5a-9211-101eeda2d0b8
10444,15903,راس بونەوە,fa,فارسی,شفا یافتن از بیماری,79dd71fd-aaa5-4f5a-9211-101eeda2d0b8
10445,15903,راس بونەوە,fa,فارسی,راست شدن کج,79dd71fd-aaa5-4f5a-9211-101eeda2d0b8
10447,15904,راسپاردن,fa,فارسی,همواری زمین,79dd71fd-aaa5-4f5a-9211-101eeda2d0b8
10451,15905,تەحل,fa,فارسی,تلخ,96560cf4-030d-4268-baea-87bb57cdf631
10453,15906,داشۆراو,fa,فارسی,از بالا بەپایین شستشو شدە,fbaa1310-1a57-4439-b4e4-2b6fb312b455
10458,15907,تەحلک,fa,فارسی,نوعی گرمک,96560cf4-030d-4268-baea-87bb57cdf631
10462,15908,داشۆریاگ,fa,فارسی,از بالا بەپایین شستە شدە,fbaa1310-1a57-4439-b4e4-2b6fb312b455
10463,15908,داشۆریاگ,fa,فارسی,کنایە از بی شرم و حیا,fbaa1310-1a57-4439-b4e4-2b6fb312b455
10465,15909,راسپاردن,fa,فارسی,سفارش کردن,79dd71fd-aaa5-4f5a-9211-101eeda2d0b8
10467,15910,راسپارە,fa,فارسی,نگا:راسپاردن,79dd71fd-aaa5-4f5a-9211-101eeda2d0b8
10470,15911,تەحلەسێڤ,fa,فارسی,هندوانە ابوجهل,96560cf4-030d-4268-baea-87bb57cdf631
10473,15912,راسپاردە,fa,فارسی,سفارش شدە,79dd71fd-aaa5-4f5a-9211-101eeda2d0b8
10474,15912,راسپاردە,fa,فارسی,فرستادە,79dd71fd-aaa5-4f5a-9211-101eeda2d0b8
10476,15913,راسپێر,fa,فارسی,سفارش کنندە,79dd71fd-aaa5-4f5a-9211-101eeda2d0b8
10477,15913,راسپێر,fa,فارسی,فرستندە,79dd71fd-aaa5-4f5a-9211-101eeda2d0b8
10481,15914,تەحلی,fa,فارسی,تلخی,96560cf4-030d-4268-baea-87bb57cdf631
10482,15914,تەحلی,fa,فارسی,تام گیاهی است,96560cf4-030d-4268-baea-87bb57cdf631
10487,15916,تەحلیشک,fa,فارسی,تاڵیشکە,96560cf4-030d-4268-baea-87bb57cdf631
10488,15916,تەحلیشک,fa,فارسی,آب تلخ شور,96560cf4-030d-4268-baea-87bb57cdf631
10492,15917,تەحین,fa,فارسی,شیرە کنجد,96560cf4-030d-4268-baea-87bb57cdf631
10494,15918,تەخ,fa,فارسی,حرف هدایت گاو شخم زن,96560cf4-030d-4268-baea-87bb57cdf631
10496,15919,تەپوکۆ,fa,فارسی,تەپوتل,96560cf4-030d-4268-baea-87bb57cdf631
10498,15920,راسپێراو,fa,فارسی,نگا:راسپاردە,79dd71fd-aaa5-4f5a-9211-101eeda2d0b8
10501,15921,راسپێری,fa,فارسی,سفارش ، توصیە ،راست,79dd71fd-aaa5-4f5a-9211-101eeda2d0b8
10502,15921,راسپێری,fa,فارسی,راس,79dd71fd-aaa5-4f5a-9211-101eeda2d0b8
10503,15921,راسپێری,fa,فارسی,جۆرێ هەلپەرکێ,79dd71fd-aaa5-4f5a-9211-101eeda2d0b8
10504,15921,راسپێری,fa,فارسی,هەوایەکی گۆرانی,79dd71fd-aaa5-4f5a-9211-101eeda2d0b8
10507,15922,داشۆریاگ,fa,فارسی,آویزان شدە,fbaa1310-1a57-4439-b4e4-2b6fb312b455
10510,15923,داشۆڕین,fa,فارسی,آویزان شدە,fbaa1310-1a57-4439-b4e4-2b6fb312b455
10512,15924,داشوشتن,fa,فارسی,ورشکست,fbaa1310-1a57-4439-b4e4-2b6fb312b455
10518,15925,راست,fa,فارسی,نگا,79dd71fd-aaa5-4f5a-9211-101eeda2d0b8
10519,15925,راست,fa,فارسی,راس,79dd71fd-aaa5-4f5a-9211-101eeda2d0b8
10520,15925,راست,fa,فارسی,نوعی رقص,79dd71fd-aaa5-4f5a-9211-101eeda2d0b8
10521,15925,راست,fa,فارسی,آهنگی است,79dd71fd-aaa5-4f5a-9211-101eeda2d0b8
10522,15925,راست,fa,فارسی,مقابلە,79dd71fd-aaa5-4f5a-9211-101eeda2d0b8
10523,15925,راست,fa,فارسی,چای معین,79dd71fd-aaa5-4f5a-9211-101eeda2d0b8
10525,15926,داشەکان,fa,فارسی,آویزان شدن و بەهر طرف تکان خوردن,fbaa1310-1a57-4439-b4e4-2b6fb312b455
10527,15927,راستا,fa,فارسی,نگا:راسا,79dd71fd-aaa5-4f5a-9211-101eeda2d0b8
10529,15928,راستاڵ,fa,فارسی,راستگۆی مورداعتماد,79dd71fd-aaa5-4f5a-9211-101eeda2d0b8
10532,15929,راستان,fa,فارسی,همواری زمین,79dd71fd-aaa5-4f5a-9211-101eeda2d0b8
10533,15929,راستان,fa,فارسی,مردان خدا,79dd71fd-aaa5-4f5a-9211-101eeda2d0b8
10535,15930,راستاندن,fa,فارسی,راست کردن کجی,79dd71fd-aaa5-4f5a-9211-101eeda2d0b8
10538,15931,راستانە,fa,فارسی,درحقیقت,79dd71fd-aaa5-4f5a-9211-101eeda2d0b8
10540,15932,راستاهەڤ,fa,فارسی,برابر,79dd71fd-aaa5-4f5a-9211-101eeda2d0b8
10546,15933,راستایی,fa,فارسی,بهنە زمین هموار,79dd71fd-aaa5-4f5a-9211-101eeda2d0b8
10547,15933,راستایی,fa,فارسی,طرف مقابل,79dd71fd-aaa5-4f5a-9211-101eeda2d0b8
10548,15933,راستایی,fa,فارسی,طرف راست,79dd71fd-aaa5-4f5a-9211-101eeda2d0b8
10550,15934,راست براست,fa,فارسی,بیرودر بایسی,79dd71fd-aaa5-4f5a-9211-101eeda2d0b8
10551,15934,راست براست,fa,فارسی,صریح,79dd71fd-aaa5-4f5a-9211-101eeda2d0b8
10553,15935,راست بونەوە,fa,فارسی,نگا: راس بونەوە,79dd71fd-aaa5-4f5a-9211-101eeda2d0b8
10555,15936,راست بێژ,fa,فارسی,راستگو,79dd71fd-aaa5-4f5a-9211-101eeda2d0b8
10558,15937,راست بین,fa,فارسی,واقع بین,79dd71fd-aaa5-4f5a-9211-101eeda2d0b8
10561,15938,راست دەر,fa,فارسی,راستگو,79dd71fd-aaa5-4f5a-9211-101eeda2d0b8
10562,15938,راست دەر,fa,فارسی,دروغگو,79dd71fd-aaa5-4f5a-9211-101eeda2d0b8
10565,15939,راست دەمی,fa,فارسی,نظم,79dd71fd-aaa5-4f5a-9211-101eeda2d0b8
10567,15940,راست رۆ,fa,فارسی,راستگو,79dd71fd-aaa5-4f5a-9211-101eeda2d0b8
10569,15941,راستک,fa,فارسی,صافی و همواری,79dd71fd-aaa5-4f5a-9211-101eeda2d0b8
10572,15942,راست کار,fa,فارسی,درستکار,79dd71fd-aaa5-4f5a-9211-101eeda2d0b8
10577,15943,راست کردن,fa,فارسی,راست گفتن,79dd71fd-aaa5-4f5a-9211-101eeda2d0b8
10578,15943,راست کردن,fa,فارسی,کج را راست کردن,79dd71fd-aaa5-4f5a-9211-101eeda2d0b8
10579,15943,راست کردن,fa,فارسی,بدست آوردن دل دختر,79dd71fd-aaa5-4f5a-9211-101eeda2d0b8
10582,15944,عوێن,fa,فارسی,حیلە,432b11b0-059a-4486-9981-ae6a7fe0f1c4
10583,15944,عوێن,fa,فارسی,ادام و ا طوارمسخرە,432b11b0-059a-4486-9981-ae6a7fe0f1c4
10587,15945,عەبدال,fa,فارسی,خانەبەدوش،,432b11b0-059a-4486-9981-ae6a7fe0f1c4
10588,15945,عەبدال,fa,فارسی,دراج نر,432b11b0-059a-4486-9981-ae6a7fe0f1c4
10589,15945,عەبدال,fa,فارسی,نام مردانە,432b11b0-059a-4486-9981-ae6a7fe0f1c4
10591,15946,عەبداڵ,fa,فارسی,نگا: عەبدال,432b11b0-059a-4486-9981-ae6a7fe0f1c4
10593,15947,عەبدۆ,fa,فارسی,نگا:عەبانێ,432b11b0-059a-4486-9981-ae6a7fe0f1c4
10595,15948,عەبدی,fa,فارسی,نگا:عەبانێ,432b11b0-059a-4486-9981-ae6a7fe0f1c4
10597,15949,عەبەڕەش,fa,فارسی,حیوان کم شیر,432b11b0-059a-4486-9981-ae6a7fe0f1c4
10599,15950,عەبڵا,fa,فارسی,مخفف عبداڵلە,432b11b0-059a-4486-9981-ae6a7fe0f1c4
10601,15951,عەبۆ,fa,فارسی,نگا:عەبانێ,432b11b0-059a-4486-9981-ae6a7fe0f1c4
10603,15952,عەبۆ,fa,فارسی,مخفف نام ابوبکر،نام مردانە.,432b11b0-059a-4486-9981-ae6a7fe0f1c4
10605,15953,عەبوور,fa,فارسی,گذران کردن.,432b11b0-059a-4486-9981-ae6a7fe0f1c4
10606,15954,عەبووری,fa,فارسی,پارچەیەکی ئاوریشمبۆ پێچەسەر.,432b11b0-059a-4486-9981-ae6a7fe0f1c4
10607,15954,عەبووری,fa,فارسی,نوعی پارچەابریشمی کە دورسرپیچند,432b11b0-059a-4486-9981-ae6a7fe0f1c4
10609,15955,عەبوس,fa,فارسی,اخمو,432b11b0-059a-4486-9981-ae6a7fe0f1c4
10611,15956,عەب,fa,فارسی,مخفف عبداڵلە,432b11b0-059a-4486-9981-ae6a7fe0f1c4
10613,15957,عەپەسان,fa,فارسی,سراسیمەشدن,432b11b0-059a-4486-9981-ae6a7fe0f1c4
10615,15958,عەبەکە,fa,فارسی,مخفف عبداڵلە,432b11b0-059a-4486-9981-ae6a7fe0f1c4
10618,15959,عەبەکە,fa,فارسی,مخفف نام عبداڵلە,432b11b0-059a-4486-9981-ae6a7fe0f1c4
10619,15959,عەبەکە,fa,فارسی,مخفف نام عبداکریم.,432b11b0-059a-4486-9981-ae6a7fe0f1c4
10621,15960,عەبەنوس,fa,فارسی,آبنوس,432b11b0-059a-4486-9981-ae6a7fe0f1c4
10623,15961,عەپ,fa,فارسی,خوردندر زبان کودکانە.,432b11b0-059a-4486-9981-ae6a7fe0f1c4
10625,15962,عەپی,fa,فارسی,بخور درلهجەکودکانە,432b11b0-059a-4486-9981-ae6a7fe0f1c4
10627,15963,عەتاوی,fa,فارسی,سرزنش,432b11b0-059a-4486-9981-ae6a7fe0f1c4
10629,15964,عەتر,fa,فارسی,عطر,432b11b0-059a-4486-9981-ae6a7fe0f1c4
10631,15965,تەخاراو,fa,فارسی,تغار اب,96560cf4-030d-4268-baea-87bb57cdf631
10638,15966,تەخت,fa,فارسی,هموار,96560cf4-030d-4268-baea-87bb57cdf631
10639,15966,تەخت,fa,فارسی,تختخواب,96560cf4-030d-4268-baea-87bb57cdf631
10640,15966,تەخت,fa,فارسی,اریکە سلطنت,96560cf4-030d-4268-baea-87bb57cdf631
10641,15966,تەخت,fa,فارسی,بدون کجی,96560cf4-030d-4268-baea-87bb57cdf631
10644,15967,تەختان,fa,فارسی,زمین هموار,96560cf4-030d-4268-baea-87bb57cdf631
10646,15968,تەختانی,fa,فارسی,زمین هموار,96560cf4-030d-4268-baea-87bb57cdf631
10648,15969,تەختایی,fa,فارسی,زمین هموار,96560cf4-030d-4268-baea-87bb57cdf631
10651,15970,تەخت بوون,fa,فارسی,هموار شدن کند و لند,96560cf4-030d-4268-baea-87bb57cdf631
10652,15970,تەخت بوون,fa,فارسی,کنایە از ویران شدن بە کلی,96560cf4-030d-4268-baea-87bb57cdf631
10654,15971,تەخت رەوان,fa,فارسی,تخت روان,96560cf4-030d-4268-baea-87bb57cdf631
10656,15972,عەتفک,fa,فارسی,تلسک خوشە,432b11b0-059a-4486-9981-ae6a7fe0f1c4
10658,15973,عەتە,fa,فارسی,عمە,432b11b0-059a-4486-9981-ae6a7fe0f1c4
10660,15974,عەجایب,fa,فارسی,عجیب,432b11b0-059a-4486-9981-ae6a7fe0f1c4
10664,15975,تەخت کردن,fa,فارسی,هموارکردن زمین,96560cf4-030d-4268-baea-87bb57cdf631
10665,15975,تەخت کردن,fa,فارسی,کنایە از ویران کردن,96560cf4-030d-4268-baea-87bb57cdf631
10666,15975,تەخت کردن,fa,فارسی,بە آرز و رسیدن,96560cf4-030d-4268-baea-87bb57cdf631
10668,15976,عەجایبات,fa,فارسی,شگفت انگیر,432b11b0-059a-4486-9981-ae6a7fe0f1c4
10676,15977,تەختە,fa,فارسی,تەختەچونی,96560cf4-030d-4268-baea-87bb57cdf631
10677,15977,تەختە,fa,فارسی,تختەسنگ,96560cf4-030d-4268-baea-87bb57cdf631
10678,15977,تەختە,fa,فارسی,تختە قماش,96560cf4-030d-4268-baea-87bb57cdf631
10679,15977,تەختە,fa,فارسی,دکان و بازار بستە,96560cf4-030d-4268-baea-87bb57cdf631
10680,15977,تەختە,fa,فارسی,نختەنرد,96560cf4-030d-4268-baea-87bb57cdf631
10682,15978,عەجنە,fa,فارسی,جن,432b11b0-059a-4486-9981-ae6a7fe0f1c4
10684,15979,عەخەب,fa,فارسی,عجیب,432b11b0-059a-4486-9981-ae6a7fe0f1c4
10686,15980,عەجەل,fa,فارسی,اجل,432b11b0-059a-4486-9981-ae6a7fe0f1c4
10690,15981,تەختەبەن,fa,فارسی,کت,96560cf4-030d-4268-baea-87bb57cdf631
10691,15981,تەختەبەن,fa,فارسی,نردە,96560cf4-030d-4268-baea-87bb57cdf631
10693,15982,تەختەبەند,fa,فارسی,تەختەبەن,96560cf4-030d-4268-baea-87bb57cdf631
10695,15983,عەجەلە,fa,فارسی,عجلە,432b11b0-059a-4486-9981-ae6a7fe0f1c4
10698,15984,تەختەپوت,fa,فارسی,موریانە,96560cf4-030d-4268-baea-87bb57cdf631
10702,15985,عەجەم,fa,فارسی,ایرانی,432b11b0-059a-4486-9981-ae6a7fe0f1c4
10703,15985,عەجەم,fa,فارسی,ایران,432b11b0-059a-4486-9981-ae6a7fe0f1c4
10704,15985,عەجەم,fa,فارسی,ترک آذربایجانی,432b11b0-059a-4486-9981-ae6a7fe0f1c4
10708,15986,تەختەپۆش,fa,فارسی,سنگ فرش آبرە,96560cf4-030d-4268-baea-87bb57cdf631
10709,15986,تەختەپۆش,fa,فارسی,پروار,96560cf4-030d-4268-baea-87bb57cdf631
10710,15986,تەختەپۆش,fa,فارسی,تختەهایی کە سقف رابدان پوشند,96560cf4-030d-4268-baea-87bb57cdf631
10712,15987,تەختەدار,fa,فارسی,تختە,96560cf4-030d-4268-baea-87bb57cdf631
10714,15988,عەجەو,fa,فارسی,عجیب,432b11b0-059a-4486-9981-ae6a7fe0f1c4
10717,15989,تەختەڕەش,fa,فارسی,تختە سیاه,96560cf4-030d-4268-baea-87bb57cdf631
10719,15990,تەختەساف,fa,فارسی,قرقرە مقوئی پهن,96560cf4-030d-4268-baea-87bb57cdf631
10721,15991,عەداب,fa,فارسی,چرک زخم و دومل,432b11b0-059a-4486-9981-ae6a7fe0f1c4
10727,15992,تەختەقاپو,fa,فارسی,تختەقاپو,96560cf4-030d-4268-baea-87bb57cdf631
10729,15993,عەدالە,fa,فارسی,اسب نجیب عربی,432b11b0-059a-4486-9981-ae6a7fe0f1c4
10731,15994,تەختەقاپی,fa,فارسی,تختەقاپو,96560cf4-030d-4268-baea-87bb57cdf631
10733,15995,تەخت رەوان,fa,فارسی,تخت روان,96560cf4-030d-4268-baea-87bb57cdf631
10735,15996,عەدالەت,fa,فارسی,عدالت,432b11b0-059a-4486-9981-ae6a7fe0f1c4
10738,15997,تەخدەمە,fa,فارسی,مقدار کمی از غلە کە برای آزمایش آنرامی کوبند,96560cf4-030d-4268-baea-87bb57cdf631
10740,15998,عەداوەت,fa,فارسی,عداوت،دشمنی,432b11b0-059a-4486-9981-ae6a7fe0f1c4
10742,15999,عەدر,fa,فارسی,بیماری صرع,432b11b0-059a-4486-9981-ae6a7fe0f1c4
10744,16000,عەدرۆ,fa,فارسی,بیمارصرعی,432b11b0-059a-4486-9981-ae6a7fe0f1c4
10746,16001,عەدرۆیی,fa,فارسی,مبتلا بە صرع بودن,432b11b0-059a-4486-9981-ae6a7fe0f1c4
10753,16002,تەخسیر,fa,فارسی,کسالت,96560cf4-030d-4268-baea-87bb57cdf631
10754,16002,تەخسیر,fa,فارسی,زن بی نصیب از همخوابگی شوهر,96560cf4-030d-4268-baea-87bb57cdf631
10755,16002,تەخسیر,fa,فارسی,تقصیر,96560cf4-030d-4268-baea-87bb57cdf631
10757,16003,تەخش,fa,فارسی,تیر,96560cf4-030d-4268-baea-87bb57cdf631
10758,16003,تەخش,fa,فارسی,سهم,96560cf4-030d-4268-baea-87bb57cdf631
10760,16004,عەدول,fa,فارسی,مخفف نام عبداڵلە,432b11b0-059a-4486-9981-ae6a7fe0f1c4
10763,16005,عەدەب,fa,فارسی,ادب,432b11b0-059a-4486-9981-ae6a7fe0f1c4
10764,16005,عەدەب,fa,فارسی,کنایە ازعورت,432b11b0-059a-4486-9981-ae6a7fe0f1c4
10769,16006,راست کردنەوە,fa,فارسی,بلندکردن,79dd71fd-aaa5-4f5a-9211-101eeda2d0b8
10770,16006,راست کردنەوە,fa,فارسی,کج را راست نمودن,79dd71fd-aaa5-4f5a-9211-101eeda2d0b8
10772,16007,راستکرن,fa,فارسی,نگا: راست کردن,79dd71fd-aaa5-4f5a-9211-101eeda2d0b8
10774,16008,راست کوتن,fa,فارسی,راست گفتن,79dd71fd-aaa5-4f5a-9211-101eeda2d0b8
10776,16009,راست کەر,fa,فارسی,دلال محبت,79dd71fd-aaa5-4f5a-9211-101eeda2d0b8
10779,16010,راست کەرەوە,fa,فارسی,راست کنندە,79dd71fd-aaa5-4f5a-9211-101eeda2d0b8
10780,16010,راست کەرەوە,fa,فارسی,غلط گیر,79dd71fd-aaa5-4f5a-9211-101eeda2d0b8
10781,16010,راست کەرەوە,fa,فارسی,تصحیح کنندە غلط,79dd71fd-aaa5-4f5a-9211-101eeda2d0b8
10784,16011,راست گۆ,fa,فارسی,راستگو,79dd71fd-aaa5-4f5a-9211-101eeda2d0b8
10786,16012,راست گوتن,fa,فارسی,راست گفتن,79dd71fd-aaa5-4f5a-9211-101eeda2d0b8
10788,16013,راستگۆیی,fa,فارسی,حقگویی,79dd71fd-aaa5-4f5a-9211-101eeda2d0b8
10789,16013,راستگۆیی,fa,فارسی,راستگویی,79dd71fd-aaa5-4f5a-9211-101eeda2d0b8
10791,16014,راست واتن,fa,فارسی,راست گفتن,79dd71fd-aaa5-4f5a-9211-101eeda2d0b8
10793,16015,راست وتن,fa,فارسی,راست گفتن,79dd71fd-aaa5-4f5a-9211-101eeda2d0b8
10798,16016,راست و چەپ,fa,فارسی,دو چیز را بە حالت اریبی درهم کشیدن,79dd71fd-aaa5-4f5a-9211-101eeda2d0b8
10799,16016,راست و چەپ,fa,فارسی,ابراز بیرودن آوردن سیخ تفنگ گیرکردە درلولە,79dd71fd-aaa5-4f5a-9211-101eeda2d0b8
10800,16016,راست و چەپ,fa,فارسی,دست راست و پای چپ یا بالعکس کشیدن برای معالجە,79dd71fd-aaa5-4f5a-9211-101eeda2d0b8
10802,16017,راست و راوان,fa,فارسی,رک و صریح,79dd71fd-aaa5-4f5a-9211-101eeda2d0b8
10804,16018,عەربە,fa,فارسی,مقداردویست و پێنجاە شش کیلوغلە.,432b11b0-059a-4486-9981-ae6a7fe0f1c4
10806,16019,عەربەت,fa,فارسی,روستایی شهرمانند در کردستان کەبعثیاویران کردند.,432b11b0-059a-4486-9981-ae6a7fe0f1c4
10808,16020,عەرد,fa,فارسی,زمین,432b11b0-059a-4486-9981-ae6a7fe0f1c4
10811,16021,عەرز,fa,فارسی,زمین,432b11b0-059a-4486-9981-ae6a7fe0f1c4
10812,16021,عەرز,fa,فارسی,شرف,432b11b0-059a-4486-9981-ae6a7fe0f1c4
10814,16022,عەرزوحاڵ,fa,فارسی,عریضە,432b11b0-059a-4486-9981-ae6a7fe0f1c4
10816,16023,عەرزێل,fa,فارسی,جای اثنانیە در سیاە چادر,432b11b0-059a-4486-9981-ae6a7fe0f1c4
10818,16024,عەرعەر,fa,فارسی,درخت عرعر,432b11b0-059a-4486-9981-ae6a7fe0f1c4
10820,16025,عەرش,fa,فارسی,عرش خدا,432b11b0-059a-4486-9981-ae6a7fe0f1c4
10822,16026,عەرن,fa,فارسی,دل نازکی,432b11b0-059a-4486-9981-ae6a7fe0f1c4
10824,16027,عەنووک,fa,فارسی,زودرنج,432b11b0-059a-4486-9981-ae6a7fe0f1c4
